
/home/kwon/pico_ws/button/build/button.elf:     file format elf32-littlearm

Sections:
Idx Name          Size      VMA       LMA       File off  Algn
  0 .boot2        00000100  10000000  10000000  00001000  2**0
                  CONTENTS, ALLOC, LOAD, READONLY, CODE
  1 .text         000068cc  10000100  10000100  00001100  2**3
                  CONTENTS, ALLOC, LOAD, READONLY, CODE
  2 .rodata       000006f0  100069d0  100069d0  000079d0  2**3
                  CONTENTS, ALLOC, LOAD, READONLY, DATA
  3 .binary_info  0000002c  100070c0  100070c0  000080c0  2**2
                  CONTENTS, ALLOC, LOAD, READONLY, DATA
  4 .ram_vector_table 000000c0  20000000  20000000  0000b000  2**2
                  ALLOC
  5 .uninitialized_data 00000000  200000c0  200000c0  0000a108  2**0
                  CONTENTS
  6 .data         00001048  200000c0  100070ec  000090c0  2**4
                  CONTENTS, ALLOC, LOAD, READONLY, CODE
  7 .tdata        00000000  20001108  20001108  0000a108  2**0
                  CONTENTS, ALLOC, LOAD, DATA, THREAD_LOCAL
  8 .tbss         00000000  20001108  20001108  00000000  2**0
                  ALLOC, THREAD_LOCAL
  9 .bss          00000f10  20001108  10008134  0000a108  2**3
                  ALLOC
 10 .heap         00000800  20002018  10008134  0000b018  2**2
                  ALLOC, READONLY
 11 .scratch_x    00000000  20040000  20040000  0000a108  2**0
                  CONTENTS
 12 .scratch_y    00000000  20041000  20041000  0000a108  2**0
                  CONTENTS
 13 .stack_dummy  00000800  20041000  20041000  0000b000  2**5
                  ALLOC, READONLY
 14 .ARM.attributes 00000028  00000000  00000000  0000a108  2**0
                  CONTENTS, READONLY
 15 .comment      00000033  00000000  00000000  0000a130  2**0
                  CONTENTS, READONLY
 16 .debug_info   00032c02  00000000  00000000  0000a163  2**0
                  CONTENTS, READONLY, DEBUGGING, OCTETS
 17 .debug_abbrev 00008846  00000000  00000000  0003cd65  2**0
                  CONTENTS, READONLY, DEBUGGING, OCTETS
 18 .debug_loc    0002818c  00000000  00000000  000455ab  2**0
                  CONTENTS, READONLY, DEBUGGING, OCTETS
 19 .debug_aranges 00001668  00000000  00000000  0006d738  2**3
                  CONTENTS, READONLY, DEBUGGING, OCTETS
 20 .debug_ranges 0000cf08  00000000  00000000  0006eda0  2**3
                  CONTENTS, READONLY, DEBUGGING, OCTETS
 21 .debug_line   000214bc  00000000  00000000  0007bca8  2**0
                  CONTENTS, READONLY, DEBUGGING, OCTETS
 22 .debug_str    00008ca8  00000000  00000000  0009d164  2**0
                  CONTENTS, READONLY, DEBUGGING, OCTETS
 23 .debug_frame  0000313c  00000000  00000000  000a5e0c  2**2
                  CONTENTS, READONLY, DEBUGGING, OCTETS

/home/kwon/pico_ws/button/build/button.elf:     file format elf32-littlearm


Disassembly of section .boot2:

10000000 <__boot2_start__>:
10000000:	4b32b500 	.word	0x4b32b500
10000004:	60582021 	.word	0x60582021
10000008:	21026898 	.word	0x21026898
1000000c:	60984388 	.word	0x60984388
10000010:	611860d8 	.word	0x611860d8
10000014:	4b2e6158 	.word	0x4b2e6158
10000018:	60992100 	.word	0x60992100
1000001c:	61592102 	.word	0x61592102
10000020:	22f02101 	.word	0x22f02101
10000024:	492b5099 	.word	0x492b5099
10000028:	21016019 	.word	0x21016019
1000002c:	20356099 	.word	0x20356099
10000030:	f844f000 	.word	0xf844f000
10000034:	42902202 	.word	0x42902202
10000038:	2106d014 	.word	0x2106d014
1000003c:	f0006619 	.word	0xf0006619
10000040:	6e19f834 	.word	0x6e19f834
10000044:	66192101 	.word	0x66192101
10000048:	66182000 	.word	0x66182000
1000004c:	f000661a 	.word	0xf000661a
10000050:	6e19f82c 	.word	0x6e19f82c
10000054:	6e196e19 	.word	0x6e196e19
10000058:	f0002005 	.word	0xf0002005
1000005c:	2101f82f 	.word	0x2101f82f
10000060:	d1f94208 	.word	0xd1f94208
10000064:	60992100 	.word	0x60992100
10000068:	6019491b 	.word	0x6019491b
1000006c:	60592100 	.word	0x60592100
10000070:	481b491a 	.word	0x481b491a
10000074:	21016001 	.word	0x21016001
10000078:	21eb6099 	.word	0x21eb6099
1000007c:	21a06619 	.word	0x21a06619
10000080:	f0006619 	.word	0xf0006619
10000084:	2100f812 	.word	0x2100f812
10000088:	49166099 	.word	0x49166099
1000008c:	60014814 	.word	0x60014814
10000090:	60992101 	.word	0x60992101
10000094:	2800bc01 	.word	0x2800bc01
10000098:	4700d000 	.word	0x4700d000
1000009c:	49134812 	.word	0x49134812
100000a0:	c8036008 	.word	0xc8036008
100000a4:	8808f380 	.word	0x8808f380
100000a8:	b5034708 	.word	0xb5034708
100000ac:	20046a99 	.word	0x20046a99
100000b0:	d0fb4201 	.word	0xd0fb4201
100000b4:	42012001 	.word	0x42012001
100000b8:	bd03d1f8 	.word	0xbd03d1f8
100000bc:	6618b502 	.word	0x6618b502
100000c0:	f7ff6618 	.word	0xf7ff6618
100000c4:	6e18fff2 	.word	0x6e18fff2
100000c8:	bd026e18 	.word	0xbd026e18
100000cc:	40020000 	.word	0x40020000
100000d0:	18000000 	.word	0x18000000
100000d4:	00070000 	.word	0x00070000
100000d8:	005f0300 	.word	0x005f0300
100000dc:	00002221 	.word	0x00002221
100000e0:	180000f4 	.word	0x180000f4
100000e4:	a0002022 	.word	0xa0002022
100000e8:	10000100 	.word	0x10000100
100000ec:	e000ed08 	.word	0xe000ed08
	...
100000fc:	7a4eb274 	.word	0x7a4eb274

Disassembly of section .text:

10000100 <__VECTOR_TABLE>:
10000100:	20042000 	.word	0x20042000
10000104:	100001f7 	.word	0x100001f7
10000108:	100001cb 	.word	0x100001cb
1000010c:	100001cd 	.word	0x100001cd
10000110:	100001c9 	.word	0x100001c9
10000114:	100001c9 	.word	0x100001c9
10000118:	100001c9 	.word	0x100001c9
1000011c:	100001c9 	.word	0x100001c9
10000120:	100001c9 	.word	0x100001c9
10000124:	100001c9 	.word	0x100001c9
10000128:	100001c9 	.word	0x100001c9
1000012c:	100001cf 	.word	0x100001cf
10000130:	100001c9 	.word	0x100001c9
10000134:	100001c9 	.word	0x100001c9
10000138:	100001d1 	.word	0x100001d1
1000013c:	100001d3 	.word	0x100001d3
10000140:	100001c1 	.word	0x100001c1
10000144:	100001c1 	.word	0x100001c1
10000148:	100001c1 	.word	0x100001c1
1000014c:	100001c1 	.word	0x100001c1
10000150:	100001c1 	.word	0x100001c1
10000154:	100001c1 	.word	0x100001c1
10000158:	100001c1 	.word	0x100001c1
1000015c:	100001c1 	.word	0x100001c1
10000160:	100001c1 	.word	0x100001c1
10000164:	100001c1 	.word	0x100001c1
10000168:	100001c1 	.word	0x100001c1
1000016c:	100001c1 	.word	0x100001c1
10000170:	100001c1 	.word	0x100001c1
10000174:	100001c1 	.word	0x100001c1
10000178:	100001c1 	.word	0x100001c1
1000017c:	100001c1 	.word	0x100001c1
10000180:	100001c1 	.word	0x100001c1
10000184:	100001c1 	.word	0x100001c1
10000188:	100001c1 	.word	0x100001c1
1000018c:	100001c1 	.word	0x100001c1
10000190:	100001c1 	.word	0x100001c1
10000194:	100001c1 	.word	0x100001c1
10000198:	100001c1 	.word	0x100001c1
1000019c:	100001c1 	.word	0x100001c1
100001a0:	100001c1 	.word	0x100001c1
100001a4:	100001c1 	.word	0x100001c1
100001a8:	100001c1 	.word	0x100001c1
100001ac:	100001c1 	.word	0x100001c1
100001b0:	100001c1 	.word	0x100001c1
100001b4:	100001c1 	.word	0x100001c1
100001b8:	100001c1 	.word	0x100001c1
100001bc:	100001c1 	.word	0x100001c1

100001c0 <__unhandled_user_irq>:
100001c0:	f3ef 8005 	mrs	r0, IPSR
100001c4:	3810      	subs	r0, #16

100001c6 <unhandled_user_irq_num_in_r0>:
100001c6:	be00      	bkpt	0x0000

100001c8 <isr_invalid>:
100001c8:	be00      	bkpt	0x0000

100001ca <isr_nmi>:
100001ca:	be00      	bkpt	0x0000

100001cc <isr_hardfault>:
100001cc:	be00      	bkpt	0x0000

100001ce <isr_svcall>:
100001ce:	be00      	bkpt	0x0000

100001d0 <isr_pendsv>:
100001d0:	be00      	bkpt	0x0000

100001d2 <isr_systick>:
100001d2:	be00      	bkpt	0x0000

100001d4 <__default_isrs_end>:
100001d4:	7188ebf2 	.word	0x7188ebf2
100001d8:	100070c0 	.word	0x100070c0
100001dc:	100070ec 	.word	0x100070ec
100001e0:	10000238 	.word	0x10000238
100001e4:	e71aa390 	.word	0xe71aa390

100001e8 <_entry_point>:
100001e8:	481e      	ldr	r0, [pc, #120]	; (10000264 <data_cpy_table+0x2c>)

100001ea <_enter_vtable_in_r0>:
100001ea:	491f      	ldr	r1, [pc, #124]	; (10000268 <data_cpy_table+0x30>)
100001ec:	6008      	str	r0, [r1, #0]
100001ee:	c806      	ldmia	r0!, {r1, r2}
100001f0:	f381 8808 	msr	MSP, r1
100001f4:	4710      	bx	r2

100001f6 <_reset_handler>:
100001f6:	481d      	ldr	r0, [pc, #116]	; (1000026c <data_cpy_table+0x34>)
100001f8:	6800      	ldr	r0, [r0, #0]
100001fa:	2800      	cmp	r0, #0
100001fc:	d001      	beq.n	10000202 <hold_non_core0_in_bootrom+0x4>

100001fe <hold_non_core0_in_bootrom>:
100001fe:	4819      	ldr	r0, [pc, #100]	; (10000264 <data_cpy_table+0x2c>)
10000200:	e7f3      	b.n	100001ea <_enter_vtable_in_r0>
10000202:	a40d      	add	r4, pc, #52	; (adr r4, 10000238 <data_cpy_table>)
10000204:	cc0e      	ldmia	r4!, {r1, r2, r3}
10000206:	2900      	cmp	r1, #0
10000208:	d002      	beq.n	10000210 <hold_non_core0_in_bootrom+0x12>
1000020a:	f000 f812 	bl	10000232 <data_cpy>
1000020e:	e7f9      	b.n	10000204 <hold_non_core0_in_bootrom+0x6>
10000210:	4917      	ldr	r1, [pc, #92]	; (10000270 <data_cpy_table+0x38>)
10000212:	4a18      	ldr	r2, [pc, #96]	; (10000274 <data_cpy_table+0x3c>)
10000214:	2000      	movs	r0, #0
10000216:	e000      	b.n	1000021a <bss_fill_test>

10000218 <bss_fill_loop>:
10000218:	c101      	stmia	r1!, {r0}

1000021a <bss_fill_test>:
1000021a:	4291      	cmp	r1, r2
1000021c:	d1fc      	bne.n	10000218 <bss_fill_loop>

1000021e <platform_entry>:
1000021e:	4916      	ldr	r1, [pc, #88]	; (10000278 <data_cpy_table+0x40>)
10000220:	4788      	blx	r1
10000222:	4916      	ldr	r1, [pc, #88]	; (1000027c <data_cpy_table+0x44>)
10000224:	4788      	blx	r1
10000226:	4916      	ldr	r1, [pc, #88]	; (10000280 <data_cpy_table+0x48>)
10000228:	4788      	blx	r1
1000022a:	be00      	bkpt	0x0000
1000022c:	e7fd      	b.n	1000022a <platform_entry+0xc>

1000022e <data_cpy_loop>:
1000022e:	c901      	ldmia	r1!, {r0}
10000230:	c201      	stmia	r2!, {r0}

10000232 <data_cpy>:
10000232:	429a      	cmp	r2, r3
10000234:	d3fb      	bcc.n	1000022e <data_cpy_loop>
10000236:	4770      	bx	lr

10000238 <data_cpy_table>:
10000238:	100070ec 	.word	0x100070ec
1000023c:	200000c0 	.word	0x200000c0
10000240:	20001108 	.word	0x20001108
10000244:	10008134 	.word	0x10008134
10000248:	20040000 	.word	0x20040000
1000024c:	20040000 	.word	0x20040000
10000250:	10008134 	.word	0x10008134
10000254:	20041000 	.word	0x20041000
10000258:	20041000 	.word	0x20041000
1000025c:	00000000 	.word	0x00000000
10000260:	4770      	bx	lr
10000262:	0000      	.short	0x0000
10000264:	00000000 	.word	0x00000000
10000268:	e000ed08 	.word	0xe000ed08
1000026c:	d0000000 	.word	0xd0000000
10000270:	20001108 	.word	0x20001108
10000274:	20002018 	.word	0x20002018
10000278:	10003a55 	.word	0x10003a55
1000027c:	10000321 	.word	0x10000321
10000280:	10003a4d 	.word	0x10003a4d

10000284 <_init>:
10000284:	b5f8      	push	{r3, r4, r5, r6, r7, lr}
10000286:	46c0      	nop			; (mov r8, r8)

10000288 <deregister_tm_clones>:
10000288:	4804      	ldr	r0, [pc, #16]	; (1000029c <deregister_tm_clones+0x14>)
1000028a:	4b05      	ldr	r3, [pc, #20]	; (100002a0 <deregister_tm_clones+0x18>)
1000028c:	b510      	push	{r4, lr}
1000028e:	4283      	cmp	r3, r0
10000290:	d003      	beq.n	1000029a <deregister_tm_clones+0x12>
10000292:	4b04      	ldr	r3, [pc, #16]	; (100002a4 <deregister_tm_clones+0x1c>)
10000294:	2b00      	cmp	r3, #0
10000296:	d000      	beq.n	1000029a <deregister_tm_clones+0x12>
10000298:	4798      	blx	r3
1000029a:	bd10      	pop	{r4, pc}
1000029c:	20001108 	.word	0x20001108
100002a0:	20001108 	.word	0x20001108
100002a4:	00000000 	.word	0x00000000

100002a8 <register_tm_clones>:
100002a8:	4806      	ldr	r0, [pc, #24]	; (100002c4 <register_tm_clones+0x1c>)
100002aa:	4907      	ldr	r1, [pc, #28]	; (100002c8 <register_tm_clones+0x20>)
100002ac:	1a09      	subs	r1, r1, r0
100002ae:	108b      	asrs	r3, r1, #2
100002b0:	0fc9      	lsrs	r1, r1, #31
100002b2:	18c9      	adds	r1, r1, r3
100002b4:	b510      	push	{r4, lr}
100002b6:	1049      	asrs	r1, r1, #1
100002b8:	d003      	beq.n	100002c2 <register_tm_clones+0x1a>
100002ba:	4b04      	ldr	r3, [pc, #16]	; (100002cc <register_tm_clones+0x24>)
100002bc:	2b00      	cmp	r3, #0
100002be:	d000      	beq.n	100002c2 <register_tm_clones+0x1a>
100002c0:	4798      	blx	r3
100002c2:	bd10      	pop	{r4, pc}
100002c4:	20001108 	.word	0x20001108
100002c8:	20001108 	.word	0x20001108
100002cc:	00000000 	.word	0x00000000

100002d0 <__do_global_dtors_aux>:
100002d0:	b510      	push	{r4, lr}
100002d2:	4c07      	ldr	r4, [pc, #28]	; (100002f0 <__do_global_dtors_aux+0x20>)
100002d4:	7823      	ldrb	r3, [r4, #0]
100002d6:	2b00      	cmp	r3, #0
100002d8:	d109      	bne.n	100002ee <__do_global_dtors_aux+0x1e>
100002da:	f7ff ffd5 	bl	10000288 <deregister_tm_clones>
100002de:	4b05      	ldr	r3, [pc, #20]	; (100002f4 <__do_global_dtors_aux+0x24>)
100002e0:	2b00      	cmp	r3, #0
100002e2:	d002      	beq.n	100002ea <__do_global_dtors_aux+0x1a>
100002e4:	4804      	ldr	r0, [pc, #16]	; (100002f8 <__do_global_dtors_aux+0x28>)
100002e6:	e000      	b.n	100002ea <__do_global_dtors_aux+0x1a>
100002e8:	bf00      	nop
100002ea:	2301      	movs	r3, #1
100002ec:	7023      	strb	r3, [r4, #0]
100002ee:	bd10      	pop	{r4, pc}
100002f0:	20001390 	.word	0x20001390
100002f4:	00000000 	.word	0x00000000
100002f8:	100069cc 	.word	0x100069cc

100002fc <frame_dummy>:
100002fc:	4b05      	ldr	r3, [pc, #20]	; (10000314 <frame_dummy+0x18>)
100002fe:	b510      	push	{r4, lr}
10000300:	2b00      	cmp	r3, #0
10000302:	d003      	beq.n	1000030c <frame_dummy+0x10>
10000304:	4904      	ldr	r1, [pc, #16]	; (10000318 <frame_dummy+0x1c>)
10000306:	4805      	ldr	r0, [pc, #20]	; (1000031c <frame_dummy+0x20>)
10000308:	e000      	b.n	1000030c <frame_dummy+0x10>
1000030a:	bf00      	nop
1000030c:	f7ff ffcc 	bl	100002a8 <register_tm_clones>
10000310:	bd10      	pop	{r4, pc}
10000312:	46c0      	nop			; (mov r8, r8)
10000314:	00000000 	.word	0x00000000
10000318:	20001394 	.word	0x20001394
1000031c:	100069cc 	.word	0x100069cc

10000320 <main>:
10000320:	b5f0      	push	{r4, r5, r6, r7, lr}
10000322:	46d6      	mov	lr, sl
10000324:	4646      	mov	r6, r8
10000326:	464f      	mov	r7, r9
10000328:	25d0      	movs	r5, #208	; 0xd0
1000032a:	b5c0      	push	{r6, r7, lr}
1000032c:	f003 fcd4 	bl	10003cd8 <stdio_init_all>
10000330:	2400      	movs	r4, #0
10000332:	2601      	movs	r6, #1
10000334:	062d      	lsls	r5, r5, #24
10000336:	0020      	movs	r0, r4
10000338:	f000 f89a 	bl	10000470 <gpio_init>
1000033c:	0033      	movs	r3, r6
1000033e:	40a3      	lsls	r3, r4
10000340:	0020      	movs	r0, r4
10000342:	2200      	movs	r2, #0
10000344:	2101      	movs	r1, #1
10000346:	62ab      	str	r3, [r5, #40]	; 0x28
10000348:	3401      	adds	r4, #1
1000034a:	f000 f877 	bl	1000043c <gpio_set_pulls>
1000034e:	2c10      	cmp	r4, #16
10000350:	d1f1      	bne.n	10000336 <main+0x16>
10000352:	2019      	movs	r0, #25
10000354:	f000 f88c 	bl	10000470 <gpio_init>
10000358:	2380      	movs	r3, #128	; 0x80
1000035a:	049b      	lsls	r3, r3, #18
1000035c:	626b      	str	r3, [r5, #36]	; 0x24
1000035e:	2010      	movs	r0, #16
10000360:	f000 f886 	bl	10000470 <gpio_init>
10000364:	2380      	movs	r3, #128	; 0x80
10000366:	025b      	lsls	r3, r3, #9
10000368:	626b      	str	r3, [r5, #36]	; 0x24
1000036a:	200d      	movs	r0, #13
1000036c:	f000 f880 	bl	10000470 <gpio_init>
10000370:	2380      	movs	r3, #128	; 0x80
10000372:	019b      	lsls	r3, r3, #6
10000374:	626b      	str	r3, [r5, #36]	; 0x24
10000376:	4821      	ldr	r0, [pc, #132]	; (100003fc <main+0xdc>)
10000378:	f003 fd02 	bl	10003d80 <__wrap_puts>
1000037c:	2300      	movs	r3, #0
1000037e:	469a      	mov	sl, r3
10000380:	4b1f      	ldr	r3, [pc, #124]	; (10000400 <main+0xe0>)
10000382:	25d0      	movs	r5, #208	; 0xd0
10000384:	4699      	mov	r9, r3
10000386:	4b1f      	ldr	r3, [pc, #124]	; (10000404 <main+0xe4>)
10000388:	2701      	movs	r7, #1
1000038a:	4698      	mov	r8, r3
1000038c:	062d      	lsls	r5, r5, #24
1000038e:	2301      	movs	r3, #1
10000390:	469c      	mov	ip, r3
10000392:	2400      	movs	r4, #0
10000394:	2600      	movs	r6, #0
10000396:	44e2      	add	sl, ip
10000398:	e006      	b.n	100003a8 <main+0x88>
1000039a:	4648      	mov	r0, r9
1000039c:	3401      	adds	r4, #1
1000039e:	f003 fd79 	bl	10003e94 <__wrap_printf>
100003a2:	3601      	adds	r6, #1
100003a4:	2c0d      	cmp	r4, #13
100003a6:	d00b      	beq.n	100003c0 <main+0xa0>
100003a8:	003b      	movs	r3, r7
100003aa:	40a3      	lsls	r3, r4
100003ac:	686a      	ldr	r2, [r5, #4]
100003ae:	0021      	movs	r1, r4
100003b0:	421a      	tst	r2, r3
100003b2:	d0f2      	beq.n	1000039a <main+0x7a>
100003b4:	4640      	mov	r0, r8
100003b6:	3401      	adds	r4, #1
100003b8:	f003 fd6c 	bl	10003e94 <__wrap_printf>
100003bc:	2c0d      	cmp	r4, #13
100003be:	d1f3      	bne.n	100003a8 <main+0x88>
100003c0:	2380      	movs	r3, #128	; 0x80
100003c2:	019b      	lsls	r3, r3, #6
100003c4:	2e0b      	cmp	r6, #11
100003c6:	dd0e      	ble.n	100003e6 <main+0xc6>
100003c8:	616b      	str	r3, [r5, #20]
100003ca:	4653      	mov	r3, sl
100003cc:	421f      	tst	r7, r3
100003ce:	d00e      	beq.n	100003ee <main+0xce>
100003d0:	2380      	movs	r3, #128	; 0x80
100003d2:	049b      	lsls	r3, r3, #18
100003d4:	616b      	str	r3, [r5, #20]
100003d6:	2380      	movs	r3, #128	; 0x80
100003d8:	025b      	lsls	r3, r3, #9
100003da:	616b      	str	r3, [r5, #20]
100003dc:	20fa      	movs	r0, #250	; 0xfa
100003de:	0040      	lsls	r0, r0, #1
100003e0:	f000 ffa4 	bl	1000132c <sleep_ms>
100003e4:	e7d3      	b.n	1000038e <main+0x6e>
100003e6:	61ab      	str	r3, [r5, #24]
100003e8:	4653      	mov	r3, sl
100003ea:	421f      	tst	r7, r3
100003ec:	d1f0      	bne.n	100003d0 <main+0xb0>
100003ee:	2380      	movs	r3, #128	; 0x80
100003f0:	049b      	lsls	r3, r3, #18
100003f2:	61ab      	str	r3, [r5, #24]
100003f4:	2380      	movs	r3, #128	; 0x80
100003f6:	025b      	lsls	r3, r3, #9
100003f8:	61ab      	str	r3, [r5, #24]
100003fa:	e7ef      	b.n	100003dc <main+0xbc>
100003fc:	100069d0 	.word	0x100069d0
10000400:	100069ec 	.word	0x100069ec
10000404:	100069f8 	.word	0x100069f8

10000408 <gpio_set_function>:
10000408:	b510      	push	{r4, lr}
1000040a:	2440      	movs	r4, #64	; 0x40
1000040c:	4a08      	ldr	r2, [pc, #32]	; (10000430 <gpio_set_function+0x28>)
1000040e:	0083      	lsls	r3, r0, #2
10000410:	189a      	adds	r2, r3, r2
10000412:	6812      	ldr	r2, [r2, #0]
10000414:	00c0      	lsls	r0, r0, #3
10000416:	4054      	eors	r4, r2
10000418:	22c0      	movs	r2, #192	; 0xc0
1000041a:	4022      	ands	r2, r4
1000041c:	4c05      	ldr	r4, [pc, #20]	; (10000434 <gpio_set_function+0x2c>)
1000041e:	46a4      	mov	ip, r4
10000420:	4463      	add	r3, ip
10000422:	601a      	str	r2, [r3, #0]
10000424:	4b04      	ldr	r3, [pc, #16]	; (10000438 <gpio_set_function+0x30>)
10000426:	469c      	mov	ip, r3
10000428:	4460      	add	r0, ip
1000042a:	6041      	str	r1, [r0, #4]
1000042c:	bd10      	pop	{r4, pc}
1000042e:	46c0      	nop			; (mov r8, r8)
10000430:	4001c004 	.word	0x4001c004
10000434:	4001d004 	.word	0x4001d004
10000438:	40014000 	.word	0x40014000

1000043c <gpio_set_pulls>:
1000043c:	4b0b      	ldr	r3, [pc, #44]	; (1000046c <gpio_set_pulls+0x30>)
1000043e:	0080      	lsls	r0, r0, #2
10000440:	469c      	mov	ip, r3
10000442:	4460      	add	r0, ip
10000444:	2900      	cmp	r1, #0
10000446:	d10e      	bne.n	10000466 <gpio_set_pulls+0x2a>
10000448:	2300      	movs	r3, #0
1000044a:	3104      	adds	r1, #4
1000044c:	2a00      	cmp	r2, #0
1000044e:	d100      	bne.n	10000452 <gpio_set_pulls+0x16>
10000450:	0019      	movs	r1, r3
10000452:	2280      	movs	r2, #128	; 0x80
10000454:	6803      	ldr	r3, [r0, #0]
10000456:	0152      	lsls	r2, r2, #5
10000458:	4059      	eors	r1, r3
1000045a:	4694      	mov	ip, r2
1000045c:	230c      	movs	r3, #12
1000045e:	4460      	add	r0, ip
10000460:	400b      	ands	r3, r1
10000462:	6003      	str	r3, [r0, #0]
10000464:	4770      	bx	lr
10000466:	210c      	movs	r1, #12
10000468:	2308      	movs	r3, #8
1000046a:	e7ef      	b.n	1000044c <gpio_set_pulls+0x10>
1000046c:	4001c004 	.word	0x4001c004

10000470 <gpio_init>:
10000470:	2301      	movs	r3, #1
10000472:	22d0      	movs	r2, #208	; 0xd0
10000474:	4083      	lsls	r3, r0
10000476:	2140      	movs	r1, #64	; 0x40
10000478:	0612      	lsls	r2, r2, #24
1000047a:	6293      	str	r3, [r2, #40]	; 0x28
1000047c:	6193      	str	r3, [r2, #24]
1000047e:	4a09      	ldr	r2, [pc, #36]	; (100004a4 <gpio_init+0x34>)
10000480:	0083      	lsls	r3, r0, #2
10000482:	189a      	adds	r2, r3, r2
10000484:	6812      	ldr	r2, [r2, #0]
10000486:	00c0      	lsls	r0, r0, #3
10000488:	4051      	eors	r1, r2
1000048a:	22c0      	movs	r2, #192	; 0xc0
1000048c:	400a      	ands	r2, r1
1000048e:	4906      	ldr	r1, [pc, #24]	; (100004a8 <gpio_init+0x38>)
10000490:	468c      	mov	ip, r1
10000492:	4463      	add	r3, ip
10000494:	601a      	str	r2, [r3, #0]
10000496:	4b05      	ldr	r3, [pc, #20]	; (100004ac <gpio_init+0x3c>)
10000498:	469c      	mov	ip, r3
1000049a:	2305      	movs	r3, #5
1000049c:	4460      	add	r0, ip
1000049e:	6043      	str	r3, [r0, #4]
100004a0:	4770      	bx	lr
100004a2:	46c0      	nop			; (mov r8, r8)
100004a4:	4001c004 	.word	0x4001c004
100004a8:	4001d004 	.word	0x4001d004
100004ac:	40014000 	.word	0x40014000

100004b0 <rp2040_chip_version>:
100004b0:	2380      	movs	r3, #128	; 0x80
100004b2:	05db      	lsls	r3, r3, #23
100004b4:	6818      	ldr	r0, [r3, #0]
100004b6:	0f00      	lsrs	r0, r0, #28
100004b8:	4770      	bx	lr
100004ba:	46c0      	nop			; (mov r8, r8)

100004bc <panic>:
100004bc:	b40f      	push	{r0, r1, r2, r3}
100004be:	b500      	push	{lr}
100004c0:	4808      	ldr	r0, [pc, #32]	; (100004e4 <panic+0x28>)
100004c2:	b083      	sub	sp, #12
100004c4:	f003 fc5c 	bl	10003d80 <__wrap_puts>
100004c8:	9b04      	ldr	r3, [sp, #16]
100004ca:	2b00      	cmp	r3, #0
100004cc:	d007      	beq.n	100004de <panic+0x22>
100004ce:	a905      	add	r1, sp, #20
100004d0:	0018      	movs	r0, r3
100004d2:	9101      	str	r1, [sp, #4]
100004d4:	f003 faa0 	bl	10003a18 <weak_raw_vprintf>
100004d8:	4803      	ldr	r0, [pc, #12]	; (100004e8 <panic+0x2c>)
100004da:	f003 fc51 	bl	10003d80 <__wrap_puts>
100004de:	2001      	movs	r0, #1
100004e0:	f003 fab2 	bl	10003a48 <_exit>
100004e4:	10006a08 	.word	0x10006a08
100004e8:	10006a18 	.word	0x10006a18

100004ec <hw_claim_or_assert>:
100004ec:	b570      	push	{r4, r5, r6, lr}
100004ee:	f3ef 8c10 	mrs	ip, PRIMASK
100004f2:	b672      	cpsid	i
100004f4:	4d0d      	ldr	r5, [pc, #52]	; (1000052c <hw_claim_or_assert+0x40>)
100004f6:	682b      	ldr	r3, [r5, #0]
100004f8:	2b00      	cmp	r3, #0
100004fa:	d0fc      	beq.n	100004f6 <hw_claim_or_assert+0xa>
100004fc:	f3bf 8f5f 	dmb	sy
10000500:	2407      	movs	r4, #7
10000502:	08cb      	lsrs	r3, r1, #3
10000504:	18c6      	adds	r6, r0, r3
10000506:	5cc0      	ldrb	r0, [r0, r3]
10000508:	2301      	movs	r3, #1
1000050a:	400c      	ands	r4, r1
1000050c:	40a3      	lsls	r3, r4
1000050e:	001c      	movs	r4, r3
10000510:	4004      	ands	r4, r0
10000512:	4203      	tst	r3, r0
10000514:	d107      	bne.n	10000526 <hw_claim_or_assert+0x3a>
10000516:	4303      	orrs	r3, r0
10000518:	7033      	strb	r3, [r6, #0]
1000051a:	f3bf 8f5f 	dmb	sy
1000051e:	602c      	str	r4, [r5, #0]
10000520:	f38c 8810 	msr	PRIMASK, ip
10000524:	bd70      	pop	{r4, r5, r6, pc}
10000526:	0010      	movs	r0, r2
10000528:	f7ff ffc8 	bl	100004bc <panic>
1000052c:	d000012c 	.word	0xd000012c

10000530 <hw_claim_unused_from_range>:
10000530:	b5f8      	push	{r3, r4, r5, r6, r7, lr}
10000532:	4647      	mov	r7, r8
10000534:	46ce      	mov	lr, r9
10000536:	4688      	mov	r8, r1
10000538:	b580      	push	{r7, lr}
1000053a:	f3ef 8c10 	mrs	ip, PRIMASK
1000053e:	b672      	cpsid	i
10000540:	4d21      	ldr	r5, [pc, #132]	; (100005c8 <hw_claim_unused_from_range+0x98>)
10000542:	682c      	ldr	r4, [r5, #0]
10000544:	2c00      	cmp	r4, #0
10000546:	d0fc      	beq.n	10000542 <hw_claim_unused_from_range+0x12>
10000548:	f3bf 8f5f 	dmb	sy
1000054c:	429a      	cmp	r2, r3
1000054e:	d82c      	bhi.n	100005aa <hw_claim_unused_from_range+0x7a>
10000550:	08d4      	lsrs	r4, r2, #3
10000552:	2707      	movs	r7, #7
10000554:	5d05      	ldrb	r5, [r0, r4]
10000556:	1906      	adds	r6, r0, r4
10000558:	2401      	movs	r4, #1
1000055a:	4017      	ands	r7, r2
1000055c:	40bc      	lsls	r4, r7
1000055e:	422c      	tst	r4, r5
10000560:	d01f      	beq.n	100005a2 <hw_claim_unused_from_range+0x72>
10000562:	2107      	movs	r1, #7
10000564:	2701      	movs	r7, #1
10000566:	4689      	mov	r9, r1
10000568:	e009      	b.n	1000057e <hw_claim_unused_from_range+0x4e>
1000056a:	08d4      	lsrs	r4, r2, #3
1000056c:	5d05      	ldrb	r5, [r0, r4]
1000056e:	1906      	adds	r6, r0, r4
10000570:	464c      	mov	r4, r9
10000572:	0039      	movs	r1, r7
10000574:	4014      	ands	r4, r2
10000576:	40a1      	lsls	r1, r4
10000578:	000c      	movs	r4, r1
1000057a:	4229      	tst	r1, r5
1000057c:	d011      	beq.n	100005a2 <hw_claim_unused_from_range+0x72>
1000057e:	3201      	adds	r2, #1
10000580:	4293      	cmp	r3, r2
10000582:	d2f2      	bcs.n	1000056a <hw_claim_unused_from_range+0x3a>
10000584:	2001      	movs	r0, #1
10000586:	4240      	negs	r0, r0
10000588:	f3bf 8f5f 	dmb	sy
1000058c:	2200      	movs	r2, #0
1000058e:	4b0e      	ldr	r3, [pc, #56]	; (100005c8 <hw_claim_unused_from_range+0x98>)
10000590:	601a      	str	r2, [r3, #0]
10000592:	f38c 8810 	msr	PRIMASK, ip
10000596:	2800      	cmp	r0, #0
10000598:	db0f      	blt.n	100005ba <hw_claim_unused_from_range+0x8a>
1000059a:	bcc0      	pop	{r6, r7}
1000059c:	46b9      	mov	r9, r7
1000059e:	46b0      	mov	r8, r6
100005a0:	bdf8      	pop	{r3, r4, r5, r6, r7, pc}
100005a2:	432c      	orrs	r4, r5
100005a4:	0010      	movs	r0, r2
100005a6:	7034      	strb	r4, [r6, #0]
100005a8:	e7ee      	b.n	10000588 <hw_claim_unused_from_range+0x58>
100005aa:	f3bf 8f5f 	dmb	sy
100005ae:	2300      	movs	r3, #0
100005b0:	602b      	str	r3, [r5, #0]
100005b2:	f38c 8810 	msr	PRIMASK, ip
100005b6:	2001      	movs	r0, #1
100005b8:	4240      	negs	r0, r0
100005ba:	4643      	mov	r3, r8
100005bc:	2b00      	cmp	r3, #0
100005be:	d0ec      	beq.n	1000059a <hw_claim_unused_from_range+0x6a>
100005c0:	9808      	ldr	r0, [sp, #32]
100005c2:	f7ff ff7b 	bl	100004bc <panic>
100005c6:	46c0      	nop			; (mov r8, r8)
100005c8:	d000012c 	.word	0xd000012c

100005cc <next_striped_spin_lock_num>:
100005cc:	4a04      	ldr	r2, [pc, #16]	; (100005e0 <next_striped_spin_lock_num+0x14>)
100005ce:	7810      	ldrb	r0, [r2, #0]
100005d0:	1c43      	adds	r3, r0, #1
100005d2:	b2db      	uxtb	r3, r3
100005d4:	2b17      	cmp	r3, #23
100005d6:	d900      	bls.n	100005da <next_striped_spin_lock_num+0xe>
100005d8:	2310      	movs	r3, #16
100005da:	7013      	strb	r3, [r2, #0]
100005dc:	4770      	bx	lr
100005de:	46c0      	nop			; (mov r8, r8)
100005e0:	20001020 	.word	0x20001020

100005e4 <spin_lock_claim_unused>:
100005e4:	b500      	push	{lr}
100005e6:	4b05      	ldr	r3, [pc, #20]	; (100005fc <spin_lock_claim_unused+0x18>)
100005e8:	b083      	sub	sp, #12
100005ea:	0001      	movs	r1, r0
100005ec:	9300      	str	r3, [sp, #0]
100005ee:	2218      	movs	r2, #24
100005f0:	231f      	movs	r3, #31
100005f2:	4803      	ldr	r0, [pc, #12]	; (10000600 <spin_lock_claim_unused+0x1c>)
100005f4:	f7ff ff9c 	bl	10000530 <hw_claim_unused_from_range>
100005f8:	b003      	add	sp, #12
100005fa:	bd00      	pop	{pc}
100005fc:	10006a1c 	.word	0x10006a1c
10000600:	20001a54 	.word	0x20001a54

10000604 <spin_locks_reset>:
10000604:	2100      	movs	r1, #0
10000606:	4b04      	ldr	r3, [pc, #16]	; (10000618 <spin_locks_reset+0x14>)
10000608:	4a04      	ldr	r2, [pc, #16]	; (1000061c <spin_locks_reset+0x18>)
1000060a:	f3bf 8f5f 	dmb	sy
1000060e:	c302      	stmia	r3!, {r1}
10000610:	4293      	cmp	r3, r2
10000612:	d1fa      	bne.n	1000060a <spin_locks_reset+0x6>
10000614:	4770      	bx	lr
10000616:	46c0      	nop			; (mov r8, r8)
10000618:	d0000100 	.word	0xd0000100
1000061c:	d0000180 	.word	0xd0000180

10000620 <runtime_init_per_core_irq_priorities>:
10000620:	4b05      	ldr	r3, [pc, #20]	; (10000638 <runtime_init_per_core_irq_priorities+0x18>)
10000622:	4a06      	ldr	r2, [pc, #24]	; (1000063c <runtime_init_per_core_irq_priorities+0x1c>)
10000624:	6013      	str	r3, [r2, #0]
10000626:	4a06      	ldr	r2, [pc, #24]	; (10000640 <runtime_init_per_core_irq_priorities+0x20>)
10000628:	6013      	str	r3, [r2, #0]
1000062a:	6053      	str	r3, [r2, #4]
1000062c:	6093      	str	r3, [r2, #8]
1000062e:	60d3      	str	r3, [r2, #12]
10000630:	6113      	str	r3, [r2, #16]
10000632:	6153      	str	r3, [r2, #20]
10000634:	6193      	str	r3, [r2, #24]
10000636:	4770      	bx	lr
10000638:	80808080 	.word	0x80808080
1000063c:	e000e400 	.word	0xe000e400
10000640:	e000e404 	.word	0xe000e404

10000644 <irq_set_enabled>:
10000644:	231f      	movs	r3, #31
10000646:	4018      	ands	r0, r3
10000648:	3b1e      	subs	r3, #30
1000064a:	4083      	lsls	r3, r0
1000064c:	2900      	cmp	r1, #0
1000064e:	d005      	beq.n	1000065c <irq_set_enabled+0x18>
10000650:	21c0      	movs	r1, #192	; 0xc0
10000652:	4a04      	ldr	r2, [pc, #16]	; (10000664 <irq_set_enabled+0x20>)
10000654:	0049      	lsls	r1, r1, #1
10000656:	5053      	str	r3, [r2, r1]
10000658:	6013      	str	r3, [r2, #0]
1000065a:	4770      	bx	lr
1000065c:	2280      	movs	r2, #128	; 0x80
1000065e:	4901      	ldr	r1, [pc, #4]	; (10000664 <irq_set_enabled+0x20>)
10000660:	508b      	str	r3, [r1, r2]
10000662:	e7fa      	b.n	1000065a <irq_set_enabled+0x16>
10000664:	e000e100 	.word	0xe000e100

10000668 <irq_is_enabled>:
10000668:	2201      	movs	r2, #1
1000066a:	4082      	lsls	r2, r0
1000066c:	4b03      	ldr	r3, [pc, #12]	; (1000067c <irq_is_enabled+0x14>)
1000066e:	681b      	ldr	r3, [r3, #0]
10000670:	4013      	ands	r3, r2
10000672:	1e5a      	subs	r2, r3, #1
10000674:	4193      	sbcs	r3, r2
10000676:	b2d8      	uxtb	r0, r3
10000678:	4770      	bx	lr
1000067a:	46c0      	nop			; (mov r8, r8)
1000067c:	e000e100 	.word	0xe000e100

10000680 <irq_set_pending>:
10000680:	2301      	movs	r3, #1
10000682:	4083      	lsls	r3, r0
10000684:	4a01      	ldr	r2, [pc, #4]	; (1000068c <irq_set_pending+0xc>)
10000686:	6013      	str	r3, [r2, #0]
10000688:	4770      	bx	lr
1000068a:	46c0      	nop			; (mov r8, r8)
1000068c:	e000e200 	.word	0xe000e200

10000690 <irq_has_shared_handler>:
10000690:	4b06      	ldr	r3, [pc, #24]	; (100006ac <irq_has_shared_handler+0x1c>)
10000692:	3010      	adds	r0, #16
10000694:	689b      	ldr	r3, [r3, #8]
10000696:	0080      	lsls	r0, r0, #2
10000698:	58c3      	ldr	r3, [r0, r3]
1000069a:	4a05      	ldr	r2, [pc, #20]	; (100006b0 <irq_has_shared_handler+0x20>)
1000069c:	2000      	movs	r0, #0
1000069e:	1a9b      	subs	r3, r3, r2
100006a0:	222f      	movs	r2, #47	; 0x2f
100006a2:	429a      	cmp	r2, r3
100006a4:	4140      	adcs	r0, r0
100006a6:	b2c0      	uxtb	r0, r0
100006a8:	4770      	bx	lr
100006aa:	46c0      	nop			; (mov r8, r8)
100006ac:	e000ed00 	.word	0xe000ed00
100006b0:	20001024 	.word	0x20001024

100006b4 <irq_set_exclusive_handler>:
100006b4:	b570      	push	{r4, r5, r6, lr}
100006b6:	000d      	movs	r5, r1
100006b8:	f3ef 8610 	mrs	r6, PRIMASK
100006bc:	b672      	cpsid	i
100006be:	4a0f      	ldr	r2, [pc, #60]	; (100006fc <irq_set_exclusive_handler+0x48>)
100006c0:	6813      	ldr	r3, [r2, #0]
100006c2:	2b00      	cmp	r3, #0
100006c4:	d0fc      	beq.n	100006c0 <irq_set_exclusive_handler+0xc>
100006c6:	f3bf 8f5f 	dmb	sy
100006ca:	4b0d      	ldr	r3, [pc, #52]	; (10000700 <irq_set_exclusive_handler+0x4c>)
100006cc:	3010      	adds	r0, #16
100006ce:	689b      	ldr	r3, [r3, #8]
100006d0:	0084      	lsls	r4, r0, #2
100006d2:	591b      	ldr	r3, [r3, r4]
100006d4:	4a0b      	ldr	r2, [pc, #44]	; (10000704 <irq_set_exclusive_handler+0x50>)
100006d6:	4293      	cmp	r3, r2
100006d8:	d003      	beq.n	100006e2 <irq_set_exclusive_handler+0x2e>
100006da:	429d      	cmp	r5, r3
100006dc:	d001      	beq.n	100006e2 <irq_set_exclusive_handler+0x2e>
100006de:	f001 f995 	bl	10001a0c <hard_assertion_failure>
100006e2:	4b07      	ldr	r3, [pc, #28]	; (10000700 <irq_set_exclusive_handler+0x4c>)
100006e4:	689b      	ldr	r3, [r3, #8]
100006e6:	511d      	str	r5, [r3, r4]
100006e8:	f3bf 8f5f 	dmb	sy
100006ec:	f3bf 8f5f 	dmb	sy
100006f0:	2200      	movs	r2, #0
100006f2:	4b02      	ldr	r3, [pc, #8]	; (100006fc <irq_set_exclusive_handler+0x48>)
100006f4:	601a      	str	r2, [r3, #0]
100006f6:	f386 8810 	msr	PRIMASK, r6
100006fa:	bd70      	pop	{r4, r5, r6, pc}
100006fc:	d0000124 	.word	0xd0000124
10000700:	e000ed00 	.word	0xe000ed00
10000704:	100001c1 	.word	0x100001c1

10000708 <irq_add_shared_handler>:
10000708:	b5f0      	push	{r4, r5, r6, r7, lr}
1000070a:	4657      	mov	r7, sl
1000070c:	464e      	mov	r6, r9
1000070e:	46de      	mov	lr, fp
10000710:	4645      	mov	r5, r8
10000712:	b5e0      	push	{r5, r6, r7, lr}
10000714:	b085      	sub	sp, #20
10000716:	0006      	movs	r6, r0
10000718:	9102      	str	r1, [sp, #8]
1000071a:	0017      	movs	r7, r2
1000071c:	f3ef 8b10 	mrs	fp, PRIMASK
10000720:	b672      	cpsid	i
10000722:	4a67      	ldr	r2, [pc, #412]	; (100008c0 <irq_add_shared_handler+0x1b8>)
10000724:	6813      	ldr	r3, [r2, #0]
10000726:	2b00      	cmp	r3, #0
10000728:	d0fc      	beq.n	10000724 <irq_add_shared_handler+0x1c>
1000072a:	f3bf 8f5f 	dmb	sy
1000072e:	2500      	movs	r5, #0
10000730:	4b64      	ldr	r3, [pc, #400]	; (100008c4 <irq_add_shared_handler+0x1bc>)
10000732:	575d      	ldrsb	r5, [r3, r5]
10000734:	469a      	mov	sl, r3
10000736:	2d00      	cmp	r5, #0
10000738:	da00      	bge.n	1000073c <irq_add_shared_handler+0x34>
1000073a:	e0a4      	b.n	10000886 <irq_add_shared_handler+0x17e>
1000073c:	006b      	lsls	r3, r5, #1
1000073e:	4c62      	ldr	r4, [pc, #392]	; (100008c8 <irq_add_shared_handler+0x1c0>)
10000740:	9303      	str	r3, [sp, #12]
10000742:	195b      	adds	r3, r3, r5
10000744:	009b      	lsls	r3, r3, #2
10000746:	4698      	mov	r8, r3
10000748:	46a1      	mov	r9, r4
1000074a:	44c1      	add	r9, r8
1000074c:	464b      	mov	r3, r9
1000074e:	4652      	mov	r2, sl
10000750:	799b      	ldrb	r3, [r3, #6]
10000752:	3610      	adds	r6, #16
10000754:	7013      	strb	r3, [r2, #0]
10000756:	4b5d      	ldr	r3, [pc, #372]	; (100008cc <irq_add_shared_handler+0x1c4>)
10000758:	00b2      	lsls	r2, r6, #2
1000075a:	689b      	ldr	r3, [r3, #8]
1000075c:	9201      	str	r2, [sp, #4]
1000075e:	5899      	ldr	r1, [r3, r2]
10000760:	1b0b      	subs	r3, r1, r4
10000762:	2b2f      	cmp	r3, #47	; 0x2f
10000764:	d934      	bls.n	100007d0 <irq_add_shared_handler+0xc8>
10000766:	4b5a      	ldr	r3, [pc, #360]	; (100008d0 <irq_add_shared_handler+0x1c8>)
10000768:	4299      	cmp	r1, r3
1000076a:	d000      	beq.n	1000076e <irq_add_shared_handler+0x66>
1000076c:	e0a4      	b.n	100008b8 <irq_add_shared_handler+0x1b0>
1000076e:	9b03      	ldr	r3, [sp, #12]
10000770:	4a58      	ldr	r2, [pc, #352]	; (100008d4 <irq_add_shared_handler+0x1cc>)
10000772:	469c      	mov	ip, r3
10000774:	4b58      	ldr	r3, [pc, #352]	; (100008d8 <irq_add_shared_handler+0x1d0>)
10000776:	4465      	add	r5, ip
10000778:	00ad      	lsls	r5, r5, #2
1000077a:	5363      	strh	r3, [r4, r5]
1000077c:	4643      	mov	r3, r8
1000077e:	3302      	adds	r3, #2
10000780:	1965      	adds	r5, r4, r5
10000782:	18e4      	adds	r4, r4, r3
10000784:	4b55      	ldr	r3, [pc, #340]	; (100008dc <irq_add_shared_handler+0x1d4>)
10000786:	2101      	movs	r1, #1
10000788:	3b04      	subs	r3, #4
1000078a:	1b1b      	subs	r3, r3, r4
1000078c:	051b      	lsls	r3, r3, #20
1000078e:	0d5b      	lsrs	r3, r3, #21
10000790:	4313      	orrs	r3, r2
10000792:	806b      	strh	r3, [r5, #2]
10000794:	4b52      	ldr	r3, [pc, #328]	; (100008e0 <irq_add_shared_handler+0x1d8>)
10000796:	71ef      	strb	r7, [r5, #7]
10000798:	80ab      	strh	r3, [r5, #4]
1000079a:	23ff      	movs	r3, #255	; 0xff
1000079c:	71ab      	strb	r3, [r5, #6]
1000079e:	9b02      	ldr	r3, [sp, #8]
100007a0:	60ab      	str	r3, [r5, #8]
100007a2:	464b      	mov	r3, r9
100007a4:	430b      	orrs	r3, r1
100007a6:	0019      	movs	r1, r3
100007a8:	4b48      	ldr	r3, [pc, #288]	; (100008cc <irq_add_shared_handler+0x1c4>)
100007aa:	9a01      	ldr	r2, [sp, #4]
100007ac:	689b      	ldr	r3, [r3, #8]
100007ae:	5099      	str	r1, [r3, r2]
100007b0:	f3bf 8f5f 	dmb	sy
100007b4:	f3bf 8f5f 	dmb	sy
100007b8:	2200      	movs	r2, #0
100007ba:	4b41      	ldr	r3, [pc, #260]	; (100008c0 <irq_add_shared_handler+0x1b8>)
100007bc:	601a      	str	r2, [r3, #0]
100007be:	f38b 8810 	msr	PRIMASK, fp
100007c2:	b005      	add	sp, #20
100007c4:	bcf0      	pop	{r4, r5, r6, r7}
100007c6:	46bb      	mov	fp, r7
100007c8:	46b2      	mov	sl, r6
100007ca:	46a9      	mov	r9, r5
100007cc:	46a0      	mov	r8, r4
100007ce:	bdf0      	pop	{r4, r5, r6, r7, pc}
100007d0:	2001      	movs	r0, #1
100007d2:	000a      	movs	r2, r1
100007d4:	4382      	bics	r2, r0
100007d6:	79d3      	ldrb	r3, [r2, #7]
100007d8:	42bb      	cmp	r3, r7
100007da:	d82f      	bhi.n	1000083c <irq_add_shared_handler+0x134>
100007dc:	4645      	mov	r5, r8
100007de:	464e      	mov	r6, r9
100007e0:	0013      	movs	r3, r2
100007e2:	4940      	ldr	r1, [pc, #256]	; (100008e4 <irq_add_shared_handler+0x1dc>)
100007e4:	1b1b      	subs	r3, r3, r4
100007e6:	415b      	adcs	r3, r3
100007e8:	4359      	muls	r1, r3
100007ea:	0d09      	lsrs	r1, r1, #20
100007ec:	4b3a      	ldr	r3, [pc, #232]	; (100008d8 <irq_add_shared_handler+0x1d0>)
100007ee:	5363      	strh	r3, [r4, r5]
100007f0:	4b3a      	ldr	r3, [pc, #232]	; (100008dc <irq_add_shared_handler+0x1d4>)
100007f2:	3502      	adds	r5, #2
100007f4:	1965      	adds	r5, r4, r5
100007f6:	3b04      	subs	r3, #4
100007f8:	1b5b      	subs	r3, r3, r5
100007fa:	051b      	lsls	r3, r3, #20
100007fc:	4d35      	ldr	r5, [pc, #212]	; (100008d4 <irq_add_shared_handler+0x1cc>)
100007fe:	0d5b      	lsrs	r3, r3, #21
10000800:	432b      	orrs	r3, r5
10000802:	8073      	strh	r3, [r6, #2]
10000804:	2604      	movs	r6, #4
10000806:	46b4      	mov	ip, r6
10000808:	44e0      	add	r8, ip
1000080a:	4444      	add	r4, r8
1000080c:	1f13      	subs	r3, r2, #4
1000080e:	1b1b      	subs	r3, r3, r4
10000810:	464c      	mov	r4, r9
10000812:	71a1      	strb	r1, [r4, #6]
10000814:	9902      	ldr	r1, [sp, #8]
10000816:	051b      	lsls	r3, r3, #20
10000818:	60a1      	str	r1, [r4, #8]
1000081a:	4649      	mov	r1, r9
1000081c:	0d5b      	lsrs	r3, r3, #21
1000081e:	432b      	orrs	r3, r5
10000820:	80a3      	strh	r3, [r4, #4]
10000822:	4b31      	ldr	r3, [pc, #196]	; (100008e8 <irq_add_shared_handler+0x1e0>)
10000824:	71e7      	strb	r7, [r4, #7]
10000826:	4301      	orrs	r1, r0
10000828:	6013      	str	r3, [r2, #0]
1000082a:	e7bd      	b.n	100007a8 <irq_add_shared_handler+0xa0>
1000082c:	0058      	lsls	r0, r3, #1
1000082e:	18c0      	adds	r0, r0, r3
10000830:	0080      	lsls	r0, r0, #2
10000832:	1820      	adds	r0, r4, r0
10000834:	79c6      	ldrb	r6, [r0, #7]
10000836:	42be      	cmp	r6, r7
10000838:	d92b      	bls.n	10000892 <irq_add_shared_handler+0x18a>
1000083a:	0002      	movs	r2, r0
1000083c:	2306      	movs	r3, #6
1000083e:	56d3      	ldrsb	r3, [r2, r3]
10000840:	2b00      	cmp	r3, #0
10000842:	daf3      	bge.n	1000082c <irq_add_shared_handler+0x124>
10000844:	1d10      	adds	r0, r2, #4
10000846:	4682      	mov	sl, r0
10000848:	4828      	ldr	r0, [pc, #160]	; (100008ec <irq_add_shared_handler+0x1e4>)
1000084a:	4680      	mov	r8, r0
1000084c:	2604      	movs	r6, #4
1000084e:	4276      	negs	r6, r6
10000850:	46b4      	mov	ip, r6
10000852:	44e1      	add	r9, ip
10000854:	4650      	mov	r0, sl
10000856:	464e      	mov	r6, r9
10000858:	1a36      	subs	r6, r6, r0
1000085a:	0530      	lsls	r0, r6, #20
1000085c:	0d40      	lsrs	r0, r0, #21
1000085e:	4682      	mov	sl, r0
10000860:	4656      	mov	r6, sl
10000862:	481c      	ldr	r0, [pc, #112]	; (100008d4 <irq_add_shared_handler+0x1cc>)
10000864:	7195      	strb	r5, [r2, #6]
10000866:	4306      	orrs	r6, r0
10000868:	8096      	strh	r6, [r2, #4]
1000086a:	9a03      	ldr	r2, [sp, #12]
1000086c:	4694      	mov	ip, r2
1000086e:	4465      	add	r5, ip
10000870:	4a1d      	ldr	r2, [pc, #116]	; (100008e8 <irq_add_shared_handler+0x1e0>)
10000872:	00ad      	lsls	r5, r5, #2
10000874:	1964      	adds	r4, r4, r5
10000876:	6022      	str	r2, [r4, #0]
10000878:	4642      	mov	r2, r8
1000087a:	71a3      	strb	r3, [r4, #6]
1000087c:	9b02      	ldr	r3, [sp, #8]
1000087e:	80a2      	strh	r2, [r4, #4]
10000880:	71e7      	strb	r7, [r4, #7]
10000882:	60a3      	str	r3, [r4, #8]
10000884:	e790      	b.n	100007a8 <irq_add_shared_handler+0xa0>
10000886:	f001 f8c1 	bl	10001a0c <hard_assertion_failure>
1000088a:	2500      	movs	r5, #0
1000088c:	4653      	mov	r3, sl
1000088e:	575d      	ldrsb	r5, [r3, r5]
10000890:	e754      	b.n	1000073c <irq_add_shared_handler+0x34>
10000892:	1d10      	adds	r0, r2, #4
10000894:	4682      	mov	sl, r0
10000896:	8890      	ldrh	r0, [r2, #4]
10000898:	0540      	lsls	r0, r0, #21
1000089a:	1500      	asrs	r0, r0, #20
1000089c:	4684      	mov	ip, r0
1000089e:	4640      	mov	r0, r8
100008a0:	44d4      	add	ip, sl
100008a2:	4666      	mov	r6, ip
100008a4:	3004      	adds	r0, #4
100008a6:	1820      	adds	r0, r4, r0
100008a8:	1a30      	subs	r0, r6, r0
100008aa:	26e0      	movs	r6, #224	; 0xe0
100008ac:	0500      	lsls	r0, r0, #20
100008ae:	0d40      	lsrs	r0, r0, #21
100008b0:	0236      	lsls	r6, r6, #8
100008b2:	4330      	orrs	r0, r6
100008b4:	4680      	mov	r8, r0
100008b6:	e7c9      	b.n	1000084c <irq_add_shared_handler+0x144>
100008b8:	f001 f8a8 	bl	10001a0c <hard_assertion_failure>
100008bc:	e757      	b.n	1000076e <irq_add_shared_handler+0x66>
100008be:	46c0      	nop			; (mov r8, r8)
100008c0:	d0000124 	.word	0xd0000124
100008c4:	20002011 	.word	0x20002011
100008c8:	20001024 	.word	0x20001024
100008cc:	e000ed00 	.word	0xe000ed00
100008d0:	100001c1 	.word	0x100001c1
100008d4:	ffffe000 	.word	0xffffe000
100008d8:	ffffa100 	.word	0xffffa100
100008dc:	20001054 	.word	0x20001054
100008e0:	ffffbd01 	.word	0xffffbd01
100008e4:	0000aaaa 	.word	0x0000aaaa
100008e8:	47804801 	.word	0x47804801
100008ec:	0000bd01 	.word	0x0000bd01

100008f0 <irq_remove_handler>:
100008f0:	b5f0      	push	{r4, r5, r6, r7, lr}
100008f2:	46de      	mov	lr, fp
100008f4:	4657      	mov	r7, sl
100008f6:	464e      	mov	r6, r9
100008f8:	4645      	mov	r5, r8
100008fa:	b5e0      	push	{r5, r6, r7, lr}
100008fc:	000c      	movs	r4, r1
100008fe:	b083      	sub	sp, #12
10000900:	f3ef 8910 	mrs	r9, PRIMASK
10000904:	b672      	cpsid	i
10000906:	4a5f      	ldr	r2, [pc, #380]	; (10000a84 <irq_remove_handler+0x194>)
10000908:	6813      	ldr	r3, [r2, #0]
1000090a:	2b00      	cmp	r3, #0
1000090c:	d0fc      	beq.n	10000908 <irq_remove_handler+0x18>
1000090e:	f3bf 8f5f 	dmb	sy
10000912:	4b5d      	ldr	r3, [pc, #372]	; (10000a88 <irq_remove_handler+0x198>)
10000914:	689a      	ldr	r2, [r3, #8]
10000916:	0003      	movs	r3, r0
10000918:	3310      	adds	r3, #16
1000091a:	009f      	lsls	r7, r3, #2
1000091c:	59d5      	ldr	r5, [r2, r7]
1000091e:	4a5b      	ldr	r2, [pc, #364]	; (10000a8c <irq_remove_handler+0x19c>)
10000920:	4690      	mov	r8, r2
10000922:	4295      	cmp	r5, r2
10000924:	d03d      	beq.n	100009a2 <irq_remove_handler+0xb2>
10000926:	42a5      	cmp	r5, r4
10000928:	d04e      	beq.n	100009c8 <irq_remove_handler+0xd8>
1000092a:	4e59      	ldr	r6, [pc, #356]	; (10000a90 <irq_remove_handler+0x1a0>)
1000092c:	1baa      	subs	r2, r5, r6
1000092e:	2a2f      	cmp	r2, #47	; 0x2f
10000930:	d837      	bhi.n	100009a2 <irq_remove_handler+0xb2>
10000932:	4a58      	ldr	r2, [pc, #352]	; (10000a94 <irq_remove_handler+0x1a4>)
10000934:	4693      	mov	fp, r2
10000936:	6812      	ldr	r2, [r2, #0]
10000938:	4694      	mov	ip, r2
1000093a:	2201      	movs	r2, #1
1000093c:	4661      	mov	r1, ip
1000093e:	4692      	mov	sl, r2
10000940:	4082      	lsls	r2, r0
10000942:	4011      	ands	r1, r2
10000944:	221f      	movs	r2, #31
10000946:	4010      	ands	r0, r2
10000948:	4652      	mov	r2, sl
1000094a:	4082      	lsls	r2, r0
1000094c:	4692      	mov	sl, r2
1000094e:	9101      	str	r1, [sp, #4]
10000950:	2280      	movs	r2, #128	; 0x80
10000952:	4651      	mov	r1, sl
10000954:	4658      	mov	r0, fp
10000956:	5081      	str	r1, [r0, r2]
10000958:	f3bf 8f5f 	dmb	sy
1000095c:	f3ef 8205 	mrs	r2, IPSR
10000960:	4693      	mov	fp, r2
10000962:	2a00      	cmp	r2, #0
10000964:	d132      	bne.n	100009cc <irq_remove_handler+0xdc>
10000966:	2301      	movs	r3, #1
10000968:	002a      	movs	r2, r5
1000096a:	439a      	bics	r2, r3
1000096c:	6890      	ldr	r0, [r2, #8]
1000096e:	4284      	cmp	r4, r0
10000970:	d108      	bne.n	10000984 <irq_remove_handler+0x94>
10000972:	e07c      	b.n	10000a6e <irq_remove_handler+0x17e>
10000974:	004b      	lsls	r3, r1, #1
10000976:	185b      	adds	r3, r3, r1
10000978:	009b      	lsls	r3, r3, #2
1000097a:	18f3      	adds	r3, r6, r3
1000097c:	6898      	ldr	r0, [r3, #8]
1000097e:	4284      	cmp	r4, r0
10000980:	d02e      	beq.n	100009e0 <irq_remove_handler+0xf0>
10000982:	001a      	movs	r2, r3
10000984:	2106      	movs	r1, #6
10000986:	5651      	ldrsb	r1, [r2, r1]
10000988:	2900      	cmp	r1, #0
1000098a:	daf3      	bge.n	10000974 <irq_remove_handler+0x84>
1000098c:	4284      	cmp	r4, r0
1000098e:	d04d      	beq.n	10000a2c <irq_remove_handler+0x13c>
10000990:	9b01      	ldr	r3, [sp, #4]
10000992:	2b00      	cmp	r3, #0
10000994:	d01f      	beq.n	100009d6 <irq_remove_handler+0xe6>
10000996:	22c0      	movs	r2, #192	; 0xc0
10000998:	4651      	mov	r1, sl
1000099a:	4b3e      	ldr	r3, [pc, #248]	; (10000a94 <irq_remove_handler+0x1a4>)
1000099c:	0052      	lsls	r2, r2, #1
1000099e:	5099      	str	r1, [r3, r2]
100009a0:	6019      	str	r1, [r3, #0]
100009a2:	4b39      	ldr	r3, [pc, #228]	; (10000a88 <irq_remove_handler+0x198>)
100009a4:	689b      	ldr	r3, [r3, #8]
100009a6:	51dd      	str	r5, [r3, r7]
100009a8:	f3bf 8f5f 	dmb	sy
100009ac:	f3bf 8f5f 	dmb	sy
100009b0:	2200      	movs	r2, #0
100009b2:	4b34      	ldr	r3, [pc, #208]	; (10000a84 <irq_remove_handler+0x194>)
100009b4:	601a      	str	r2, [r3, #0]
100009b6:	f389 8810 	msr	PRIMASK, r9
100009ba:	b003      	add	sp, #12
100009bc:	bcf0      	pop	{r4, r5, r6, r7}
100009be:	46bb      	mov	fp, r7
100009c0:	46b2      	mov	sl, r6
100009c2:	46a9      	mov	r9, r5
100009c4:	46a0      	mov	r8, r4
100009c6:	bdf0      	pop	{r4, r5, r6, r7, pc}
100009c8:	0015      	movs	r5, r2
100009ca:	e7ea      	b.n	100009a2 <irq_remove_handler+0xb2>
100009cc:	4293      	cmp	r3, r2
100009ce:	d0ca      	beq.n	10000966 <irq_remove_handler+0x76>
100009d0:	f001 f81c 	bl	10001a0c <hard_assertion_failure>
100009d4:	e7c7      	b.n	10000966 <irq_remove_handler+0x76>
100009d6:	2380      	movs	r3, #128	; 0x80
100009d8:	4651      	mov	r1, sl
100009da:	4a2e      	ldr	r2, [pc, #184]	; (10000a94 <irq_remove_handler+0x1a4>)
100009dc:	50d1      	str	r1, [r2, r3]
100009de:	e7e0      	b.n	100009a2 <irq_remove_handler+0xb2>
100009e0:	2106      	movs	r1, #6
100009e2:	5659      	ldrsb	r1, [r3, r1]
100009e4:	2900      	cmp	r1, #0
100009e6:	db22      	blt.n	10000a2e <irq_remove_handler+0x13e>
100009e8:	004a      	lsls	r2, r1, #1
100009ea:	1850      	adds	r0, r2, r1
100009ec:	0080      	lsls	r0, r0, #2
100009ee:	1834      	adds	r4, r6, r0
100009f0:	4680      	mov	r8, r0
100009f2:	68a0      	ldr	r0, [r4, #8]
100009f4:	6098      	str	r0, [r3, #8]
100009f6:	79e0      	ldrb	r0, [r4, #7]
100009f8:	71d8      	strb	r0, [r3, #7]
100009fa:	2006      	movs	r0, #6
100009fc:	5620      	ldrsb	r0, [r4, r0]
100009fe:	7198      	strb	r0, [r3, #6]
10000a00:	2800      	cmp	r0, #0
10000a02:	db25      	blt.n	10000a50 <irq_remove_handler+0x160>
10000a04:	88a4      	ldrh	r4, [r4, #4]
10000a06:	1af0      	subs	r0, r6, r3
10000a08:	0564      	lsls	r4, r4, #21
10000a0a:	1524      	asrs	r4, r4, #20
10000a0c:	4444      	add	r4, r8
10000a0e:	1900      	adds	r0, r0, r4
10000a10:	24e0      	movs	r4, #224	; 0xe0
10000a12:	0500      	lsls	r0, r0, #20
10000a14:	0d40      	lsrs	r0, r0, #21
10000a16:	0224      	lsls	r4, r4, #8
10000a18:	4320      	orrs	r0, r4
10000a1a:	8098      	strh	r0, [r3, #4]
10000a1c:	1852      	adds	r2, r2, r1
10000a1e:	4b1e      	ldr	r3, [pc, #120]	; (10000a98 <irq_remove_handler+0x1a8>)
10000a20:	0092      	lsls	r2, r2, #2
10000a22:	18b6      	adds	r6, r6, r2
10000a24:	781a      	ldrb	r2, [r3, #0]
10000a26:	7019      	strb	r1, [r3, #0]
10000a28:	71b2      	strb	r2, [r6, #6]
10000a2a:	e7b1      	b.n	10000990 <irq_remove_handler+0xa0>
10000a2c:	0013      	movs	r3, r2
10000a2e:	4659      	mov	r1, fp
10000a30:	2900      	cmp	r1, #0
10000a32:	d10f      	bne.n	10000a54 <irq_remove_handler+0x164>
10000a34:	31ff      	adds	r1, #255	; 0xff
10000a36:	7191      	strb	r1, [r2, #6]
10000a38:	4918      	ldr	r1, [pc, #96]	; (10000a9c <irq_remove_handler+0x1ac>)
10000a3a:	8091      	strh	r1, [r2, #4]
10000a3c:	4916      	ldr	r1, [pc, #88]	; (10000a98 <irq_remove_handler+0x1a8>)
10000a3e:	780a      	ldrb	r2, [r1, #0]
10000a40:	719a      	strb	r2, [r3, #6]
10000a42:	4a17      	ldr	r2, [pc, #92]	; (10000aa0 <irq_remove_handler+0x1b0>)
10000a44:	1b9b      	subs	r3, r3, r6
10000a46:	415b      	adcs	r3, r3
10000a48:	435a      	muls	r2, r3
10000a4a:	0d12      	lsrs	r2, r2, #20
10000a4c:	700a      	strb	r2, [r1, #0]
10000a4e:	e79f      	b.n	10000990 <irq_remove_handler+0xa0>
10000a50:	4814      	ldr	r0, [pc, #80]	; (10000aa4 <irq_remove_handler+0x1b4>)
10000a52:	e7e2      	b.n	10000a1a <irq_remove_handler+0x12a>
10000a54:	4a14      	ldr	r2, [pc, #80]	; (10000aa8 <irq_remove_handler+0x1b8>)
10000a56:	4915      	ldr	r1, [pc, #84]	; (10000aac <irq_remove_handler+0x1bc>)
10000a58:	1ad2      	subs	r2, r2, r3
10000a5a:	3a08      	subs	r2, #8
10000a5c:	0250      	lsls	r0, r2, #9
10000a5e:	0d40      	lsrs	r0, r0, #21
10000a60:	4301      	orrs	r1, r0
10000a62:	8099      	strh	r1, [r3, #4]
10000a64:	4912      	ldr	r1, [pc, #72]	; (10000ab0 <irq_remove_handler+0x1c0>)
10000a66:	0852      	lsrs	r2, r2, #1
10000a68:	430a      	orrs	r2, r1
10000a6a:	80da      	strh	r2, [r3, #6]
10000a6c:	e790      	b.n	10000990 <irq_remove_handler+0xa0>
10000a6e:	2106      	movs	r1, #6
10000a70:	5651      	ldrsb	r1, [r2, r1]
10000a72:	0013      	movs	r3, r2
10000a74:	2900      	cmp	r1, #0
10000a76:	dab7      	bge.n	100009e8 <irq_remove_handler+0xf8>
10000a78:	465a      	mov	r2, fp
10000a7a:	2a00      	cmp	r2, #0
10000a7c:	d1ea      	bne.n	10000a54 <irq_remove_handler+0x164>
10000a7e:	4645      	mov	r5, r8
10000a80:	e7dc      	b.n	10000a3c <irq_remove_handler+0x14c>
10000a82:	46c0      	nop			; (mov r8, r8)
10000a84:	d0000124 	.word	0xd0000124
10000a88:	e000ed00 	.word	0xe000ed00
10000a8c:	100001c1 	.word	0x100001c1
10000a90:	20001024 	.word	0x20001024
10000a94:	e000e100 	.word	0xe000e100
10000a98:	20002011 	.word	0x20002011
10000a9c:	ffffbd01 	.word	0xffffbd01
10000aa0:	0000aaaa 	.word	0x0000aaaa
10000aa4:	0000bd01 	.word	0x0000bd01
10000aa8:	2000105e 	.word	0x2000105e
10000aac:	fffff000 	.word	0xfffff000
10000ab0:	fffff800 	.word	0xfffff800

10000ab4 <irq_add_tail_to_free_list>:
10000ab4:	b570      	push	{r4, r5, r6, lr}
10000ab6:	2401      	movs	r4, #1
10000ab8:	4304      	orrs	r4, r0
10000aba:	f3ef 8105 	mrs	r1, IPSR
10000abe:	f3ef 8c10 	mrs	ip, PRIMASK
10000ac2:	b672      	cpsid	i
10000ac4:	4a21      	ldr	r2, [pc, #132]	; (10000b4c <irq_add_tail_to_free_list+0x98>)
10000ac6:	6813      	ldr	r3, [r2, #0]
10000ac8:	2b00      	cmp	r3, #0
10000aca:	d0fc      	beq.n	10000ac6 <irq_add_tail_to_free_list+0x12>
10000acc:	f3bf 8f5f 	dmb	sy
10000ad0:	4b1f      	ldr	r3, [pc, #124]	; (10000b50 <irq_add_tail_to_free_list+0x9c>)
10000ad2:	0005      	movs	r5, r0
10000ad4:	4a1f      	ldr	r2, [pc, #124]	; (10000b54 <irq_add_tail_to_free_list+0xa0>)
10000ad6:	1aed      	subs	r5, r5, r3
10000ad8:	416d      	adcs	r5, r5
10000ada:	436a      	muls	r2, r5
10000adc:	0d12      	lsrs	r2, r2, #20
10000ade:	4d1e      	ldr	r5, [pc, #120]	; (10000b58 <irq_add_tail_to_free_list+0xa4>)
10000ae0:	0089      	lsls	r1, r1, #2
10000ae2:	68ae      	ldr	r6, [r5, #8]
10000ae4:	b252      	sxtb	r2, r2
10000ae6:	5876      	ldr	r6, [r6, r1]
10000ae8:	42a6      	cmp	r6, r4
10000aea:	d01c      	beq.n	10000b26 <irq_add_tail_to_free_list+0x72>
10000aec:	2106      	movs	r1, #6
10000aee:	5659      	ldrsb	r1, [r3, r1]
10000af0:	4291      	cmp	r1, r2
10000af2:	d01c      	beq.n	10000b2e <irq_add_tail_to_free_list+0x7a>
10000af4:	2112      	movs	r1, #18
10000af6:	5659      	ldrsb	r1, [r3, r1]
10000af8:	4291      	cmp	r1, r2
10000afa:	d022      	beq.n	10000b42 <irq_add_tail_to_free_list+0x8e>
10000afc:	211e      	movs	r1, #30
10000afe:	5659      	ldrsb	r1, [r3, r1]
10000b00:	4291      	cmp	r1, r2
10000b02:	d020      	beq.n	10000b46 <irq_add_tail_to_free_list+0x92>
10000b04:	212a      	movs	r1, #42	; 0x2a
10000b06:	5659      	ldrsb	r1, [r3, r1]
10000b08:	2403      	movs	r4, #3
10000b0a:	4291      	cmp	r1, r2
10000b0c:	d010      	beq.n	10000b30 <irq_add_tail_to_free_list+0x7c>
10000b0e:	4b13      	ldr	r3, [pc, #76]	; (10000b5c <irq_add_tail_to_free_list+0xa8>)
10000b10:	7819      	ldrb	r1, [r3, #0]
10000b12:	701a      	strb	r2, [r3, #0]
10000b14:	7181      	strb	r1, [r0, #6]
10000b16:	f3bf 8f5f 	dmb	sy
10000b1a:	2200      	movs	r2, #0
10000b1c:	4b0b      	ldr	r3, [pc, #44]	; (10000b4c <irq_add_tail_to_free_list+0x98>)
10000b1e:	601a      	str	r2, [r3, #0]
10000b20:	f38c 8810 	msr	PRIMASK, ip
10000b24:	bd70      	pop	{r4, r5, r6, pc}
10000b26:	68ab      	ldr	r3, [r5, #8]
10000b28:	4c0d      	ldr	r4, [pc, #52]	; (10000b60 <irq_add_tail_to_free_list+0xac>)
10000b2a:	505c      	str	r4, [r3, r1]
10000b2c:	e7ef      	b.n	10000b0e <irq_add_tail_to_free_list+0x5a>
10000b2e:	2400      	movs	r4, #0
10000b30:	0061      	lsls	r1, r4, #1
10000b32:	1909      	adds	r1, r1, r4
10000b34:	0089      	lsls	r1, r1, #2
10000b36:	185b      	adds	r3, r3, r1
10000b38:	21ff      	movs	r1, #255	; 0xff
10000b3a:	7199      	strb	r1, [r3, #6]
10000b3c:	4909      	ldr	r1, [pc, #36]	; (10000b64 <irq_add_tail_to_free_list+0xb0>)
10000b3e:	8099      	strh	r1, [r3, #4]
10000b40:	e7e5      	b.n	10000b0e <irq_add_tail_to_free_list+0x5a>
10000b42:	2401      	movs	r4, #1
10000b44:	e7f4      	b.n	10000b30 <irq_add_tail_to_free_list+0x7c>
10000b46:	2402      	movs	r4, #2
10000b48:	e7f2      	b.n	10000b30 <irq_add_tail_to_free_list+0x7c>
10000b4a:	46c0      	nop			; (mov r8, r8)
10000b4c:	d0000124 	.word	0xd0000124
10000b50:	20001024 	.word	0x20001024
10000b54:	0000aaaa 	.word	0x0000aaaa
10000b58:	e000ed00 	.word	0xe000ed00
10000b5c:	20002011 	.word	0x20002011
10000b60:	100001c1 	.word	0x100001c1
10000b64:	ffffbd01 	.word	0xffffbd01

10000b68 <user_irq_claim_unused>:
10000b68:	b500      	push	{lr}
10000b6a:	4b07      	ldr	r3, [pc, #28]	; (10000b88 <user_irq_claim_unused+0x20>)
10000b6c:	b083      	sub	sp, #12
10000b6e:	0001      	movs	r1, r0
10000b70:	9300      	str	r3, [sp, #0]
10000b72:	2200      	movs	r2, #0
10000b74:	2305      	movs	r3, #5
10000b76:	4805      	ldr	r0, [pc, #20]	; (10000b8c <user_irq_claim_unused+0x24>)
10000b78:	f7ff fcda 	bl	10000530 <hw_claim_unused_from_range>
10000b7c:	2800      	cmp	r0, #0
10000b7e:	db01      	blt.n	10000b84 <user_irq_claim_unused+0x1c>
10000b80:	231f      	movs	r3, #31
10000b82:	1a18      	subs	r0, r3, r0
10000b84:	b003      	add	sp, #12
10000b86:	bd00      	pop	{pc}
10000b88:	10006a38 	.word	0x10006a38
10000b8c:	20002015 	.word	0x20002015

10000b90 <lock_init>:
10000b90:	4b02      	ldr	r3, [pc, #8]	; (10000b9c <lock_init+0xc>)
10000b92:	469c      	mov	ip, r3
10000b94:	4461      	add	r1, ip
10000b96:	0089      	lsls	r1, r1, #2
10000b98:	6001      	str	r1, [r0, #0]
10000b9a:	4770      	bx	lr
10000b9c:	34000040 	.word	0x34000040

10000ba0 <runtime_init_mutex>:
10000ba0:	b5f8      	push	{r3, r4, r5, r6, r7, lr}
10000ba2:	4d13      	ldr	r5, [pc, #76]	; (10000bf0 <runtime_init_mutex+0x50>)
10000ba4:	4e13      	ldr	r6, [pc, #76]	; (10000bf4 <runtime_init_mutex+0x54>)
10000ba6:	002c      	movs	r4, r5
10000ba8:	27ff      	movs	r7, #255	; 0xff
10000baa:	42b5      	cmp	r5, r6
10000bac:	d21e      	bcs.n	10000bec <runtime_init_mutex+0x4c>
10000bae:	6823      	ldr	r3, [r4, #0]
10000bb0:	2b00      	cmp	r3, #0
10000bb2:	d00f      	beq.n	10000bd4 <runtime_init_mutex+0x34>
10000bb4:	f7ff fd0a 	bl	100005cc <next_striped_spin_lock_num>
10000bb8:	0001      	movs	r1, r0
10000bba:	0028      	movs	r0, r5
10000bbc:	f7ff ffe8 	bl	10000b90 <lock_init>
10000bc0:	80a7      	strh	r7, [r4, #4]
10000bc2:	f3bf 8f5f 	dmb	sy
10000bc6:	3408      	adds	r4, #8
10000bc8:	42b4      	cmp	r4, r6
10000bca:	d20f      	bcs.n	10000bec <runtime_init_mutex+0x4c>
10000bcc:	6823      	ldr	r3, [r4, #0]
10000bce:	0025      	movs	r5, r4
10000bd0:	2b00      	cmp	r3, #0
10000bd2:	d1ef      	bne.n	10000bb4 <runtime_init_mutex+0x14>
10000bd4:	f7ff fcfa 	bl	100005cc <next_striped_spin_lock_num>
10000bd8:	0001      	movs	r1, r0
10000bda:	0028      	movs	r0, r5
10000bdc:	f7ff ffd8 	bl	10000b90 <lock_init>
10000be0:	7127      	strb	r7, [r4, #4]
10000be2:	f3bf 8f5f 	dmb	sy
10000be6:	3408      	adds	r4, #8
10000be8:	42b4      	cmp	r4, r6
10000bea:	d3ef      	bcc.n	10000bcc <runtime_init_mutex+0x2c>
10000bec:	bdf8      	pop	{r3, r4, r5, r6, r7, pc}
10000bee:	46c0      	nop			; (mov r8, r8)
10000bf0:	20001100 	.word	0x20001100
10000bf4:	20001108 	.word	0x20001108

10000bf8 <mutex_init>:
10000bf8:	b510      	push	{r4, lr}
10000bfa:	0004      	movs	r4, r0
10000bfc:	f7ff fce6 	bl	100005cc <next_striped_spin_lock_num>
10000c00:	0001      	movs	r1, r0
10000c02:	0020      	movs	r0, r4
10000c04:	f7ff ffc4 	bl	10000b90 <lock_init>
10000c08:	23ff      	movs	r3, #255	; 0xff
10000c0a:	7123      	strb	r3, [r4, #4]
10000c0c:	f3bf 8f5f 	dmb	sy
10000c10:	bd10      	pop	{r4, pc}
10000c12:	46c0      	nop			; (mov r8, r8)

10000c14 <critical_section_init>:
10000c14:	b510      	push	{r4, lr}
10000c16:	0004      	movs	r4, r0
10000c18:	2001      	movs	r0, #1
10000c1a:	f7ff fce3 	bl	100005e4 <spin_lock_claim_unused>
10000c1e:	4b04      	ldr	r3, [pc, #16]	; (10000c30 <critical_section_init+0x1c>)
10000c20:	469c      	mov	ip, r3
10000c22:	4460      	add	r0, ip
10000c24:	0080      	lsls	r0, r0, #2
10000c26:	6020      	str	r0, [r4, #0]
10000c28:	f3bf 8f5f 	dmb	sy
10000c2c:	bd10      	pop	{r4, pc}
10000c2e:	46c0      	nop			; (mov r8, r8)
10000c30:	34000040 	.word	0x34000040

10000c34 <critical_section_init_with_lock_num>:
10000c34:	4b03      	ldr	r3, [pc, #12]	; (10000c44 <critical_section_init_with_lock_num+0x10>)
10000c36:	469c      	mov	ip, r3
10000c38:	4461      	add	r1, ip
10000c3a:	0089      	lsls	r1, r1, #2
10000c3c:	6001      	str	r1, [r0, #0]
10000c3e:	f3bf 8f5f 	dmb	sy
10000c42:	4770      	bx	lr
10000c44:	34000040 	.word	0x34000040

10000c48 <sleep_until_callback>:
10000c48:	4b0a      	ldr	r3, [pc, #40]	; (10000c74 <sleep_until_callback+0x2c>)
10000c4a:	6819      	ldr	r1, [r3, #0]
10000c4c:	f3ef 8010 	mrs	r0, PRIMASK
10000c50:	b672      	cpsid	i
10000c52:	680a      	ldr	r2, [r1, #0]
10000c54:	2a00      	cmp	r2, #0
10000c56:	d0fc      	beq.n	10000c52 <sleep_until_callback+0xa>
10000c58:	f3bf 8f5f 	dmb	sy
10000c5c:	681b      	ldr	r3, [r3, #0]
10000c5e:	f3bf 8f5f 	dmb	sy
10000c62:	2200      	movs	r2, #0
10000c64:	601a      	str	r2, [r3, #0]
10000c66:	f380 8810 	msr	PRIMASK, r0
10000c6a:	bf40      	sev
10000c6c:	2000      	movs	r0, #0
10000c6e:	2100      	movs	r1, #0
10000c70:	4770      	bx	lr
10000c72:	46c0      	nop			; (mov r8, r8)
10000c74:	20001fe8 	.word	0x20001fe8

10000c78 <alarm_pool_irq_handler>:
10000c78:	b5f0      	push	{r4, r5, r6, r7, lr}
10000c7a:	46de      	mov	lr, fp
10000c7c:	4657      	mov	r7, sl
10000c7e:	464e      	mov	r6, r9
10000c80:	4645      	mov	r5, r8
10000c82:	b5e0      	push	{r5, r6, r7, lr}
10000c84:	b085      	sub	sp, #20
10000c86:	f3ef 8205 	mrs	r2, IPSR
10000c8a:	2303      	movs	r3, #3
10000c8c:	4013      	ands	r3, r2
10000c8e:	009a      	lsls	r2, r3, #2
10000c90:	0011      	movs	r1, r2
10000c92:	9203      	str	r2, [sp, #12]
10000c94:	4ab6      	ldr	r2, [pc, #728]	; (10000f70 <alarm_pool_irq_handler+0x2f8>)
10000c96:	5852      	ldr	r2, [r2, r1]
10000c98:	4690      	mov	r8, r2
10000c9a:	2201      	movs	r2, #1
10000c9c:	409a      	lsls	r2, r3
10000c9e:	4691      	mov	r9, r2
10000ca0:	4bb4      	ldr	r3, [pc, #720]	; (10000f74 <alarm_pool_irq_handler+0x2fc>)
10000ca2:	601a      	str	r2, [r3, #0]
10000ca4:	464b      	mov	r3, r9
10000ca6:	48b4      	ldr	r0, [pc, #720]	; (10000f78 <alarm_pool_irq_handler+0x300>)
10000ca8:	6343      	str	r3, [r0, #52]	; 0x34
10000caa:	4643      	mov	r3, r8
10000cac:	2208      	movs	r2, #8
10000cae:	5e9b      	ldrsh	r3, [r3, r2]
10000cb0:	469a      	mov	sl, r3
10000cb2:	2b00      	cmp	r3, #0
10000cb4:	da3d      	bge.n	10000d32 <alarm_pool_irq_handler+0xba>
10000cb6:	4643      	mov	r3, r8
10000cb8:	889b      	ldrh	r3, [r3, #4]
10000cba:	b21b      	sxth	r3, r3
10000cbc:	2b00      	cmp	r3, #0
10000cbe:	db00      	blt.n	10000cc2 <alarm_pool_irq_handler+0x4a>
10000cc0:	e0a1      	b.n	10000e06 <alarm_pool_irq_handler+0x18e>
10000cc2:	4643      	mov	r3, r8
10000cc4:	799b      	ldrb	r3, [r3, #6]
10000cc6:	2b00      	cmp	r3, #0
10000cc8:	d000      	beq.n	10000ccc <alarm_pool_irq_handler+0x54>
10000cca:	e0f3      	b.n	10000eb4 <alarm_pool_irq_handler+0x23c>
10000ccc:	4643      	mov	r3, r8
10000cce:	2408      	movs	r4, #8
10000cd0:	5f1c      	ldrsh	r4, [r3, r4]
10000cd2:	2c00      	cmp	r4, #0
10000cd4:	db23      	blt.n	10000d1e <alarm_pool_irq_handler+0xa6>
10000cd6:	4642      	mov	r2, r8
10000cd8:	6952      	ldr	r2, [r2, #20]
10000cda:	0063      	lsls	r3, r4, #1
10000cdc:	4694      	mov	ip, r2
10000cde:	191b      	adds	r3, r3, r4
10000ce0:	00db      	lsls	r3, r3, #3
10000ce2:	4463      	add	r3, ip
10000ce4:	689c      	ldr	r4, [r3, #8]
10000ce6:	68dd      	ldr	r5, [r3, #12]
10000ce8:	1c63      	adds	r3, r4, #1
10000cea:	d100      	bne.n	10000cee <alarm_pool_irq_handler+0x76>
10000cec:	e10f      	b.n	10000f0e <alarm_pool_irq_handler+0x296>
10000cee:	48a2      	ldr	r0, [pc, #648]	; (10000f78 <alarm_pool_irq_handler+0x300>)
10000cf0:	9903      	ldr	r1, [sp, #12]
10000cf2:	4684      	mov	ip, r0
10000cf4:	4461      	add	r1, ip
10000cf6:	6a82      	ldr	r2, [r0, #40]	; 0x28
10000cf8:	690b      	ldr	r3, [r1, #16]
10000cfa:	1aa6      	subs	r6, r4, r2
10000cfc:	1a9b      	subs	r3, r3, r2
10000cfe:	429e      	cmp	r6, r3
10000d00:	d315      	bcc.n	10000d2e <alarm_pool_irq_handler+0xb6>
10000d02:	464a      	mov	r2, r9
10000d04:	6a03      	ldr	r3, [r0, #32]
10000d06:	421a      	tst	r2, r3
10000d08:	d011      	beq.n	10000d2e <alarm_pool_irq_handler+0xb6>
10000d0a:	489b      	ldr	r0, [pc, #620]	; (10000f78 <alarm_pool_irq_handler+0x300>)
10000d0c:	f000 fbb0 	bl	10001470 <timer_time_us_64>
10000d10:	1a24      	subs	r4, r4, r0
10000d12:	418d      	sbcs	r5, r1
10000d14:	2d00      	cmp	r5, #0
10000d16:	dc02      	bgt.n	10000d1e <alarm_pool_irq_handler+0xa6>
10000d18:	d1c4      	bne.n	10000ca4 <alarm_pool_irq_handler+0x2c>
10000d1a:	2c00      	cmp	r4, #0
10000d1c:	d0c2      	beq.n	10000ca4 <alarm_pool_irq_handler+0x2c>
10000d1e:	bf40      	sev
10000d20:	b005      	add	sp, #20
10000d22:	bcf0      	pop	{r4, r5, r6, r7}
10000d24:	46bb      	mov	fp, r7
10000d26:	46b2      	mov	sl, r6
10000d28:	46a9      	mov	r9, r5
10000d2a:	46a0      	mov	r8, r4
10000d2c:	bdf0      	pop	{r4, r5, r6, r7, pc}
10000d2e:	610c      	str	r4, [r1, #16]
10000d30:	e7eb      	b.n	10000d0a <alarm_pool_irq_handler+0x92>
10000d32:	4642      	mov	r2, r8
10000d34:	6952      	ldr	r2, [r2, #20]
10000d36:	005b      	lsls	r3, r3, #1
10000d38:	4693      	mov	fp, r2
10000d3a:	4453      	add	r3, sl
10000d3c:	00db      	lsls	r3, r3, #3
10000d3e:	449b      	add	fp, r3
10000d40:	465b      	mov	r3, fp
10000d42:	689e      	ldr	r6, [r3, #8]
10000d44:	68df      	ldr	r7, [r3, #12]
10000d46:	f000 fb93 	bl	10001470 <timer_time_us_64>
10000d4a:	1b80      	subs	r0, r0, r6
10000d4c:	41b9      	sbcs	r1, r7
10000d4e:	2900      	cmp	r1, #0
10000d50:	dbb1      	blt.n	10000cb6 <alarm_pool_irq_handler+0x3e>
10000d52:	2f00      	cmp	r7, #0
10000d54:	da00      	bge.n	10000d58 <alarm_pool_irq_handler+0xe0>
10000d56:	e0e5      	b.n	10000f24 <alarm_pool_irq_handler+0x2ac>
10000d58:	465b      	mov	r3, fp
10000d5a:	4a88      	ldr	r2, [pc, #544]	; (10000f7c <alarm_pool_irq_handler+0x304>)
10000d5c:	691b      	ldr	r3, [r3, #16]
10000d5e:	4293      	cmp	r3, r2
10000d60:	d100      	bne.n	10000d64 <alarm_pool_irq_handler+0xec>
10000d62:	e0d8      	b.n	10000f16 <alarm_pool_irq_handler+0x29e>
10000d64:	4641      	mov	r1, r8
10000d66:	465a      	mov	r2, fp
10000d68:	2008      	movs	r0, #8
10000d6a:	5e08      	ldrsh	r0, [r1, r0]
10000d6c:	8852      	ldrh	r2, [r2, #2]
10000d6e:	0400      	lsls	r0, r0, #16
10000d70:	4310      	orrs	r0, r2
10000d72:	465a      	mov	r2, fp
10000d74:	6951      	ldr	r1, [r2, #20]
10000d76:	4798      	blx	r3
10000d78:	0004      	movs	r4, r0
10000d7a:	000d      	movs	r5, r1
10000d7c:	0023      	movs	r3, r4
10000d7e:	432b      	orrs	r3, r5
10000d80:	d100      	bne.n	10000d84 <alarm_pool_irq_handler+0x10c>
10000d82:	e0cf      	b.n	10000f24 <alarm_pool_irq_handler+0x2ac>
10000d84:	2d00      	cmp	r5, #0
10000d86:	db00      	blt.n	10000d8a <alarm_pool_irq_handler+0x112>
10000d88:	e0e8      	b.n	10000f5c <alarm_pool_irq_handler+0x2e4>
10000d8a:	1b36      	subs	r6, r6, r4
10000d8c:	41af      	sbcs	r7, r5
10000d8e:	0034      	movs	r4, r6
10000d90:	003d      	movs	r5, r7
10000d92:	465b      	mov	r3, fp
10000d94:	609c      	str	r4, [r3, #8]
10000d96:	60dd      	str	r5, [r3, #12]
10000d98:	2100      	movs	r1, #0
10000d9a:	5e59      	ldrsh	r1, [r3, r1]
10000d9c:	2900      	cmp	r1, #0
10000d9e:	da00      	bge.n	10000da2 <alarm_pool_irq_handler+0x12a>
10000da0:	e789      	b.n	10000cb6 <alarm_pool_irq_handler+0x3e>
10000da2:	4643      	mov	r3, r8
10000da4:	695b      	ldr	r3, [r3, #20]
10000da6:	0022      	movs	r2, r4
10000da8:	469c      	mov	ip, r3
10000daa:	002b      	movs	r3, r5
10000dac:	0048      	lsls	r0, r1, #1
10000dae:	1840      	adds	r0, r0, r1
10000db0:	00c0      	lsls	r0, r0, #3
10000db2:	4460      	add	r0, ip
10000db4:	6886      	ldr	r6, [r0, #8]
10000db6:	68c7      	ldr	r7, [r0, #12]
10000db8:	1b92      	subs	r2, r2, r6
10000dba:	41bb      	sbcs	r3, r7
10000dbc:	2b00      	cmp	r3, #0
10000dbe:	da00      	bge.n	10000dc2 <alarm_pool_irq_handler+0x14a>
10000dc0:	e779      	b.n	10000cb6 <alarm_pool_irq_handler+0x3e>
10000dc2:	4643      	mov	r3, r8
10000dc4:	4666      	mov	r6, ip
10000dc6:	0002      	movs	r2, r0
10000dc8:	9400      	str	r4, [sp, #0]
10000dca:	9501      	str	r5, [sp, #4]
10000dcc:	8119      	strh	r1, [r3, #8]
10000dce:	e00c      	b.n	10000dea <alarm_pool_irq_handler+0x172>
10000dd0:	007b      	lsls	r3, r7, #1
10000dd2:	19db      	adds	r3, r3, r7
10000dd4:	00db      	lsls	r3, r3, #3
10000dd6:	18f3      	adds	r3, r6, r3
10000dd8:	9800      	ldr	r0, [sp, #0]
10000dda:	9901      	ldr	r1, [sp, #4]
10000ddc:	689c      	ldr	r4, [r3, #8]
10000dde:	68dd      	ldr	r5, [r3, #12]
10000de0:	1b00      	subs	r0, r0, r4
10000de2:	41a9      	sbcs	r1, r5
10000de4:	2900      	cmp	r1, #0
10000de6:	db04      	blt.n	10000df2 <alarm_pool_irq_handler+0x17a>
10000de8:	001a      	movs	r2, r3
10000dea:	2300      	movs	r3, #0
10000dec:	5ed7      	ldrsh	r7, [r2, r3]
10000dee:	2f00      	cmp	r7, #0
10000df0:	daee      	bge.n	10000dd0 <alarm_pool_irq_handler+0x158>
10000df2:	465b      	mov	r3, fp
10000df4:	801f      	strh	r7, [r3, #0]
10000df6:	4653      	mov	r3, sl
10000df8:	8013      	strh	r3, [r2, #0]
10000dfa:	4643      	mov	r3, r8
10000dfc:	889b      	ldrh	r3, [r3, #4]
10000dfe:	b21b      	sxth	r3, r3
10000e00:	2b00      	cmp	r3, #0
10000e02:	da00      	bge.n	10000e06 <alarm_pool_irq_handler+0x18e>
10000e04:	e75d      	b.n	10000cc2 <alarm_pool_irq_handler+0x4a>
10000e06:	4643      	mov	r3, r8
10000e08:	691a      	ldr	r2, [r3, #16]
10000e0a:	f3ef 8110 	mrs	r1, PRIMASK
10000e0e:	b672      	cpsid	i
10000e10:	6813      	ldr	r3, [r2, #0]
10000e12:	2b00      	cmp	r3, #0
10000e14:	d0fc      	beq.n	10000e10 <alarm_pool_irq_handler+0x198>
10000e16:	f3bf 8f5f 	dmb	sy
10000e1a:	4643      	mov	r3, r8
10000e1c:	889b      	ldrh	r3, [r3, #4]
10000e1e:	4642      	mov	r2, r8
10000e20:	b21b      	sxth	r3, r3
10000e22:	469a      	mov	sl, r3
10000e24:	2301      	movs	r3, #1
10000e26:	425b      	negs	r3, r3
10000e28:	8093      	strh	r3, [r2, #4]
10000e2a:	6913      	ldr	r3, [r2, #16]
10000e2c:	f3bf 8f5f 	dmb	sy
10000e30:	2200      	movs	r2, #0
10000e32:	601a      	str	r2, [r3, #0]
10000e34:	f381 8810 	msr	PRIMASK, r1
10000e38:	4653      	mov	r3, sl
10000e3a:	2b00      	cmp	r3, #0
10000e3c:	da00      	bge.n	10000e40 <alarm_pool_irq_handler+0x1c8>
10000e3e:	e740      	b.n	10000cc2 <alarm_pool_irq_handler+0x4a>
10000e40:	4643      	mov	r3, r8
10000e42:	695b      	ldr	r3, [r3, #20]
10000e44:	469c      	mov	ip, r3
10000e46:	2308      	movs	r3, #8
10000e48:	4443      	add	r3, r8
10000e4a:	469b      	mov	fp, r3
10000e4c:	4653      	mov	r3, sl
10000e4e:	005f      	lsls	r7, r3, #1
10000e50:	4643      	mov	r3, r8
10000e52:	4457      	add	r7, sl
10000e54:	00ff      	lsls	r7, r7, #3
10000e56:	2208      	movs	r2, #8
10000e58:	5e9a      	ldrsh	r2, [r3, r2]
10000e5a:	4467      	add	r7, ip
10000e5c:	465e      	mov	r6, fp
10000e5e:	68bc      	ldr	r4, [r7, #8]
10000e60:	68fd      	ldr	r5, [r7, #12]
10000e62:	2a00      	cmp	r2, #0
10000e64:	db19      	blt.n	10000e9a <alarm_pool_irq_handler+0x222>
10000e66:	003b      	movs	r3, r7
10000e68:	9400      	str	r4, [sp, #0]
10000e6a:	9501      	str	r5, [sp, #4]
10000e6c:	4667      	mov	r7, ip
10000e6e:	469c      	mov	ip, r3
10000e70:	e004      	b.n	10000e7c <alarm_pool_irq_handler+0x204>
10000e72:	001e      	movs	r6, r3
10000e74:	2300      	movs	r3, #0
10000e76:	5ef2      	ldrsh	r2, [r6, r3]
10000e78:	2a00      	cmp	r2, #0
10000e7a:	db0b      	blt.n	10000e94 <alarm_pool_irq_handler+0x21c>
10000e7c:	9800      	ldr	r0, [sp, #0]
10000e7e:	9901      	ldr	r1, [sp, #4]
10000e80:	0053      	lsls	r3, r2, #1
10000e82:	189b      	adds	r3, r3, r2
10000e84:	00db      	lsls	r3, r3, #3
10000e86:	18fb      	adds	r3, r7, r3
10000e88:	689c      	ldr	r4, [r3, #8]
10000e8a:	68dd      	ldr	r5, [r3, #12]
10000e8c:	1b00      	subs	r0, r0, r4
10000e8e:	41a9      	sbcs	r1, r5
10000e90:	2900      	cmp	r1, #0
10000e92:	daee      	bge.n	10000e72 <alarm_pool_irq_handler+0x1fa>
10000e94:	4663      	mov	r3, ip
10000e96:	46bc      	mov	ip, r7
10000e98:	001f      	movs	r7, r3
10000e9a:	4653      	mov	r3, sl
10000e9c:	8033      	strh	r3, [r6, #0]
10000e9e:	2100      	movs	r1, #0
10000ea0:	5e7b      	ldrsh	r3, [r7, r1]
10000ea2:	803a      	strh	r2, [r7, #0]
10000ea4:	469a      	mov	sl, r3
10000ea6:	2b00      	cmp	r3, #0
10000ea8:	dad0      	bge.n	10000e4c <alarm_pool_irq_handler+0x1d4>
10000eaa:	4643      	mov	r3, r8
10000eac:	799b      	ldrb	r3, [r3, #6]
10000eae:	2b00      	cmp	r3, #0
10000eb0:	d100      	bne.n	10000eb4 <alarm_pool_irq_handler+0x23c>
10000eb2:	e70b      	b.n	10000ccc <alarm_pool_irq_handler+0x54>
10000eb4:	2300      	movs	r3, #0
10000eb6:	4642      	mov	r2, r8
10000eb8:	7193      	strb	r3, [r2, #6]
10000eba:	4643      	mov	r3, r8
10000ebc:	4646      	mov	r6, r8
10000ebe:	2108      	movs	r1, #8
10000ec0:	5e59      	ldrsh	r1, [r3, r1]
10000ec2:	3608      	adds	r6, #8
10000ec4:	1c4b      	adds	r3, r1, #1
10000ec6:	d100      	bne.n	10000eca <alarm_pool_irq_handler+0x252>
10000ec8:	e729      	b.n	10000d1e <alarm_pool_irq_handler+0xa6>
10000eca:	4647      	mov	r7, r8
10000ecc:	468c      	mov	ip, r1
10000ece:	6955      	ldr	r5, [r2, #20]
10000ed0:	e002      	b.n	10000ed8 <alarm_pool_irq_handler+0x260>
10000ed2:	0006      	movs	r6, r0
10000ed4:	1c4b      	adds	r3, r1, #1
10000ed6:	d017      	beq.n	10000f08 <alarm_pool_irq_handler+0x290>
10000ed8:	004b      	lsls	r3, r1, #1
10000eda:	185b      	adds	r3, r3, r1
10000edc:	00db      	lsls	r3, r3, #3
10000ede:	18e8      	adds	r0, r5, r3
10000ee0:	000a      	movs	r2, r1
10000ee2:	5ee9      	ldrsh	r1, [r5, r3]
10000ee4:	8843      	ldrh	r3, [r0, #2]
10000ee6:	b21b      	sxth	r3, r3
10000ee8:	2b00      	cmp	r3, #0
10000eea:	daf2      	bge.n	10000ed2 <alarm_pool_irq_handler+0x25a>
10000eec:	2301      	movs	r3, #1
10000eee:	425b      	negs	r3, r3
10000ef0:	17dc      	asrs	r4, r3, #31
10000ef2:	6083      	str	r3, [r0, #8]
10000ef4:	60c4      	str	r4, [r0, #12]
10000ef6:	4562      	cmp	r2, ip
10000ef8:	d0ec      	beq.n	10000ed4 <alarm_pool_irq_handler+0x25c>
10000efa:	8031      	strh	r1, [r6, #0]
10000efc:	893b      	ldrh	r3, [r7, #8]
10000efe:	4694      	mov	ip, r2
10000f00:	8003      	strh	r3, [r0, #0]
10000f02:	813a      	strh	r2, [r7, #8]
10000f04:	1c4b      	adds	r3, r1, #1
10000f06:	d1e7      	bne.n	10000ed8 <alarm_pool_irq_handler+0x260>
10000f08:	46b8      	mov	r8, r7
10000f0a:	4664      	mov	r4, ip
10000f0c:	e6e1      	b.n	10000cd2 <alarm_pool_irq_handler+0x5a>
10000f0e:	1c6b      	adds	r3, r5, #1
10000f10:	d000      	beq.n	10000f14 <alarm_pool_irq_handler+0x29c>
10000f12:	e6ec      	b.n	10000cee <alarm_pool_irq_handler+0x76>
10000f14:	e6f9      	b.n	10000d0a <alarm_pool_irq_handler+0x92>
10000f16:	465b      	mov	r3, fp
10000f18:	695c      	ldr	r4, [r3, #20]
10000f1a:	0020      	movs	r0, r4
10000f1c:	6923      	ldr	r3, [r4, #16]
10000f1e:	4798      	blx	r3
10000f20:	2800      	cmp	r0, #0
10000f22:	d121      	bne.n	10000f68 <alarm_pool_irq_handler+0x2f0>
10000f24:	465b      	mov	r3, fp
10000f26:	4642      	mov	r2, r8
10000f28:	881b      	ldrh	r3, [r3, #0]
10000f2a:	8113      	strh	r3, [r2, #8]
10000f2c:	6912      	ldr	r2, [r2, #16]
10000f2e:	f3ef 8310 	mrs	r3, PRIMASK
10000f32:	b672      	cpsid	i
10000f34:	6811      	ldr	r1, [r2, #0]
10000f36:	2900      	cmp	r1, #0
10000f38:	d0fc      	beq.n	10000f34 <alarm_pool_irq_handler+0x2bc>
10000f3a:	f3bf 8f5f 	dmb	sy
10000f3e:	4642      	mov	r2, r8
10000f40:	4659      	mov	r1, fp
10000f42:	8852      	ldrh	r2, [r2, #2]
10000f44:	800a      	strh	r2, [r1, #0]
10000f46:	4642      	mov	r2, r8
10000f48:	4651      	mov	r1, sl
10000f4a:	8051      	strh	r1, [r2, #2]
10000f4c:	6912      	ldr	r2, [r2, #16]
10000f4e:	f3bf 8f5f 	dmb	sy
10000f52:	2100      	movs	r1, #0
10000f54:	6011      	str	r1, [r2, #0]
10000f56:	f383 8810 	msr	PRIMASK, r3
10000f5a:	e6ac      	b.n	10000cb6 <alarm_pool_irq_handler+0x3e>
10000f5c:	4806      	ldr	r0, [pc, #24]	; (10000f78 <alarm_pool_irq_handler+0x300>)
10000f5e:	f000 fa87 	bl	10001470 <timer_time_us_64>
10000f62:	1824      	adds	r4, r4, r0
10000f64:	414d      	adcs	r5, r1
10000f66:	e714      	b.n	10000d92 <alarm_pool_irq_handler+0x11a>
10000f68:	6865      	ldr	r5, [r4, #4]
10000f6a:	6824      	ldr	r4, [r4, #0]
10000f6c:	e706      	b.n	10000d7c <alarm_pool_irq_handler+0x104>
10000f6e:	46c0      	nop			; (mov r8, r8)
10000f70:	20001ecc 	.word	0x20001ecc
10000f74:	4005703c 	.word	0x4005703c
10000f78:	40054000 	.word	0x40054000
10000f7c:	10000c79 	.word	0x10000c79

10000f80 <runtime_init_default_alarm_pool>:
10000f80:	b570      	push	{r4, r5, r6, lr}
10000f82:	4c2e      	ldr	r4, [pc, #184]	; (1000103c <runtime_init_default_alarm_pool+0xbc>)
10000f84:	6925      	ldr	r5, [r4, #16]
10000f86:	2d00      	cmp	r5, #0
10000f88:	d004      	beq.n	10000f94 <runtime_init_default_alarm_pool+0x14>
10000f8a:	210a      	movs	r1, #10
10000f8c:	482c      	ldr	r0, [pc, #176]	; (10001040 <runtime_init_default_alarm_pool+0xc0>)
10000f8e:	f7ff fdff 	bl	10000b90 <lock_init>
10000f92:	bd70      	pop	{r4, r5, r6, pc}
10000f94:	4e2b      	ldr	r6, [pc, #172]	; (10001044 <runtime_init_default_alarm_pool+0xc4>)
10000f96:	2103      	movs	r1, #3
10000f98:	0030      	movs	r0, r6
10000f9a:	f000 fa5f 	bl	1000145c <timer_hardware_alarm_claim>
10000f9e:	60e6      	str	r6, [r4, #12]
10000fa0:	f7ff fb14 	bl	100005cc <next_striped_spin_lock_num>
10000fa4:	4b28      	ldr	r3, [pc, #160]	; (10001048 <runtime_init_default_alarm_pool+0xc8>)
10000fa6:	2203      	movs	r2, #3
10000fa8:	469c      	mov	ip, r3
10000faa:	23d0      	movs	r3, #208	; 0xd0
10000fac:	7022      	strb	r2, [r4, #0]
10000fae:	061b      	lsls	r3, r3, #24
10000fb0:	681b      	ldr	r3, [r3, #0]
10000fb2:	2101      	movs	r1, #1
10000fb4:	7063      	strb	r3, [r4, #1]
10000fb6:	4b25      	ldr	r3, [pc, #148]	; (1000104c <runtime_init_default_alarm_pool+0xcc>)
10000fb8:	4460      	add	r0, ip
10000fba:	60a3      	str	r3, [r4, #8]
10000fbc:	230f      	movs	r3, #15
10000fbe:	0080      	lsls	r0, r0, #2
10000fc0:	6120      	str	r0, [r4, #16]
10000fc2:	2002      	movs	r0, #2
10000fc4:	8063      	strh	r3, [r4, #2]
10000fc6:	6963      	ldr	r3, [r4, #20]
10000fc8:	4249      	negs	r1, r1
10000fca:	80a1      	strh	r1, [r4, #4]
10000fcc:	8019      	strh	r1, [r3, #0]
10000fce:	3102      	adds	r1, #2
10000fd0:	8619      	strh	r1, [r3, #48]	; 0x30
10000fd2:	3147      	adds	r1, #71	; 0x47
10000fd4:	831d      	strh	r5, [r3, #24]
10000fd6:	5258      	strh	r0, [r3, r1]
10000fd8:	3118      	adds	r1, #24
10000fda:	525a      	strh	r2, [r3, r1]
10000fdc:	3275      	adds	r2, #117	; 0x75
10000fde:	395c      	subs	r1, #92	; 0x5c
10000fe0:	5299      	strh	r1, [r3, r2]
10000fe2:	3218      	adds	r2, #24
10000fe4:	3101      	adds	r1, #1
10000fe6:	5299      	strh	r1, [r3, r2]
10000fe8:	3218      	adds	r2, #24
10000fea:	3101      	adds	r1, #1
10000fec:	5299      	strh	r1, [r3, r2]
10000fee:	3218      	adds	r2, #24
10000ff0:	3101      	adds	r1, #1
10000ff2:	5299      	strh	r1, [r3, r2]
10000ff4:	3508      	adds	r5, #8
10000ff6:	3218      	adds	r2, #24
10000ff8:	529d      	strh	r5, [r3, r2]
10000ffa:	3102      	adds	r1, #2
10000ffc:	3218      	adds	r2, #24
10000ffe:	5299      	strh	r1, [r3, r2]
10001000:	3218      	adds	r2, #24
10001002:	3101      	adds	r1, #1
10001004:	5299      	strh	r1, [r3, r2]
10001006:	3218      	adds	r2, #24
10001008:	3101      	adds	r1, #1
1000100a:	5299      	strh	r1, [r3, r2]
1000100c:	3218      	adds	r2, #24
1000100e:	3101      	adds	r1, #1
10001010:	5299      	strh	r1, [r3, r2]
10001012:	3218      	adds	r2, #24
10001014:	3101      	adds	r1, #1
10001016:	5299      	strh	r1, [r3, r2]
10001018:	3218      	adds	r2, #24
1000101a:	3101      	adds	r1, #1
1000101c:	5299      	strh	r1, [r3, r2]
1000101e:	4b0c      	ldr	r3, [pc, #48]	; (10001050 <runtime_init_default_alarm_pool+0xd0>)
10001020:	490c      	ldr	r1, [pc, #48]	; (10001054 <runtime_init_default_alarm_pool+0xd4>)
10001022:	60dc      	str	r4, [r3, #12]
10001024:	3001      	adds	r0, #1
10001026:	6235      	str	r5, [r6, #32]
10001028:	f7ff fb44 	bl	100006b4 <irq_set_exclusive_handler>
1000102c:	2101      	movs	r1, #1
1000102e:	2003      	movs	r0, #3
10001030:	f7ff fb08 	bl	10000644 <irq_set_enabled>
10001034:	4b08      	ldr	r3, [pc, #32]	; (10001058 <runtime_init_default_alarm_pool+0xd8>)
10001036:	601d      	str	r5, [r3, #0]
10001038:	e7a7      	b.n	10000f8a <runtime_init_default_alarm_pool+0xa>
1000103a:	46c0      	nop			; (mov r8, r8)
1000103c:	2000106c 	.word	0x2000106c
10001040:	20001fe8 	.word	0x20001fe8
10001044:	40054000 	.word	0x40054000
10001048:	34000040 	.word	0x34000040
1000104c:	0010ffff 	.word	0x0010ffff
10001050:	20001ecc 	.word	0x20001ecc
10001054:	10000c79 	.word	0x10000c79
10001058:	40056038 	.word	0x40056038

1000105c <alarm_pool_get_default>:
1000105c:	4800      	ldr	r0, [pc, #0]	; (10001060 <alarm_pool_get_default+0x4>)
1000105e:	4770      	bx	lr
10001060:	2000106c 	.word	0x2000106c

10001064 <alarm_pool_add_alarm_at>:
10001064:	b5f8      	push	{r3, r4, r5, r6, r7, lr}
10001066:	001f      	movs	r7, r3
10001068:	ab08      	add	r3, sp, #32
1000106a:	781b      	ldrb	r3, [r3, #0]
1000106c:	0004      	movs	r4, r0
1000106e:	0016      	movs	r6, r2
10001070:	2b00      	cmp	r3, #0
10001072:	d107      	bne.n	10001084 <alarm_pool_add_alarm_at+0x20>
10001074:	f000 fa04 	bl	10001480 <time_us_64>
10001078:	0032      	movs	r2, r6
1000107a:	003b      	movs	r3, r7
1000107c:	1a12      	subs	r2, r2, r0
1000107e:	418b      	sbcs	r3, r1
10001080:	2b00      	cmp	r3, #0
10001082:	db4c      	blt.n	1000111e <alarm_pool_add_alarm_at+0xba>
10001084:	6922      	ldr	r2, [r4, #16]
10001086:	f3ef 8010 	mrs	r0, PRIMASK
1000108a:	b672      	cpsid	i
1000108c:	6813      	ldr	r3, [r2, #0]
1000108e:	2b00      	cmp	r3, #0
10001090:	d0fc      	beq.n	1000108c <alarm_pool_add_alarm_at+0x28>
10001092:	f3bf 8f5f 	dmb	sy
10001096:	6962      	ldr	r2, [r4, #20]
10001098:	2302      	movs	r3, #2
1000109a:	5ee1      	ldrsh	r1, [r4, r3]
1000109c:	4694      	mov	ip, r2
1000109e:	004b      	lsls	r3, r1, #1
100010a0:	185b      	adds	r3, r3, r1
100010a2:	00db      	lsls	r3, r3, #3
100010a4:	4463      	add	r3, ip
100010a6:	2900      	cmp	r1, #0
100010a8:	db01      	blt.n	100010ae <alarm_pool_add_alarm_at+0x4a>
100010aa:	881a      	ldrh	r2, [r3, #0]
100010ac:	8062      	strh	r2, [r4, #2]
100010ae:	6922      	ldr	r2, [r4, #16]
100010b0:	f3bf 8f5f 	dmb	sy
100010b4:	2500      	movs	r5, #0
100010b6:	6015      	str	r5, [r2, #0]
100010b8:	f380 8810 	msr	PRIMASK, r0
100010bc:	2900      	cmp	r1, #0
100010be:	db30      	blt.n	10001122 <alarm_pool_add_alarm_at+0xbe>
100010c0:	9a06      	ldr	r2, [sp, #24]
100010c2:	609e      	str	r6, [r3, #8]
100010c4:	60df      	str	r7, [r3, #12]
100010c6:	611a      	str	r2, [r3, #16]
100010c8:	9a07      	ldr	r2, [sp, #28]
100010ca:	615a      	str	r2, [r3, #20]
100010cc:	885a      	ldrh	r2, [r3, #2]
100010ce:	3201      	adds	r2, #1
100010d0:	0452      	lsls	r2, r2, #17
100010d2:	0c52      	lsrs	r2, r2, #17
100010d4:	1c16      	adds	r6, r2, #0
100010d6:	2a00      	cmp	r2, #0
100010d8:	d01f      	beq.n	1000111a <alarm_pool_add_alarm_at+0xb6>
100010da:	b2b0      	uxth	r0, r6
100010dc:	040a      	lsls	r2, r1, #16
100010de:	805e      	strh	r6, [r3, #2]
100010e0:	4310      	orrs	r0, r2
100010e2:	6926      	ldr	r6, [r4, #16]
100010e4:	f3ef 8510 	mrs	r5, PRIMASK
100010e8:	b672      	cpsid	i
100010ea:	6832      	ldr	r2, [r6, #0]
100010ec:	2a00      	cmp	r2, #0
100010ee:	d0fc      	beq.n	100010ea <alarm_pool_add_alarm_at+0x86>
100010f0:	f3bf 8f5f 	dmb	sy
100010f4:	88a2      	ldrh	r2, [r4, #4]
100010f6:	801a      	strh	r2, [r3, #0]
100010f8:	80a1      	strh	r1, [r4, #4]
100010fa:	6923      	ldr	r3, [r4, #16]
100010fc:	f3bf 8f5f 	dmb	sy
10001100:	2200      	movs	r2, #0
10001102:	601a      	str	r2, [r3, #0]
10001104:	f385 8810 	msr	PRIMASK, r5
10001108:	4907      	ldr	r1, [pc, #28]	; (10001128 <alarm_pool_add_alarm_at+0xc4>)
1000110a:	7823      	ldrb	r3, [r4, #0]
1000110c:	468c      	mov	ip, r1
1000110e:	3201      	adds	r2, #1
10001110:	409a      	lsls	r2, r3
10001112:	68e3      	ldr	r3, [r4, #12]
10001114:	4463      	add	r3, ip
10001116:	601a      	str	r2, [r3, #0]
10001118:	bdf8      	pop	{r3, r4, r5, r6, r7, pc}
1000111a:	2601      	movs	r6, #1
1000111c:	e7dd      	b.n	100010da <alarm_pool_add_alarm_at+0x76>
1000111e:	2000      	movs	r0, #0
10001120:	e7fa      	b.n	10001118 <alarm_pool_add_alarm_at+0xb4>
10001122:	2001      	movs	r0, #1
10001124:	4240      	negs	r0, r0
10001126:	e7f7      	b.n	10001118 <alarm_pool_add_alarm_at+0xb4>
10001128:	0000203c 	.word	0x0000203c

1000112c <alarm_pool_add_alarm_at_force_in_context>:
1000112c:	b570      	push	{r4, r5, r6, lr}
1000112e:	46c6      	mov	lr, r8
10001130:	0001      	movs	r1, r0
10001132:	b500      	push	{lr}
10001134:	6904      	ldr	r4, [r0, #16]
10001136:	f3ef 8c10 	mrs	ip, PRIMASK
1000113a:	b672      	cpsid	i
1000113c:	6820      	ldr	r0, [r4, #0]
1000113e:	2800      	cmp	r0, #0
10001140:	d0fc      	beq.n	1000113c <alarm_pool_add_alarm_at_force_in_context+0x10>
10001142:	f3bf 8f5f 	dmb	sy
10001146:	2002      	movs	r0, #2
10001148:	5e0d      	ldrsh	r5, [r1, r0]
1000114a:	6948      	ldr	r0, [r1, #20]
1000114c:	006c      	lsls	r4, r5, #1
1000114e:	4680      	mov	r8, r0
10001150:	1964      	adds	r4, r4, r5
10001152:	00e4      	lsls	r4, r4, #3
10001154:	4444      	add	r4, r8
10001156:	2d00      	cmp	r5, #0
10001158:	db01      	blt.n	1000115e <alarm_pool_add_alarm_at_force_in_context+0x32>
1000115a:	8820      	ldrh	r0, [r4, #0]
1000115c:	8048      	strh	r0, [r1, #2]
1000115e:	6908      	ldr	r0, [r1, #16]
10001160:	f3bf 8f5f 	dmb	sy
10001164:	2600      	movs	r6, #0
10001166:	6006      	str	r6, [r0, #0]
10001168:	f38c 8810 	msr	PRIMASK, ip
1000116c:	2d00      	cmp	r5, #0
1000116e:	db30      	blt.n	100011d2 <alarm_pool_add_alarm_at_force_in_context+0xa6>
10001170:	60e3      	str	r3, [r4, #12]
10001172:	8863      	ldrh	r3, [r4, #2]
10001174:	9805      	ldr	r0, [sp, #20]
10001176:	3301      	adds	r3, #1
10001178:	6120      	str	r0, [r4, #16]
1000117a:	045b      	lsls	r3, r3, #17
1000117c:	9806      	ldr	r0, [sp, #24]
1000117e:	0c5b      	lsrs	r3, r3, #17
10001180:	60a2      	str	r2, [r4, #8]
10001182:	6160      	str	r0, [r4, #20]
10001184:	1c1a      	adds	r2, r3, #0
10001186:	2b00      	cmp	r3, #0
10001188:	d021      	beq.n	100011ce <alarm_pool_add_alarm_at_force_in_context+0xa2>
1000118a:	b290      	uxth	r0, r2
1000118c:	042b      	lsls	r3, r5, #16
1000118e:	8062      	strh	r2, [r4, #2]
10001190:	4318      	orrs	r0, r3
10001192:	690a      	ldr	r2, [r1, #16]
10001194:	f3ef 8610 	mrs	r6, PRIMASK
10001198:	b672      	cpsid	i
1000119a:	6813      	ldr	r3, [r2, #0]
1000119c:	2b00      	cmp	r3, #0
1000119e:	d0fc      	beq.n	1000119a <alarm_pool_add_alarm_at_force_in_context+0x6e>
100011a0:	f3bf 8f5f 	dmb	sy
100011a4:	888b      	ldrh	r3, [r1, #4]
100011a6:	8023      	strh	r3, [r4, #0]
100011a8:	808d      	strh	r5, [r1, #4]
100011aa:	690b      	ldr	r3, [r1, #16]
100011ac:	f3bf 8f5f 	dmb	sy
100011b0:	2200      	movs	r2, #0
100011b2:	601a      	str	r2, [r3, #0]
100011b4:	f386 8810 	msr	PRIMASK, r6
100011b8:	780b      	ldrb	r3, [r1, #0]
100011ba:	3201      	adds	r2, #1
100011bc:	409a      	lsls	r2, r3
100011be:	68cb      	ldr	r3, [r1, #12]
100011c0:	4905      	ldr	r1, [pc, #20]	; (100011d8 <alarm_pool_add_alarm_at_force_in_context+0xac>)
100011c2:	468c      	mov	ip, r1
100011c4:	4463      	add	r3, ip
100011c6:	601a      	str	r2, [r3, #0]
100011c8:	bc40      	pop	{r6}
100011ca:	46b0      	mov	r8, r6
100011cc:	bd70      	pop	{r4, r5, r6, pc}
100011ce:	2201      	movs	r2, #1
100011d0:	e7db      	b.n	1000118a <alarm_pool_add_alarm_at_force_in_context+0x5e>
100011d2:	2001      	movs	r0, #1
100011d4:	4240      	negs	r0, r0
100011d6:	e7f7      	b.n	100011c8 <alarm_pool_add_alarm_at_force_in_context+0x9c>
100011d8:	0000203c 	.word	0x0000203c

100011dc <alarm_pool_cancel_alarm>:
100011dc:	b510      	push	{r4, lr}
100011de:	8943      	ldrh	r3, [r0, #10]
100011e0:	140a      	asrs	r2, r1, #16
100011e2:	4293      	cmp	r3, r2
100011e4:	dd33      	ble.n	1000124e <alarm_pool_cancel_alarm+0x72>
100011e6:	0053      	lsls	r3, r2, #1
100011e8:	189b      	adds	r3, r3, r2
100011ea:	6942      	ldr	r2, [r0, #20]
100011ec:	00db      	lsls	r3, r3, #3
100011ee:	4694      	mov	ip, r2
100011f0:	6904      	ldr	r4, [r0, #16]
100011f2:	4463      	add	r3, ip
100011f4:	f3ef 8c10 	mrs	ip, PRIMASK
100011f8:	b672      	cpsid	i
100011fa:	6822      	ldr	r2, [r4, #0]
100011fc:	2a00      	cmp	r2, #0
100011fe:	d0fc      	beq.n	100011fa <alarm_pool_cancel_alarm+0x1e>
10001200:	f3bf 8f5f 	dmb	sy
10001204:	885a      	ldrh	r2, [r3, #2]
10001206:	0409      	lsls	r1, r1, #16
10001208:	b294      	uxth	r4, r2
1000120a:	0c09      	lsrs	r1, r1, #16
1000120c:	428a      	cmp	r2, r1
1000120e:	d008      	beq.n	10001222 <alarm_pool_cancel_alarm+0x46>
10001210:	6903      	ldr	r3, [r0, #16]
10001212:	f3bf 8f5f 	dmb	sy
10001216:	2200      	movs	r2, #0
10001218:	601a      	str	r2, [r3, #0]
1000121a:	f38c 8810 	msr	PRIMASK, ip
1000121e:	2000      	movs	r0, #0
10001220:	bd10      	pop	{r4, pc}
10001222:	2280      	movs	r2, #128	; 0x80
10001224:	0212      	lsls	r2, r2, #8
10001226:	4314      	orrs	r4, r2
10001228:	805c      	strh	r4, [r3, #2]
1000122a:	2301      	movs	r3, #1
1000122c:	6902      	ldr	r2, [r0, #16]
1000122e:	7183      	strb	r3, [r0, #6]
10001230:	f3bf 8f5f 	dmb	sy
10001234:	2100      	movs	r1, #0
10001236:	6011      	str	r1, [r2, #0]
10001238:	f38c 8810 	msr	PRIMASK, ip
1000123c:	4905      	ldr	r1, [pc, #20]	; (10001254 <alarm_pool_cancel_alarm+0x78>)
1000123e:	7802      	ldrb	r2, [r0, #0]
10001240:	468c      	mov	ip, r1
10001242:	4093      	lsls	r3, r2
10001244:	68c2      	ldr	r2, [r0, #12]
10001246:	2001      	movs	r0, #1
10001248:	4462      	add	r2, ip
1000124a:	6013      	str	r3, [r2, #0]
1000124c:	e7e8      	b.n	10001220 <alarm_pool_cancel_alarm+0x44>
1000124e:	2000      	movs	r0, #0
10001250:	e7e6      	b.n	10001220 <alarm_pool_cancel_alarm+0x44>
10001252:	46c0      	nop			; (mov r8, r8)
10001254:	0000203c 	.word	0x0000203c

10001258 <alarm_pool_core_num>:
10001258:	7840      	ldrb	r0, [r0, #1]
1000125a:	4770      	bx	lr

1000125c <sleep_until>:
1000125c:	b5f0      	push	{r4, r5, r6, r7, lr}
1000125e:	0004      	movs	r4, r0
10001260:	000d      	movs	r5, r1
10001262:	2606      	movs	r6, #6
10001264:	4276      	negs	r6, r6
10001266:	17f7      	asrs	r7, r6, #31
10001268:	46c6      	mov	lr, r8
1000126a:	1936      	adds	r6, r6, r4
1000126c:	416f      	adcs	r7, r5
1000126e:	b500      	push	{lr}
10001270:	b082      	sub	sp, #8
10001272:	428f      	cmp	r7, r1
10001274:	d814      	bhi.n	100012a0 <sleep_until+0x44>
10001276:	d011      	beq.n	1000129c <sleep_until+0x40>
10001278:	f000 f902 	bl	10001480 <time_us_64>
1000127c:	0032      	movs	r2, r6
1000127e:	003b      	movs	r3, r7
10001280:	1a12      	subs	r2, r2, r0
10001282:	418b      	sbcs	r3, r1
10001284:	2b00      	cmp	r3, #0
10001286:	dc15      	bgt.n	100012b4 <sleep_until+0x58>
10001288:	2b00      	cmp	r3, #0
1000128a:	d044      	beq.n	10001316 <sleep_until+0xba>
1000128c:	0020      	movs	r0, r4
1000128e:	0029      	movs	r1, r5
10001290:	f000 f92a 	bl	100014e8 <busy_wait_until>
10001294:	b002      	add	sp, #8
10001296:	bc80      	pop	{r7}
10001298:	46b8      	mov	r8, r7
1000129a:	bdf0      	pop	{r4, r5, r6, r7, pc}
1000129c:	4286      	cmp	r6, r0
1000129e:	d9eb      	bls.n	10001278 <sleep_until+0x1c>
100012a0:	2600      	movs	r6, #0
100012a2:	2700      	movs	r7, #0
100012a4:	f000 f8ec 	bl	10001480 <time_us_64>
100012a8:	0032      	movs	r2, r6
100012aa:	003b      	movs	r3, r7
100012ac:	1a12      	subs	r2, r2, r0
100012ae:	418b      	sbcs	r3, r1
100012b0:	2b00      	cmp	r3, #0
100012b2:	dde9      	ble.n	10001288 <sleep_until+0x2c>
100012b4:	f000 f8e4 	bl	10001480 <time_us_64>
100012b8:	0032      	movs	r2, r6
100012ba:	003b      	movs	r3, r7
100012bc:	1a12      	subs	r2, r2, r0
100012be:	418b      	sbcs	r3, r1
100012c0:	2b00      	cmp	r3, #0
100012c2:	db0a      	blt.n	100012da <sleep_until+0x7e>
100012c4:	2300      	movs	r3, #0
100012c6:	9301      	str	r3, [sp, #4]
100012c8:	4b14      	ldr	r3, [pc, #80]	; (1000131c <sleep_until+0xc0>)
100012ca:	0032      	movs	r2, r6
100012cc:	9300      	str	r3, [sp, #0]
100012ce:	4814      	ldr	r0, [pc, #80]	; (10001320 <sleep_until+0xc4>)
100012d0:	003b      	movs	r3, r7
100012d2:	f7ff ff2b 	bl	1000112c <alarm_pool_add_alarm_at_force_in_context>
100012d6:	2800      	cmp	r0, #0
100012d8:	dbd8      	blt.n	1000128c <sleep_until+0x30>
100012da:	46b0      	mov	r8, r6
100012dc:	2600      	movs	r6, #0
100012de:	46bc      	mov	ip, r7
100012e0:	4a10      	ldr	r2, [pc, #64]	; (10001324 <sleep_until+0xc8>)
100012e2:	4f11      	ldr	r7, [pc, #68]	; (10001328 <sleep_until+0xcc>)
100012e4:	6a7b      	ldr	r3, [r7, #36]	; 0x24
100012e6:	459c      	cmp	ip, r3
100012e8:	d804      	bhi.n	100012f4 <sleep_until+0x98>
100012ea:	6ab9      	ldr	r1, [r7, #40]	; 0x28
100012ec:	4588      	cmp	r8, r1
100012ee:	d9cd      	bls.n	1000128c <sleep_until+0x30>
100012f0:	459c      	cmp	ip, r3
100012f2:	d1cb      	bne.n	1000128c <sleep_until+0x30>
100012f4:	6811      	ldr	r1, [r2, #0]
100012f6:	f3ef 8010 	mrs	r0, PRIMASK
100012fa:	b672      	cpsid	i
100012fc:	680b      	ldr	r3, [r1, #0]
100012fe:	2b00      	cmp	r3, #0
10001300:	d0fc      	beq.n	100012fc <sleep_until+0xa0>
10001302:	f3bf 8f5f 	dmb	sy
10001306:	6813      	ldr	r3, [r2, #0]
10001308:	f3bf 8f5f 	dmb	sy
1000130c:	601e      	str	r6, [r3, #0]
1000130e:	f380 8810 	msr	PRIMASK, r0
10001312:	bf20      	wfe
10001314:	e7e6      	b.n	100012e4 <sleep_until+0x88>
10001316:	2a00      	cmp	r2, #0
10001318:	d0b8      	beq.n	1000128c <sleep_until+0x30>
1000131a:	e7cb      	b.n	100012b4 <sleep_until+0x58>
1000131c:	10000c49 	.word	0x10000c49
10001320:	2000106c 	.word	0x2000106c
10001324:	20001fe8 	.word	0x20001fe8
10001328:	40054000 	.word	0x40054000

1000132c <sleep_ms>:
1000132c:	b570      	push	{r4, r5, r6, lr}
1000132e:	0006      	movs	r6, r0
10001330:	f000 f8a6 	bl	10001480 <time_us_64>
10001334:	22fa      	movs	r2, #250	; 0xfa
10001336:	0004      	movs	r4, r0
10001338:	000d      	movs	r5, r1
1000133a:	2300      	movs	r3, #0
1000133c:	0030      	movs	r0, r6
1000133e:	2100      	movs	r1, #0
10001340:	0092      	lsls	r2, r2, #2
10001342:	f001 f83d 	bl	100023c0 <__wrap___aeabi_lmul>
10001346:	1900      	adds	r0, r0, r4
10001348:	4169      	adcs	r1, r5
1000134a:	2900      	cmp	r1, #0
1000134c:	db02      	blt.n	10001354 <sleep_ms+0x28>
1000134e:	f7ff ff85 	bl	1000125c <sleep_until>
10001352:	bd70      	pop	{r4, r5, r6, pc}
10001354:	2001      	movs	r0, #1
10001356:	4901      	ldr	r1, [pc, #4]	; (1000135c <sleep_ms+0x30>)
10001358:	4240      	negs	r0, r0
1000135a:	e7f8      	b.n	1000134e <sleep_ms+0x22>
1000135c:	7fffffff 	.word	0x7fffffff

10001360 <best_effort_wfe_or_timeout>:
10001360:	b5f0      	push	{r4, r5, r6, r7, lr}
10001362:	46ce      	mov	lr, r9
10001364:	4647      	mov	r7, r8
10001366:	b580      	push	{r7, lr}
10001368:	0004      	movs	r4, r0
1000136a:	000d      	movs	r5, r1
1000136c:	b083      	sub	sp, #12
1000136e:	f3ef 8705 	mrs	r7, IPSR
10001372:	2f00      	cmp	r7, #0
10001374:	d00d      	beq.n	10001392 <best_effort_wfe_or_timeout+0x32>
10001376:	4a36      	ldr	r2, [pc, #216]	; (10001450 <best_effort_wfe_or_timeout+0xf0>)
10001378:	2000      	movs	r0, #0
1000137a:	6a53      	ldr	r3, [r2, #36]	; 0x24
1000137c:	428b      	cmp	r3, r1
1000137e:	d303      	bcc.n	10001388 <best_effort_wfe_or_timeout+0x28>
10001380:	6a92      	ldr	r2, [r2, #40]	; 0x28
10001382:	3001      	adds	r0, #1
10001384:	42a2      	cmp	r2, r4
10001386:	d350      	bcc.n	1000142a <best_effort_wfe_or_timeout+0xca>
10001388:	b003      	add	sp, #12
1000138a:	bcc0      	pop	{r6, r7}
1000138c:	46b9      	mov	r9, r7
1000138e:	46b0      	mov	r8, r6
10001390:	bdf0      	pop	{r4, r5, r6, r7, pc}
10001392:	4b30      	ldr	r3, [pc, #192]	; (10001454 <best_effort_wfe_or_timeout+0xf4>)
10001394:	4698      	mov	r8, r3
10001396:	68db      	ldr	r3, [r3, #12]
10001398:	4699      	mov	r9, r3
1000139a:	4643      	mov	r3, r8
1000139c:	4648      	mov	r0, r9
1000139e:	781e      	ldrb	r6, [r3, #0]
100013a0:	f000 f866 	bl	10001470 <timer_time_us_64>
100013a4:	000b      	movs	r3, r1
100013a6:	4649      	mov	r1, r9
100013a8:	0002      	movs	r2, r0
100013aa:	3604      	adds	r6, #4
100013ac:	00b6      	lsls	r6, r6, #2
100013ae:	5871      	ldr	r1, [r6, r1]
100013b0:	0020      	movs	r0, r4
100013b2:	1a8e      	subs	r6, r1, r2
100013b4:	0029      	movs	r1, r5
100013b6:	1a80      	subs	r0, r0, r2
100013b8:	4199      	sbcs	r1, r3
100013ba:	428f      	cmp	r7, r1
100013bc:	dc11      	bgt.n	100013e2 <best_effort_wfe_or_timeout+0x82>
100013be:	d00e      	beq.n	100013de <best_effort_wfe_or_timeout+0x7e>
100013c0:	bf20      	wfe
100013c2:	4a23      	ldr	r2, [pc, #140]	; (10001450 <best_effort_wfe_or_timeout+0xf0>)
100013c4:	2000      	movs	r0, #0
100013c6:	6a53      	ldr	r3, [r2, #36]	; 0x24
100013c8:	42ab      	cmp	r3, r5
100013ca:	d3dd      	bcc.n	10001388 <best_effort_wfe_or_timeout+0x28>
100013cc:	6a92      	ldr	r2, [r2, #40]	; 0x28
100013ce:	3001      	adds	r0, #1
100013d0:	42a2      	cmp	r2, r4
100013d2:	d2d9      	bcs.n	10001388 <best_effort_wfe_or_timeout+0x28>
100013d4:	1ae8      	subs	r0, r5, r3
100013d6:	1e42      	subs	r2, r0, #1
100013d8:	4190      	sbcs	r0, r2
100013da:	b2c0      	uxtb	r0, r0
100013dc:	e7d4      	b.n	10001388 <best_effort_wfe_or_timeout+0x28>
100013de:	4286      	cmp	r6, r0
100013e0:	d9ee      	bls.n	100013c0 <best_effort_wfe_or_timeout+0x60>
100013e2:	f000 f84d 	bl	10001480 <time_us_64>
100013e6:	0022      	movs	r2, r4
100013e8:	002b      	movs	r3, r5
100013ea:	1a12      	subs	r2, r2, r0
100013ec:	418b      	sbcs	r3, r1
100013ee:	2b00      	cmp	r3, #0
100013f0:	db20      	blt.n	10001434 <best_effort_wfe_or_timeout+0xd4>
100013f2:	2300      	movs	r3, #0
100013f4:	9301      	str	r3, [sp, #4]
100013f6:	4b18      	ldr	r3, [pc, #96]	; (10001458 <best_effort_wfe_or_timeout+0xf8>)
100013f8:	0022      	movs	r2, r4
100013fa:	9300      	str	r3, [sp, #0]
100013fc:	4640      	mov	r0, r8
100013fe:	002b      	movs	r3, r5
10001400:	f7ff fe94 	bl	1000112c <alarm_pool_add_alarm_at_force_in_context>
10001404:	1e01      	subs	r1, r0, #0
10001406:	dd15      	ble.n	10001434 <best_effort_wfe_or_timeout+0xd4>
10001408:	4b11      	ldr	r3, [pc, #68]	; (10001450 <best_effort_wfe_or_timeout+0xf0>)
1000140a:	002e      	movs	r6, r5
1000140c:	6a5a      	ldr	r2, [r3, #36]	; 0x24
1000140e:	4295      	cmp	r5, r2
10001410:	d81c      	bhi.n	1000144c <best_effort_wfe_or_timeout+0xec>
10001412:	6a9b      	ldr	r3, [r3, #40]	; 0x28
10001414:	42a3      	cmp	r3, r4
10001416:	d317      	bcc.n	10001448 <best_effort_wfe_or_timeout+0xe8>
10001418:	4640      	mov	r0, r8
1000141a:	f7ff fedf 	bl	100011dc <alarm_pool_cancel_alarm>
1000141e:	4a0c      	ldr	r2, [pc, #48]	; (10001450 <best_effort_wfe_or_timeout+0xf0>)
10001420:	2000      	movs	r0, #0
10001422:	6a53      	ldr	r3, [r2, #36]	; 0x24
10001424:	429e      	cmp	r6, r3
10001426:	d8af      	bhi.n	10001388 <best_effort_wfe_or_timeout+0x28>
10001428:	e7d0      	b.n	100013cc <best_effort_wfe_or_timeout+0x6c>
1000142a:	1a58      	subs	r0, r3, r1
1000142c:	1e42      	subs	r2, r0, #1
1000142e:	4190      	sbcs	r0, r2
10001430:	b2c0      	uxtb	r0, r0
10001432:	e7a9      	b.n	10001388 <best_effort_wfe_or_timeout+0x28>
10001434:	4a06      	ldr	r2, [pc, #24]	; (10001450 <best_effort_wfe_or_timeout+0xf0>)
10001436:	2000      	movs	r0, #0
10001438:	6a53      	ldr	r3, [r2, #36]	; 0x24
1000143a:	42ab      	cmp	r3, r5
1000143c:	d3a4      	bcc.n	10001388 <best_effort_wfe_or_timeout+0x28>
1000143e:	6a92      	ldr	r2, [r2, #40]	; 0x28
10001440:	2001      	movs	r0, #1
10001442:	42a2      	cmp	r2, r4
10001444:	d2a0      	bcs.n	10001388 <best_effort_wfe_or_timeout+0x28>
10001446:	e7c5      	b.n	100013d4 <best_effort_wfe_or_timeout+0x74>
10001448:	4295      	cmp	r5, r2
1000144a:	d1e5      	bne.n	10001418 <best_effort_wfe_or_timeout+0xb8>
1000144c:	bf20      	wfe
1000144e:	e7e3      	b.n	10001418 <best_effort_wfe_or_timeout+0xb8>
10001450:	40054000 	.word	0x40054000
10001454:	2000106c 	.word	0x2000106c
10001458:	10000c49 	.word	0x10000c49

1000145c <timer_hardware_alarm_claim>:
1000145c:	b510      	push	{r4, lr}
1000145e:	4a02      	ldr	r2, [pc, #8]	; (10001468 <timer_hardware_alarm_claim+0xc>)
10001460:	4802      	ldr	r0, [pc, #8]	; (1000146c <timer_hardware_alarm_claim+0x10>)
10001462:	f7ff f843 	bl	100004ec <hw_claim_or_assert>
10001466:	bd10      	pop	{r4, pc}
10001468:	10006a54 	.word	0x10006a54
1000146c:	20001a58 	.word	0x20001a58

10001470 <timer_time_us_64>:
10001470:	0003      	movs	r3, r0
10001472:	6a41      	ldr	r1, [r0, #36]	; 0x24
10001474:	000a      	movs	r2, r1
10001476:	6a98      	ldr	r0, [r3, #40]	; 0x28
10001478:	6a59      	ldr	r1, [r3, #36]	; 0x24
1000147a:	428a      	cmp	r2, r1
1000147c:	d1fa      	bne.n	10001474 <timer_time_us_64+0x4>
1000147e:	4770      	bx	lr

10001480 <time_us_64>:
10001480:	4b03      	ldr	r3, [pc, #12]	; (10001490 <time_us_64+0x10>)
10001482:	6a59      	ldr	r1, [r3, #36]	; 0x24
10001484:	000a      	movs	r2, r1
10001486:	6a98      	ldr	r0, [r3, #40]	; 0x28
10001488:	6a59      	ldr	r1, [r3, #36]	; 0x24
1000148a:	4291      	cmp	r1, r2
1000148c:	d1fa      	bne.n	10001484 <time_us_64+0x4>
1000148e:	4770      	bx	lr
10001490:	40054000 	.word	0x40054000

10001494 <busy_wait_us>:
10001494:	b570      	push	{r4, r5, r6, lr}
10001496:	0004      	movs	r4, r0
10001498:	000d      	movs	r5, r1
1000149a:	4a12      	ldr	r2, [pc, #72]	; (100014e4 <busy_wait_us+0x50>)
1000149c:	6a53      	ldr	r3, [r2, #36]	; 0x24
1000149e:	0019      	movs	r1, r3
100014a0:	6a96      	ldr	r6, [r2, #40]	; 0x28
100014a2:	6a53      	ldr	r3, [r2, #36]	; 0x24
100014a4:	428b      	cmp	r3, r1
100014a6:	d1fa      	bne.n	1000149e <busy_wait_us+0xa>
100014a8:	0030      	movs	r0, r6
100014aa:	0019      	movs	r1, r3
100014ac:	1824      	adds	r4, r4, r0
100014ae:	414d      	adcs	r5, r1
100014b0:	42ab      	cmp	r3, r5
100014b2:	d811      	bhi.n	100014d8 <busy_wait_us+0x44>
100014b4:	d00e      	beq.n	100014d4 <busy_wait_us+0x40>
100014b6:	002b      	movs	r3, r5
100014b8:	490a      	ldr	r1, [pc, #40]	; (100014e4 <busy_wait_us+0x50>)
100014ba:	6a4a      	ldr	r2, [r1, #36]	; 0x24
100014bc:	429a      	cmp	r2, r3
100014be:	d3fc      	bcc.n	100014ba <busy_wait_us+0x26>
100014c0:	d107      	bne.n	100014d2 <busy_wait_us+0x3e>
100014c2:	4a08      	ldr	r2, [pc, #32]	; (100014e4 <busy_wait_us+0x50>)
100014c4:	e002      	b.n	100014cc <busy_wait_us+0x38>
100014c6:	6a51      	ldr	r1, [r2, #36]	; 0x24
100014c8:	4299      	cmp	r1, r3
100014ca:	d102      	bne.n	100014d2 <busy_wait_us+0x3e>
100014cc:	6a91      	ldr	r1, [r2, #40]	; 0x28
100014ce:	42a1      	cmp	r1, r4
100014d0:	d3f9      	bcc.n	100014c6 <busy_wait_us+0x32>
100014d2:	bd70      	pop	{r4, r5, r6, pc}
100014d4:	42a6      	cmp	r6, r4
100014d6:	d9ee      	bls.n	100014b6 <busy_wait_us+0x22>
100014d8:	2301      	movs	r3, #1
100014da:	2401      	movs	r4, #1
100014dc:	4264      	negs	r4, r4
100014de:	17e5      	asrs	r5, r4, #31
100014e0:	425b      	negs	r3, r3
100014e2:	e7e9      	b.n	100014b8 <busy_wait_us+0x24>
100014e4:	40054000 	.word	0x40054000

100014e8 <busy_wait_until>:
100014e8:	4a06      	ldr	r2, [pc, #24]	; (10001504 <busy_wait_until+0x1c>)
100014ea:	6a53      	ldr	r3, [r2, #36]	; 0x24
100014ec:	4299      	cmp	r1, r3
100014ee:	d8fc      	bhi.n	100014ea <busy_wait_until+0x2>
100014f0:	d107      	bne.n	10001502 <busy_wait_until+0x1a>
100014f2:	4b04      	ldr	r3, [pc, #16]	; (10001504 <busy_wait_until+0x1c>)
100014f4:	e002      	b.n	100014fc <busy_wait_until+0x14>
100014f6:	6a5a      	ldr	r2, [r3, #36]	; 0x24
100014f8:	4291      	cmp	r1, r2
100014fa:	d102      	bne.n	10001502 <busy_wait_until+0x1a>
100014fc:	6a9a      	ldr	r2, [r3, #40]	; 0x28
100014fe:	4282      	cmp	r2, r0
10001500:	d3f9      	bcc.n	100014f6 <busy_wait_until+0xe>
10001502:	4770      	bx	lr
10001504:	40054000 	.word	0x40054000

10001508 <uart_init>:
10001508:	b5f8      	push	{r3, r4, r5, r6, r7, lr}
1000150a:	0004      	movs	r4, r0
1000150c:	2006      	movs	r0, #6
1000150e:	000d      	movs	r5, r1
10001510:	f000 f976 	bl	10001800 <clock_get_hz>
10001514:	2800      	cmp	r0, #0
10001516:	d042      	beq.n	1000159e <uart_init+0x96>
10001518:	4b36      	ldr	r3, [pc, #216]	; (100015f4 <uart_init+0xec>)
1000151a:	4937      	ldr	r1, [pc, #220]	; (100015f8 <uart_init+0xf0>)
1000151c:	18e2      	adds	r2, r4, r3
1000151e:	4253      	negs	r3, r2
10001520:	415a      	adcs	r2, r3
10001522:	2380      	movs	r3, #128	; 0x80
10001524:	03db      	lsls	r3, r3, #15
10001526:	469c      	mov	ip, r3
10001528:	0592      	lsls	r2, r2, #22
1000152a:	4b34      	ldr	r3, [pc, #208]	; (100015fc <uart_init+0xf4>)
1000152c:	4462      	add	r2, ip
1000152e:	601a      	str	r2, [r3, #0]
10001530:	4b33      	ldr	r3, [pc, #204]	; (10001600 <uart_init+0xf8>)
10001532:	601a      	str	r2, [r3, #0]
10001534:	0010      	movs	r0, r2
10001536:	680b      	ldr	r3, [r1, #0]
10001538:	4398      	bics	r0, r3
1000153a:	d1fb      	bne.n	10001534 <uart_init+0x2c>
1000153c:	4b2d      	ldr	r3, [pc, #180]	; (100015f4 <uart_init+0xec>)
1000153e:	2180      	movs	r1, #128	; 0x80
10001540:	18e3      	adds	r3, r4, r3
10001542:	425a      	negs	r2, r3
10001544:	4153      	adcs	r3, r2
10001546:	4a2f      	ldr	r2, [pc, #188]	; (10001604 <uart_init+0xfc>)
10001548:	005b      	lsls	r3, r3, #1
1000154a:	0049      	lsls	r1, r1, #1
1000154c:	5299      	strh	r1, [r3, r2]
1000154e:	2006      	movs	r0, #6
10001550:	f000 f956 	bl	10001800 <clock_get_hz>
10001554:	0029      	movs	r1, r5
10001556:	00c0      	lsls	r0, r0, #3
10001558:	f000 fbb6 	bl	10001cc8 <__wrap___aeabi_uidiv>
1000155c:	3001      	adds	r0, #1
1000155e:	09c3      	lsrs	r3, r0, #7
10001560:	d11e      	bne.n	100015a0 <uart_init+0x98>
10001562:	2740      	movs	r7, #64	; 0x40
10001564:	2201      	movs	r2, #1
10001566:	6262      	str	r2, [r4, #36]	; 0x24
10001568:	62a3      	str	r3, [r4, #40]	; 0x28
1000156a:	6b26      	ldr	r6, [r4, #48]	; 0x30
1000156c:	07f3      	lsls	r3, r6, #31
1000156e:	d422      	bmi.n	100015b6 <uart_init+0xae>
10001570:	6ae3      	ldr	r3, [r4, #44]	; 0x2c
10001572:	4b25      	ldr	r3, [pc, #148]	; (10001608 <uart_init+0x100>)
10001574:	2006      	movs	r0, #6
10001576:	18e5      	adds	r5, r4, r3
10001578:	2300      	movs	r3, #0
1000157a:	602b      	str	r3, [r5, #0]
1000157c:	6326      	str	r6, [r4, #48]	; 0x30
1000157e:	f000 f93f 	bl	10001800 <clock_get_hz>
10001582:	0039      	movs	r1, r7
10001584:	0080      	lsls	r0, r0, #2
10001586:	f000 fb9f 	bl	10001cc8 <__wrap___aeabi_uidiv>
1000158a:	2270      	movs	r2, #112	; 0x70
1000158c:	6ae3      	ldr	r3, [r4, #44]	; 0x2c
1000158e:	405a      	eors	r2, r3
10001590:	237e      	movs	r3, #126	; 0x7e
10001592:	4013      	ands	r3, r2
10001594:	602b      	str	r3, [r5, #0]
10001596:	4b1d      	ldr	r3, [pc, #116]	; (1000160c <uart_init+0x104>)
10001598:	6323      	str	r3, [r4, #48]	; 0x30
1000159a:	2303      	movs	r3, #3
1000159c:	64a3      	str	r3, [r4, #72]	; 0x48
1000159e:	bdf8      	pop	{r3, r4, r5, r6, r7, pc}
100015a0:	4a1b      	ldr	r2, [pc, #108]	; (10001610 <uart_init+0x108>)
100015a2:	4293      	cmp	r3, r2
100015a4:	d91e      	bls.n	100015e4 <uart_init+0xdc>
100015a6:	2300      	movs	r3, #0
100015a8:	4a1a      	ldr	r2, [pc, #104]	; (10001614 <uart_init+0x10c>)
100015aa:	4f1b      	ldr	r7, [pc, #108]	; (10001618 <uart_init+0x110>)
100015ac:	6262      	str	r2, [r4, #36]	; 0x24
100015ae:	62a3      	str	r3, [r4, #40]	; 0x28
100015b0:	6b26      	ldr	r6, [r4, #48]	; 0x30
100015b2:	07f3      	lsls	r3, r6, #31
100015b4:	d5dc      	bpl.n	10001570 <uart_init+0x68>
100015b6:	4b19      	ldr	r3, [pc, #100]	; (1000161c <uart_init+0x114>)
100015b8:	4a14      	ldr	r2, [pc, #80]	; (1000160c <uart_init+0x104>)
100015ba:	18e3      	adds	r3, r4, r3
100015bc:	601a      	str	r2, [r3, #0]
100015be:	6a65      	ldr	r5, [r4, #36]	; 0x24
100015c0:	6aa2      	ldr	r2, [r4, #40]	; 0x28
100015c2:	2006      	movs	r0, #6
100015c4:	01ad      	lsls	r5, r5, #6
100015c6:	18ad      	adds	r5, r5, r2
100015c8:	f000 f91a 	bl	10001800 <clock_get_hz>
100015cc:	4914      	ldr	r1, [pc, #80]	; (10001620 <uart_init+0x118>)
100015ce:	f000 fb7b 	bl	10001cc8 <__wrap___aeabi_uidiv>
100015d2:	02ad      	lsls	r5, r5, #10
100015d4:	0001      	movs	r1, r0
100015d6:	0028      	movs	r0, r5
100015d8:	f000 fb76 	bl	10001cc8 <__wrap___aeabi_uidiv>
100015dc:	2100      	movs	r1, #0
100015de:	f7ff ff59 	bl	10001494 <busy_wait_us>
100015e2:	e7c5      	b.n	10001570 <uart_init+0x68>
100015e4:	0640      	lsls	r0, r0, #25
100015e6:	0e80      	lsrs	r0, r0, #26
100015e8:	019f      	lsls	r7, r3, #6
100015ea:	001a      	movs	r2, r3
100015ec:	183f      	adds	r7, r7, r0
100015ee:	0003      	movs	r3, r0
100015f0:	e7b9      	b.n	10001566 <uart_init+0x5e>
100015f2:	46c0      	nop			; (mov r8, r8)
100015f4:	bffc8000 	.word	0xbffc8000
100015f8:	4000c008 	.word	0x4000c008
100015fc:	4000e000 	.word	0x4000e000
10001600:	4000f000 	.word	0x4000f000
10001604:	20001ff4 	.word	0x20001ff4
10001608:	0000102c 	.word	0x0000102c
1000160c:	00000301 	.word	0x00000301
10001610:	0000fffe 	.word	0x0000fffe
10001614:	0000ffff 	.word	0x0000ffff
10001618:	003fffc0 	.word	0x003fffc0
1000161c:	00003030 	.word	0x00003030
10001620:	00000e4e 	.word	0x00000e4e

10001624 <clock_configure_int_divider>:
10001624:	b5f8      	push	{r3, r4, r5, r6, r7, lr}
10001626:	46de      	mov	lr, fp
10001628:	464e      	mov	r6, r9
1000162a:	4657      	mov	r7, sl
1000162c:	4645      	mov	r5, r8
1000162e:	b5e0      	push	{r5, r6, r7, lr}
10001630:	468b      	mov	fp, r1
10001632:	0005      	movs	r5, r0
10001634:	990a      	ldr	r1, [sp, #40]	; 0x28
10001636:	0018      	movs	r0, r3
10001638:	0016      	movs	r6, r2
1000163a:	f000 fb45 	bl	10001cc8 <__wrap___aeabi_uidiv>
1000163e:	9b0a      	ldr	r3, [sp, #40]	; 0x28
10001640:	006c      	lsls	r4, r5, #1
10001642:	021f      	lsls	r7, r3, #8
10001644:	4b32      	ldr	r3, [pc, #200]	; (10001710 <clock_configure_int_divider+0xec>)
10001646:	1964      	adds	r4, r4, r5
10001648:	469c      	mov	ip, r3
1000164a:	00a4      	lsls	r4, r4, #2
1000164c:	4464      	add	r4, ip
1000164e:	6863      	ldr	r3, [r4, #4]
10001650:	4681      	mov	r9, r0
10001652:	429f      	cmp	r7, r3
10001654:	d900      	bls.n	10001658 <clock_configure_int_divider+0x34>
10001656:	6067      	str	r7, [r4, #4]
10001658:	1f2b      	subs	r3, r5, #4
1000165a:	b2db      	uxtb	r3, r3
1000165c:	4698      	mov	r8, r3
1000165e:	2b01      	cmp	r3, #1
10001660:	d930      	bls.n	100016c4 <clock_configure_int_divider+0xa0>
10001662:	23c0      	movs	r3, #192	; 0xc0
10001664:	2280      	movs	r2, #128	; 0x80
10001666:	019b      	lsls	r3, r3, #6
10001668:	18e3      	adds	r3, r4, r3
1000166a:	0112      	lsls	r2, r2, #4
1000166c:	601a      	str	r2, [r3, #0]
1000166e:	4b29      	ldr	r3, [pc, #164]	; (10001714 <clock_configure_int_divider+0xf0>)
10001670:	00ad      	lsls	r5, r5, #2
10001672:	5959      	ldr	r1, [r3, r5]
10001674:	469a      	mov	sl, r3
10001676:	2900      	cmp	r1, #0
10001678:	d11b      	bne.n	100016b2 <clock_configure_int_divider+0x8e>
1000167a:	6822      	ldr	r2, [r4, #0]
1000167c:	0176      	lsls	r6, r6, #5
1000167e:	4072      	eors	r2, r6
10001680:	26e0      	movs	r6, #224	; 0xe0
10001682:	2380      	movs	r3, #128	; 0x80
10001684:	4016      	ands	r6, r2
10001686:	4642      	mov	r2, r8
10001688:	015b      	lsls	r3, r3, #5
1000168a:	18e3      	adds	r3, r4, r3
1000168c:	601e      	str	r6, [r3, #0]
1000168e:	2a01      	cmp	r2, #1
10001690:	d930      	bls.n	100016f4 <clock_configure_int_divider+0xd0>
10001692:	2380      	movs	r3, #128	; 0x80
10001694:	2280      	movs	r2, #128	; 0x80
10001696:	019b      	lsls	r3, r3, #6
10001698:	18e3      	adds	r3, r4, r3
1000169a:	0112      	lsls	r2, r2, #4
1000169c:	601a      	str	r2, [r3, #0]
1000169e:	4653      	mov	r3, sl
100016a0:	464a      	mov	r2, r9
100016a2:	6067      	str	r7, [r4, #4]
100016a4:	515a      	str	r2, [r3, r5]
100016a6:	bcf0      	pop	{r4, r5, r6, r7}
100016a8:	46bb      	mov	fp, r7
100016aa:	46b2      	mov	sl, r6
100016ac:	46a9      	mov	r9, r5
100016ae:	46a0      	mov	r8, r4
100016b0:	bdf8      	pop	{r3, r4, r5, r6, r7, pc}
100016b2:	6958      	ldr	r0, [r3, #20]
100016b4:	f000 fb08 	bl	10001cc8 <__wrap___aeabi_uidiv>
100016b8:	1c43      	adds	r3, r0, #1
100016ba:	0058      	lsls	r0, r3, #1
100016bc:	18c0      	adds	r0, r0, r3
100016be:	3803      	subs	r0, #3
100016c0:	d2fd      	bcs.n	100016be <clock_configure_int_divider+0x9a>
100016c2:	e7da      	b.n	1000167a <clock_configure_int_divider+0x56>
100016c4:	465b      	mov	r3, fp
100016c6:	2b01      	cmp	r3, #1
100016c8:	d1cb      	bne.n	10001662 <clock_configure_int_divider+0x3e>
100016ca:	23c0      	movs	r3, #192	; 0xc0
100016cc:	2203      	movs	r2, #3
100016ce:	019b      	lsls	r3, r3, #6
100016d0:	18e3      	adds	r3, r4, r3
100016d2:	601a      	str	r2, [r3, #0]
100016d4:	3a02      	subs	r2, #2
100016d6:	68a3      	ldr	r3, [r4, #8]
100016d8:	421a      	tst	r2, r3
100016da:	d0fc      	beq.n	100016d6 <clock_configure_int_divider+0xb2>
100016dc:	23e0      	movs	r3, #224	; 0xe0
100016de:	6822      	ldr	r2, [r4, #0]
100016e0:	0176      	lsls	r6, r6, #5
100016e2:	4056      	eors	r6, r2
100016e4:	401e      	ands	r6, r3
100016e6:	2380      	movs	r3, #128	; 0x80
100016e8:	4a0a      	ldr	r2, [pc, #40]	; (10001714 <clock_configure_int_divider+0xf0>)
100016ea:	015b      	lsls	r3, r3, #5
100016ec:	4692      	mov	sl, r2
100016ee:	18e3      	adds	r3, r4, r3
100016f0:	601e      	str	r6, [r3, #0]
100016f2:	00ad      	lsls	r5, r5, #2
100016f4:	465a      	mov	r2, fp
100016f6:	6821      	ldr	r1, [r4, #0]
100016f8:	4051      	eors	r1, r2
100016fa:	2203      	movs	r2, #3
100016fc:	400a      	ands	r2, r1
100016fe:	601a      	str	r2, [r3, #0]
10001700:	2201      	movs	r2, #1
10001702:	465b      	mov	r3, fp
10001704:	409a      	lsls	r2, r3
10001706:	68a3      	ldr	r3, [r4, #8]
10001708:	421a      	tst	r2, r3
1000170a:	d0fc      	beq.n	10001706 <clock_configure_int_divider+0xe2>
1000170c:	e7c1      	b.n	10001692 <clock_configure_int_divider+0x6e>
1000170e:	46c0      	nop			; (mov r8, r8)
10001710:	40008000 	.word	0x40008000
10001714:	20001a5c 	.word	0x20001a5c

10001718 <clock_configure_undivided>:
10001718:	b5f0      	push	{r4, r5, r6, r7, lr}
1000171a:	4646      	mov	r6, r8
1000171c:	464f      	mov	r7, r9
1000171e:	46d6      	mov	lr, sl
10001720:	b5c0      	push	{r6, r7, lr}
10001722:	001f      	movs	r7, r3
10001724:	4b34      	ldr	r3, [pc, #208]	; (100017f8 <clock_configure_undivided+0xe0>)
10001726:	0044      	lsls	r4, r0, #1
10001728:	469c      	mov	ip, r3
1000172a:	1824      	adds	r4, r4, r0
1000172c:	00a4      	lsls	r4, r4, #2
1000172e:	4464      	add	r4, ip
10001730:	6863      	ldr	r3, [r4, #4]
10001732:	4688      	mov	r8, r1
10001734:	0016      	movs	r6, r2
10001736:	2bff      	cmp	r3, #255	; 0xff
10001738:	d802      	bhi.n	10001740 <clock_configure_undivided+0x28>
1000173a:	2380      	movs	r3, #128	; 0x80
1000173c:	005b      	lsls	r3, r3, #1
1000173e:	6063      	str	r3, [r4, #4]
10001740:	1f03      	subs	r3, r0, #4
10001742:	b2db      	uxtb	r3, r3
10001744:	469a      	mov	sl, r3
10001746:	2b01      	cmp	r3, #1
10001748:	d930      	bls.n	100017ac <clock_configure_undivided+0x94>
1000174a:	23c0      	movs	r3, #192	; 0xc0
1000174c:	2280      	movs	r2, #128	; 0x80
1000174e:	019b      	lsls	r3, r3, #6
10001750:	18e3      	adds	r3, r4, r3
10001752:	0112      	lsls	r2, r2, #4
10001754:	601a      	str	r2, [r3, #0]
10001756:	4b29      	ldr	r3, [pc, #164]	; (100017fc <clock_configure_undivided+0xe4>)
10001758:	0085      	lsls	r5, r0, #2
1000175a:	5959      	ldr	r1, [r3, r5]
1000175c:	4699      	mov	r9, r3
1000175e:	2900      	cmp	r1, #0
10001760:	d11b      	bne.n	1000179a <clock_configure_undivided+0x82>
10001762:	6822      	ldr	r2, [r4, #0]
10001764:	0176      	lsls	r6, r6, #5
10001766:	4072      	eors	r2, r6
10001768:	26e0      	movs	r6, #224	; 0xe0
1000176a:	2380      	movs	r3, #128	; 0x80
1000176c:	4016      	ands	r6, r2
1000176e:	4652      	mov	r2, sl
10001770:	015b      	lsls	r3, r3, #5
10001772:	18e3      	adds	r3, r4, r3
10001774:	601e      	str	r6, [r3, #0]
10001776:	2a01      	cmp	r2, #1
10001778:	d930      	bls.n	100017dc <clock_configure_undivided+0xc4>
1000177a:	2380      	movs	r3, #128	; 0x80
1000177c:	2280      	movs	r2, #128	; 0x80
1000177e:	019b      	lsls	r3, r3, #6
10001780:	18e3      	adds	r3, r4, r3
10001782:	0112      	lsls	r2, r2, #4
10001784:	601a      	str	r2, [r3, #0]
10001786:	2380      	movs	r3, #128	; 0x80
10001788:	005b      	lsls	r3, r3, #1
1000178a:	6063      	str	r3, [r4, #4]
1000178c:	464b      	mov	r3, r9
1000178e:	515f      	str	r7, [r3, r5]
10001790:	bce0      	pop	{r5, r6, r7}
10001792:	46ba      	mov	sl, r7
10001794:	46b1      	mov	r9, r6
10001796:	46a8      	mov	r8, r5
10001798:	bdf0      	pop	{r4, r5, r6, r7, pc}
1000179a:	6958      	ldr	r0, [r3, #20]
1000179c:	f000 fa94 	bl	10001cc8 <__wrap___aeabi_uidiv>
100017a0:	1c43      	adds	r3, r0, #1
100017a2:	0058      	lsls	r0, r3, #1
100017a4:	18c0      	adds	r0, r0, r3
100017a6:	3803      	subs	r0, #3
100017a8:	d2fd      	bcs.n	100017a6 <clock_configure_undivided+0x8e>
100017aa:	e7da      	b.n	10001762 <clock_configure_undivided+0x4a>
100017ac:	4643      	mov	r3, r8
100017ae:	2b01      	cmp	r3, #1
100017b0:	d1cb      	bne.n	1000174a <clock_configure_undivided+0x32>
100017b2:	23c0      	movs	r3, #192	; 0xc0
100017b4:	2203      	movs	r2, #3
100017b6:	019b      	lsls	r3, r3, #6
100017b8:	18e3      	adds	r3, r4, r3
100017ba:	601a      	str	r2, [r3, #0]
100017bc:	3a02      	subs	r2, #2
100017be:	68a3      	ldr	r3, [r4, #8]
100017c0:	421a      	tst	r2, r3
100017c2:	d0fc      	beq.n	100017be <clock_configure_undivided+0xa6>
100017c4:	23e0      	movs	r3, #224	; 0xe0
100017c6:	6822      	ldr	r2, [r4, #0]
100017c8:	0176      	lsls	r6, r6, #5
100017ca:	4056      	eors	r6, r2
100017cc:	401e      	ands	r6, r3
100017ce:	2380      	movs	r3, #128	; 0x80
100017d0:	4a0a      	ldr	r2, [pc, #40]	; (100017fc <clock_configure_undivided+0xe4>)
100017d2:	015b      	lsls	r3, r3, #5
100017d4:	4691      	mov	r9, r2
100017d6:	18e3      	adds	r3, r4, r3
100017d8:	601e      	str	r6, [r3, #0]
100017da:	0085      	lsls	r5, r0, #2
100017dc:	4642      	mov	r2, r8
100017de:	6821      	ldr	r1, [r4, #0]
100017e0:	4051      	eors	r1, r2
100017e2:	2203      	movs	r2, #3
100017e4:	400a      	ands	r2, r1
100017e6:	601a      	str	r2, [r3, #0]
100017e8:	2301      	movs	r3, #1
100017ea:	4642      	mov	r2, r8
100017ec:	4093      	lsls	r3, r2
100017ee:	68a2      	ldr	r2, [r4, #8]
100017f0:	4213      	tst	r3, r2
100017f2:	d0fc      	beq.n	100017ee <clock_configure_undivided+0xd6>
100017f4:	e7c1      	b.n	1000177a <clock_configure_undivided+0x62>
100017f6:	46c0      	nop			; (mov r8, r8)
100017f8:	40008000 	.word	0x40008000
100017fc:	20001a5c 	.word	0x20001a5c

10001800 <clock_get_hz>:
10001800:	4b01      	ldr	r3, [pc, #4]	; (10001808 <clock_get_hz+0x8>)
10001802:	0080      	lsls	r0, r0, #2
10001804:	58c0      	ldr	r0, [r0, r3]
10001806:	4770      	bx	lr
10001808:	20001a5c 	.word	0x20001a5c

1000180c <pll_init>:
1000180c:	b5f8      	push	{r3, r4, r5, r6, r7, lr}
1000180e:	0004      	movs	r4, r0
10001810:	4820      	ldr	r0, [pc, #128]	; (10001894 <pll_init+0x88>)
10001812:	001d      	movs	r5, r3
10001814:	0017      	movs	r7, r2
10001816:	000e      	movs	r6, r1
10001818:	f000 fa56 	bl	10001cc8 <__wrap___aeabi_uidiv>
1000181c:	0001      	movs	r1, r0
1000181e:	0038      	movs	r0, r7
10001820:	f000 fa52 	bl	10001cc8 <__wrap___aeabi_uidiv>
10001824:	9b06      	ldr	r3, [sp, #24]
10001826:	0429      	lsls	r1, r5, #16
10001828:	031b      	lsls	r3, r3, #12
1000182a:	4319      	orrs	r1, r3
1000182c:	6823      	ldr	r3, [r4, #0]
1000182e:	2b00      	cmp	r3, #0
10001830:	db1e      	blt.n	10001870 <pll_init+0x64>
10001832:	4b19      	ldr	r3, [pc, #100]	; (10001898 <pll_init+0x8c>)
10001834:	4d19      	ldr	r5, [pc, #100]	; (1000189c <pll_init+0x90>)
10001836:	18e2      	adds	r2, r4, r3
10001838:	4253      	negs	r3, r2
1000183a:	415a      	adcs	r2, r3
1000183c:	2380      	movs	r3, #128	; 0x80
1000183e:	015b      	lsls	r3, r3, #5
10001840:	469c      	mov	ip, r3
10001842:	0312      	lsls	r2, r2, #12
10001844:	4b16      	ldr	r3, [pc, #88]	; (100018a0 <pll_init+0x94>)
10001846:	4462      	add	r2, ip
10001848:	601a      	str	r2, [r3, #0]
1000184a:	4b16      	ldr	r3, [pc, #88]	; (100018a4 <pll_init+0x98>)
1000184c:	601a      	str	r2, [r3, #0]
1000184e:	0017      	movs	r7, r2
10001850:	682b      	ldr	r3, [r5, #0]
10001852:	439f      	bics	r7, r3
10001854:	d1fb      	bne.n	1000184e <pll_init+0x42>
10001856:	4b14      	ldr	r3, [pc, #80]	; (100018a8 <pll_init+0x9c>)
10001858:	6026      	str	r6, [r4, #0]
1000185a:	18e2      	adds	r2, r4, r3
1000185c:	2321      	movs	r3, #33	; 0x21
1000185e:	60a0      	str	r0, [r4, #8]
10001860:	6013      	str	r3, [r2, #0]
10001862:	6823      	ldr	r3, [r4, #0]
10001864:	2b00      	cmp	r3, #0
10001866:	dafc      	bge.n	10001862 <pll_init+0x56>
10001868:	2308      	movs	r3, #8
1000186a:	60e1      	str	r1, [r4, #12]
1000186c:	6013      	str	r3, [r2, #0]
1000186e:	bdf8      	pop	{r3, r4, r5, r6, r7, pc}
10001870:	233f      	movs	r3, #63	; 0x3f
10001872:	6822      	ldr	r2, [r4, #0]
10001874:	4013      	ands	r3, r2
10001876:	42b3      	cmp	r3, r6
10001878:	d1db      	bne.n	10001832 <pll_init+0x26>
1000187a:	68a3      	ldr	r3, [r4, #8]
1000187c:	051b      	lsls	r3, r3, #20
1000187e:	0d1b      	lsrs	r3, r3, #20
10001880:	4283      	cmp	r3, r0
10001882:	d1d6      	bne.n	10001832 <pll_init+0x26>
10001884:	22ee      	movs	r2, #238	; 0xee
10001886:	68e3      	ldr	r3, [r4, #12]
10001888:	02d2      	lsls	r2, r2, #11
1000188a:	4013      	ands	r3, r2
1000188c:	428b      	cmp	r3, r1
1000188e:	d1d0      	bne.n	10001832 <pll_init+0x26>
10001890:	e7ed      	b.n	1000186e <pll_init+0x62>
10001892:	46c0      	nop			; (mov r8, r8)
10001894:	00b71b00 	.word	0x00b71b00
10001898:	bffd4000 	.word	0xbffd4000
1000189c:	4000c008 	.word	0x4000c008
100018a0:	4000e000 	.word	0x4000e000
100018a4:	4000f000 	.word	0x4000f000
100018a8:	00003004 	.word	0x00003004

100018ac <watchdog_reboot>:
100018ac:	b510      	push	{r4, lr}
100018ae:	0014      	movs	r4, r2
100018b0:	2280      	movs	r2, #128	; 0x80
100018b2:	4b1b      	ldr	r3, [pc, #108]	; (10001920 <watchdog_reboot+0x74>)
100018b4:	05d2      	lsls	r2, r2, #23
100018b6:	601a      	str	r2, [r3, #0]
100018b8:	2800      	cmp	r0, #0
100018ba:	d01a      	beq.n	100018f2 <watchdog_reboot+0x46>
100018bc:	2301      	movs	r3, #1
100018be:	4a19      	ldr	r2, [pc, #100]	; (10001924 <watchdog_reboot+0x78>)
100018c0:	4318      	orrs	r0, r3
100018c2:	4b19      	ldr	r3, [pc, #100]	; (10001928 <watchdog_reboot+0x7c>)
100018c4:	61da      	str	r2, [r3, #28]
100018c6:	4a19      	ldr	r2, [pc, #100]	; (1000192c <watchdog_reboot+0x80>)
100018c8:	4042      	eors	r2, r0
100018ca:	621a      	str	r2, [r3, #32]
100018cc:	6259      	str	r1, [r3, #36]	; 0x24
100018ce:	6298      	str	r0, [r3, #40]	; 0x28
100018d0:	2280      	movs	r2, #128	; 0x80
100018d2:	4b13      	ldr	r3, [pc, #76]	; (10001920 <watchdog_reboot+0x74>)
100018d4:	05d2      	lsls	r2, r2, #23
100018d6:	601a      	str	r2, [r3, #0]
100018d8:	4915      	ldr	r1, [pc, #84]	; (10001930 <watchdog_reboot+0x84>)
100018da:	4a16      	ldr	r2, [pc, #88]	; (10001934 <watchdog_reboot+0x88>)
100018dc:	6011      	str	r1, [r2, #0]
100018de:	22e0      	movs	r2, #224	; 0xe0
100018e0:	04d2      	lsls	r2, r2, #19
100018e2:	601a      	str	r2, [r3, #0]
100018e4:	2c00      	cmp	r4, #0
100018e6:	d107      	bne.n	100018f8 <watchdog_reboot+0x4c>
100018e8:	2280      	movs	r2, #128	; 0x80
100018ea:	4b13      	ldr	r3, [pc, #76]	; (10001938 <watchdog_reboot+0x8c>)
100018ec:	0612      	lsls	r2, r2, #24
100018ee:	601a      	str	r2, [r3, #0]
100018f0:	bd10      	pop	{r4, pc}
100018f2:	4b0d      	ldr	r3, [pc, #52]	; (10001928 <watchdog_reboot+0x7c>)
100018f4:	61d8      	str	r0, [r3, #28]
100018f6:	e7eb      	b.n	100018d0 <watchdog_reboot+0x24>
100018f8:	0163      	lsls	r3, r4, #5
100018fa:	1b1b      	subs	r3, r3, r4
100018fc:	009a      	lsls	r2, r3, #2
100018fe:	2380      	movs	r3, #128	; 0x80
10001900:	1912      	adds	r2, r2, r4
10001902:	0112      	lsls	r2, r2, #4
10001904:	045b      	lsls	r3, r3, #17
10001906:	429a      	cmp	r2, r3
10001908:	d300      	bcc.n	1000190c <watchdog_reboot+0x60>
1000190a:	4a0c      	ldr	r2, [pc, #48]	; (1000193c <watchdog_reboot+0x90>)
1000190c:	4b0c      	ldr	r3, [pc, #48]	; (10001940 <watchdog_reboot+0x94>)
1000190e:	601a      	str	r2, [r3, #0]
10001910:	4b05      	ldr	r3, [pc, #20]	; (10001928 <watchdog_reboot+0x7c>)
10001912:	605a      	str	r2, [r3, #4]
10001914:	2280      	movs	r2, #128	; 0x80
10001916:	4b08      	ldr	r3, [pc, #32]	; (10001938 <watchdog_reboot+0x8c>)
10001918:	05d2      	lsls	r2, r2, #23
1000191a:	601a      	str	r2, [r3, #0]
1000191c:	e7e8      	b.n	100018f0 <watchdog_reboot+0x44>
1000191e:	46c0      	nop			; (mov r8, r8)
10001920:	4005b000 	.word	0x4005b000
10001924:	b007c0d3 	.word	0xb007c0d3
10001928:	40058000 	.word	0x40058000
1000192c:	4ff83f2d 	.word	0x4ff83f2d
10001930:	0001fffc 	.word	0x0001fffc
10001934:	40012008 	.word	0x40012008
10001938:	4005a000 	.word	0x4005a000
1000193c:	00ffffff 	.word	0x00ffffff
10001940:	20001ebc 	.word	0x20001ebc

10001944 <tick_start>:
10001944:	2380      	movs	r3, #128	; 0x80
10001946:	4a02      	ldr	r2, [pc, #8]	; (10001950 <tick_start+0xc>)
10001948:	009b      	lsls	r3, r3, #2
1000194a:	430b      	orrs	r3, r1
1000194c:	62d3      	str	r3, [r2, #44]	; 0x2c
1000194e:	4770      	bx	lr
10001950:	40058000 	.word	0x40058000

10001954 <rom_func_lookup>:
10001954:	2314      	movs	r3, #20
10001956:	b510      	push	{r4, lr}
10001958:	0001      	movs	r1, r0
1000195a:	8818      	ldrh	r0, [r3, #0]
1000195c:	3304      	adds	r3, #4
1000195e:	881b      	ldrh	r3, [r3, #0]
10001960:	4798      	blx	r3
10001962:	bd10      	pop	{r4, pc}

10001964 <rom_data_lookup>:
10001964:	2316      	movs	r3, #22
10001966:	b510      	push	{r4, lr}
10001968:	0001      	movs	r1, r0
1000196a:	8818      	ldrh	r0, [r3, #0]
1000196c:	3302      	adds	r3, #2
1000196e:	881b      	ldrh	r3, [r3, #0]
10001970:	4798      	blx	r3
10001972:	bd10      	pop	{r4, pc}

10001974 <rom_funcs_lookup>:
10001974:	b5f8      	push	{r3, r4, r5, r6, r7, lr}
10001976:	4647      	mov	r7, r8
10001978:	46ce      	mov	lr, r9
1000197a:	b580      	push	{r7, lr}
1000197c:	1e0f      	subs	r7, r1, #0
1000197e:	d019      	beq.n	100019b4 <rom_funcs_lookup+0x40>
10001980:	2314      	movs	r3, #20
10001982:	4699      	mov	r9, r3
10001984:	3304      	adds	r3, #4
10001986:	0004      	movs	r4, r0
10001988:	2500      	movs	r5, #0
1000198a:	2601      	movs	r6, #1
1000198c:	4698      	mov	r8, r3
1000198e:	464b      	mov	r3, r9
10001990:	8818      	ldrh	r0, [r3, #0]
10001992:	4643      	mov	r3, r8
10001994:	6821      	ldr	r1, [r4, #0]
10001996:	881b      	ldrh	r3, [r3, #0]
10001998:	4798      	blx	r3
1000199a:	c401      	stmia	r4!, {r0}
1000199c:	1e43      	subs	r3, r0, #1
1000199e:	4198      	sbcs	r0, r3
100019a0:	3501      	adds	r5, #1
100019a2:	4240      	negs	r0, r0
100019a4:	4006      	ands	r6, r0
100019a6:	42af      	cmp	r7, r5
100019a8:	d1f1      	bne.n	1000198e <rom_funcs_lookup+0x1a>
100019aa:	0030      	movs	r0, r6
100019ac:	bcc0      	pop	{r6, r7}
100019ae:	46b9      	mov	r9, r7
100019b0:	46b0      	mov	r8, r6
100019b2:	bdf8      	pop	{r3, r4, r5, r6, r7, pc}
100019b4:	2601      	movs	r6, #1
100019b6:	e7f8      	b.n	100019aa <rom_funcs_lookup+0x36>

100019b8 <rom_reset_usb_boot_extra>:
100019b8:	2314      	movs	r3, #20
100019ba:	b570      	push	{r4, r5, r6, lr}
100019bc:	0004      	movs	r4, r0
100019be:	8818      	ldrh	r0, [r3, #0]
100019c0:	3304      	adds	r3, #4
100019c2:	881b      	ldrh	r3, [r3, #0]
100019c4:	000d      	movs	r5, r1
100019c6:	4905      	ldr	r1, [pc, #20]	; (100019dc <rom_reset_usb_boot_extra+0x24>)
100019c8:	4798      	blx	r3
100019ca:	0003      	movs	r3, r0
100019cc:	2000      	movs	r0, #0
100019ce:	2c00      	cmp	r4, #0
100019d0:	db01      	blt.n	100019d6 <rom_reset_usb_boot_extra+0x1e>
100019d2:	3001      	adds	r0, #1
100019d4:	40a0      	lsls	r0, r4
100019d6:	0029      	movs	r1, r5
100019d8:	4798      	blx	r3
100019da:	46c0      	nop			; (mov r8, r8)
100019dc:	00004255 	.word	0x00004255

100019e0 <xosc_init>:
100019e0:	23aa      	movs	r3, #170	; 0xaa
100019e2:	4a06      	ldr	r2, [pc, #24]	; (100019fc <xosc_init+0x1c>)
100019e4:	011b      	lsls	r3, r3, #4
100019e6:	6013      	str	r3, [r2, #0]
100019e8:	238d      	movs	r3, #141	; 0x8d
100019ea:	005b      	lsls	r3, r3, #1
100019ec:	60d3      	str	r3, [r2, #12]
100019ee:	4904      	ldr	r1, [pc, #16]	; (10001a00 <xosc_init+0x20>)
100019f0:	4b04      	ldr	r3, [pc, #16]	; (10001a04 <xosc_init+0x24>)
100019f2:	6019      	str	r1, [r3, #0]
100019f4:	6853      	ldr	r3, [r2, #4]
100019f6:	2b00      	cmp	r3, #0
100019f8:	dafc      	bge.n	100019f4 <xosc_init+0x14>
100019fa:	4770      	bx	lr
100019fc:	40024000 	.word	0x40024000
10001a00:	00fab000 	.word	0x00fab000
10001a04:	40026000 	.word	0x40026000

10001a08 <first_per_core_initializer>:
10001a08:	4770      	bx	lr
10001a0a:	46c0      	nop			; (mov r8, r8)

10001a0c <hard_assertion_failure>:
10001a0c:	b510      	push	{r4, lr}
10001a0e:	4801      	ldr	r0, [pc, #4]	; (10001a14 <hard_assertion_failure+0x8>)
10001a10:	f7fe fd54 	bl	100004bc <panic>
10001a14:	10006a78 	.word	0x10006a78

10001a18 <runtime_run_initializers>:
10001a18:	b570      	push	{r4, r5, r6, lr}
10001a1a:	4d07      	ldr	r5, [pc, #28]	; (10001a38 <runtime_run_initializers+0x20>)
10001a1c:	4e07      	ldr	r6, [pc, #28]	; (10001a3c <runtime_run_initializers+0x24>)
10001a1e:	42b5      	cmp	r5, r6
10001a20:	d209      	bcs.n	10001a36 <runtime_run_initializers+0x1e>
10001a22:	2400      	movs	r4, #0
10001a24:	3e01      	subs	r6, #1
10001a26:	1b76      	subs	r6, r6, r5
10001a28:	08b6      	lsrs	r6, r6, #2
10001a2a:	cd08      	ldmia	r5!, {r3}
10001a2c:	4798      	blx	r3
10001a2e:	0023      	movs	r3, r4
10001a30:	3401      	adds	r4, #1
10001a32:	42b3      	cmp	r3, r6
10001a34:	d1f9      	bne.n	10001a2a <runtime_run_initializers+0x12>
10001a36:	bd70      	pop	{r4, r5, r6, pc}
10001a38:	10006988 	.word	0x10006988
10001a3c:	100069c4 	.word	0x100069c4

10001a40 <runtime_init_early_resets>:
10001a40:	4b05      	ldr	r3, [pc, #20]	; (10001a58 <runtime_init_early_resets+0x18>)
10001a42:	4a06      	ldr	r2, [pc, #24]	; (10001a5c <runtime_init_early_resets+0x1c>)
10001a44:	4906      	ldr	r1, [pc, #24]	; (10001a60 <runtime_init_early_resets+0x20>)
10001a46:	601a      	str	r2, [r3, #0]
10001a48:	4a06      	ldr	r2, [pc, #24]	; (10001a64 <runtime_init_early_resets+0x24>)
10001a4a:	4b07      	ldr	r3, [pc, #28]	; (10001a68 <runtime_init_early_resets+0x28>)
10001a4c:	601a      	str	r2, [r3, #0]
10001a4e:	0010      	movs	r0, r2
10001a50:	680b      	ldr	r3, [r1, #0]
10001a52:	4398      	bics	r0, r3
10001a54:	d1fb      	bne.n	10001a4e <runtime_init_early_resets+0xe>
10001a56:	4770      	bx	lr
10001a58:	4000e000 	.word	0x4000e000
10001a5c:	fefbcdbf 	.word	0xfefbcdbf
10001a60:	4000c008 	.word	0x4000c008
10001a64:	003c7ffe 	.word	0x003c7ffe
10001a68:	4000f000 	.word	0x4000f000

10001a6c <runtime_init_usb_power_down>:
10001a6c:	4b04      	ldr	r3, [pc, #16]	; (10001a80 <runtime_init_usb_power_down+0x14>)
10001a6e:	6cdb      	ldr	r3, [r3, #76]	; 0x4c
10001a70:	2b00      	cmp	r3, #0
10001a72:	d103      	bne.n	10001a7c <runtime_init_usb_power_down+0x10>
10001a74:	2280      	movs	r2, #128	; 0x80
10001a76:	4b03      	ldr	r3, [pc, #12]	; (10001a84 <runtime_init_usb_power_down+0x18>)
10001a78:	02d2      	lsls	r2, r2, #11
10001a7a:	601a      	str	r2, [r3, #0]
10001a7c:	4770      	bx	lr
10001a7e:	46c0      	nop			; (mov r8, r8)
10001a80:	50110000 	.word	0x50110000
10001a84:	5011204c 	.word	0x5011204c

10001a88 <runtime_init_post_clock_resets>:
10001a88:	4a04      	ldr	r2, [pc, #16]	; (10001a9c <runtime_init_post_clock_resets+0x14>)
10001a8a:	4b05      	ldr	r3, [pc, #20]	; (10001aa0 <runtime_init_post_clock_resets+0x18>)
10001a8c:	601a      	str	r2, [r3, #0]
10001a8e:	4a05      	ldr	r2, [pc, #20]	; (10001aa4 <runtime_init_post_clock_resets+0x1c>)
10001a90:	6813      	ldr	r3, [r2, #0]
10001a92:	01db      	lsls	r3, r3, #7
10001a94:	3380      	adds	r3, #128	; 0x80
10001a96:	d1fb      	bne.n	10001a90 <runtime_init_post_clock_resets+0x8>
10001a98:	4770      	bx	lr
10001a9a:	46c0      	nop			; (mov r8, r8)
10001a9c:	01ffffff 	.word	0x01ffffff
10001aa0:	4000f000 	.word	0x4000f000
10001aa4:	4000c008 	.word	0x4000c008

10001aa8 <runtime_init_rp2040_gpio_ie_disable>:
10001aa8:	2240      	movs	r2, #64	; 0x40
10001aaa:	4b03      	ldr	r3, [pc, #12]	; (10001ab8 <runtime_init_rp2040_gpio_ie_disable+0x10>)
10001aac:	679a      	str	r2, [r3, #120]	; 0x78
10001aae:	675a      	str	r2, [r3, #116]	; 0x74
10001ab0:	671a      	str	r2, [r3, #112]	; 0x70
10001ab2:	66da      	str	r2, [r3, #108]	; 0x6c
10001ab4:	4770      	bx	lr
10001ab6:	46c0      	nop			; (mov r8, r8)
10001ab8:	4001f000 	.word	0x4001f000

10001abc <runtime_init_spin_locks_reset>:
10001abc:	b510      	push	{r4, lr}
10001abe:	f7fe fda1 	bl	10000604 <spin_locks_reset>
10001ac2:	bd10      	pop	{r4, pc}

10001ac4 <runtime_init_install_ram_vector_table>:
10001ac4:	b5f8      	push	{r3, r4, r5, r6, r7, lr}
10001ac6:	492d      	ldr	r1, [pc, #180]	; (10001b7c <runtime_init_install_ram_vector_table+0xb8>)
10001ac8:	4c2d      	ldr	r4, [pc, #180]	; (10001b80 <runtime_init_install_ram_vector_table+0xbc>)
10001aca:	4d2e      	ldr	r5, [pc, #184]	; (10001b84 <runtime_init_install_ram_vector_table+0xc0>)
10001acc:	1a64      	subs	r4, r4, r1
10001ace:	10a6      	asrs	r6, r4, #2
10001ad0:	0032      	movs	r2, r6
10001ad2:	2e30      	cmp	r6, #48	; 0x30
10001ad4:	d900      	bls.n	10001ad8 <runtime_init_install_ram_vector_table+0x14>
10001ad6:	2230      	movs	r2, #48	; 0x30
10001ad8:	0028      	movs	r0, r5
10001ada:	0092      	lsls	r2, r2, #2
10001adc:	f000 fccc 	bl	10002478 <__wrap___aeabi_memcpy>
10001ae0:	2cbc      	cmp	r4, #188	; 0xbc
10001ae2:	d841      	bhi.n	10001b68 <runtime_init_install_ram_vector_table+0xa4>
10001ae4:	2301      	movs	r3, #1
10001ae6:	1c71      	adds	r1, r6, #1
10001ae8:	0008      	movs	r0, r1
10001aea:	469c      	mov	ip, r3
10001aec:	4a26      	ldr	r2, [pc, #152]	; (10001b88 <runtime_init_install_ram_vector_table+0xc4>)
10001aee:	2930      	cmp	r1, #48	; 0x30
10001af0:	d93d      	bls.n	10001b6e <runtime_init_install_ram_vector_table+0xaa>
10001af2:	272f      	movs	r7, #47	; 0x2f
10001af4:	192c      	adds	r4, r5, r4
10001af6:	0764      	lsls	r4, r4, #29
10001af8:	0fe3      	lsrs	r3, r4, #31
10001afa:	1bbf      	subs	r7, r7, r6
10001afc:	2f05      	cmp	r7, #5
10001afe:	d919      	bls.n	10001b34 <runtime_init_install_ram_vector_table+0x70>
10001b00:	2930      	cmp	r1, #48	; 0x30
10001b02:	d817      	bhi.n	10001b34 <runtime_init_install_ram_vector_table+0x70>
10001b04:	2b00      	cmp	r3, #0
10001b06:	d036      	beq.n	10001b76 <runtime_init_install_ram_vector_table+0xb2>
10001b08:	00b1      	lsls	r1, r6, #2
10001b0a:	506a      	str	r2, [r5, r1]
10001b0c:	4661      	mov	r1, ip
10001b0e:	1acc      	subs	r4, r1, r3
10001b10:	18f3      	adds	r3, r6, r3
10001b12:	009b      	lsls	r3, r3, #2
10001b14:	0861      	lsrs	r1, r4, #1
10001b16:	18eb      	adds	r3, r5, r3
10001b18:	00c9      	lsls	r1, r1, #3
10001b1a:	18c9      	adds	r1, r1, r3
10001b1c:	601a      	str	r2, [r3, #0]
10001b1e:	605a      	str	r2, [r3, #4]
10001b20:	3308      	adds	r3, #8
10001b22:	428b      	cmp	r3, r1
10001b24:	d1fa      	bne.n	10001b1c <runtime_init_install_ram_vector_table+0x58>
10001b26:	2301      	movs	r3, #1
10001b28:	0021      	movs	r1, r4
10001b2a:	4399      	bics	r1, r3
10001b2c:	1846      	adds	r6, r0, r1
10001b2e:	428c      	cmp	r4, r1
10001b30:	d01a      	beq.n	10001b68 <runtime_init_install_ram_vector_table+0xa4>
10001b32:	1c71      	adds	r1, r6, #1
10001b34:	00b3      	lsls	r3, r6, #2
10001b36:	50ea      	str	r2, [r5, r3]
10001b38:	2930      	cmp	r1, #48	; 0x30
10001b3a:	d015      	beq.n	10001b68 <runtime_init_install_ram_vector_table+0xa4>
10001b3c:	0089      	lsls	r1, r1, #2
10001b3e:	506a      	str	r2, [r5, r1]
10001b40:	1cb3      	adds	r3, r6, #2
10001b42:	2e2e      	cmp	r6, #46	; 0x2e
10001b44:	d010      	beq.n	10001b68 <runtime_init_install_ram_vector_table+0xa4>
10001b46:	009b      	lsls	r3, r3, #2
10001b48:	50ea      	str	r2, [r5, r3]
10001b4a:	1cf3      	adds	r3, r6, #3
10001b4c:	2e2d      	cmp	r6, #45	; 0x2d
10001b4e:	d00b      	beq.n	10001b68 <runtime_init_install_ram_vector_table+0xa4>
10001b50:	009b      	lsls	r3, r3, #2
10001b52:	50ea      	str	r2, [r5, r3]
10001b54:	1d33      	adds	r3, r6, #4
10001b56:	2e2c      	cmp	r6, #44	; 0x2c
10001b58:	d006      	beq.n	10001b68 <runtime_init_install_ram_vector_table+0xa4>
10001b5a:	009b      	lsls	r3, r3, #2
10001b5c:	50ea      	str	r2, [r5, r3]
10001b5e:	1d73      	adds	r3, r6, #5
10001b60:	2e2b      	cmp	r6, #43	; 0x2b
10001b62:	d001      	beq.n	10001b68 <runtime_init_install_ram_vector_table+0xa4>
10001b64:	009b      	lsls	r3, r3, #2
10001b66:	50ea      	str	r2, [r5, r3]
10001b68:	4b08      	ldr	r3, [pc, #32]	; (10001b8c <runtime_init_install_ram_vector_table+0xc8>)
10001b6a:	609d      	str	r5, [r3, #8]
10001b6c:	bdf8      	pop	{r3, r4, r5, r6, r7, pc}
10001b6e:	332f      	adds	r3, #47	; 0x2f
10001b70:	1b9b      	subs	r3, r3, r6
10001b72:	469c      	mov	ip, r3
10001b74:	e7bd      	b.n	10001af2 <runtime_init_install_ram_vector_table+0x2e>
10001b76:	0030      	movs	r0, r6
10001b78:	e7c8      	b.n	10001b0c <runtime_init_install_ram_vector_table+0x48>
10001b7a:	46c0      	nop			; (mov r8, r8)
10001b7c:	10000100 	.word	0x10000100
10001b80:	100001c0 	.word	0x100001c0
10001b84:	20000000 	.word	0x20000000
10001b88:	100001c1 	.word	0x100001c1
10001b8c:	e000ed00 	.word	0xe000ed00

10001b90 <runtime_init_clocks>:
10001b90:	2300      	movs	r3, #0
10001b92:	b510      	push	{r4, lr}
10001b94:	4c29      	ldr	r4, [pc, #164]	; (10001c3c <runtime_init_clocks+0xac>)
10001b96:	b082      	sub	sp, #8
10001b98:	67a3      	str	r3, [r4, #120]	; 0x78
10001b9a:	f7ff ff21 	bl	100019e0 <xosc_init>
10001b9e:	2201      	movs	r2, #1
10001ba0:	4b27      	ldr	r3, [pc, #156]	; (10001c40 <runtime_init_clocks+0xb0>)
10001ba2:	601a      	str	r2, [r3, #0]
10001ba4:	6c63      	ldr	r3, [r4, #68]	; 0x44
10001ba6:	2b01      	cmp	r3, #1
10001ba8:	d1fc      	bne.n	10001ba4 <runtime_init_clocks+0x14>
10001baa:	2203      	movs	r2, #3
10001bac:	4b25      	ldr	r3, [pc, #148]	; (10001c44 <runtime_init_clocks+0xb4>)
10001bae:	601a      	str	r2, [r3, #0]
10001bb0:	4a22      	ldr	r2, [pc, #136]	; (10001c3c <runtime_init_clocks+0xac>)
10001bb2:	6b93      	ldr	r3, [r2, #56]	; 0x38
10001bb4:	2b01      	cmp	r3, #1
10001bb6:	d1fc      	bne.n	10001bb2 <runtime_init_clocks+0x22>
10001bb8:	3301      	adds	r3, #1
10001bba:	9300      	str	r3, [sp, #0]
10001bbc:	2101      	movs	r1, #1
10001bbe:	4a22      	ldr	r2, [pc, #136]	; (10001c48 <runtime_init_clocks+0xb8>)
10001bc0:	4822      	ldr	r0, [pc, #136]	; (10001c4c <runtime_init_clocks+0xbc>)
10001bc2:	3304      	adds	r3, #4
10001bc4:	f7ff fe22 	bl	1000180c <pll_init>
10001bc8:	2305      	movs	r3, #5
10001bca:	2101      	movs	r1, #1
10001bcc:	9300      	str	r3, [sp, #0]
10001bce:	4a20      	ldr	r2, [pc, #128]	; (10001c50 <runtime_init_clocks+0xc0>)
10001bd0:	4820      	ldr	r0, [pc, #128]	; (10001c54 <runtime_init_clocks+0xc4>)
10001bd2:	f7ff fe1b 	bl	1000180c <pll_init>
10001bd6:	2200      	movs	r2, #0
10001bd8:	2102      	movs	r1, #2
10001bda:	2004      	movs	r0, #4
10001bdc:	4b1e      	ldr	r3, [pc, #120]	; (10001c58 <runtime_init_clocks+0xc8>)
10001bde:	f7ff fd9b 	bl	10001718 <clock_configure_undivided>
10001be2:	2200      	movs	r2, #0
10001be4:	2101      	movs	r1, #1
10001be6:	2005      	movs	r0, #5
10001be8:	4b1c      	ldr	r3, [pc, #112]	; (10001c5c <runtime_init_clocks+0xcc>)
10001bea:	f7ff fd95 	bl	10001718 <clock_configure_undivided>
10001bee:	2200      	movs	r2, #0
10001bf0:	2100      	movs	r1, #0
10001bf2:	2007      	movs	r0, #7
10001bf4:	4b1a      	ldr	r3, [pc, #104]	; (10001c60 <runtime_init_clocks+0xd0>)
10001bf6:	f7ff fd8f 	bl	10001718 <clock_configure_undivided>
10001bfa:	2200      	movs	r2, #0
10001bfc:	2100      	movs	r1, #0
10001bfe:	2008      	movs	r0, #8
10001c00:	4b17      	ldr	r3, [pc, #92]	; (10001c60 <runtime_init_clocks+0xd0>)
10001c02:	f7ff fd89 	bl	10001718 <clock_configure_undivided>
10001c06:	2380      	movs	r3, #128	; 0x80
10001c08:	00db      	lsls	r3, r3, #3
10001c0a:	9300      	str	r3, [sp, #0]
10001c0c:	2200      	movs	r2, #0
10001c0e:	2100      	movs	r1, #0
10001c10:	2009      	movs	r0, #9
10001c12:	4b13      	ldr	r3, [pc, #76]	; (10001c60 <runtime_init_clocks+0xd0>)
10001c14:	f7ff fd06 	bl	10001624 <clock_configure_int_divider>
10001c18:	2200      	movs	r2, #0
10001c1a:	4b10      	ldr	r3, [pc, #64]	; (10001c5c <runtime_init_clocks+0xcc>)
10001c1c:	2100      	movs	r1, #0
10001c1e:	2006      	movs	r0, #6
10001c20:	f7ff fd7a 	bl	10001718 <clock_configure_undivided>
10001c24:	2004      	movs	r0, #4
10001c26:	f7ff fdeb 	bl	10001800 <clock_get_hz>
10001c2a:	490e      	ldr	r1, [pc, #56]	; (10001c64 <runtime_init_clocks+0xd4>)
10001c2c:	f000 f84c 	bl	10001cc8 <__wrap___aeabi_uidiv>
10001c30:	0001      	movs	r1, r0
10001c32:	2000      	movs	r0, #0
10001c34:	f7ff fe86 	bl	10001944 <tick_start>
10001c38:	b002      	add	sp, #8
10001c3a:	bd10      	pop	{r4, pc}
10001c3c:	40008000 	.word	0x40008000
10001c40:	4000b03c 	.word	0x4000b03c
10001c44:	4000b030 	.word	0x4000b030
10001c48:	59682f00 	.word	0x59682f00
10001c4c:	40028000 	.word	0x40028000
10001c50:	47868c00 	.word	0x47868c00
10001c54:	4002c000 	.word	0x4002c000
10001c58:	00b71b00 	.word	0x00b71b00
10001c5c:	07735940 	.word	0x07735940
10001c60:	02dc6c00 	.word	0x02dc6c00
10001c64:	000f4240 	.word	0x000f4240

10001c68 <__aeabi_bits_init>:
10001c68:	4801      	ldr	r0, [pc, #4]	; (10001c70 <__aeabi_bits_init+0x8>)
10001c6a:	2104      	movs	r1, #4
10001c6c:	4b01      	ldr	r3, [pc, #4]	; (10001c74 <__aeabi_bits_init+0xc>)
10001c6e:	4718      	bx	r3
10001c70:	20001090 	.word	0x20001090
10001c74:	10001975 	.word	0x10001975

10001c78 <__wrap___aeabi_idiv>:
10001c78:	4a12      	ldr	r2, [pc, #72]	; (10001cc4 <divmod_s32s32_savestate+0x18>)
10001c7a:	6f93      	ldr	r3, [r2, #120]	; 0x78
10001c7c:	089b      	lsrs	r3, r3, #2
10001c7e:	d215      	bcs.n	10001cac <divmod_s32s32_savestate>

10001c80 <divmod_s32s32_unsafe>:
10001c80:	6690      	str	r0, [r2, #104]	; 0x68
10001c82:	66d1      	str	r1, [r2, #108]	; 0x6c
10001c84:	2900      	cmp	r1, #0
10001c86:	d005      	beq.n	10001c94 <divmod_s32s32_unsafe+0x14>
10001c88:	e7ff      	b.n	10001c8a <divmod_s32s32_unsafe+0xa>
10001c8a:	e7ff      	b.n	10001c8c <divmod_s32s32_unsafe+0xc>
10001c8c:	e7ff      	b.n	10001c8e <divmod_s32s32_unsafe+0xe>
10001c8e:	6f51      	ldr	r1, [r2, #116]	; 0x74
10001c90:	6f10      	ldr	r0, [r2, #112]	; 0x70
10001c92:	4770      	bx	lr
10001c94:	b504      	push	{r2, lr}
10001c96:	2180      	movs	r1, #128	; 0x80
10001c98:	0609      	lsls	r1, r1, #24
10001c9a:	17c2      	asrs	r2, r0, #31
10001c9c:	4051      	eors	r1, r2
10001c9e:	2800      	cmp	r0, #0
10001ca0:	d000      	beq.n	10001ca4 <divmod_s32s32_unsafe+0x24>
10001ca2:	43c8      	mvns	r0, r1
10001ca4:	f004 fe28 	bl	100068f8 <____aeabi_idiv0_veneer>
10001ca8:	2100      	movs	r1, #0
10001caa:	bd04      	pop	{r2, pc}

10001cac <divmod_s32s32_savestate>:
10001cac:	b5f0      	push	{r4, r5, r6, r7, lr}
10001cae:	6e14      	ldr	r4, [r2, #96]	; 0x60
10001cb0:	6e55      	ldr	r5, [r2, #100]	; 0x64
10001cb2:	6f57      	ldr	r7, [r2, #116]	; 0x74
10001cb4:	6f16      	ldr	r6, [r2, #112]	; 0x70
10001cb6:	f7ff ffe3 	bl	10001c80 <divmod_s32s32_unsafe>
10001cba:	6614      	str	r4, [r2, #96]	; 0x60
10001cbc:	6655      	str	r5, [r2, #100]	; 0x64
10001cbe:	6757      	str	r7, [r2, #116]	; 0x74
10001cc0:	6716      	str	r6, [r2, #112]	; 0x70
10001cc2:	bdf0      	pop	{r4, r5, r6, r7, pc}
10001cc4:	d0000000 	.word	0xd0000000

10001cc8 <__wrap___aeabi_uidiv>:
10001cc8:	4a11      	ldr	r2, [pc, #68]	; (10001d10 <divmod_u32u32_savestate+0x18>)
10001cca:	6f93      	ldr	r3, [r2, #120]	; 0x78
10001ccc:	089b      	lsrs	r3, r3, #2
10001cce:	d213      	bcs.n	10001cf8 <divmod_u32u32_savestate>

10001cd0 <divmod_u32u32_unsafe>:
10001cd0:	6610      	str	r0, [r2, #96]	; 0x60
10001cd2:	6651      	str	r1, [r2, #100]	; 0x64
10001cd4:	2900      	cmp	r1, #0
10001cd6:	d005      	beq.n	10001ce4 <divmod_u32u32_unsafe+0x14>
10001cd8:	e7ff      	b.n	10001cda <divmod_u32u32_unsafe+0xa>
10001cda:	e7ff      	b.n	10001cdc <divmod_u32u32_unsafe+0xc>
10001cdc:	e7ff      	b.n	10001cde <divmod_u32u32_unsafe+0xe>
10001cde:	6f51      	ldr	r1, [r2, #116]	; 0x74
10001ce0:	6f10      	ldr	r0, [r2, #112]	; 0x70
10001ce2:	4770      	bx	lr
10001ce4:	b504      	push	{r2, lr}
10001ce6:	2800      	cmp	r0, #0
10001ce8:	d001      	beq.n	10001cee <divmod_u32u32_unsafe+0x1e>
10001cea:	2000      	movs	r0, #0
10001cec:	43c0      	mvns	r0, r0
10001cee:	f004 fe03 	bl	100068f8 <____aeabi_idiv0_veneer>
10001cf2:	2100      	movs	r1, #0
10001cf4:	bd04      	pop	{r2, pc}
10001cf6:	46c0      	nop			; (mov r8, r8)

10001cf8 <divmod_u32u32_savestate>:
10001cf8:	b5f0      	push	{r4, r5, r6, r7, lr}
10001cfa:	6e14      	ldr	r4, [r2, #96]	; 0x60
10001cfc:	6e55      	ldr	r5, [r2, #100]	; 0x64
10001cfe:	6f57      	ldr	r7, [r2, #116]	; 0x74
10001d00:	6f16      	ldr	r6, [r2, #112]	; 0x70
10001d02:	f7ff ffe5 	bl	10001cd0 <divmod_u32u32_unsafe>
10001d06:	6614      	str	r4, [r2, #96]	; 0x60
10001d08:	6655      	str	r5, [r2, #100]	; 0x64
10001d0a:	6757      	str	r7, [r2, #116]	; 0x74
10001d0c:	6716      	str	r6, [r2, #112]	; 0x70
10001d0e:	bdf0      	pop	{r4, r5, r6, r7, pc}
10001d10:	d0000000 	.word	0xd0000000

10001d14 <__wrap___aeabi_ldivmod>:
10001d14:	4694      	mov	ip, r2
10001d16:	4a4a      	ldr	r2, [pc, #296]	; (10001e40 <udiv0+0x1a>)
10001d18:	6f92      	ldr	r2, [r2, #120]	; 0x78
10001d1a:	0892      	lsrs	r2, r2, #2
10001d1c:	4662      	mov	r2, ip
10001d1e:	d201      	bcs.n	10001d24 <divmod_s64s64_savestate>
10001d20:	e028      	b.n	10001d74 <divmod_s64s64_unsafe>
10001d22:	46c0      	nop			; (mov r8, r8)

10001d24 <divmod_s64s64_savestate>:
10001d24:	b5f0      	push	{r4, r5, r6, r7, lr}
10001d26:	4e46      	ldr	r6, [pc, #280]	; (10001e40 <udiv0+0x1a>)
10001d28:	6e34      	ldr	r4, [r6, #96]	; 0x60
10001d2a:	6e75      	ldr	r5, [r6, #100]	; 0x64
10001d2c:	6f77      	ldr	r7, [r6, #116]	; 0x74
10001d2e:	6f36      	ldr	r6, [r6, #112]	; 0x70
10001d30:	f000 f820 	bl	10001d74 <divmod_s64s64_unsafe>
10001d34:	4694      	mov	ip, r2
10001d36:	4a42      	ldr	r2, [pc, #264]	; (10001e40 <udiv0+0x1a>)
10001d38:	6614      	str	r4, [r2, #96]	; 0x60
10001d3a:	6655      	str	r5, [r2, #100]	; 0x64
10001d3c:	6757      	str	r7, [r2, #116]	; 0x74
10001d3e:	6716      	str	r6, [r2, #112]	; 0x70
10001d40:	4662      	mov	r2, ip
10001d42:	bdf0      	pop	{r4, r5, r6, r7, pc}

10001d44 <__wrap___aeabi_uldivmod>:
10001d44:	4694      	mov	ip, r2
10001d46:	4a3e      	ldr	r2, [pc, #248]	; (10001e40 <udiv0+0x1a>)
10001d48:	6f92      	ldr	r2, [r2, #120]	; 0x78
10001d4a:	0892      	lsrs	r2, r2, #2
10001d4c:	4662      	mov	r2, ip
10001d4e:	d201      	bcs.n	10001d54 <divmod_u64u64_savestate>
10001d50:	e054      	b.n	10001dfc <divmod_u64u64_unsafe>
10001d52:	46c0      	nop			; (mov r8, r8)

10001d54 <divmod_u64u64_savestate>:
10001d54:	b5f0      	push	{r4, r5, r6, r7, lr}
10001d56:	4e3a      	ldr	r6, [pc, #232]	; (10001e40 <udiv0+0x1a>)
10001d58:	6e34      	ldr	r4, [r6, #96]	; 0x60
10001d5a:	6e75      	ldr	r5, [r6, #100]	; 0x64
10001d5c:	6f77      	ldr	r7, [r6, #116]	; 0x74
10001d5e:	6f36      	ldr	r6, [r6, #112]	; 0x70
10001d60:	f000 f84c 	bl	10001dfc <divmod_u64u64_unsafe>
10001d64:	4694      	mov	ip, r2
10001d66:	4a36      	ldr	r2, [pc, #216]	; (10001e40 <udiv0+0x1a>)
10001d68:	6614      	str	r4, [r2, #96]	; 0x60
10001d6a:	6655      	str	r5, [r2, #100]	; 0x64
10001d6c:	6757      	str	r7, [r2, #116]	; 0x74
10001d6e:	6716      	str	r6, [r2, #112]	; 0x70
10001d70:	4662      	mov	r2, ip
10001d72:	bdf0      	pop	{r4, r5, r6, r7, pc}

10001d74 <divmod_s64s64_unsafe>:
10001d74:	2b00      	cmp	r3, #0
10001d76:	db24      	blt.n	10001dc2 <l42_1+0x26>
10001d78:	d011      	beq.n	10001d9e <l42_1+0x2>
10001d7a:	2900      	cmp	r1, #0
10001d7c:	da3e      	bge.n	10001dfc <divmod_u64u64_unsafe>
10001d7e:	b500      	push	{lr}
10001d80:	43c9      	mvns	r1, r1
10001d82:	4240      	negs	r0, r0
10001d84:	d100      	bne.n	10001d88 <l40_1>
10001d86:	3101      	adds	r1, #1

10001d88 <l40_1>:
10001d88:	f000 f838 	bl	10001dfc <divmod_u64u64_unsafe>
10001d8c:	43c9      	mvns	r1, r1
10001d8e:	4240      	negs	r0, r0
10001d90:	d100      	bne.n	10001d94 <l41_1>
10001d92:	3101      	adds	r1, #1

10001d94 <l41_1>:
10001d94:	43db      	mvns	r3, r3
10001d96:	4252      	negs	r2, r2
10001d98:	d100      	bne.n	10001d9c <l42_1>
10001d9a:	3301      	adds	r3, #1

10001d9c <l42_1>:
10001d9c:	bd00      	pop	{pc}
10001d9e:	2a00      	cmp	r2, #0
10001da0:	d1eb      	bne.n	10001d7a <divmod_s64s64_unsafe+0x6>
10001da2:	2800      	cmp	r0, #0
10001da4:	d101      	bne.n	10001daa <l42_1+0xe>
10001da6:	2900      	cmp	r1, #0
10001da8:	d005      	beq.n	10001db6 <l42_1+0x1a>
10001daa:	2000      	movs	r0, #0
10001dac:	0fc9      	lsrs	r1, r1, #31
10001dae:	07c9      	lsls	r1, r1, #31
10001db0:	d101      	bne.n	10001db6 <l42_1+0x1a>
10001db2:	43c0      	mvns	r0, r0
10001db4:	0841      	lsrs	r1, r0, #1
10001db6:	b500      	push	{lr}
10001db8:	f004 fd96 	bl	100068e8 <____aeabi_ldiv0_veneer>
10001dbc:	2200      	movs	r2, #0
10001dbe:	2300      	movs	r3, #0
10001dc0:	bd00      	pop	{pc}
10001dc2:	b500      	push	{lr}
10001dc4:	2900      	cmp	r1, #0
10001dc6:	db0a      	blt.n	10001dde <l44_1+0x2>
10001dc8:	43db      	mvns	r3, r3
10001dca:	4252      	negs	r2, r2
10001dcc:	d100      	bne.n	10001dd0 <l43_1>
10001dce:	3301      	adds	r3, #1

10001dd0 <l43_1>:
10001dd0:	f000 f814 	bl	10001dfc <divmod_u64u64_unsafe>
10001dd4:	43c9      	mvns	r1, r1
10001dd6:	4240      	negs	r0, r0
10001dd8:	d100      	bne.n	10001ddc <l44_1>
10001dda:	3101      	adds	r1, #1

10001ddc <l44_1>:
10001ddc:	bd00      	pop	{pc}
10001dde:	43c9      	mvns	r1, r1
10001de0:	4240      	negs	r0, r0
10001de2:	d100      	bne.n	10001de6 <l45_1>
10001de4:	3101      	adds	r1, #1

10001de6 <l45_1>:
10001de6:	43db      	mvns	r3, r3
10001de8:	4252      	negs	r2, r2
10001dea:	d100      	bne.n	10001dee <l46_1>
10001dec:	3301      	adds	r3, #1

10001dee <l46_1>:
10001dee:	f000 f805 	bl	10001dfc <divmod_u64u64_unsafe>
10001df2:	43db      	mvns	r3, r3
10001df4:	4252      	negs	r2, r2
10001df6:	d100      	bne.n	10001dfa <l47_1>
10001df8:	3301      	adds	r3, #1

10001dfa <l47_1>:
10001dfa:	bd00      	pop	{pc}

10001dfc <divmod_u64u64_unsafe>:
10001dfc:	2900      	cmp	r1, #0
10001dfe:	d123      	bne.n	10001e48 <y64>
10001e00:	2b00      	cmp	r3, #0
10001e02:	d118      	bne.n	10001e36 <udiv0+0x10>
10001e04:	2a00      	cmp	r2, #0
10001e06:	d00c      	beq.n	10001e22 <divmod_u64u64_unsafe+0x26>
10001e08:	46bc      	mov	ip, r7
10001e0a:	4f0d      	ldr	r7, [pc, #52]	; (10001e40 <udiv0+0x1a>)
10001e0c:	6638      	str	r0, [r7, #96]	; 0x60
10001e0e:	667a      	str	r2, [r7, #100]	; 0x64
10001e10:	2100      	movs	r1, #0
10001e12:	2300      	movs	r3, #0
10001e14:	e7ff      	b.n	10001e16 <divmod_u64u64_unsafe+0x1a>
10001e16:	e7ff      	b.n	10001e18 <divmod_u64u64_unsafe+0x1c>
10001e18:	e7ff      	b.n	10001e1a <divmod_u64u64_unsafe+0x1e>
10001e1a:	6f7a      	ldr	r2, [r7, #116]	; 0x74
10001e1c:	6f38      	ldr	r0, [r7, #112]	; 0x70
10001e1e:	4667      	mov	r7, ip
10001e20:	4770      	bx	lr
10001e22:	2800      	cmp	r0, #0
10001e24:	d001      	beq.n	10001e2a <udiv0+0x4>

10001e26 <udiv0>:
10001e26:	4807      	ldr	r0, [pc, #28]	; (10001e44 <udiv0+0x1e>)
10001e28:	0001      	movs	r1, r0
10001e2a:	b500      	push	{lr}
10001e2c:	f004 fd5c 	bl	100068e8 <____aeabi_ldiv0_veneer>
10001e30:	2200      	movs	r2, #0
10001e32:	2300      	movs	r3, #0
10001e34:	bd00      	pop	{pc}
10001e36:	0002      	movs	r2, r0
10001e38:	000b      	movs	r3, r1
10001e3a:	2000      	movs	r0, #0
10001e3c:	2100      	movs	r1, #0
10001e3e:	4770      	bx	lr
10001e40:	d0000000 	.word	0xd0000000
10001e44:	ffffffff 	.word	0xffffffff

10001e48 <y64>:
10001e48:	2b00      	cmp	r3, #0
10001e4a:	d000      	beq.n	10001e4e <y64+0x6>
10001e4c:	e0bf      	b.n	10001fce <y64_x48>
10001e4e:	0c13      	lsrs	r3, r2, #16
10001e50:	d128      	bne.n	10001ea4 <y64_x32>
10001e52:	2a00      	cmp	r2, #0
10001e54:	d0e7      	beq.n	10001e26 <udiv0>
10001e56:	b480      	push	{r7}
10001e58:	4f11      	ldr	r7, [pc, #68]	; (10001ea0 <y64+0x58>)
10001e5a:	6639      	str	r1, [r7, #96]	; 0x60
10001e5c:	667a      	str	r2, [r7, #100]	; 0x64
10001e5e:	e7ff      	b.n	10001e60 <y64+0x18>
10001e60:	e7ff      	b.n	10001e62 <y64+0x1a>
10001e62:	b430      	push	{r4, r5}
10001e64:	0c04      	lsrs	r4, r0, #16
10001e66:	6f7b      	ldr	r3, [r7, #116]	; 0x74
10001e68:	6f39      	ldr	r1, [r7, #112]	; 0x70
10001e6a:	041b      	lsls	r3, r3, #16
10001e6c:	4323      	orrs	r3, r4
10001e6e:	663b      	str	r3, [r7, #96]	; 0x60
10001e70:	667a      	str	r2, [r7, #100]	; 0x64
10001e72:	e7ff      	b.n	10001e74 <y64+0x2c>
10001e74:	e7ff      	b.n	10001e76 <y64+0x2e>
10001e76:	e7ff      	b.n	10001e78 <y64+0x30>
10001e78:	46c0      	nop			; (mov r8, r8)
10001e7a:	b284      	uxth	r4, r0
10001e7c:	6f7b      	ldr	r3, [r7, #116]	; 0x74
10001e7e:	6f3d      	ldr	r5, [r7, #112]	; 0x70
10001e80:	041b      	lsls	r3, r3, #16
10001e82:	4323      	orrs	r3, r4
10001e84:	663b      	str	r3, [r7, #96]	; 0x60
10001e86:	667a      	str	r2, [r7, #100]	; 0x64
10001e88:	e7ff      	b.n	10001e8a <y64+0x42>
10001e8a:	e7ff      	b.n	10001e8c <y64+0x44>
10001e8c:	46c0      	nop			; (mov r8, r8)
10001e8e:	2300      	movs	r3, #0
10001e90:	042c      	lsls	r4, r5, #16
10001e92:	0c2d      	lsrs	r5, r5, #16
10001e94:	6f7a      	ldr	r2, [r7, #116]	; 0x74
10001e96:	6f38      	ldr	r0, [r7, #112]	; 0x70
10001e98:	1900      	adds	r0, r0, r4
10001e9a:	4169      	adcs	r1, r5
10001e9c:	bcb0      	pop	{r4, r5, r7}
10001e9e:	4770      	bx	lr
10001ea0:	d0000000 	.word	0xd0000000

10001ea4 <y64_x32>:
10001ea4:	b5f0      	push	{r4, r5, r6, r7, lr}
10001ea6:	4694      	mov	ip, r2
10001ea8:	2500      	movs	r5, #0
10001eaa:	0e14      	lsrs	r4, r2, #24
10001eac:	d101      	bne.n	10001eb2 <y64_x32+0xe>
10001eae:	0212      	lsls	r2, r2, #8
10001eb0:	3508      	adds	r5, #8
10001eb2:	0f14      	lsrs	r4, r2, #28
10001eb4:	d101      	bne.n	10001eba <y64_x32+0x16>
10001eb6:	0112      	lsls	r2, r2, #4
10001eb8:	3504      	adds	r5, #4
10001eba:	0f94      	lsrs	r4, r2, #30
10001ebc:	d101      	bne.n	10001ec2 <y64_x32+0x1e>
10001ebe:	0092      	lsls	r2, r2, #2
10001ec0:	3502      	adds	r5, #2
10001ec2:	0fd4      	lsrs	r4, r2, #31
10001ec4:	d101      	bne.n	10001eca <y64_x32+0x26>
10001ec6:	0052      	lsls	r2, r2, #1
10001ec8:	3501      	adds	r5, #1
10001eca:	0bd4      	lsrs	r4, r2, #15
10001ecc:	3401      	adds	r4, #1
10001ece:	4f25      	ldr	r7, [pc, #148]	; (10001f64 <y64_x32+0xc0>)
10001ed0:	667c      	str	r4, [r7, #100]	; 0x64
10001ed2:	4c25      	ldr	r4, [pc, #148]	; (10001f68 <y64_x32+0xc4>)
10001ed4:	663c      	str	r4, [r7, #96]	; 0x60
10001ed6:	0c0e      	lsrs	r6, r1, #16
10001ed8:	b293      	uxth	r3, r2
10001eda:	e7ff      	b.n	10001edc <y64_x32+0x38>
10001edc:	e7ff      	b.n	10001ede <y64_x32+0x3a>
10001ede:	e7ff      	b.n	10001ee0 <y64_x32+0x3c>
10001ee0:	6f3c      	ldr	r4, [r7, #112]	; 0x70
10001ee2:	4366      	muls	r6, r4
10001ee4:	0c36      	lsrs	r6, r6, #16
10001ee6:	0377      	lsls	r7, r6, #13
10001ee8:	46be      	mov	lr, r7
10001eea:	4373      	muls	r3, r6
10001eec:	0bdf      	lsrs	r7, r3, #15
10001eee:	045b      	lsls	r3, r3, #17
10001ef0:	1ac0      	subs	r0, r0, r3
10001ef2:	41b9      	sbcs	r1, r7
10001ef4:	0c13      	lsrs	r3, r2, #16
10001ef6:	4373      	muls	r3, r6
10001ef8:	18db      	adds	r3, r3, r3
10001efa:	1ac9      	subs	r1, r1, r3
10001efc:	08ce      	lsrs	r6, r1, #3
10001efe:	4366      	muls	r6, r4
10001f00:	0c36      	lsrs	r6, r6, #16
10001f02:	44b6      	add	lr, r6
10001f04:	b293      	uxth	r3, r2
10001f06:	4373      	muls	r3, r6
10001f08:	0f1f      	lsrs	r7, r3, #28
10001f0a:	011b      	lsls	r3, r3, #4
10001f0c:	1ac0      	subs	r0, r0, r3
10001f0e:	41b9      	sbcs	r1, r7
10001f10:	0c13      	lsrs	r3, r2, #16
10001f12:	4373      	muls	r3, r6
10001f14:	0b1f      	lsrs	r7, r3, #12
10001f16:	051b      	lsls	r3, r3, #20
10001f18:	1ac0      	subs	r0, r0, r3
10001f1a:	41b9      	sbcs	r1, r7
10001f1c:	0d86      	lsrs	r6, r0, #22
10001f1e:	028f      	lsls	r7, r1, #10
10001f20:	433e      	orrs	r6, r7
10001f22:	4366      	muls	r6, r4
10001f24:	0c36      	lsrs	r6, r6, #16
10001f26:	2d09      	cmp	r5, #9
10001f28:	db24      	blt.n	10001f74 <last0>
10001f2a:	0a52      	lsrs	r2, r2, #9
10001f2c:	4372      	muls	r2, r6
10001f2e:	1a80      	subs	r0, r0, r2
10001f30:	0377      	lsls	r7, r6, #13
10001f32:	0a46      	lsrs	r6, r0, #9
10001f34:	4366      	muls	r6, r4
10001f36:	0c36      	lsrs	r6, r6, #16
10001f38:	2316      	movs	r3, #22
10001f3a:	1b5b      	subs	r3, r3, r5
10001f3c:	40de      	lsrs	r6, r3
10001f3e:	40df      	lsrs	r7, r3
10001f40:	19bf      	adds	r7, r7, r6
10001f42:	4664      	mov	r4, ip
10001f44:	4366      	muls	r6, r4
10001f46:	1b82      	subs	r2, r0, r6
10001f48:	4670      	mov	r0, lr
10001f4a:	3504      	adds	r5, #4
10001f4c:	3306      	adds	r3, #6
10001f4e:	0001      	movs	r1, r0
10001f50:	40d9      	lsrs	r1, r3
10001f52:	40a8      	lsls	r0, r5
10001f54:	19c0      	adds	r0, r0, r7
10001f56:	d300      	bcc.n	10001f5a <y64_x32+0xb6>
10001f58:	3101      	adds	r1, #1
10001f5a:	42a2      	cmp	r2, r4
10001f5c:	d206      	bcs.n	10001f6c <y64_x32+0xc8>
10001f5e:	2300      	movs	r3, #0
10001f60:	bdf0      	pop	{r4, r5, r6, r7, pc}
10001f62:	0000      	.short	0x0000
10001f64:	d0000000 	.word	0xd0000000
10001f68:	ffffffff 	.word	0xffffffff
10001f6c:	1b12      	subs	r2, r2, r4
10001f6e:	3001      	adds	r0, #1
10001f70:	d3f3      	bcc.n	10001f5a <y64_x32+0xb6>
10001f72:	e7f1      	b.n	10001f58 <y64_x32+0xb4>

10001f74 <last0>:
10001f74:	2709      	movs	r7, #9
10001f76:	1b7f      	subs	r7, r7, r5
10001f78:	40fe      	lsrs	r6, r7
10001f7a:	4664      	mov	r4, ip
10001f7c:	b2a2      	uxth	r2, r4
10001f7e:	4372      	muls	r2, r6
10001f80:	1a80      	subs	r0, r0, r2
10001f82:	d200      	bcs.n	10001f86 <last0+0x12>
10001f84:	3901      	subs	r1, #1
10001f86:	0c22      	lsrs	r2, r4, #16
10001f88:	4372      	muls	r2, r6
10001f8a:	0c13      	lsrs	r3, r2, #16
10001f8c:	0412      	lsls	r2, r2, #16
10001f8e:	1a82      	subs	r2, r0, r2
10001f90:	4199      	sbcs	r1, r3
10001f92:	000b      	movs	r3, r1
10001f94:	4670      	mov	r0, lr
10001f96:	3504      	adds	r5, #4
10001f98:	3713      	adds	r7, #19
10001f9a:	0001      	movs	r1, r0
10001f9c:	40f9      	lsrs	r1, r7
10001f9e:	40a8      	lsls	r0, r5
10001fa0:	1980      	adds	r0, r0, r6
10001fa2:	d300      	bcc.n	10001fa6 <last0+0x32>
10001fa4:	3101      	adds	r1, #1
10001fa6:	2b00      	cmp	r3, #0
10001fa8:	d102      	bne.n	10001fb0 <last0+0x3c>
10001faa:	42a2      	cmp	r2, r4
10001fac:	d20a      	bcs.n	10001fc4 <last0+0x50>
10001fae:	bdf0      	pop	{r4, r5, r6, r7, pc}
10001fb0:	3001      	adds	r0, #1
10001fb2:	d300      	bcc.n	10001fb6 <last0+0x42>
10001fb4:	3101      	adds	r1, #1
10001fb6:	1b12      	subs	r2, r2, r4
10001fb8:	d2fa      	bcs.n	10001fb0 <last0+0x3c>
10001fba:	3b01      	subs	r3, #1
10001fbc:	d1f8      	bne.n	10001fb0 <last0+0x3c>
10001fbe:	42a2      	cmp	r2, r4
10001fc0:	d200      	bcs.n	10001fc4 <last0+0x50>
10001fc2:	bdf0      	pop	{r4, r5, r6, r7, pc}
10001fc4:	3001      	adds	r0, #1
10001fc6:	d300      	bcc.n	10001fca <last0+0x56>
10001fc8:	3101      	adds	r1, #1
10001fca:	1b12      	subs	r2, r2, r4
10001fcc:	e7f7      	b.n	10001fbe <last0+0x4a>

10001fce <y64_x48>:
10001fce:	b5f0      	push	{r4, r5, r6, r7, lr}
10001fd0:	0c1c      	lsrs	r4, r3, #16
10001fd2:	d000      	beq.n	10001fd6 <y64_x48+0x8>
10001fd4:	e080      	b.n	100020d8 <y64_x64>
10001fd6:	b40c      	push	{r2, r3}
10001fd8:	2500      	movs	r5, #0
10001fda:	0a1c      	lsrs	r4, r3, #8
10001fdc:	d104      	bne.n	10001fe8 <y64_x48+0x1a>
10001fde:	021b      	lsls	r3, r3, #8
10001fe0:	0e16      	lsrs	r6, r2, #24
10001fe2:	4333      	orrs	r3, r6
10001fe4:	0212      	lsls	r2, r2, #8
10001fe6:	3508      	adds	r5, #8
10001fe8:	0b1c      	lsrs	r4, r3, #12
10001fea:	d104      	bne.n	10001ff6 <y64_x48+0x28>
10001fec:	011b      	lsls	r3, r3, #4
10001fee:	0f16      	lsrs	r6, r2, #28
10001ff0:	4333      	orrs	r3, r6
10001ff2:	0112      	lsls	r2, r2, #4
10001ff4:	3504      	adds	r5, #4
10001ff6:	0b9c      	lsrs	r4, r3, #14
10001ff8:	d104      	bne.n	10002004 <y64_x48+0x36>
10001ffa:	009b      	lsls	r3, r3, #2
10001ffc:	0f96      	lsrs	r6, r2, #30
10001ffe:	4333      	orrs	r3, r6
10002000:	0092      	lsls	r2, r2, #2
10002002:	3502      	adds	r5, #2
10002004:	0bdc      	lsrs	r4, r3, #15
10002006:	d102      	bne.n	1000200e <y64_x48+0x40>
10002008:	1892      	adds	r2, r2, r2
1000200a:	415b      	adcs	r3, r3
1000200c:	3501      	adds	r5, #1
1000200e:	001c      	movs	r4, r3
10002010:	1897      	adds	r7, r2, r2
10002012:	4164      	adcs	r4, r4
10002014:	3401      	adds	r4, #1
10002016:	4f46      	ldr	r7, [pc, #280]	; (10002130 <y64_x64+0x58>)
10002018:	667c      	str	r4, [r7, #100]	; 0x64
1000201a:	4c46      	ldr	r4, [pc, #280]	; (10002134 <y64_x64+0x5c>)
1000201c:	663c      	str	r4, [r7, #96]	; 0x60
1000201e:	0c0e      	lsrs	r6, r1, #16
10002020:	e7ff      	b.n	10002022 <y64_x48+0x54>
10002022:	e7ff      	b.n	10002024 <y64_x48+0x56>
10002024:	e7ff      	b.n	10002026 <y64_x48+0x58>
10002026:	46c0      	nop			; (mov r8, r8)
10002028:	6f3c      	ldr	r4, [r7, #112]	; 0x70
1000202a:	4366      	muls	r6, r4
1000202c:	0c36      	lsrs	r6, r6, #16
1000202e:	0377      	lsls	r7, r6, #13
10002030:	46be      	mov	lr, r7
10002032:	b297      	uxth	r7, r2
10002034:	4377      	muls	r7, r6
10002036:	1bc0      	subs	r0, r0, r7
10002038:	d200      	bcs.n	1000203c <y64_x48+0x6e>
1000203a:	3901      	subs	r1, #1
1000203c:	1bc0      	subs	r0, r0, r7
1000203e:	d200      	bcs.n	10002042 <y64_x48+0x74>
10002040:	3901      	subs	r1, #1
10002042:	b29f      	uxth	r7, r3
10002044:	4377      	muls	r7, r6
10002046:	1bc9      	subs	r1, r1, r7
10002048:	1bc9      	subs	r1, r1, r7
1000204a:	0c17      	lsrs	r7, r2, #16
1000204c:	4377      	muls	r7, r6
1000204e:	047e      	lsls	r6, r7, #17
10002050:	0bff      	lsrs	r7, r7, #15
10002052:	1b80      	subs	r0, r0, r6
10002054:	41b9      	sbcs	r1, r7
10002056:	08ce      	lsrs	r6, r1, #3
10002058:	4366      	muls	r6, r4
1000205a:	0c36      	lsrs	r6, r6, #16
1000205c:	2d0c      	cmp	r5, #12
1000205e:	db33      	blt.n	100020c8 <last1>
10002060:	44b6      	add	lr, r6
10002062:	0b12      	lsrs	r2, r2, #12
10002064:	051f      	lsls	r7, r3, #20
10002066:	433a      	orrs	r2, r7
10002068:	0b1b      	lsrs	r3, r3, #12
1000206a:	b297      	uxth	r7, r2
1000206c:	4377      	muls	r7, r6
1000206e:	1bc0      	subs	r0, r0, r7
10002070:	d200      	bcs.n	10002074 <y64_x48+0xa6>
10002072:	3901      	subs	r1, #1
10002074:	b29f      	uxth	r7, r3
10002076:	4377      	muls	r7, r6
10002078:	1bc9      	subs	r1, r1, r7
1000207a:	0c17      	lsrs	r7, r2, #16
1000207c:	4377      	muls	r7, r6
1000207e:	043e      	lsls	r6, r7, #16
10002080:	0c3f      	lsrs	r7, r7, #16
10002082:	1b80      	subs	r0, r0, r6
10002084:	41b9      	sbcs	r1, r7
10002086:	0d86      	lsrs	r6, r0, #22
10002088:	028f      	lsls	r7, r1, #10
1000208a:	433e      	orrs	r6, r7
1000208c:	4366      	muls	r6, r4
1000208e:	2729      	movs	r7, #41	; 0x29
10002090:	1b7f      	subs	r7, r7, r5
10002092:	40fe      	lsrs	r6, r7
10002094:	3d0c      	subs	r5, #12
10002096:	4677      	mov	r7, lr
10002098:	40af      	lsls	r7, r5
1000209a:	19bf      	adds	r7, r7, r6
1000209c:	bc30      	pop	{r4, r5}
1000209e:	b2a2      	uxth	r2, r4
100020a0:	b2ab      	uxth	r3, r5
100020a2:	4372      	muls	r2, r6
100020a4:	4373      	muls	r3, r6
100020a6:	1a80      	subs	r0, r0, r2
100020a8:	4199      	sbcs	r1, r3
100020aa:	0c22      	lsrs	r2, r4, #16
100020ac:	4372      	muls	r2, r6
100020ae:	0c13      	lsrs	r3, r2, #16
100020b0:	0412      	lsls	r2, r2, #16
100020b2:	1a80      	subs	r0, r0, r2
100020b4:	4199      	sbcs	r1, r3
100020b6:	0002      	movs	r2, r0
100020b8:	000b      	movs	r3, r1
100020ba:	3701      	adds	r7, #1
100020bc:	1b00      	subs	r0, r0, r4
100020be:	41a9      	sbcs	r1, r5
100020c0:	d2f9      	bcs.n	100020b6 <y64_x48+0xe8>
100020c2:	1e78      	subs	r0, r7, #1
100020c4:	2100      	movs	r1, #0
100020c6:	bdf0      	pop	{r4, r5, r6, r7, pc}

100020c8 <last1>:
100020c8:	270c      	movs	r7, #12
100020ca:	1b7f      	subs	r7, r7, r5
100020cc:	40fe      	lsrs	r6, r7
100020ce:	4677      	mov	r7, lr
100020d0:	0b7f      	lsrs	r7, r7, #13
100020d2:	40af      	lsls	r7, r5
100020d4:	19ff      	adds	r7, r7, r7
100020d6:	e7e0      	b.n	1000209a <y64_x48+0xcc>

100020d8 <y64_x64>:
100020d8:	2400      	movs	r4, #0
100020da:	1c5d      	adds	r5, r3, #1
100020dc:	d007      	beq.n	100020ee <y64_x64+0x16>
100020de:	4f14      	ldr	r7, [pc, #80]	; (10002130 <y64_x64+0x58>)
100020e0:	667d      	str	r5, [r7, #100]	; 0x64
100020e2:	6639      	str	r1, [r7, #96]	; 0x60
100020e4:	e7ff      	b.n	100020e6 <y64_x64+0xe>
100020e6:	e7ff      	b.n	100020e8 <y64_x64+0x10>
100020e8:	e7ff      	b.n	100020ea <y64_x64+0x12>
100020ea:	e7ff      	b.n	100020ec <y64_x64+0x14>
100020ec:	6f3c      	ldr	r4, [r7, #112]	; 0x70
100020ee:	b295      	uxth	r5, r2
100020f0:	b29e      	uxth	r6, r3
100020f2:	4365      	muls	r5, r4
100020f4:	4366      	muls	r6, r4
100020f6:	1b40      	subs	r0, r0, r5
100020f8:	41b1      	sbcs	r1, r6
100020fa:	0c15      	lsrs	r5, r2, #16
100020fc:	0c1e      	lsrs	r6, r3, #16
100020fe:	4365      	muls	r5, r4
10002100:	4366      	muls	r6, r4
10002102:	0436      	lsls	r6, r6, #16
10002104:	0c2f      	lsrs	r7, r5, #16
10002106:	433e      	orrs	r6, r7
10002108:	042d      	lsls	r5, r5, #16
1000210a:	1b40      	subs	r0, r0, r5
1000210c:	41b1      	sbcs	r1, r6
1000210e:	4299      	cmp	r1, r3
10002110:	d204      	bcs.n	1000211c <y64_x64+0x44>
10002112:	0002      	movs	r2, r0
10002114:	000b      	movs	r3, r1
10002116:	0020      	movs	r0, r4
10002118:	2100      	movs	r1, #0
1000211a:	bdf0      	pop	{r4, r5, r6, r7, pc}
1000211c:	d101      	bne.n	10002122 <y64_x64+0x4a>
1000211e:	4290      	cmp	r0, r2
10002120:	d3f7      	bcc.n	10002112 <y64_x64+0x3a>
10002122:	1a80      	subs	r0, r0, r2
10002124:	4199      	sbcs	r1, r3
10002126:	3401      	adds	r4, #1
10002128:	4299      	cmp	r1, r3
1000212a:	d3f2      	bcc.n	10002112 <y64_x64+0x3a>
1000212c:	e7f6      	b.n	1000211c <y64_x64+0x44>
1000212e:	0000      	.short	0x0000
10002130:	d0000000 	.word	0xd0000000
10002134:	ffffffff 	.word	0xffffffff

10002138 <__wrap___aeabi_drsub>:
10002138:	4048      	eors	r0, r1
1000213a:	4041      	eors	r1, r0
1000213c:	4048      	eors	r0, r1

1000213e <__wrap___aeabi_dsub>:
1000213e:	b418      	push	{r3, r4}
10002140:	4b13      	ldr	r3, [pc, #76]	; (10002190 <__wrap___aeabi_dmul+0xa>)
10002142:	685b      	ldr	r3, [r3, #4]
10002144:	9301      	str	r3, [sp, #4]
10002146:	bd08      	pop	{r3, pc}

10002148 <__wrap___aeabi_dadd>:
10002148:	b418      	push	{r3, r4}
1000214a:	4b11      	ldr	r3, [pc, #68]	; (10002190 <__wrap___aeabi_dmul+0xa>)
1000214c:	681b      	ldr	r3, [r3, #0]
1000214e:	9301      	str	r3, [sp, #4]
10002150:	bd08      	pop	{r3, pc}

10002152 <__wrap___aeabi_ddiv>:
10002152:	4694      	mov	ip, r2
10002154:	4a0f      	ldr	r2, [pc, #60]	; (10002194 <__wrap___aeabi_dmul+0xe>)
10002156:	6f92      	ldr	r2, [r2, #120]	; 0x78
10002158:	0892      	lsrs	r2, r2, #2
1000215a:	d205      	bcs.n	10002168 <ddiv_save_state>
1000215c:	4662      	mov	r2, ip

1000215e <ddiv_shim_call>:
1000215e:	b418      	push	{r3, r4}
10002160:	4b0b      	ldr	r3, [pc, #44]	; (10002190 <__wrap___aeabi_dmul+0xa>)
10002162:	68db      	ldr	r3, [r3, #12]
10002164:	9301      	str	r3, [sp, #4]
10002166:	bd08      	pop	{r3, pc}

10002168 <ddiv_save_state>:
10002168:	4a0a      	ldr	r2, [pc, #40]	; (10002194 <__wrap___aeabi_dmul+0xe>)
1000216a:	b5f0      	push	{r4, r5, r6, r7, lr}
1000216c:	6e14      	ldr	r4, [r2, #96]	; 0x60
1000216e:	6e55      	ldr	r5, [r2, #100]	; 0x64
10002170:	6f57      	ldr	r7, [r2, #116]	; 0x74
10002172:	6f16      	ldr	r6, [r2, #112]	; 0x70
10002174:	4662      	mov	r2, ip
10002176:	f7ff fff2 	bl	1000215e <ddiv_shim_call>
1000217a:	4a06      	ldr	r2, [pc, #24]	; (10002194 <__wrap___aeabi_dmul+0xe>)
1000217c:	6614      	str	r4, [r2, #96]	; 0x60
1000217e:	6655      	str	r5, [r2, #100]	; 0x64
10002180:	6757      	str	r7, [r2, #116]	; 0x74
10002182:	6716      	str	r6, [r2, #112]	; 0x70
10002184:	bdf0      	pop	{r4, r5, r6, r7, pc}

10002186 <__wrap___aeabi_dmul>:
10002186:	b418      	push	{r3, r4}
10002188:	4b01      	ldr	r3, [pc, #4]	; (10002190 <__wrap___aeabi_dmul+0xa>)
1000218a:	689b      	ldr	r3, [r3, #8]
1000218c:	9301      	str	r3, [sp, #4]
1000218e:	bd08      	pop	{r3, pc}
10002190:	20001290 	.word	0x20001290
10002194:	d0000000 	.word	0xd0000000

10002198 <__wrap___aeabi_cdrcmple>:
10002198:	b5ff      	push	{r0, r1, r2, r3, r4, r5, r6, r7, lr}
1000219a:	4050      	eors	r0, r2
1000219c:	4042      	eors	r2, r0
1000219e:	4050      	eors	r0, r2
100021a0:	4059      	eors	r1, r3
100021a2:	404b      	eors	r3, r1
100021a4:	4059      	eors	r1, r3
100021a6:	e000      	b.n	100021aa <__aeabi_dfcmple_guts>

100021a8 <__wrap___aeabi_cdcmpeq>:
100021a8:	b5ff      	push	{r0, r1, r2, r3, r4, r5, r6, r7, lr}

100021aa <__aeabi_dfcmple_guts>:
100021aa:	4f15      	ldr	r7, [pc, #84]	; (10002200 <__aeabi_dfcmple_guts+0x56>)
100021ac:	004c      	lsls	r4, r1, #1
100021ae:	0d64      	lsrs	r4, r4, #21
100021b0:	d003      	beq.n	100021ba <__aeabi_dfcmple_guts+0x10>
100021b2:	42bc      	cmp	r4, r7
100021b4:	d104      	bne.n	100021c0 <__aeabi_dfcmple_guts+0x16>
100021b6:	030c      	lsls	r4, r1, #12
100021b8:	d814      	bhi.n	100021e4 <__aeabi_dfcmple_guts+0x3a>
100021ba:	2000      	movs	r0, #0
100021bc:	0d09      	lsrs	r1, r1, #20
100021be:	0509      	lsls	r1, r1, #20
100021c0:	005c      	lsls	r4, r3, #1
100021c2:	0d64      	lsrs	r4, r4, #21
100021c4:	d003      	beq.n	100021ce <__aeabi_dfcmple_guts+0x24>
100021c6:	42bc      	cmp	r4, r7
100021c8:	d104      	bne.n	100021d4 <__aeabi_dfcmple_guts+0x2a>
100021ca:	031c      	lsls	r4, r3, #12
100021cc:	d80a      	bhi.n	100021e4 <__aeabi_dfcmple_guts+0x3a>
100021ce:	2200      	movs	r2, #0
100021d0:	0d1b      	lsrs	r3, r3, #20
100021d2:	051b      	lsls	r3, r3, #20
100021d4:	2601      	movs	r6, #1
100021d6:	404b      	eors	r3, r1
100021d8:	d409      	bmi.n	100021ee <__aeabi_dfcmple_guts+0x44>
100021da:	404b      	eors	r3, r1
100021dc:	d503      	bpl.n	100021e6 <__aeabi_dfcmple_guts+0x3c>
100021de:	428b      	cmp	r3, r1
100021e0:	d100      	bne.n	100021e4 <__aeabi_dfcmple_guts+0x3a>
100021e2:	4282      	cmp	r2, r0
100021e4:	bdff      	pop	{r0, r1, r2, r3, r4, r5, r6, r7, pc}
100021e6:	4299      	cmp	r1, r3
100021e8:	d1fc      	bne.n	100021e4 <__aeabi_dfcmple_guts+0x3a>
100021ea:	4290      	cmp	r0, r2
100021ec:	bdff      	pop	{r0, r1, r2, r3, r4, r5, r6, r7, pc}
100021ee:	430b      	orrs	r3, r1
100021f0:	18db      	adds	r3, r3, r3
100021f2:	4303      	orrs	r3, r0
100021f4:	4313      	orrs	r3, r2
100021f6:	d0f5      	beq.n	100021e4 <__aeabi_dfcmple_guts+0x3a>
100021f8:	43c9      	mvns	r1, r1
100021fa:	1849      	adds	r1, r1, r1
100021fc:	bdff      	pop	{r0, r1, r2, r3, r4, r5, r6, r7, pc}
100021fe:	0000      	.short	0x0000
10002200:	000007ff 	.word	0x000007ff

10002204 <__wrap___aeabi_dcmplt>:
10002204:	b500      	push	{lr}
10002206:	f7ff ffcf 	bl	100021a8 <__wrap___aeabi_cdcmpeq>
1000220a:	4180      	sbcs	r0, r0
1000220c:	bd00      	pop	{pc}
1000220e:	46c0      	nop			; (mov r8, r8)

10002210 <__wrap___aeabi_dcmple>:
10002210:	b500      	push	{lr}
10002212:	f7ff ffc9 	bl	100021a8 <__wrap___aeabi_cdcmpeq>
10002216:	d901      	bls.n	1000221c <__wrap___aeabi_dcmple+0xc>
10002218:	2000      	movs	r0, #0
1000221a:	bd00      	pop	{pc}
1000221c:	2001      	movs	r0, #1
1000221e:	bd00      	pop	{pc}

10002220 <__wrap___aeabi_dcmpge>:
10002220:	b500      	push	{lr}
10002222:	f7ff ffb9 	bl	10002198 <__wrap___aeabi_cdrcmple>
10002226:	d901      	bls.n	1000222c <__wrap___aeabi_dcmpge+0xc>
10002228:	2000      	movs	r0, #0
1000222a:	bd00      	pop	{pc}
1000222c:	2001      	movs	r0, #1
1000222e:	bd00      	pop	{pc}

10002230 <__wrap___aeabi_dcmpgt>:
10002230:	b500      	push	{lr}
10002232:	f7ff ffb1 	bl	10002198 <__wrap___aeabi_cdrcmple>
10002236:	4180      	sbcs	r0, r0
10002238:	bd00      	pop	{pc}

1000223a <__wrap___aeabi_dcmpun>:
1000223a:	2001      	movs	r0, #1
1000223c:	0540      	lsls	r0, r0, #21
1000223e:	004a      	lsls	r2, r1, #1
10002240:	1812      	adds	r2, r2, r0
10002242:	d804      	bhi.n	1000224e <__wrap___aeabi_dcmpun+0x14>
10002244:	005a      	lsls	r2, r3, #1
10002246:	1812      	adds	r2, r2, r0
10002248:	d801      	bhi.n	1000224e <__wrap___aeabi_dcmpun+0x14>
1000224a:	2000      	movs	r0, #0
1000224c:	4770      	bx	lr
1000224e:	2001      	movs	r0, #1
10002250:	4770      	bx	lr
	...

10002254 <__wrap___aeabi_ui2d>:
10002254:	2100      	movs	r1, #0
10002256:	2800      	cmp	r0, #0
10002258:	d105      	bne.n	10002266 <__wrap___aeabi_i2d+0xa>
1000225a:	4770      	bx	lr

1000225c <__wrap___aeabi_i2d>:
1000225c:	17c1      	asrs	r1, r0, #31
1000225e:	4048      	eors	r0, r1
10002260:	1a40      	subs	r0, r0, r1
10002262:	d0fa      	beq.n	1000225a <__wrap___aeabi_ui2d+0x6>
10002264:	07c9      	lsls	r1, r1, #31
10002266:	b513      	push	{r0, r1, r4, lr}
10002268:	4b06      	ldr	r3, [pc, #24]	; (10002284 <__wrap___aeabi_i2d+0x28>)
1000226a:	681b      	ldr	r3, [r3, #0]
1000226c:	4798      	blx	r3
1000226e:	bc0c      	pop	{r2, r3}
10002270:	1c44      	adds	r4, r0, #1
10002272:	40a2      	lsls	r2, r4
10002274:	0510      	lsls	r0, r2, #20
10002276:	0b12      	lsrs	r2, r2, #12
10002278:	4903      	ldr	r1, [pc, #12]	; (10002288 <__wrap___aeabi_i2d+0x2c>)
1000227a:	1b09      	subs	r1, r1, r4
1000227c:	0509      	lsls	r1, r1, #20
1000227e:	4319      	orrs	r1, r3
10002280:	4311      	orrs	r1, r2
10002282:	bd10      	pop	{r4, pc}
10002284:	20001ee4 	.word	0x20001ee4
10002288:	0000041f 	.word	0x0000041f

1000228c <__wrap___aeabi_d2iz>:
1000228c:	b510      	push	{r4, lr}
1000228e:	004c      	lsls	r4, r1, #1
10002290:	0d62      	lsrs	r2, r4, #21
10002292:	2380      	movs	r3, #128	; 0x80
10002294:	18d2      	adds	r2, r2, r3
10002296:	00db      	lsls	r3, r3, #3
10002298:	1ad2      	subs	r2, r2, r3
1000229a:	055b      	lsls	r3, r3, #21
1000229c:	2a7e      	cmp	r2, #126	; 0x7e
1000229e:	dd10      	ble.n	100022c2 <__wrap___aeabi_d2iz+0x36>
100022a0:	3a9e      	subs	r2, #158	; 0x9e
100022a2:	da13      	bge.n	100022cc <__wrap___aeabi_d2iz+0x40>
100022a4:	17cc      	asrs	r4, r1, #31
100022a6:	0309      	lsls	r1, r1, #12
100022a8:	0849      	lsrs	r1, r1, #1
100022aa:	4319      	orrs	r1, r3
100022ac:	4252      	negs	r2, r2
100022ae:	40d1      	lsrs	r1, r2
100022b0:	0064      	lsls	r4, r4, #1
100022b2:	3401      	adds	r4, #1
100022b4:	3215      	adds	r2, #21
100022b6:	2a20      	cmp	r2, #32
100022b8:	da05      	bge.n	100022c6 <__wrap___aeabi_d2iz+0x3a>
100022ba:	40d0      	lsrs	r0, r2
100022bc:	4308      	orrs	r0, r1
100022be:	4360      	muls	r0, r4
100022c0:	bd10      	pop	{r4, pc}
100022c2:	2000      	movs	r0, #0
100022c4:	bd10      	pop	{r4, pc}
100022c6:	4608      	mov	r0, r1
100022c8:	4360      	muls	r0, r4
100022ca:	bd10      	pop	{r4, pc}
100022cc:	0fc8      	lsrs	r0, r1, #31
100022ce:	18c0      	adds	r0, r0, r3
100022d0:	3801      	subs	r0, #1
100022d2:	bd10      	pop	{r4, pc}

100022d4 <__wrap___aeabi_d2uiz>:
100022d4:	b418      	push	{r3, r4}
100022d6:	4b02      	ldr	r3, [pc, #8]	; (100022e0 <__wrap___aeabi_d2uiz+0xc>)
100022d8:	6a5b      	ldr	r3, [r3, #36]	; 0x24
100022da:	9301      	str	r3, [sp, #4]
100022dc:	bd08      	pop	{r3, pc}
100022de:	0000      	.short	0x0000
100022e0:	20001290 	.word	0x20001290

100022e4 <missing_double_func_shim>:
100022e4:	b510      	push	{r4, lr}
100022e6:	4801      	ldr	r0, [pc, #4]	; (100022ec <missing_double_func_shim+0x8>)
100022e8:	f7fe f8e8 	bl	100004bc <panic>
100022ec:	10006a84 	.word	0x10006a84

100022f0 <__aeabi_double_init>:
100022f0:	2313      	movs	r3, #19
100022f2:	b570      	push	{r4, r5, r6, lr}
100022f4:	781d      	ldrb	r5, [r3, #0]
100022f6:	2d01      	cmp	r5, #1
100022f8:	d015      	beq.n	10002326 <__aeabi_double_init+0x36>
100022fa:	dd39      	ble.n	10002370 <__aeabi_double_init+0x80>
100022fc:	481e      	ldr	r0, [pc, #120]	; (10002378 <__aeabi_double_init+0x88>)
100022fe:	f7ff fb31 	bl	10001964 <rom_data_lookup>
10002302:	0006      	movs	r6, r0
10002304:	481d      	ldr	r0, [pc, #116]	; (1000237c <__aeabi_double_init+0x8c>)
10002306:	f7ff fb2d 	bl	10001964 <rom_data_lookup>
1000230a:	4c1d      	ldr	r4, [pc, #116]	; (10002380 <__aeabi_double_init+0x90>)
1000230c:	2280      	movs	r2, #128	; 0x80
1000230e:	0031      	movs	r1, r6
10002310:	0020      	movs	r0, r4
10002312:	f000 f8b1 	bl	10002478 <__wrap___aeabi_memcpy>
10002316:	2d02      	cmp	r5, #2
10002318:	d027      	beq.n	1000236a <__aeabi_double_init+0x7a>
1000231a:	481a      	ldr	r0, [pc, #104]	; (10002384 <__aeabi_double_init+0x94>)
1000231c:	f7ff fb1a 	bl	10001954 <rom_func_lookup>
10002320:	4b19      	ldr	r3, [pc, #100]	; (10002388 <__aeabi_double_init+0x98>)
10002322:	6018      	str	r0, [r3, #0]
10002324:	bd70      	pop	{r4, r5, r6, pc}
10002326:	4b19      	ldr	r3, [pc, #100]	; (1000238c <__aeabi_double_init+0x9c>)
10002328:	4c15      	ldr	r4, [pc, #84]	; (10002380 <__aeabi_double_init+0x90>)
1000232a:	6023      	str	r3, [r4, #0]
1000232c:	6063      	str	r3, [r4, #4]
1000232e:	60a3      	str	r3, [r4, #8]
10002330:	60e3      	str	r3, [r4, #12]
10002332:	6123      	str	r3, [r4, #16]
10002334:	6163      	str	r3, [r4, #20]
10002336:	61a3      	str	r3, [r4, #24]
10002338:	61e3      	str	r3, [r4, #28]
1000233a:	6223      	str	r3, [r4, #32]
1000233c:	6263      	str	r3, [r4, #36]	; 0x24
1000233e:	62a3      	str	r3, [r4, #40]	; 0x28
10002340:	62e3      	str	r3, [r4, #44]	; 0x2c
10002342:	6323      	str	r3, [r4, #48]	; 0x30
10002344:	6363      	str	r3, [r4, #52]	; 0x34
10002346:	63a3      	str	r3, [r4, #56]	; 0x38
10002348:	63e3      	str	r3, [r4, #60]	; 0x3c
1000234a:	6423      	str	r3, [r4, #64]	; 0x40
1000234c:	6463      	str	r3, [r4, #68]	; 0x44
1000234e:	64a3      	str	r3, [r4, #72]	; 0x48
10002350:	64e3      	str	r3, [r4, #76]	; 0x4c
10002352:	6523      	str	r3, [r4, #80]	; 0x50
10002354:	6563      	str	r3, [r4, #84]	; 0x54
10002356:	65a3      	str	r3, [r4, #88]	; 0x58
10002358:	65e3      	str	r3, [r4, #92]	; 0x5c
1000235a:	6623      	str	r3, [r4, #96]	; 0x60
1000235c:	6663      	str	r3, [r4, #100]	; 0x64
1000235e:	66a3      	str	r3, [r4, #104]	; 0x68
10002360:	66e3      	str	r3, [r4, #108]	; 0x6c
10002362:	6723      	str	r3, [r4, #112]	; 0x70
10002364:	6763      	str	r3, [r4, #116]	; 0x74
10002366:	67a3      	str	r3, [r4, #120]	; 0x78
10002368:	67e3      	str	r3, [r4, #124]	; 0x7c
1000236a:	4b09      	ldr	r3, [pc, #36]	; (10002390 <__aeabi_double_init+0xa0>)
1000236c:	64a3      	str	r3, [r4, #72]	; 0x48
1000236e:	e7d4      	b.n	1000231a <__aeabi_double_init+0x2a>
10002370:	4c03      	ldr	r4, [pc, #12]	; (10002380 <__aeabi_double_init+0x90>)
10002372:	4b07      	ldr	r3, [pc, #28]	; (10002390 <__aeabi_double_init+0xa0>)
10002374:	64a3      	str	r3, [r4, #72]	; 0x48
10002376:	e7d0      	b.n	1000231a <__aeabi_double_init+0x2a>
10002378:	00004453 	.word	0x00004453
1000237c:	00004653 	.word	0x00004653
10002380:	20001290 	.word	0x20001290
10002384:	0000334c 	.word	0x0000334c
10002388:	20001ee4 	.word	0x20001ee4
1000238c:	100022e5 	.word	0x100022e5
10002390:	10002395 	.word	0x10002395

10002394 <double_table_shim_on_use_helper>:
10002394:	b507      	push	{r0, r1, r2, lr}
10002396:	4660      	mov	r0, ip
10002398:	8801      	ldrh	r1, [r0, #0]
1000239a:	0a0a      	lsrs	r2, r1, #8
1000239c:	3002      	adds	r0, #2
1000239e:	2adf      	cmp	r2, #223	; 0xdf
100023a0:	d1fa      	bne.n	10002398 <double_table_shim_on_use_helper+0x4>
100023a2:	b2c9      	uxtb	r1, r1
100023a4:	0882      	lsrs	r2, r0, #2
100023a6:	d304      	bcc.n	100023b2 <double_table_shim_on_use_helper+0x1e>
100023a8:	8802      	ldrh	r2, [r0, #0]
100023aa:	8840      	ldrh	r0, [r0, #2]
100023ac:	0400      	lsls	r0, r0, #16
100023ae:	4310      	orrs	r0, r2
100023b0:	e000      	b.n	100023b4 <double_table_shim_on_use_helper+0x20>
100023b2:	6800      	ldr	r0, [r0, #0]
100023b4:	4a01      	ldr	r2, [pc, #4]	; (100023bc <double_table_shim_on_use_helper+0x28>)
100023b6:	5050      	str	r0, [r2, r1]
100023b8:	9003      	str	r0, [sp, #12]
100023ba:	bd07      	pop	{r0, r1, r2, pc}
100023bc:	20001290 	.word	0x20001290

100023c0 <__wrap___aeabi_lmul>:
100023c0:	4351      	muls	r1, r2
100023c2:	4343      	muls	r3, r0
100023c4:	18c9      	adds	r1, r1, r3
100023c6:	468c      	mov	ip, r1
100023c8:	0c11      	lsrs	r1, r2, #16
100023ca:	b283      	uxth	r3, r0
100023cc:	434b      	muls	r3, r1
100023ce:	b410      	push	{r4}
100023d0:	0c04      	lsrs	r4, r0, #16
100023d2:	4361      	muls	r1, r4
100023d4:	b292      	uxth	r2, r2
100023d6:	b280      	uxth	r0, r0
100023d8:	4350      	muls	r0, r2
100023da:	4362      	muls	r2, r4
100023dc:	041c      	lsls	r4, r3, #16
100023de:	0c1b      	lsrs	r3, r3, #16
100023e0:	1900      	adds	r0, r0, r4
100023e2:	bc10      	pop	{r4}
100023e4:	4159      	adcs	r1, r3
100023e6:	0413      	lsls	r3, r2, #16
100023e8:	0c12      	lsrs	r2, r2, #16
100023ea:	18c0      	adds	r0, r0, r3
100023ec:	4151      	adcs	r1, r2
100023ee:	4461      	add	r1, ip
100023f0:	4770      	bx	lr
	...

100023f4 <missing_float_func_shim>:
100023f4:	b510      	push	{r4, lr}
100023f6:	4801      	ldr	r0, [pc, #4]	; (100023fc <missing_float_func_shim+0x8>)
100023f8:	f7fe f860 	bl	100004bc <panic>
100023fc:	10006a04 	.word	0x10006a04

10002400 <__aeabi_float_init>:
10002400:	2313      	movs	r3, #19
10002402:	b510      	push	{r4, lr}
10002404:	4810      	ldr	r0, [pc, #64]	; (10002448 <__aeabi_float_init+0x48>)
10002406:	781c      	ldrb	r4, [r3, #0]
10002408:	f7ff faac 	bl	10001964 <rom_data_lookup>
1000240c:	0001      	movs	r1, r0
1000240e:	2c01      	cmp	r4, #1
10002410:	d00a      	beq.n	10002428 <__aeabi_float_init+0x28>
10002412:	dd03      	ble.n	1000241c <__aeabi_float_init+0x1c>
10002414:	2280      	movs	r2, #128	; 0x80
10002416:	480d      	ldr	r0, [pc, #52]	; (1000244c <__aeabi_float_init+0x4c>)
10002418:	f000 f82e 	bl	10002478 <__wrap___aeabi_memcpy>
1000241c:	480c      	ldr	r0, [pc, #48]	; (10002450 <__aeabi_float_init+0x50>)
1000241e:	f7ff fa99 	bl	10001954 <rom_func_lookup>
10002422:	4b0c      	ldr	r3, [pc, #48]	; (10002454 <__aeabi_float_init+0x54>)
10002424:	6018      	str	r0, [r3, #0]
10002426:	bd10      	pop	{r4, pc}
10002428:	4c08      	ldr	r4, [pc, #32]	; (1000244c <__aeabi_float_init+0x4c>)
1000242a:	2254      	movs	r2, #84	; 0x54
1000242c:	0020      	movs	r0, r4
1000242e:	f000 f823 	bl	10002478 <__wrap___aeabi_memcpy>
10002432:	0023      	movs	r3, r4
10002434:	4a08      	ldr	r2, [pc, #32]	; (10002458 <__aeabi_float_init+0x58>)
10002436:	3380      	adds	r3, #128	; 0x80
10002438:	6821      	ldr	r1, [r4, #0]
1000243a:	2900      	cmp	r1, #0
1000243c:	d100      	bne.n	10002440 <__aeabi_float_init+0x40>
1000243e:	6022      	str	r2, [r4, #0]
10002440:	3404      	adds	r4, #4
10002442:	42a3      	cmp	r3, r4
10002444:	d1f8      	bne.n	10002438 <__aeabi_float_init+0x38>
10002446:	e7e9      	b.n	1000241c <__aeabi_float_init+0x1c>
10002448:	00004653 	.word	0x00004653
1000244c:	20001ee8 	.word	0x20001ee8
10002450:	0000334c 	.word	0x0000334c
10002454:	20001ee4 	.word	0x20001ee4
10002458:	100023f5 	.word	0x100023f5

1000245c <__aeabi_mem_init>:
1000245c:	4801      	ldr	r0, [pc, #4]	; (10002464 <__aeabi_mem_init+0x8>)
1000245e:	2104      	movs	r1, #4
10002460:	4b01      	ldr	r3, [pc, #4]	; (10002468 <__aeabi_mem_init+0xc>)
10002462:	4718      	bx	r3
10002464:	200010a0 	.word	0x200010a0
10002468:	10001975 	.word	0x10001975

1000246c <__wrap_memset>:
1000246c:	4b01      	ldr	r3, [pc, #4]	; (10002474 <__wrap_memset+0x8>)
1000246e:	681b      	ldr	r3, [r3, #0]
10002470:	4718      	bx	r3
10002472:	0000      	.short	0x0000
10002474:	200010a0 	.word	0x200010a0

10002478 <__wrap___aeabi_memcpy>:
10002478:	4b01      	ldr	r3, [pc, #4]	; (10002480 <__wrap___aeabi_memcpy+0x8>)
1000247a:	685b      	ldr	r3, [r3, #4]
1000247c:	4718      	bx	r3
1000247e:	0000      	.short	0x0000
10002480:	200010a0 	.word	0x200010a0

10002484 <_out_null>:
10002484:	4770      	bx	lr
10002486:	46c0      	nop			; (mov r8, r8)

10002488 <_out_rev>:
10002488:	b5f8      	push	{r3, r4, r5, r6, r7, lr}
1000248a:	4657      	mov	r7, sl
1000248c:	464e      	mov	r6, r9
1000248e:	4645      	mov	r5, r8
10002490:	46de      	mov	lr, fp
10002492:	b5e0      	push	{r5, r6, r7, lr}
10002494:	4699      	mov	r9, r3
10002496:	9b0a      	ldr	r3, [sp, #40]	; 0x28
10002498:	0007      	movs	r7, r0
1000249a:	469a      	mov	sl, r3
1000249c:	9b0d      	ldr	r3, [sp, #52]	; 0x34
1000249e:	4688      	mov	r8, r1
100024a0:	4693      	mov	fp, r2
100024a2:	0015      	movs	r5, r2
100024a4:	9e0b      	ldr	r6, [sp, #44]	; 0x2c
100024a6:	079b      	lsls	r3, r3, #30
100024a8:	d110      	bne.n	100024cc <_out_rev+0x44>
100024aa:	9b0c      	ldr	r3, [sp, #48]	; 0x30
100024ac:	429e      	cmp	r6, r3
100024ae:	d20d      	bcs.n	100024cc <_out_rev+0x44>
100024b0:	1b9d      	subs	r5, r3, r6
100024b2:	0014      	movs	r4, r2
100024b4:	000e      	movs	r6, r1
100024b6:	445d      	add	r5, fp
100024b8:	0022      	movs	r2, r4
100024ba:	464b      	mov	r3, r9
100024bc:	3401      	adds	r4, #1
100024be:	0031      	movs	r1, r6
100024c0:	2020      	movs	r0, #32
100024c2:	47b8      	blx	r7
100024c4:	42a5      	cmp	r5, r4
100024c6:	d1f7      	bne.n	100024b8 <_out_rev+0x30>
100024c8:	46b0      	mov	r8, r6
100024ca:	9e0b      	ldr	r6, [sp, #44]	; 0x2c
100024cc:	2e00      	cmp	r6, #0
100024ce:	d027      	beq.n	10002520 <_out_rev+0x98>
100024d0:	4644      	mov	r4, r8
100024d2:	1975      	adds	r5, r6, r5
100024d4:	4653      	mov	r3, sl
100024d6:	1baa      	subs	r2, r5, r6
100024d8:	3e01      	subs	r6, #1
100024da:	5d98      	ldrb	r0, [r3, r6]
100024dc:	0021      	movs	r1, r4
100024de:	464b      	mov	r3, r9
100024e0:	47b8      	blx	r7
100024e2:	2e00      	cmp	r6, #0
100024e4:	d1f6      	bne.n	100024d4 <_out_rev+0x4c>
100024e6:	0023      	movs	r3, r4
100024e8:	002c      	movs	r4, r5
100024ea:	4698      	mov	r8, r3
100024ec:	9b0d      	ldr	r3, [sp, #52]	; 0x34
100024ee:	079b      	lsls	r3, r3, #30
100024f0:	d50f      	bpl.n	10002512 <_out_rev+0x8a>
100024f2:	465b      	mov	r3, fp
100024f4:	1ae5      	subs	r5, r4, r3
100024f6:	9b0c      	ldr	r3, [sp, #48]	; 0x30
100024f8:	42ab      	cmp	r3, r5
100024fa:	d90a      	bls.n	10002512 <_out_rev+0x8a>
100024fc:	4646      	mov	r6, r8
100024fe:	4698      	mov	r8, r3
10002500:	0022      	movs	r2, r4
10002502:	464b      	mov	r3, r9
10002504:	0031      	movs	r1, r6
10002506:	2020      	movs	r0, #32
10002508:	3501      	adds	r5, #1
1000250a:	47b8      	blx	r7
1000250c:	3401      	adds	r4, #1
1000250e:	45a8      	cmp	r8, r5
10002510:	d8f6      	bhi.n	10002500 <_out_rev+0x78>
10002512:	0020      	movs	r0, r4
10002514:	bcf0      	pop	{r4, r5, r6, r7}
10002516:	46bb      	mov	fp, r7
10002518:	46b2      	mov	sl, r6
1000251a:	46a9      	mov	r9, r5
1000251c:	46a0      	mov	r8, r4
1000251e:	bdf8      	pop	{r3, r4, r5, r6, r7, pc}
10002520:	002c      	movs	r4, r5
10002522:	e7e3      	b.n	100024ec <_out_rev+0x64>

10002524 <_ntoa_format>:
10002524:	b5f0      	push	{r4, r5, r6, r7, lr}
10002526:	464f      	mov	r7, r9
10002528:	4646      	mov	r6, r8
1000252a:	46d6      	mov	lr, sl
1000252c:	b5c0      	push	{r6, r7, lr}
1000252e:	b084      	sub	sp, #16
10002530:	4698      	mov	r8, r3
10002532:	ab0e      	add	r3, sp, #56	; 0x38
10002534:	781b      	ldrb	r3, [r3, #0]
10002536:	9f12      	ldr	r7, [sp, #72]	; 0x48
10002538:	4699      	mov	r9, r3
1000253a:	4694      	mov	ip, r2
1000253c:	9c0d      	ldr	r4, [sp, #52]	; 0x34
1000253e:	9b10      	ldr	r3, [sp, #64]	; 0x40
10002540:	9e11      	ldr	r6, [sp, #68]	; 0x44
10002542:	07ba      	lsls	r2, r7, #30
10002544:	d425      	bmi.n	10002592 <_ntoa_format+0x6e>
10002546:	2e00      	cmp	r6, #0
10002548:	d14b      	bne.n	100025e2 <_ntoa_format+0xbe>
1000254a:	429c      	cmp	r4, r3
1000254c:	d300      	bcc.n	10002550 <_ntoa_format+0x2c>
1000254e:	e0bf      	b.n	100026d0 <_ntoa_format+0x1ac>
10002550:	2201      	movs	r2, #1
10002552:	403a      	ands	r2, r7
10002554:	4692      	mov	sl, r2
10002556:	2c1f      	cmp	r4, #31
10002558:	d900      	bls.n	1000255c <_ntoa_format+0x38>
1000255a:	e0b8      	b.n	100026ce <_ntoa_format+0x1aa>
1000255c:	9a0c      	ldr	r2, [sp, #48]	; 0x30
1000255e:	1e55      	subs	r5, r2, #1
10002560:	2230      	movs	r2, #48	; 0x30
10002562:	e001      	b.n	10002568 <_ntoa_format+0x44>
10002564:	2c20      	cmp	r4, #32
10002566:	d003      	beq.n	10002570 <_ntoa_format+0x4c>
10002568:	3401      	adds	r4, #1
1000256a:	552a      	strb	r2, [r5, r4]
1000256c:	42a3      	cmp	r3, r4
1000256e:	d8f9      	bhi.n	10002564 <_ntoa_format+0x40>
10002570:	4652      	mov	r2, sl
10002572:	2a00      	cmp	r2, #0
10002574:	d00d      	beq.n	10002592 <_ntoa_format+0x6e>
10002576:	42a6      	cmp	r6, r4
10002578:	d90b      	bls.n	10002592 <_ntoa_format+0x6e>
1000257a:	2c20      	cmp	r4, #32
1000257c:	d044      	beq.n	10002608 <_ntoa_format+0xe4>
1000257e:	9a0c      	ldr	r2, [sp, #48]	; 0x30
10002580:	1e55      	subs	r5, r2, #1
10002582:	2230      	movs	r2, #48	; 0x30
10002584:	e001      	b.n	1000258a <_ntoa_format+0x66>
10002586:	2c20      	cmp	r4, #32
10002588:	d03e      	beq.n	10002608 <_ntoa_format+0xe4>
1000258a:	3401      	adds	r4, #1
1000258c:	552a      	strb	r2, [r5, r4]
1000258e:	42b4      	cmp	r4, r6
10002590:	d1f9      	bne.n	10002586 <_ntoa_format+0x62>
10002592:	06fa      	lsls	r2, r7, #27
10002594:	d54d      	bpl.n	10002632 <_ntoa_format+0x10e>
10002596:	057a      	lsls	r2, r7, #21
10002598:	d43f      	bmi.n	1000261a <_ntoa_format+0xf6>
1000259a:	2c00      	cmp	r4, #0
1000259c:	d139      	bne.n	10002612 <_ntoa_format+0xee>
1000259e:	9b0f      	ldr	r3, [sp, #60]	; 0x3c
100025a0:	2b10      	cmp	r3, #16
100025a2:	d100      	bne.n	100025a6 <_ntoa_format+0x82>
100025a4:	e079      	b.n	1000269a <_ntoa_format+0x176>
100025a6:	9b0f      	ldr	r3, [sp, #60]	; 0x3c
100025a8:	2b02      	cmp	r3, #2
100025aa:	d100      	bne.n	100025ae <_ntoa_format+0x8a>
100025ac:	e08a      	b.n	100026c4 <_ntoa_format+0x1a0>
100025ae:	2330      	movs	r3, #48	; 0x30
100025b0:	9a0c      	ldr	r2, [sp, #48]	; 0x30
100025b2:	2401      	movs	r4, #1
100025b4:	7013      	strb	r3, [r2, #0]
100025b6:	464b      	mov	r3, r9
100025b8:	2b00      	cmp	r3, #0
100025ba:	d03f      	beq.n	1000263c <_ntoa_format+0x118>
100025bc:	232d      	movs	r3, #45	; 0x2d
100025be:	9a0c      	ldr	r2, [sp, #48]	; 0x30
100025c0:	5513      	strb	r3, [r2, r4]
100025c2:	3401      	adds	r4, #1
100025c4:	9b0c      	ldr	r3, [sp, #48]	; 0x30
100025c6:	4662      	mov	r2, ip
100025c8:	9300      	str	r3, [sp, #0]
100025ca:	9703      	str	r7, [sp, #12]
100025cc:	4643      	mov	r3, r8
100025ce:	9602      	str	r6, [sp, #8]
100025d0:	9401      	str	r4, [sp, #4]
100025d2:	f7ff ff59 	bl	10002488 <_out_rev>
100025d6:	b004      	add	sp, #16
100025d8:	bce0      	pop	{r5, r6, r7}
100025da:	46ba      	mov	sl, r7
100025dc:	46b1      	mov	r9, r6
100025de:	46a8      	mov	r8, r5
100025e0:	bdf0      	pop	{r4, r5, r6, r7, pc}
100025e2:	2201      	movs	r2, #1
100025e4:	0015      	movs	r5, r2
100025e6:	403d      	ands	r5, r7
100025e8:	46aa      	mov	sl, r5
100025ea:	423a      	tst	r2, r7
100025ec:	d02f      	beq.n	1000264e <_ntoa_format+0x12a>
100025ee:	464a      	mov	r2, r9
100025f0:	2a00      	cmp	r2, #0
100025f2:	d102      	bne.n	100025fa <_ntoa_format+0xd6>
100025f4:	320c      	adds	r2, #12
100025f6:	423a      	tst	r2, r7
100025f8:	d000      	beq.n	100025fc <_ntoa_format+0xd8>
100025fa:	3e01      	subs	r6, #1
100025fc:	429c      	cmp	r4, r3
100025fe:	d2ba      	bcs.n	10002576 <_ntoa_format+0x52>
10002600:	2c1f      	cmp	r4, #31
10002602:	d9ab      	bls.n	1000255c <_ntoa_format+0x38>
10002604:	2e20      	cmp	r6, #32
10002606:	d927      	bls.n	10002658 <_ntoa_format+0x134>
10002608:	2420      	movs	r4, #32
1000260a:	06fa      	lsls	r2, r7, #27
1000260c:	d5da      	bpl.n	100025c4 <_ntoa_format+0xa0>
1000260e:	057a      	lsls	r2, r7, #21
10002610:	d403      	bmi.n	1000261a <_ntoa_format+0xf6>
10002612:	42a3      	cmp	r3, r4
10002614:	d02d      	beq.n	10002672 <_ntoa_format+0x14e>
10002616:	42a6      	cmp	r6, r4
10002618:	d02b      	beq.n	10002672 <_ntoa_format+0x14e>
1000261a:	9b0f      	ldr	r3, [sp, #60]	; 0x3c
1000261c:	2b10      	cmp	r3, #16
1000261e:	d032      	beq.n	10002686 <_ntoa_format+0x162>
10002620:	2b02      	cmp	r3, #2
10002622:	d020      	beq.n	10002666 <_ntoa_format+0x142>
10002624:	2c20      	cmp	r4, #32
10002626:	d0cd      	beq.n	100025c4 <_ntoa_format+0xa0>
10002628:	2230      	movs	r2, #48	; 0x30
1000262a:	9b0c      	ldr	r3, [sp, #48]	; 0x30
1000262c:	191b      	adds	r3, r3, r4
1000262e:	701a      	strb	r2, [r3, #0]
10002630:	3401      	adds	r4, #1
10002632:	2c20      	cmp	r4, #32
10002634:	d0c6      	beq.n	100025c4 <_ntoa_format+0xa0>
10002636:	464b      	mov	r3, r9
10002638:	2b00      	cmp	r3, #0
1000263a:	d1bf      	bne.n	100025bc <_ntoa_format+0x98>
1000263c:	077b      	lsls	r3, r7, #29
1000263e:	d40d      	bmi.n	1000265c <_ntoa_format+0x138>
10002640:	073b      	lsls	r3, r7, #28
10002642:	d5bf      	bpl.n	100025c4 <_ntoa_format+0xa0>
10002644:	2320      	movs	r3, #32
10002646:	9a0c      	ldr	r2, [sp, #48]	; 0x30
10002648:	5513      	strb	r3, [r2, r4]
1000264a:	3401      	adds	r4, #1
1000264c:	e7ba      	b.n	100025c4 <_ntoa_format+0xa0>
1000264e:	429c      	cmp	r4, r3
10002650:	d29f      	bcs.n	10002592 <_ntoa_format+0x6e>
10002652:	2c1f      	cmp	r4, #31
10002654:	d800      	bhi.n	10002658 <_ntoa_format+0x134>
10002656:	e781      	b.n	1000255c <_ntoa_format+0x38>
10002658:	2420      	movs	r4, #32
1000265a:	e79a      	b.n	10002592 <_ntoa_format+0x6e>
1000265c:	232b      	movs	r3, #43	; 0x2b
1000265e:	9a0c      	ldr	r2, [sp, #48]	; 0x30
10002660:	5513      	strb	r3, [r2, r4]
10002662:	3401      	adds	r4, #1
10002664:	e7ae      	b.n	100025c4 <_ntoa_format+0xa0>
10002666:	2c20      	cmp	r4, #32
10002668:	d0ac      	beq.n	100025c4 <_ntoa_format+0xa0>
1000266a:	9b0c      	ldr	r3, [sp, #48]	; 0x30
1000266c:	191b      	adds	r3, r3, r4
1000266e:	3401      	adds	r4, #1
10002670:	e03a      	b.n	100026e8 <_ntoa_format+0x1c4>
10002672:	1e63      	subs	r3, r4, #1
10002674:	2c01      	cmp	r4, #1
10002676:	d092      	beq.n	1000259e <_ntoa_format+0x7a>
10002678:	9a0f      	ldr	r2, [sp, #60]	; 0x3c
1000267a:	2a10      	cmp	r2, #16
1000267c:	d02a      	beq.n	100026d4 <_ntoa_format+0x1b0>
1000267e:	2a02      	cmp	r2, #2
10002680:	d02f      	beq.n	100026e2 <_ntoa_format+0x1be>
10002682:	001c      	movs	r4, r3
10002684:	e7d0      	b.n	10002628 <_ntoa_format+0x104>
10002686:	06bb      	lsls	r3, r7, #26
10002688:	d40e      	bmi.n	100026a8 <_ntoa_format+0x184>
1000268a:	2c20      	cmp	r4, #32
1000268c:	d09a      	beq.n	100025c4 <_ntoa_format+0xa0>
1000268e:	9b0c      	ldr	r3, [sp, #48]	; 0x30
10002690:	191a      	adds	r2, r3, r4
10002692:	3401      	adds	r4, #1
10002694:	2378      	movs	r3, #120	; 0x78
10002696:	7013      	strb	r3, [r2, #0]
10002698:	e7c4      	b.n	10002624 <_ntoa_format+0x100>
1000269a:	06bb      	lsls	r3, r7, #26
1000269c:	d40d      	bmi.n	100026ba <_ntoa_format+0x196>
1000269e:	2378      	movs	r3, #120	; 0x78
100026a0:	9a0c      	ldr	r2, [sp, #48]	; 0x30
100026a2:	2401      	movs	r4, #1
100026a4:	7013      	strb	r3, [r2, #0]
100026a6:	e7bf      	b.n	10002628 <_ntoa_format+0x104>
100026a8:	2c20      	cmp	r4, #32
100026aa:	d100      	bne.n	100026ae <_ntoa_format+0x18a>
100026ac:	e78a      	b.n	100025c4 <_ntoa_format+0xa0>
100026ae:	2258      	movs	r2, #88	; 0x58
100026b0:	9b0c      	ldr	r3, [sp, #48]	; 0x30
100026b2:	191b      	adds	r3, r3, r4
100026b4:	701a      	strb	r2, [r3, #0]
100026b6:	3401      	adds	r4, #1
100026b8:	e7b4      	b.n	10002624 <_ntoa_format+0x100>
100026ba:	2358      	movs	r3, #88	; 0x58
100026bc:	9a0c      	ldr	r2, [sp, #48]	; 0x30
100026be:	2401      	movs	r4, #1
100026c0:	7013      	strb	r3, [r2, #0]
100026c2:	e7b1      	b.n	10002628 <_ntoa_format+0x104>
100026c4:	9a0c      	ldr	r2, [sp, #48]	; 0x30
100026c6:	3360      	adds	r3, #96	; 0x60
100026c8:	2401      	movs	r4, #1
100026ca:	7013      	strb	r3, [r2, #0]
100026cc:	e7ac      	b.n	10002628 <_ntoa_format+0x104>
100026ce:	2420      	movs	r4, #32
100026d0:	2600      	movs	r6, #0
100026d2:	e75e      	b.n	10002592 <_ntoa_format+0x6e>
100026d4:	3c02      	subs	r4, #2
100026d6:	06ba      	lsls	r2, r7, #26
100026d8:	d4e9      	bmi.n	100026ae <_ntoa_format+0x18a>
100026da:	9a0c      	ldr	r2, [sp, #48]	; 0x30
100026dc:	1912      	adds	r2, r2, r4
100026de:	001c      	movs	r4, r3
100026e0:	e7d8      	b.n	10002694 <_ntoa_format+0x170>
100026e2:	9a0c      	ldr	r2, [sp, #48]	; 0x30
100026e4:	4692      	mov	sl, r2
100026e6:	4453      	add	r3, sl
100026e8:	2262      	movs	r2, #98	; 0x62
100026ea:	701a      	strb	r2, [r3, #0]
100026ec:	e79a      	b.n	10002624 <_ntoa_format+0x100>
100026ee:	46c0      	nop			; (mov r8, r8)

100026f0 <_out_char>:
100026f0:	b510      	push	{r4, lr}
100026f2:	2800      	cmp	r0, #0
100026f4:	d100      	bne.n	100026f8 <_out_char+0x8>
100026f6:	bd10      	pop	{r4, pc}
100026f8:	f001 faf6 	bl	10003ce8 <__wrap_putchar>
100026fc:	e7fb      	b.n	100026f6 <_out_char+0x6>
100026fe:	46c0      	nop			; (mov r8, r8)

10002700 <_out_fct>:
10002700:	000b      	movs	r3, r1
10002702:	b510      	push	{r4, lr}
10002704:	2800      	cmp	r0, #0
10002706:	d002      	beq.n	1000270e <_out_fct+0xe>
10002708:	6849      	ldr	r1, [r1, #4]
1000270a:	681b      	ldr	r3, [r3, #0]
1000270c:	4798      	blx	r3
1000270e:	bd10      	pop	{r4, pc}

10002710 <_etoa>:
10002710:	b5f0      	push	{r4, r5, r6, r7, lr}
10002712:	46de      	mov	lr, fp
10002714:	4657      	mov	r7, sl
10002716:	464e      	mov	r6, r9
10002718:	4645      	mov	r5, r8
1000271a:	b5e0      	push	{r5, r6, r7, lr}
1000271c:	b09b      	sub	sp, #108	; 0x6c
1000271e:	469b      	mov	fp, r3
10002720:	9b24      	ldr	r3, [sp, #144]	; 0x90
10002722:	4689      	mov	r9, r1
10002724:	4698      	mov	r8, r3
10002726:	9b25      	ldr	r3, [sp, #148]	; 0x94
10002728:	900b      	str	r0, [sp, #44]	; 0x2c
1000272a:	920c      	str	r2, [sp, #48]	; 0x30
1000272c:	4640      	mov	r0, r8
1000272e:	4642      	mov	r2, r8
10002730:	0019      	movs	r1, r3
10002732:	469a      	mov	sl, r3
10002734:	f7ff fd81 	bl	1000223a <__wrap___aeabi_dcmpun>
10002738:	2800      	cmp	r0, #0
1000273a:	d000      	beq.n	1000273e <_etoa+0x2e>
1000273c:	e0d8      	b.n	100028f0 <_etoa+0x1e0>
1000273e:	2201      	movs	r2, #1
10002740:	4640      	mov	r0, r8
10002742:	4651      	mov	r1, sl
10002744:	4b77      	ldr	r3, [pc, #476]	; (10002924 <_etoa+0x214>)
10002746:	4252      	negs	r2, r2
10002748:	f7ff fd72 	bl	10002230 <__wrap___aeabi_dcmpgt>
1000274c:	2800      	cmp	r0, #0
1000274e:	d000      	beq.n	10002752 <_etoa+0x42>
10002750:	e0ce      	b.n	100028f0 <_etoa+0x1e0>
10002752:	2201      	movs	r2, #1
10002754:	4640      	mov	r0, r8
10002756:	4651      	mov	r1, sl
10002758:	4b73      	ldr	r3, [pc, #460]	; (10002928 <_etoa+0x218>)
1000275a:	4252      	negs	r2, r2
1000275c:	f7ff fd52 	bl	10002204 <__wrap___aeabi_dcmplt>
10002760:	2800      	cmp	r0, #0
10002762:	d000      	beq.n	10002766 <_etoa+0x56>
10002764:	e0c4      	b.n	100028f0 <_etoa+0x1e0>
10002766:	2200      	movs	r2, #0
10002768:	2300      	movs	r3, #0
1000276a:	4640      	mov	r0, r8
1000276c:	4651      	mov	r1, sl
1000276e:	f7ff fd49 	bl	10002204 <__wrap___aeabi_dcmplt>
10002772:	2800      	cmp	r0, #0
10002774:	d000      	beq.n	10002778 <_etoa+0x68>
10002776:	e1b9      	b.n	10002aec <_etoa+0x3dc>
10002778:	4642      	mov	r2, r8
1000277a:	4653      	mov	r3, sl
1000277c:	920a      	str	r2, [sp, #40]	; 0x28
1000277e:	9309      	str	r3, [sp, #36]	; 0x24
10002780:	2380      	movs	r3, #128	; 0x80
10002782:	9a28      	ldr	r2, [sp, #160]	; 0xa0
10002784:	00db      	lsls	r3, r3, #3
10002786:	401a      	ands	r2, r3
10002788:	920e      	str	r2, [sp, #56]	; 0x38
1000278a:	9a28      	ldr	r2, [sp, #160]	; 0xa0
1000278c:	421a      	tst	r2, r3
1000278e:	d101      	bne.n	10002794 <_etoa+0x84>
10002790:	2306      	movs	r3, #6
10002792:	9326      	str	r3, [sp, #152]	; 0x98
10002794:	9a0a      	ldr	r2, [sp, #40]	; 0x28
10002796:	9b09      	ldr	r3, [sp, #36]	; 0x24
10002798:	0016      	movs	r6, r2
1000279a:	4313      	orrs	r3, r2
1000279c:	d000      	beq.n	100027a0 <_etoa+0x90>
1000279e:	e0c7      	b.n	10002930 <_etoa+0x220>
100027a0:	9b28      	ldr	r3, [sp, #160]	; 0xa0
100027a2:	2500      	movs	r5, #0
100027a4:	2600      	movs	r6, #0
100027a6:	051b      	lsls	r3, r3, #20
100027a8:	d400      	bmi.n	100027ac <_etoa+0x9c>
100027aa:	e19b      	b.n	10002ae4 <_etoa+0x3d4>
100027ac:	2300      	movs	r3, #0
100027ae:	930d      	str	r3, [sp, #52]	; 0x34
100027b0:	9a26      	ldr	r2, [sp, #152]	; 0x98
100027b2:	9b0d      	ldr	r3, [sp, #52]	; 0x34
100027b4:	429a      	cmp	r2, r3
100027b6:	dc00      	bgt.n	100027ba <_etoa+0xaa>
100027b8:	e19f      	b.n	10002afa <_etoa+0x3ea>
100027ba:	1ad0      	subs	r0, r2, r3
100027bc:	1e43      	subs	r3, r0, #1
100027be:	9326      	str	r3, [sp, #152]	; 0x98
100027c0:	2380      	movs	r3, #128	; 0x80
100027c2:	9a28      	ldr	r2, [sp, #160]	; 0xa0
100027c4:	00db      	lsls	r3, r3, #3
100027c6:	431a      	orrs	r2, r3
100027c8:	2300      	movs	r3, #0
100027ca:	2700      	movs	r7, #0
100027cc:	9228      	str	r2, [sp, #160]	; 0xa0
100027ce:	930d      	str	r3, [sp, #52]	; 0x34
100027d0:	9b27      	ldr	r3, [sp, #156]	; 0x9c
100027d2:	2400      	movs	r4, #0
100027d4:	42bb      	cmp	r3, r7
100027d6:	d900      	bls.n	100027da <_etoa+0xca>
100027d8:	1bdc      	subs	r4, r3, r7
100027da:	2302      	movs	r3, #2
100027dc:	9a28      	ldr	r2, [sp, #160]	; 0xa0
100027de:	401a      	ands	r2, r3
100027e0:	920e      	str	r2, [sp, #56]	; 0x38
100027e2:	9a28      	ldr	r2, [sp, #160]	; 0xa0
100027e4:	4213      	tst	r3, r2
100027e6:	d003      	beq.n	100027f0 <_etoa+0xe0>
100027e8:	427b      	negs	r3, r7
100027ea:	417b      	adcs	r3, r7
100027ec:	425b      	negs	r3, r3
100027ee:	401c      	ands	r4, r3
100027f0:	9b0d      	ldr	r3, [sp, #52]	; 0x34
100027f2:	2b00      	cmp	r3, #0
100027f4:	d007      	beq.n	10002806 <_etoa+0xf6>
100027f6:	980a      	ldr	r0, [sp, #40]	; 0x28
100027f8:	9909      	ldr	r1, [sp, #36]	; 0x24
100027fa:	002a      	movs	r2, r5
100027fc:	0033      	movs	r3, r6
100027fe:	f7ff fca8 	bl	10002152 <__wrap___aeabi_ddiv>
10002802:	900a      	str	r0, [sp, #40]	; 0x28
10002804:	9109      	str	r1, [sp, #36]	; 0x24
10002806:	2200      	movs	r2, #0
10002808:	2300      	movs	r3, #0
1000280a:	4640      	mov	r0, r8
1000280c:	4651      	mov	r1, sl
1000280e:	f7ff fcf9 	bl	10002204 <__wrap___aeabi_dcmplt>
10002812:	2800      	cmp	r0, #0
10002814:	d005      	beq.n	10002822 <_etoa+0x112>
10002816:	2080      	movs	r0, #128	; 0x80
10002818:	0600      	lsls	r0, r0, #24
1000281a:	4684      	mov	ip, r0
1000281c:	9909      	ldr	r1, [sp, #36]	; 0x24
1000281e:	4461      	add	r1, ip
10002820:	9109      	str	r1, [sp, #36]	; 0x24
10002822:	9a28      	ldr	r2, [sp, #160]	; 0xa0
10002824:	4b41      	ldr	r3, [pc, #260]	; (1000292c <_etoa+0x21c>)
10002826:	9d0b      	ldr	r5, [sp, #44]	; 0x2c
10002828:	4013      	ands	r3, r2
1000282a:	9304      	str	r3, [sp, #16]
1000282c:	9b26      	ldr	r3, [sp, #152]	; 0x98
1000282e:	9a0a      	ldr	r2, [sp, #40]	; 0x28
10002830:	9302      	str	r3, [sp, #8]
10002832:	9b09      	ldr	r3, [sp, #36]	; 0x24
10002834:	9403      	str	r4, [sp, #12]
10002836:	9200      	str	r2, [sp, #0]
10002838:	9301      	str	r3, [sp, #4]
1000283a:	4649      	mov	r1, r9
1000283c:	465b      	mov	r3, fp
1000283e:	0028      	movs	r0, r5
10002840:	9a0c      	ldr	r2, [sp, #48]	; 0x30
10002842:	f000 f98b 	bl	10002b5c <_ftoa>
10002846:	0004      	movs	r4, r0
10002848:	2f00      	cmp	r7, #0
1000284a:	d062      	beq.n	10002912 <_etoa+0x202>
1000284c:	9b28      	ldr	r3, [sp, #160]	; 0xa0
1000284e:	0022      	movs	r2, r4
10002850:	0698      	lsls	r0, r3, #26
10002852:	231f      	movs	r3, #31
10002854:	17c0      	asrs	r0, r0, #31
10002856:	4398      	bics	r0, r3
10002858:	1c63      	adds	r3, r4, #1
1000285a:	4698      	mov	r8, r3
1000285c:	4649      	mov	r1, r9
1000285e:	465b      	mov	r3, fp
10002860:	3065      	adds	r0, #101	; 0x65
10002862:	47a8      	blx	r5
10002864:	9b0d      	ldr	r3, [sp, #52]	; 0x34
10002866:	2500      	movs	r5, #0
10002868:	17da      	asrs	r2, r3, #31
1000286a:	189c      	adds	r4, r3, r2
1000286c:	0fdb      	lsrs	r3, r3, #31
1000286e:	469a      	mov	sl, r3
10002870:	4054      	eors	r4, r2
10002872:	3f01      	subs	r7, #1
10002874:	e001      	b.n	1000287a <_etoa+0x16a>
10002876:	2d20      	cmp	r5, #32
10002878:	d013      	beq.n	100028a2 <_etoa+0x192>
1000287a:	aa0a      	add	r2, sp, #40	; 0x28
1000287c:	4694      	mov	ip, r2
1000287e:	231f      	movs	r3, #31
10002880:	0020      	movs	r0, r4
10002882:	4463      	add	r3, ip
10002884:	210a      	movs	r1, #10
10002886:	3501      	adds	r5, #1
10002888:	195e      	adds	r6, r3, r5
1000288a:	f7ff fa1d 	bl	10001cc8 <__wrap___aeabi_uidiv>
1000288e:	3130      	adds	r1, #48	; 0x30
10002890:	7031      	strb	r1, [r6, #0]
10002892:	0020      	movs	r0, r4
10002894:	210a      	movs	r1, #10
10002896:	f7ff fa17 	bl	10001cc8 <__wrap___aeabi_uidiv>
1000289a:	0026      	movs	r6, r4
1000289c:	0004      	movs	r4, r0
1000289e:	2e09      	cmp	r6, #9
100028a0:	d8e9      	bhi.n	10002876 <_etoa+0x166>
100028a2:	2305      	movs	r3, #5
100028a4:	9306      	str	r3, [sp, #24]
100028a6:	2300      	movs	r3, #0
100028a8:	9304      	str	r3, [sp, #16]
100028aa:	330a      	adds	r3, #10
100028ac:	9303      	str	r3, [sp, #12]
100028ae:	4653      	mov	r3, sl
100028b0:	9705      	str	r7, [sp, #20]
100028b2:	9f0b      	ldr	r7, [sp, #44]	; 0x2c
100028b4:	9302      	str	r3, [sp, #8]
100028b6:	ab12      	add	r3, sp, #72	; 0x48
100028b8:	9300      	str	r3, [sp, #0]
100028ba:	4642      	mov	r2, r8
100028bc:	465b      	mov	r3, fp
100028be:	4649      	mov	r1, r9
100028c0:	0038      	movs	r0, r7
100028c2:	9501      	str	r5, [sp, #4]
100028c4:	f7ff fe2e 	bl	10002524 <_ntoa_format>
100028c8:	9b0e      	ldr	r3, [sp, #56]	; 0x38
100028ca:	0004      	movs	r4, r0
100028cc:	2b00      	cmp	r3, #0
100028ce:	d020      	beq.n	10002912 <_etoa+0x202>
100028d0:	9b0c      	ldr	r3, [sp, #48]	; 0x30
100028d2:	1ac5      	subs	r5, r0, r3
100028d4:	9b27      	ldr	r3, [sp, #156]	; 0x9c
100028d6:	42ab      	cmp	r3, r5
100028d8:	d91b      	bls.n	10002912 <_etoa+0x202>
100028da:	001e      	movs	r6, r3
100028dc:	0022      	movs	r2, r4
100028de:	465b      	mov	r3, fp
100028e0:	4649      	mov	r1, r9
100028e2:	2020      	movs	r0, #32
100028e4:	3501      	adds	r5, #1
100028e6:	47b8      	blx	r7
100028e8:	3401      	adds	r4, #1
100028ea:	42ae      	cmp	r6, r5
100028ec:	d8f6      	bhi.n	100028dc <_etoa+0x1cc>
100028ee:	e010      	b.n	10002912 <_etoa+0x202>
100028f0:	9b28      	ldr	r3, [sp, #160]	; 0xa0
100028f2:	4642      	mov	r2, r8
100028f4:	9304      	str	r3, [sp, #16]
100028f6:	9b27      	ldr	r3, [sp, #156]	; 0x9c
100028f8:	4649      	mov	r1, r9
100028fa:	9303      	str	r3, [sp, #12]
100028fc:	9b26      	ldr	r3, [sp, #152]	; 0x98
100028fe:	980b      	ldr	r0, [sp, #44]	; 0x2c
10002900:	9302      	str	r3, [sp, #8]
10002902:	4653      	mov	r3, sl
10002904:	9200      	str	r2, [sp, #0]
10002906:	9301      	str	r3, [sp, #4]
10002908:	465b      	mov	r3, fp
1000290a:	9a0c      	ldr	r2, [sp, #48]	; 0x30
1000290c:	f000 f926 	bl	10002b5c <_ftoa>
10002910:	0004      	movs	r4, r0
10002912:	0020      	movs	r0, r4
10002914:	b01b      	add	sp, #108	; 0x6c
10002916:	bcf0      	pop	{r4, r5, r6, r7}
10002918:	46bb      	mov	fp, r7
1000291a:	46b2      	mov	sl, r6
1000291c:	46a9      	mov	r9, r5
1000291e:	46a0      	mov	r8, r4
10002920:	bdf0      	pop	{r4, r5, r6, r7, pc}
10002922:	46c0      	nop			; (mov r8, r8)
10002924:	7fefffff 	.word	0x7fefffff
10002928:	ffefffff 	.word	0xffefffff
1000292c:	fffff7ff 	.word	0xfffff7ff
10002930:	4b73      	ldr	r3, [pc, #460]	; (10002b00 <_etoa+0x3f0>)
10002932:	9f09      	ldr	r7, [sp, #36]	; 0x24
10002934:	469c      	mov	ip, r3
10002936:	0078      	lsls	r0, r7, #1
10002938:	0d40      	lsrs	r0, r0, #21
1000293a:	4460      	add	r0, ip
1000293c:	f7ff fc8e 	bl	1000225c <__wrap___aeabi_i2d>
10002940:	4a70      	ldr	r2, [pc, #448]	; (10002b04 <_etoa+0x3f4>)
10002942:	4b71      	ldr	r3, [pc, #452]	; (10002b08 <_etoa+0x3f8>)
10002944:	f7ff fc1f 	bl	10002186 <__wrap___aeabi_dmul>
10002948:	4a70      	ldr	r2, [pc, #448]	; (10002b0c <_etoa+0x3fc>)
1000294a:	4b71      	ldr	r3, [pc, #452]	; (10002b10 <_etoa+0x400>)
1000294c:	f7ff fbfc 	bl	10002148 <__wrap___aeabi_dadd>
10002950:	033b      	lsls	r3, r7, #12
10002952:	4a70      	ldr	r2, [pc, #448]	; (10002b14 <_etoa+0x404>)
10002954:	0b1b      	lsrs	r3, r3, #12
10002956:	431a      	orrs	r2, r3
10002958:	0004      	movs	r4, r0
1000295a:	000d      	movs	r5, r1
1000295c:	0030      	movs	r0, r6
1000295e:	0011      	movs	r1, r2
10002960:	4b6d      	ldr	r3, [pc, #436]	; (10002b18 <_etoa+0x408>)
10002962:	2200      	movs	r2, #0
10002964:	f7ff fbeb 	bl	1000213e <__wrap___aeabi_dsub>
10002968:	4a6c      	ldr	r2, [pc, #432]	; (10002b1c <_etoa+0x40c>)
1000296a:	4b6d      	ldr	r3, [pc, #436]	; (10002b20 <_etoa+0x410>)
1000296c:	f7ff fc0b 	bl	10002186 <__wrap___aeabi_dmul>
10002970:	0002      	movs	r2, r0
10002972:	000b      	movs	r3, r1
10002974:	0020      	movs	r0, r4
10002976:	0029      	movs	r1, r5
10002978:	f7ff fbe6 	bl	10002148 <__wrap___aeabi_dadd>
1000297c:	f7ff fc86 	bl	1000228c <__wrap___aeabi_d2iz>
10002980:	900d      	str	r0, [sp, #52]	; 0x34
10002982:	f7ff fc6b 	bl	1000225c <__wrap___aeabi_i2d>
10002986:	4a67      	ldr	r2, [pc, #412]	; (10002b24 <_etoa+0x414>)
10002988:	4b67      	ldr	r3, [pc, #412]	; (10002b28 <_etoa+0x418>)
1000298a:	0004      	movs	r4, r0
1000298c:	000d      	movs	r5, r1
1000298e:	f7ff fbfa 	bl	10002186 <__wrap___aeabi_dmul>
10002992:	2200      	movs	r2, #0
10002994:	4b65      	ldr	r3, [pc, #404]	; (10002b2c <_etoa+0x41c>)
10002996:	f7ff fbd7 	bl	10002148 <__wrap___aeabi_dadd>
1000299a:	f7ff fc77 	bl	1000228c <__wrap___aeabi_d2iz>
1000299e:	4a64      	ldr	r2, [pc, #400]	; (10002b30 <_etoa+0x420>)
100029a0:	0006      	movs	r6, r0
100029a2:	4b64      	ldr	r3, [pc, #400]	; (10002b34 <_etoa+0x424>)
100029a4:	0020      	movs	r0, r4
100029a6:	0029      	movs	r1, r5
100029a8:	f7ff fbed 	bl	10002186 <__wrap___aeabi_dmul>
100029ac:	0004      	movs	r4, r0
100029ae:	0030      	movs	r0, r6
100029b0:	000d      	movs	r5, r1
100029b2:	960f      	str	r6, [sp, #60]	; 0x3c
100029b4:	f7ff fc52 	bl	1000225c <__wrap___aeabi_i2d>
100029b8:	4a5f      	ldr	r2, [pc, #380]	; (10002b38 <_etoa+0x428>)
100029ba:	4b60      	ldr	r3, [pc, #384]	; (10002b3c <_etoa+0x42c>)
100029bc:	f7ff fbe3 	bl	10002186 <__wrap___aeabi_dmul>
100029c0:	0002      	movs	r2, r0
100029c2:	000b      	movs	r3, r1
100029c4:	0020      	movs	r0, r4
100029c6:	0029      	movs	r1, r5
100029c8:	f7ff fbb9 	bl	1000213e <__wrap___aeabi_dsub>
100029cc:	0002      	movs	r2, r0
100029ce:	000b      	movs	r3, r1
100029d0:	0006      	movs	r6, r0
100029d2:	000f      	movs	r7, r1
100029d4:	f7ff fbd7 	bl	10002186 <__wrap___aeabi_dmul>
100029d8:	0032      	movs	r2, r6
100029da:	0004      	movs	r4, r0
100029dc:	000d      	movs	r5, r1
100029de:	003b      	movs	r3, r7
100029e0:	0030      	movs	r0, r6
100029e2:	0039      	movs	r1, r7
100029e4:	f7ff fbb0 	bl	10002148 <__wrap___aeabi_dadd>
100029e8:	2200      	movs	r2, #0
100029ea:	9010      	str	r0, [sp, #64]	; 0x40
100029ec:	9111      	str	r1, [sp, #68]	; 0x44
100029ee:	4b54      	ldr	r3, [pc, #336]	; (10002b40 <_etoa+0x430>)
100029f0:	0020      	movs	r0, r4
100029f2:	0029      	movs	r1, r5
100029f4:	f7ff fbad 	bl	10002152 <__wrap___aeabi_ddiv>
100029f8:	2200      	movs	r2, #0
100029fa:	4b52      	ldr	r3, [pc, #328]	; (10002b44 <_etoa+0x434>)
100029fc:	f7ff fba4 	bl	10002148 <__wrap___aeabi_dadd>
10002a00:	0002      	movs	r2, r0
10002a02:	000b      	movs	r3, r1
10002a04:	0020      	movs	r0, r4
10002a06:	0029      	movs	r1, r5
10002a08:	f7ff fba3 	bl	10002152 <__wrap___aeabi_ddiv>
10002a0c:	2200      	movs	r2, #0
10002a0e:	4b4e      	ldr	r3, [pc, #312]	; (10002b48 <_etoa+0x438>)
10002a10:	f7ff fb9a 	bl	10002148 <__wrap___aeabi_dadd>
10002a14:	0002      	movs	r2, r0
10002a16:	000b      	movs	r3, r1
10002a18:	0020      	movs	r0, r4
10002a1a:	0029      	movs	r1, r5
10002a1c:	f7ff fb99 	bl	10002152 <__wrap___aeabi_ddiv>
10002a20:	000d      	movs	r5, r1
10002a22:	2180      	movs	r1, #128	; 0x80
10002a24:	0004      	movs	r4, r0
10002a26:	0032      	movs	r2, r6
10002a28:	003b      	movs	r3, r7
10002a2a:	2000      	movs	r0, #0
10002a2c:	05c9      	lsls	r1, r1, #23
10002a2e:	f7ff fb86 	bl	1000213e <__wrap___aeabi_dsub>
10002a32:	0002      	movs	r2, r0
10002a34:	000b      	movs	r3, r1
10002a36:	0020      	movs	r0, r4
10002a38:	0029      	movs	r1, r5
10002a3a:	f7ff fb85 	bl	10002148 <__wrap___aeabi_dadd>
10002a3e:	0002      	movs	r2, r0
10002a40:	000b      	movs	r3, r1
10002a42:	9810      	ldr	r0, [sp, #64]	; 0x40
10002a44:	9911      	ldr	r1, [sp, #68]	; 0x44
10002a46:	f7ff fb84 	bl	10002152 <__wrap___aeabi_ddiv>
10002a4a:	2200      	movs	r2, #0
10002a4c:	4b31      	ldr	r3, [pc, #196]	; (10002b14 <_etoa+0x404>)
10002a4e:	f7ff fb7b 	bl	10002148 <__wrap___aeabi_dadd>
10002a52:	4b3e      	ldr	r3, [pc, #248]	; (10002b4c <_etoa+0x43c>)
10002a54:	9c0f      	ldr	r4, [sp, #60]	; 0x3c
10002a56:	469c      	mov	ip, r3
10002a58:	4464      	add	r4, ip
10002a5a:	2200      	movs	r2, #0
10002a5c:	0523      	lsls	r3, r4, #20
10002a5e:	f7ff fb92 	bl	10002186 <__wrap___aeabi_dmul>
10002a62:	0005      	movs	r5, r0
10002a64:	000e      	movs	r6, r1
10002a66:	0002      	movs	r2, r0
10002a68:	000b      	movs	r3, r1
10002a6a:	980a      	ldr	r0, [sp, #40]	; 0x28
10002a6c:	9909      	ldr	r1, [sp, #36]	; 0x24
10002a6e:	f7ff fbc9 	bl	10002204 <__wrap___aeabi_dcmplt>
10002a72:	2800      	cmp	r0, #0
10002a74:	d00a      	beq.n	10002a8c <_etoa+0x37c>
10002a76:	9b0d      	ldr	r3, [sp, #52]	; 0x34
10002a78:	0028      	movs	r0, r5
10002a7a:	3b01      	subs	r3, #1
10002a7c:	0031      	movs	r1, r6
10002a7e:	930d      	str	r3, [sp, #52]	; 0x34
10002a80:	2200      	movs	r2, #0
10002a82:	4b30      	ldr	r3, [pc, #192]	; (10002b44 <_etoa+0x434>)
10002a84:	f7ff fb65 	bl	10002152 <__wrap___aeabi_ddiv>
10002a88:	0005      	movs	r5, r0
10002a8a:	000e      	movs	r6, r1
10002a8c:	27c6      	movs	r7, #198	; 0xc6
10002a8e:	990d      	ldr	r1, [sp, #52]	; 0x34
10002a90:	002b      	movs	r3, r5
10002a92:	3163      	adds	r1, #99	; 0x63
10002a94:	428f      	cmp	r7, r1
10002a96:	41bf      	sbcs	r7, r7
10002a98:	9928      	ldr	r1, [sp, #160]	; 0xa0
10002a9a:	427f      	negs	r7, r7
10002a9c:	3704      	adds	r7, #4
10002a9e:	0509      	lsls	r1, r1, #20
10002aa0:	d400      	bmi.n	10002aa4 <_etoa+0x394>
10002aa2:	e695      	b.n	100027d0 <_etoa+0xc0>
10002aa4:	4333      	orrs	r3, r6
10002aa6:	d100      	bne.n	10002aaa <_etoa+0x39a>
10002aa8:	e682      	b.n	100027b0 <_etoa+0xa0>
10002aaa:	9c09      	ldr	r4, [sp, #36]	; 0x24
10002aac:	4a28      	ldr	r2, [pc, #160]	; (10002b50 <_etoa+0x440>)
10002aae:	0021      	movs	r1, r4
10002ab0:	4b28      	ldr	r3, [pc, #160]	; (10002b54 <_etoa+0x444>)
10002ab2:	980a      	ldr	r0, [sp, #40]	; 0x28
10002ab4:	f7ff fbb4 	bl	10002220 <__wrap___aeabi_dcmpge>
10002ab8:	2800      	cmp	r0, #0
10002aba:	d008      	beq.n	10002ace <_etoa+0x3be>
10002abc:	2200      	movs	r2, #0
10002abe:	0021      	movs	r1, r4
10002ac0:	4b25      	ldr	r3, [pc, #148]	; (10002b58 <_etoa+0x448>)
10002ac2:	980a      	ldr	r0, [sp, #40]	; 0x28
10002ac4:	f7ff fb9e 	bl	10002204 <__wrap___aeabi_dcmplt>
10002ac8:	2800      	cmp	r0, #0
10002aca:	d000      	beq.n	10002ace <_etoa+0x3be>
10002acc:	e670      	b.n	100027b0 <_etoa+0xa0>
10002ace:	9b26      	ldr	r3, [sp, #152]	; 0x98
10002ad0:	2b00      	cmp	r3, #0
10002ad2:	d100      	bne.n	10002ad6 <_etoa+0x3c6>
10002ad4:	e67c      	b.n	100027d0 <_etoa+0xc0>
10002ad6:	9b0e      	ldr	r3, [sp, #56]	; 0x38
10002ad8:	1e5a      	subs	r2, r3, #1
10002ada:	4193      	sbcs	r3, r2
10002adc:	9a26      	ldr	r2, [sp, #152]	; 0x98
10002ade:	1ad3      	subs	r3, r2, r3
10002ae0:	9326      	str	r3, [sp, #152]	; 0x98
10002ae2:	e675      	b.n	100027d0 <_etoa+0xc0>
10002ae4:	2300      	movs	r3, #0
10002ae6:	2704      	movs	r7, #4
10002ae8:	930d      	str	r3, [sp, #52]	; 0x34
10002aea:	e671      	b.n	100027d0 <_etoa+0xc0>
10002aec:	4643      	mov	r3, r8
10002aee:	930a      	str	r3, [sp, #40]	; 0x28
10002af0:	2380      	movs	r3, #128	; 0x80
10002af2:	061b      	lsls	r3, r3, #24
10002af4:	4453      	add	r3, sl
10002af6:	9309      	str	r3, [sp, #36]	; 0x24
10002af8:	e642      	b.n	10002780 <_etoa+0x70>
10002afa:	2300      	movs	r3, #0
10002afc:	9326      	str	r3, [sp, #152]	; 0x98
10002afe:	e65f      	b.n	100027c0 <_etoa+0xb0>
10002b00:	fffffc01 	.word	0xfffffc01
10002b04:	509f79fb 	.word	0x509f79fb
10002b08:	3fd34413 	.word	0x3fd34413
10002b0c:	8b60c8b3 	.word	0x8b60c8b3
10002b10:	3fc68a28 	.word	0x3fc68a28
10002b14:	3ff00000 	.word	0x3ff00000
10002b18:	3ff80000 	.word	0x3ff80000
10002b1c:	636f4361 	.word	0x636f4361
10002b20:	3fd287a7 	.word	0x3fd287a7
10002b24:	0979a371 	.word	0x0979a371
10002b28:	400a934f 	.word	0x400a934f
10002b2c:	3fe00000 	.word	0x3fe00000
10002b30:	bbb55516 	.word	0xbbb55516
10002b34:	40026bb1 	.word	0x40026bb1
10002b38:	fefa39ef 	.word	0xfefa39ef
10002b3c:	3fe62e42 	.word	0x3fe62e42
10002b40:	402c0000 	.word	0x402c0000
10002b44:	40240000 	.word	0x40240000
10002b48:	40180000 	.word	0x40180000
10002b4c:	000003ff 	.word	0x000003ff
10002b50:	eb1c432d 	.word	0xeb1c432d
10002b54:	3f1a36e2 	.word	0x3f1a36e2
10002b58:	412e8480 	.word	0x412e8480

10002b5c <_ftoa>:
10002b5c:	b5f0      	push	{r4, r5, r6, r7, lr}
10002b5e:	464e      	mov	r6, r9
10002b60:	46de      	mov	lr, fp
10002b62:	4657      	mov	r7, sl
10002b64:	4645      	mov	r5, r8
10002b66:	b5e0      	push	{r5, r6, r7, lr}
10002b68:	b097      	sub	sp, #92	; 0x5c
10002b6a:	4699      	mov	r9, r3
10002b6c:	9e20      	ldr	r6, [sp, #128]	; 0x80
10002b6e:	9f21      	ldr	r7, [sp, #132]	; 0x84
10002b70:	9b22      	ldr	r3, [sp, #136]	; 0x88
10002b72:	4683      	mov	fp, r0
10002b74:	4698      	mov	r8, r3
10002b76:	9107      	str	r1, [sp, #28]
10002b78:	920c      	str	r2, [sp, #48]	; 0x30
10002b7a:	003b      	movs	r3, r7
10002b7c:	0032      	movs	r2, r6
10002b7e:	0030      	movs	r0, r6
10002b80:	0039      	movs	r1, r7
10002b82:	f7ff fb5a 	bl	1000223a <__wrap___aeabi_dcmpun>
10002b86:	2800      	cmp	r0, #0
10002b88:	d000      	beq.n	10002b8c <_ftoa+0x30>
10002b8a:	e1a9      	b.n	10002ee0 <_ftoa+0x384>
10002b8c:	2201      	movs	r2, #1
10002b8e:	0030      	movs	r0, r6
10002b90:	0039      	movs	r1, r7
10002b92:	4bca      	ldr	r3, [pc, #808]	; (10002ebc <_ftoa+0x360>)
10002b94:	4252      	negs	r2, r2
10002b96:	f7ff fb35 	bl	10002204 <__wrap___aeabi_dcmplt>
10002b9a:	2800      	cmp	r0, #0
10002b9c:	d000      	beq.n	10002ba0 <_ftoa+0x44>
10002b9e:	e0e1      	b.n	10002d64 <_ftoa+0x208>
10002ba0:	2201      	movs	r2, #1
10002ba2:	0030      	movs	r0, r6
10002ba4:	0039      	movs	r1, r7
10002ba6:	4bc6      	ldr	r3, [pc, #792]	; (10002ec0 <_ftoa+0x364>)
10002ba8:	4252      	negs	r2, r2
10002baa:	f7ff fb41 	bl	10002230 <__wrap___aeabi_dcmpgt>
10002bae:	2800      	cmp	r0, #0
10002bb0:	d000      	beq.n	10002bb4 <_ftoa+0x58>
10002bb2:	e0b7      	b.n	10002d24 <_ftoa+0x1c8>
10002bb4:	2200      	movs	r2, #0
10002bb6:	0030      	movs	r0, r6
10002bb8:	0039      	movs	r1, r7
10002bba:	4bc2      	ldr	r3, [pc, #776]	; (10002ec4 <_ftoa+0x368>)
10002bbc:	f7ff fb38 	bl	10002230 <__wrap___aeabi_dcmpgt>
10002bc0:	2800      	cmp	r0, #0
10002bc2:	d000      	beq.n	10002bc6 <_ftoa+0x6a>
10002bc4:	e099      	b.n	10002cfa <_ftoa+0x19e>
10002bc6:	2200      	movs	r2, #0
10002bc8:	0030      	movs	r0, r6
10002bca:	0039      	movs	r1, r7
10002bcc:	4bbe      	ldr	r3, [pc, #760]	; (10002ec8 <_ftoa+0x36c>)
10002bce:	f7ff fb19 	bl	10002204 <__wrap___aeabi_dcmplt>
10002bd2:	2800      	cmp	r0, #0
10002bd4:	d000      	beq.n	10002bd8 <_ftoa+0x7c>
10002bd6:	e090      	b.n	10002cfa <_ftoa+0x19e>
10002bd8:	2200      	movs	r2, #0
10002bda:	2300      	movs	r3, #0
10002bdc:	0030      	movs	r0, r6
10002bde:	0039      	movs	r1, r7
10002be0:	f7ff fb10 	bl	10002204 <__wrap___aeabi_dcmplt>
10002be4:	2800      	cmp	r0, #0
10002be6:	d000      	beq.n	10002bea <_ftoa+0x8e>
10002be8:	e0b1      	b.n	10002d4e <_ftoa+0x1f2>
10002bea:	2300      	movs	r3, #0
10002bec:	930d      	str	r3, [sp, #52]	; 0x34
10002bee:	9b24      	ldr	r3, [sp, #144]	; 0x90
10002bf0:	055b      	lsls	r3, r3, #21
10002bf2:	d401      	bmi.n	10002bf8 <_ftoa+0x9c>
10002bf4:	2306      	movs	r3, #6
10002bf6:	4698      	mov	r8, r3
10002bf8:	ab08      	add	r3, sp, #32
10002bfa:	469c      	mov	ip, r3
10002bfc:	2217      	movs	r2, #23
10002bfe:	2400      	movs	r4, #0
10002c00:	2330      	movs	r3, #48	; 0x30
10002c02:	4641      	mov	r1, r8
10002c04:	4462      	add	r2, ip
10002c06:	e004      	b.n	10002c12 <_ftoa+0xb6>
10002c08:	3401      	adds	r4, #1
10002c0a:	5513      	strb	r3, [r2, r4]
10002c0c:	3901      	subs	r1, #1
10002c0e:	2c20      	cmp	r4, #32
10002c10:	d001      	beq.n	10002c16 <_ftoa+0xba>
10002c12:	2909      	cmp	r1, #9
10002c14:	d8f8      	bhi.n	10002c08 <_ftoa+0xac>
10002c16:	4688      	mov	r8, r1
10002c18:	0030      	movs	r0, r6
10002c1a:	0039      	movs	r1, r7
10002c1c:	f7ff fb36 	bl	1000228c <__wrap___aeabi_d2iz>
10002c20:	4643      	mov	r3, r8
10002c22:	00da      	lsls	r2, r3, #3
10002c24:	4ba9      	ldr	r3, [pc, #676]	; (10002ecc <_ftoa+0x370>)
10002c26:	0005      	movs	r5, r0
10002c28:	189b      	adds	r3, r3, r2
10002c2a:	681a      	ldr	r2, [r3, #0]
10002c2c:	685b      	ldr	r3, [r3, #4]
10002c2e:	9208      	str	r2, [sp, #32]
10002c30:	9309      	str	r3, [sp, #36]	; 0x24
10002c32:	f7ff fb13 	bl	1000225c <__wrap___aeabi_i2d>
10002c36:	0002      	movs	r2, r0
10002c38:	000b      	movs	r3, r1
10002c3a:	0030      	movs	r0, r6
10002c3c:	0039      	movs	r1, r7
10002c3e:	f7ff fa7e 	bl	1000213e <__wrap___aeabi_dsub>
10002c42:	9a08      	ldr	r2, [sp, #32]
10002c44:	9b09      	ldr	r3, [sp, #36]	; 0x24
10002c46:	f7ff fa9e 	bl	10002186 <__wrap___aeabi_dmul>
10002c4a:	900a      	str	r0, [sp, #40]	; 0x28
10002c4c:	910b      	str	r1, [sp, #44]	; 0x2c
10002c4e:	f7ff fb41 	bl	100022d4 <__wrap___aeabi_d2uiz>
10002c52:	4682      	mov	sl, r0
10002c54:	f7ff fafe 	bl	10002254 <__wrap___aeabi_ui2d>
10002c58:	0002      	movs	r2, r0
10002c5a:	000b      	movs	r3, r1
10002c5c:	980a      	ldr	r0, [sp, #40]	; 0x28
10002c5e:	990b      	ldr	r1, [sp, #44]	; 0x2c
10002c60:	f7ff fa6d 	bl	1000213e <__wrap___aeabi_dsub>
10002c64:	2200      	movs	r2, #0
10002c66:	4b9a      	ldr	r3, [pc, #616]	; (10002ed0 <_ftoa+0x374>)
10002c68:	900a      	str	r0, [sp, #40]	; 0x28
10002c6a:	910b      	str	r1, [sp, #44]	; 0x2c
10002c6c:	f7ff fae0 	bl	10002230 <__wrap___aeabi_dcmpgt>
10002c70:	2800      	cmp	r0, #0
10002c72:	d100      	bne.n	10002c76 <_ftoa+0x11a>
10002c74:	e0c0      	b.n	10002df8 <_ftoa+0x29c>
10002c76:	2301      	movs	r3, #1
10002c78:	469c      	mov	ip, r3
10002c7a:	44e2      	add	sl, ip
10002c7c:	4650      	mov	r0, sl
10002c7e:	f7ff fae9 	bl	10002254 <__wrap___aeabi_ui2d>
10002c82:	0002      	movs	r2, r0
10002c84:	000b      	movs	r3, r1
10002c86:	9808      	ldr	r0, [sp, #32]
10002c88:	9909      	ldr	r1, [sp, #36]	; 0x24
10002c8a:	f7ff fac1 	bl	10002210 <__wrap___aeabi_dcmple>
10002c8e:	2800      	cmp	r0, #0
10002c90:	d002      	beq.n	10002c98 <_ftoa+0x13c>
10002c92:	2300      	movs	r3, #0
10002c94:	469a      	mov	sl, r3
10002c96:	3501      	adds	r5, #1
10002c98:	4643      	mov	r3, r8
10002c9a:	2b00      	cmp	r3, #0
10002c9c:	d06a      	beq.n	10002d74 <_ftoa+0x218>
10002c9e:	ab08      	add	r3, sp, #32
10002ca0:	2617      	movs	r6, #23
10002ca2:	469c      	mov	ip, r3
10002ca4:	9508      	str	r5, [sp, #32]
10002ca6:	4466      	add	r6, ip
10002ca8:	4655      	mov	r5, sl
10002caa:	e014      	b.n	10002cd6 <_ftoa+0x17a>
10002cac:	2301      	movs	r3, #1
10002cae:	425b      	negs	r3, r3
10002cb0:	4443      	add	r3, r8
10002cb2:	210a      	movs	r1, #10
10002cb4:	0028      	movs	r0, r5
10002cb6:	469a      	mov	sl, r3
10002cb8:	f7ff f806 	bl	10001cc8 <__wrap___aeabi_uidiv>
10002cbc:	3401      	adds	r4, #1
10002cbe:	3130      	adds	r1, #48	; 0x30
10002cc0:	1937      	adds	r7, r6, r4
10002cc2:	7039      	strb	r1, [r7, #0]
10002cc4:	0028      	movs	r0, r5
10002cc6:	210a      	movs	r1, #10
10002cc8:	f7fe fffe 	bl	10001cc8 <__wrap___aeabi_uidiv>
10002ccc:	2d09      	cmp	r5, #9
10002cce:	d800      	bhi.n	10002cd2 <_ftoa+0x176>
10002cd0:	e0d0      	b.n	10002e74 <_ftoa+0x318>
10002cd2:	46d0      	mov	r8, sl
10002cd4:	0005      	movs	r5, r0
10002cd6:	2c20      	cmp	r4, #32
10002cd8:	d1e8      	bne.n	10002cac <_ftoa+0x150>
10002cda:	ab0e      	add	r3, sp, #56	; 0x38
10002cdc:	4698      	mov	r8, r3
10002cde:	2303      	movs	r3, #3
10002ce0:	9a24      	ldr	r2, [sp, #144]	; 0x90
10002ce2:	4013      	ands	r3, r2
10002ce4:	2b01      	cmp	r3, #1
10002ce6:	d100      	bne.n	10002cea <_ftoa+0x18e>
10002ce8:	e096      	b.n	10002e18 <_ftoa+0x2bc>
10002cea:	2320      	movs	r3, #32
10002cec:	9a24      	ldr	r2, [sp, #144]	; 0x90
10002cee:	9301      	str	r3, [sp, #4]
10002cf0:	9203      	str	r2, [sp, #12]
10002cf2:	9a23      	ldr	r2, [sp, #140]	; 0x8c
10002cf4:	4643      	mov	r3, r8
10002cf6:	9202      	str	r2, [sp, #8]
10002cf8:	e01e      	b.n	10002d38 <_ftoa+0x1dc>
10002cfa:	9b24      	ldr	r3, [sp, #144]	; 0x90
10002cfc:	4658      	mov	r0, fp
10002cfe:	9304      	str	r3, [sp, #16]
10002d00:	9b23      	ldr	r3, [sp, #140]	; 0x8c
10002d02:	9600      	str	r6, [sp, #0]
10002d04:	9701      	str	r7, [sp, #4]
10002d06:	9303      	str	r3, [sp, #12]
10002d08:	4643      	mov	r3, r8
10002d0a:	9a0c      	ldr	r2, [sp, #48]	; 0x30
10002d0c:	9302      	str	r3, [sp, #8]
10002d0e:	9907      	ldr	r1, [sp, #28]
10002d10:	464b      	mov	r3, r9
10002d12:	f7ff fcfd 	bl	10002710 <_etoa>
10002d16:	b017      	add	sp, #92	; 0x5c
10002d18:	bcf0      	pop	{r4, r5, r6, r7}
10002d1a:	46bb      	mov	fp, r7
10002d1c:	46b2      	mov	sl, r6
10002d1e:	46a9      	mov	r9, r5
10002d20:	46a0      	mov	r8, r4
10002d22:	bdf0      	pop	{r4, r5, r6, r7, pc}
10002d24:	9b24      	ldr	r3, [sp, #144]	; 0x90
10002d26:	075b      	lsls	r3, r3, #29
10002d28:	d40e      	bmi.n	10002d48 <_ftoa+0x1ec>
10002d2a:	2203      	movs	r2, #3
10002d2c:	4b69      	ldr	r3, [pc, #420]	; (10002ed4 <_ftoa+0x378>)
10002d2e:	9924      	ldr	r1, [sp, #144]	; 0x90
10002d30:	9201      	str	r2, [sp, #4]
10002d32:	9103      	str	r1, [sp, #12]
10002d34:	9923      	ldr	r1, [sp, #140]	; 0x8c
10002d36:	9102      	str	r1, [sp, #8]
10002d38:	9300      	str	r3, [sp, #0]
10002d3a:	4658      	mov	r0, fp
10002d3c:	464b      	mov	r3, r9
10002d3e:	9a0c      	ldr	r2, [sp, #48]	; 0x30
10002d40:	9907      	ldr	r1, [sp, #28]
10002d42:	f7ff fba1 	bl	10002488 <_out_rev>
10002d46:	e7e6      	b.n	10002d16 <_ftoa+0x1ba>
10002d48:	2204      	movs	r2, #4
10002d4a:	4b63      	ldr	r3, [pc, #396]	; (10002ed8 <_ftoa+0x37c>)
10002d4c:	e7ef      	b.n	10002d2e <_ftoa+0x1d2>
10002d4e:	003b      	movs	r3, r7
10002d50:	0032      	movs	r2, r6
10002d52:	2000      	movs	r0, #0
10002d54:	2100      	movs	r1, #0
10002d56:	f7ff f9f2 	bl	1000213e <__wrap___aeabi_dsub>
10002d5a:	2301      	movs	r3, #1
10002d5c:	0006      	movs	r6, r0
10002d5e:	000f      	movs	r7, r1
10002d60:	930d      	str	r3, [sp, #52]	; 0x34
10002d62:	e744      	b.n	10002bee <_ftoa+0x92>
10002d64:	9b24      	ldr	r3, [sp, #144]	; 0x90
10002d66:	9303      	str	r3, [sp, #12]
10002d68:	9b23      	ldr	r3, [sp, #140]	; 0x8c
10002d6a:	9302      	str	r3, [sp, #8]
10002d6c:	2304      	movs	r3, #4
10002d6e:	9301      	str	r3, [sp, #4]
10002d70:	4b5a      	ldr	r3, [pc, #360]	; (10002edc <_ftoa+0x380>)
10002d72:	e7e1      	b.n	10002d38 <_ftoa+0x1dc>
10002d74:	0028      	movs	r0, r5
10002d76:	f7ff fa71 	bl	1000225c <__wrap___aeabi_i2d>
10002d7a:	0002      	movs	r2, r0
10002d7c:	000b      	movs	r3, r1
10002d7e:	0030      	movs	r0, r6
10002d80:	0039      	movs	r1, r7
10002d82:	f7ff f9dc 	bl	1000213e <__wrap___aeabi_dsub>
10002d86:	4b52      	ldr	r3, [pc, #328]	; (10002ed0 <_ftoa+0x374>)
10002d88:	2200      	movs	r2, #0
10002d8a:	0006      	movs	r6, r0
10002d8c:	000f      	movs	r7, r1
10002d8e:	f7ff fa39 	bl	10002204 <__wrap___aeabi_dcmplt>
10002d92:	ab0e      	add	r3, sp, #56	; 0x38
10002d94:	4698      	mov	r8, r3
10002d96:	2800      	cmp	r0, #0
10002d98:	d10a      	bne.n	10002db0 <_ftoa+0x254>
10002d9a:	2200      	movs	r2, #0
10002d9c:	0030      	movs	r0, r6
10002d9e:	0039      	movs	r1, r7
10002da0:	4b4b      	ldr	r3, [pc, #300]	; (10002ed0 <_ftoa+0x374>)
10002da2:	f7ff fa45 	bl	10002230 <__wrap___aeabi_dcmpgt>
10002da6:	2800      	cmp	r0, #0
10002da8:	d102      	bne.n	10002db0 <_ftoa+0x254>
10002daa:	07eb      	lsls	r3, r5, #31
10002dac:	d500      	bpl.n	10002db0 <_ftoa+0x254>
10002dae:	3501      	adds	r5, #1
10002db0:	2c20      	cmp	r4, #32
10002db2:	d094      	beq.n	10002cde <_ftoa+0x182>
10002db4:	aa08      	add	r2, sp, #32
10002db6:	4694      	mov	ip, r2
10002db8:	2317      	movs	r3, #23
10002dba:	0028      	movs	r0, r5
10002dbc:	4463      	add	r3, ip
10002dbe:	210a      	movs	r1, #10
10002dc0:	3401      	adds	r4, #1
10002dc2:	191e      	adds	r6, r3, r4
10002dc4:	f7fe ff58 	bl	10001c78 <__wrap___aeabi_idiv>
10002dc8:	3130      	adds	r1, #48	; 0x30
10002dca:	0028      	movs	r0, r5
10002dcc:	7031      	strb	r1, [r6, #0]
10002dce:	210a      	movs	r1, #10
10002dd0:	f7fe ff52 	bl	10001c78 <__wrap___aeabi_idiv>
10002dd4:	1e05      	subs	r5, r0, #0
10002dd6:	d1eb      	bne.n	10002db0 <_ftoa+0x254>
10002dd8:	2303      	movs	r3, #3
10002dda:	9a24      	ldr	r2, [sp, #144]	; 0x90
10002ddc:	4013      	ands	r3, r2
10002dde:	2b01      	cmp	r3, #1
10002de0:	d01b      	beq.n	10002e1a <_ftoa+0x2be>
10002de2:	2c20      	cmp	r4, #32
10002de4:	d100      	bne.n	10002de8 <_ftoa+0x28c>
10002de6:	e780      	b.n	10002cea <_ftoa+0x18e>
10002de8:	9b0d      	ldr	r3, [sp, #52]	; 0x34
10002dea:	2b00      	cmp	r3, #0
10002dec:	d035      	beq.n	10002e5a <_ftoa+0x2fe>
10002dee:	222d      	movs	r2, #45	; 0x2d
10002df0:	4641      	mov	r1, r8
10002df2:	1c63      	adds	r3, r4, #1
10002df4:	550a      	strb	r2, [r1, r4]
10002df6:	e779      	b.n	10002cec <_ftoa+0x190>
10002df8:	2200      	movs	r2, #0
10002dfa:	980a      	ldr	r0, [sp, #40]	; 0x28
10002dfc:	990b      	ldr	r1, [sp, #44]	; 0x2c
10002dfe:	4b34      	ldr	r3, [pc, #208]	; (10002ed0 <_ftoa+0x374>)
10002e00:	f7ff fa00 	bl	10002204 <__wrap___aeabi_dcmplt>
10002e04:	2800      	cmp	r0, #0
10002e06:	d000      	beq.n	10002e0a <_ftoa+0x2ae>
10002e08:	e746      	b.n	10002c98 <_ftoa+0x13c>
10002e0a:	4653      	mov	r3, sl
10002e0c:	2b00      	cmp	r3, #0
10002e0e:	d151      	bne.n	10002eb4 <_ftoa+0x358>
10002e10:	2301      	movs	r3, #1
10002e12:	469c      	mov	ip, r3
10002e14:	44e2      	add	sl, ip
10002e16:	e73f      	b.n	10002c98 <_ftoa+0x13c>
10002e18:	2420      	movs	r4, #32
10002e1a:	9b23      	ldr	r3, [sp, #140]	; 0x8c
10002e1c:	2b00      	cmp	r3, #0
10002e1e:	d0e0      	beq.n	10002de2 <_ftoa+0x286>
10002e20:	9b0d      	ldr	r3, [sp, #52]	; 0x34
10002e22:	2b00      	cmp	r3, #0
10002e24:	d103      	bne.n	10002e2e <_ftoa+0x2d2>
10002e26:	9a24      	ldr	r2, [sp, #144]	; 0x90
10002e28:	330c      	adds	r3, #12
10002e2a:	4213      	tst	r3, r2
10002e2c:	d002      	beq.n	10002e34 <_ftoa+0x2d8>
10002e2e:	9b23      	ldr	r3, [sp, #140]	; 0x8c
10002e30:	3b01      	subs	r3, #1
10002e32:	9323      	str	r3, [sp, #140]	; 0x8c
10002e34:	9b23      	ldr	r3, [sp, #140]	; 0x8c
10002e36:	42a3      	cmp	r3, r4
10002e38:	d9d3      	bls.n	10002de2 <_ftoa+0x286>
10002e3a:	ab08      	add	r3, sp, #32
10002e3c:	469c      	mov	ip, r3
10002e3e:	2217      	movs	r2, #23
10002e40:	2330      	movs	r3, #48	; 0x30
10002e42:	4462      	add	r2, ip
10002e44:	2c20      	cmp	r4, #32
10002e46:	d100      	bne.n	10002e4a <_ftoa+0x2ee>
10002e48:	e74f      	b.n	10002cea <_ftoa+0x18e>
10002e4a:	9923      	ldr	r1, [sp, #140]	; 0x8c
10002e4c:	3401      	adds	r4, #1
10002e4e:	5513      	strb	r3, [r2, r4]
10002e50:	428c      	cmp	r4, r1
10002e52:	d0c6      	beq.n	10002de2 <_ftoa+0x286>
10002e54:	2c20      	cmp	r4, #32
10002e56:	d1f8      	bne.n	10002e4a <_ftoa+0x2ee>
10002e58:	e747      	b.n	10002cea <_ftoa+0x18e>
10002e5a:	9b24      	ldr	r3, [sp, #144]	; 0x90
10002e5c:	075b      	lsls	r3, r3, #29
10002e5e:	d424      	bmi.n	10002eaa <_ftoa+0x34e>
10002e60:	9a24      	ldr	r2, [sp, #144]	; 0x90
10002e62:	0023      	movs	r3, r4
10002e64:	0712      	lsls	r2, r2, #28
10002e66:	d400      	bmi.n	10002e6a <_ftoa+0x30e>
10002e68:	e740      	b.n	10002cec <_ftoa+0x190>
10002e6a:	2220      	movs	r2, #32
10002e6c:	4641      	mov	r1, r8
10002e6e:	3301      	adds	r3, #1
10002e70:	550a      	strb	r2, [r1, r4]
10002e72:	e73b      	b.n	10002cec <_ftoa+0x190>
10002e74:	4657      	mov	r7, sl
10002e76:	9d08      	ldr	r5, [sp, #32]
10002e78:	2c20      	cmp	r4, #32
10002e7a:	d100      	bne.n	10002e7e <_ftoa+0x322>
10002e7c:	e72d      	b.n	10002cda <_ftoa+0x17e>
10002e7e:	0022      	movs	r2, r4
10002e80:	2130      	movs	r1, #48	; 0x30
10002e82:	4640      	mov	r0, r8
10002e84:	2f00      	cmp	r7, #0
10002e86:	d009      	beq.n	10002e9c <_ftoa+0x340>
10002e88:	3201      	adds	r2, #1
10002e8a:	54b1      	strb	r1, [r6, r2]
10002e8c:	2a20      	cmp	r2, #32
10002e8e:	d100      	bne.n	10002e92 <_ftoa+0x336>
10002e90:	e723      	b.n	10002cda <_ftoa+0x17e>
10002e92:	43d3      	mvns	r3, r2
10002e94:	191b      	adds	r3, r3, r4
10002e96:	181b      	adds	r3, r3, r0
10002e98:	2b00      	cmp	r3, #0
10002e9a:	d1f5      	bne.n	10002e88 <_ftoa+0x32c>
10002e9c:	ab0e      	add	r3, sp, #56	; 0x38
10002e9e:	4698      	mov	r8, r3
10002ea0:	232e      	movs	r3, #46	; 0x2e
10002ea2:	4641      	mov	r1, r8
10002ea4:	1c54      	adds	r4, r2, #1
10002ea6:	548b      	strb	r3, [r1, r2]
10002ea8:	e782      	b.n	10002db0 <_ftoa+0x254>
10002eaa:	222b      	movs	r2, #43	; 0x2b
10002eac:	4641      	mov	r1, r8
10002eae:	1c63      	adds	r3, r4, #1
10002eb0:	550a      	strb	r2, [r1, r4]
10002eb2:	e71b      	b.n	10002cec <_ftoa+0x190>
10002eb4:	07db      	lsls	r3, r3, #31
10002eb6:	d400      	bmi.n	10002eba <_ftoa+0x35e>
10002eb8:	e6ee      	b.n	10002c98 <_ftoa+0x13c>
10002eba:	e7a9      	b.n	10002e10 <_ftoa+0x2b4>
10002ebc:	ffefffff 	.word	0xffefffff
10002ec0:	7fefffff 	.word	0x7fefffff
10002ec4:	41cdcd65 	.word	0x41cdcd65
10002ec8:	c1cdcd65 	.word	0xc1cdcd65
10002ecc:	10006d28 	.word	0x10006d28
10002ed0:	3fe00000 	.word	0x3fe00000
10002ed4:	10006b2c 	.word	0x10006b2c
10002ed8:	10006b30 	.word	0x10006b30
10002edc:	10006b3c 	.word	0x10006b3c
10002ee0:	9b24      	ldr	r3, [sp, #144]	; 0x90
10002ee2:	9303      	str	r3, [sp, #12]
10002ee4:	9b23      	ldr	r3, [sp, #140]	; 0x8c
10002ee6:	9302      	str	r3, [sp, #8]
10002ee8:	2303      	movs	r3, #3
10002eea:	9301      	str	r3, [sp, #4]
10002eec:	4b00      	ldr	r3, [pc, #0]	; (10002ef0 <_ftoa+0x394>)
10002eee:	e723      	b.n	10002d38 <_ftoa+0x1dc>
10002ef0:	10006b38 	.word	0x10006b38

10002ef4 <_vsnprintf>:
10002ef4:	b5f0      	push	{r4, r5, r6, r7, lr}
10002ef6:	46de      	mov	lr, fp
10002ef8:	464e      	mov	r6, r9
10002efa:	4657      	mov	r7, sl
10002efc:	4645      	mov	r5, r8
10002efe:	b5e0      	push	{r5, r6, r7, lr}
10002f00:	b09f      	sub	sp, #124	; 0x7c
10002f02:	001c      	movs	r4, r3
10002f04:	9b28      	ldr	r3, [sp, #160]	; 0xa0
10002f06:	4691      	mov	r9, r2
10002f08:	9309      	str	r3, [sp, #36]	; 0x24
10002f0a:	4ac9      	ldr	r2, [pc, #804]	; (10003230 <_vsnprintf+0x33c>)
10002f0c:	4bc9      	ldr	r3, [pc, #804]	; (10003234 <_vsnprintf+0x340>)
10002f0e:	468b      	mov	fp, r1
10002f10:	9008      	str	r0, [sp, #32]
10002f12:	601a      	str	r2, [r3, #0]
10002f14:	2900      	cmp	r1, #0
10002f16:	d100      	bne.n	10002f1a <_vsnprintf+0x26>
10002f18:	e218      	b.n	1000334c <_vsnprintf+0x458>
10002f1a:	2300      	movs	r3, #0
10002f1c:	7820      	ldrb	r0, [r4, #0]
10002f1e:	469a      	mov	sl, r3
10002f20:	2800      	cmp	r0, #0
10002f22:	d100      	bne.n	10002f26 <_vsnprintf+0x32>
10002f24:	e21a      	b.n	1000335c <_vsnprintf+0x468>
10002f26:	0026      	movs	r6, r4
10002f28:	001d      	movs	r5, r3
10002f2a:	465c      	mov	r4, fp
10002f2c:	e00a      	b.n	10002f44 <_vsnprintf+0x50>
10002f2e:	002a      	movs	r2, r5
10002f30:	1c6f      	adds	r7, r5, #1
10002f32:	464b      	mov	r3, r9
10002f34:	9d08      	ldr	r5, [sp, #32]
10002f36:	0021      	movs	r1, r4
10002f38:	47a8      	blx	r5
10002f3a:	003d      	movs	r5, r7
10002f3c:	3601      	adds	r6, #1
10002f3e:	7830      	ldrb	r0, [r6, #0]
10002f40:	2800      	cmp	r0, #0
10002f42:	d070      	beq.n	10003026 <_vsnprintf+0x132>
10002f44:	2825      	cmp	r0, #37	; 0x25
10002f46:	d1f2      	bne.n	10002f2e <_vsnprintf+0x3a>
10002f48:	2310      	movs	r3, #16
10002f4a:	469b      	mov	fp, r3
10002f4c:	3b08      	subs	r3, #8
10002f4e:	469a      	mov	sl, r3
10002f50:	3b04      	subs	r3, #4
10002f52:	4698      	mov	r8, r3
10002f54:	3b02      	subs	r3, #2
10002f56:	2100      	movs	r1, #0
10002f58:	469c      	mov	ip, r3
10002f5a:	1c72      	adds	r2, r6, #1
10002f5c:	7810      	ldrb	r0, [r2, #0]
10002f5e:	0016      	movs	r6, r2
10002f60:	0003      	movs	r3, r0
10002f62:	3b20      	subs	r3, #32
10002f64:	b2db      	uxtb	r3, r3
10002f66:	2b10      	cmp	r3, #16
10002f68:	d803      	bhi.n	10002f72 <_vsnprintf+0x7e>
10002f6a:	4fb3      	ldr	r7, [pc, #716]	; (10003238 <_vsnprintf+0x344>)
10002f6c:	009b      	lsls	r3, r3, #2
10002f6e:	58fb      	ldr	r3, [r7, r3]
10002f70:	469f      	mov	pc, r3
10002f72:	0003      	movs	r3, r0
10002f74:	3b30      	subs	r3, #48	; 0x30
10002f76:	2b09      	cmp	r3, #9
10002f78:	d932      	bls.n	10002fe0 <_vsnprintf+0xec>
10002f7a:	2300      	movs	r3, #0
10002f7c:	930a      	str	r3, [sp, #40]	; 0x28
10002f7e:	282a      	cmp	r0, #42	; 0x2a
10002f80:	d068      	beq.n	10003054 <_vsnprintf+0x160>
10002f82:	2300      	movs	r3, #0
10002f84:	4698      	mov	r8, r3
10002f86:	282e      	cmp	r0, #46	; 0x2e
10002f88:	d03e      	beq.n	10003008 <_vsnprintf+0x114>
10002f8a:	0003      	movs	r3, r0
10002f8c:	3b68      	subs	r3, #104	; 0x68
10002f8e:	b2db      	uxtb	r3, r3
10002f90:	2b12      	cmp	r3, #18
10002f92:	d81c      	bhi.n	10002fce <_vsnprintf+0xda>
10002f94:	4aa9      	ldr	r2, [pc, #676]	; (1000323c <_vsnprintf+0x348>)
10002f96:	009b      	lsls	r3, r3, #2
10002f98:	58d3      	ldr	r3, [r2, r3]
10002f9a:	469f      	mov	pc, r3
10002f9c:	2301      	movs	r3, #1
10002f9e:	3201      	adds	r2, #1
10002fa0:	4319      	orrs	r1, r3
10002fa2:	e7db      	b.n	10002f5c <_vsnprintf+0x68>
10002fa4:	4663      	mov	r3, ip
10002fa6:	3201      	adds	r2, #1
10002fa8:	4319      	orrs	r1, r3
10002faa:	e7d7      	b.n	10002f5c <_vsnprintf+0x68>
10002fac:	4643      	mov	r3, r8
10002fae:	3201      	adds	r2, #1
10002fb0:	4319      	orrs	r1, r3
10002fb2:	e7d3      	b.n	10002f5c <_vsnprintf+0x68>
10002fb4:	465b      	mov	r3, fp
10002fb6:	3201      	adds	r2, #1
10002fb8:	4319      	orrs	r1, r3
10002fba:	e7cf      	b.n	10002f5c <_vsnprintf+0x68>
10002fbc:	4653      	mov	r3, sl
10002fbe:	3201      	adds	r2, #1
10002fc0:	4319      	orrs	r1, r3
10002fc2:	e7cb      	b.n	10002f5c <_vsnprintf+0x68>
10002fc4:	2380      	movs	r3, #128	; 0x80
10002fc6:	005b      	lsls	r3, r3, #1
10002fc8:	7870      	ldrb	r0, [r6, #1]
10002fca:	4319      	orrs	r1, r3
10002fcc:	3601      	adds	r6, #1
10002fce:	0003      	movs	r3, r0
10002fd0:	3b25      	subs	r3, #37	; 0x25
10002fd2:	b2db      	uxtb	r3, r3
10002fd4:	2b53      	cmp	r3, #83	; 0x53
10002fd6:	d8aa      	bhi.n	10002f2e <_vsnprintf+0x3a>
10002fd8:	4a99      	ldr	r2, [pc, #612]	; (10003240 <_vsnprintf+0x34c>)
10002fda:	009b      	lsls	r3, r3, #2
10002fdc:	58d3      	ldr	r3, [r2, r3]
10002fde:	469f      	mov	pc, r3
10002fe0:	2700      	movs	r7, #0
10002fe2:	0003      	movs	r3, r0
10002fe4:	00b8      	lsls	r0, r7, #2
10002fe6:	19c0      	adds	r0, r0, r7
10002fe8:	3601      	adds	r6, #1
10002fea:	0040      	lsls	r0, r0, #1
10002fec:	18c0      	adds	r0, r0, r3
10002fee:	7833      	ldrb	r3, [r6, #0]
10002ff0:	3830      	subs	r0, #48	; 0x30
10002ff2:	001a      	movs	r2, r3
10002ff4:	3a30      	subs	r2, #48	; 0x30
10002ff6:	0007      	movs	r7, r0
10002ff8:	2a09      	cmp	r2, #9
10002ffa:	d9f3      	bls.n	10002fe4 <_vsnprintf+0xf0>
10002ffc:	900a      	str	r0, [sp, #40]	; 0x28
10002ffe:	0018      	movs	r0, r3
10003000:	2300      	movs	r3, #0
10003002:	4698      	mov	r8, r3
10003004:	282e      	cmp	r0, #46	; 0x2e
10003006:	d1c0      	bne.n	10002f8a <_vsnprintf+0x96>
10003008:	2380      	movs	r3, #128	; 0x80
1000300a:	7870      	ldrb	r0, [r6, #1]
1000300c:	00db      	lsls	r3, r3, #3
1000300e:	4319      	orrs	r1, r3
10003010:	0003      	movs	r3, r0
10003012:	3b30      	subs	r3, #48	; 0x30
10003014:	1c72      	adds	r2, r6, #1
10003016:	2b09      	cmp	r3, #9
10003018:	d800      	bhi.n	1000301c <_vsnprintf+0x128>
1000301a:	e1a1      	b.n	10003360 <_vsnprintf+0x46c>
1000301c:	282a      	cmp	r0, #42	; 0x2a
1000301e:	d100      	bne.n	10003022 <_vsnprintf+0x12e>
10003020:	e1b2      	b.n	10003388 <_vsnprintf+0x494>
10003022:	0016      	movs	r6, r2
10003024:	e7b1      	b.n	10002f8a <_vsnprintf+0x96>
10003026:	46a3      	mov	fp, r4
10003028:	46aa      	mov	sl, r5
1000302a:	002c      	movs	r4, r5
1000302c:	45d1      	cmp	r9, sl
1000302e:	d803      	bhi.n	10003038 <_vsnprintf+0x144>
10003030:	2301      	movs	r3, #1
10003032:	425b      	negs	r3, r3
10003034:	444b      	add	r3, r9
10003036:	469a      	mov	sl, r3
10003038:	464b      	mov	r3, r9
1000303a:	4652      	mov	r2, sl
1000303c:	4659      	mov	r1, fp
1000303e:	2000      	movs	r0, #0
10003040:	9d08      	ldr	r5, [sp, #32]
10003042:	47a8      	blx	r5
10003044:	0020      	movs	r0, r4
10003046:	b01f      	add	sp, #124	; 0x7c
10003048:	bcf0      	pop	{r4, r5, r6, r7}
1000304a:	46bb      	mov	fp, r7
1000304c:	46b2      	mov	sl, r6
1000304e:	46a9      	mov	r9, r5
10003050:	46a0      	mov	r8, r4
10003052:	bdf0      	pop	{r4, r5, r6, r7, pc}
10003054:	9b09      	ldr	r3, [sp, #36]	; 0x24
10003056:	cb40      	ldmia	r3!, {r6}
10003058:	960a      	str	r6, [sp, #40]	; 0x28
1000305a:	2e00      	cmp	r6, #0
1000305c:	db03      	blt.n	10003066 <_vsnprintf+0x172>
1000305e:	7850      	ldrb	r0, [r2, #1]
10003060:	9309      	str	r3, [sp, #36]	; 0x24
10003062:	1c56      	adds	r6, r2, #1
10003064:	e78d      	b.n	10002f82 <_vsnprintf+0x8e>
10003066:	3828      	subs	r0, #40	; 0x28
10003068:	4301      	orrs	r1, r0
1000306a:	4270      	negs	r0, r6
1000306c:	900a      	str	r0, [sp, #40]	; 0x28
1000306e:	9309      	str	r3, [sp, #36]	; 0x24
10003070:	7850      	ldrb	r0, [r2, #1]
10003072:	1c56      	adds	r6, r2, #1
10003074:	e785      	b.n	10002f82 <_vsnprintf+0x8e>
10003076:	2878      	cmp	r0, #120	; 0x78
10003078:	d100      	bne.n	1000307c <_vsnprintf+0x188>
1000307a:	e1df      	b.n	1000343c <_vsnprintf+0x548>
1000307c:	2858      	cmp	r0, #88	; 0x58
1000307e:	d100      	bne.n	10003082 <_vsnprintf+0x18e>
10003080:	e24c      	b.n	1000351c <_vsnprintf+0x628>
10003082:	286f      	cmp	r0, #111	; 0x6f
10003084:	d100      	bne.n	10003088 <_vsnprintf+0x194>
10003086:	e34f      	b.n	10003728 <_vsnprintf+0x834>
10003088:	2862      	cmp	r0, #98	; 0x62
1000308a:	d101      	bne.n	10003090 <_vsnprintf+0x19c>
1000308c:	f000 fc30 	bl	100038f0 <_vsnprintf+0x9fc>
10003090:	2310      	movs	r3, #16
10003092:	000a      	movs	r2, r1
10003094:	439a      	bics	r2, r3
10003096:	920b      	str	r2, [sp, #44]	; 0x2c
10003098:	2869      	cmp	r0, #105	; 0x69
1000309a:	d001      	beq.n	100030a0 <_vsnprintf+0x1ac>
1000309c:	f000 fca9 	bl	100039f2 <_vsnprintf+0xafe>
100030a0:	230a      	movs	r3, #10
100030a2:	930c      	str	r3, [sp, #48]	; 0x30
100030a4:	054b      	lsls	r3, r1, #21
100030a6:	d500      	bpl.n	100030aa <_vsnprintf+0x1b6>
100030a8:	e1d0      	b.n	1000344c <_vsnprintf+0x558>
100030aa:	9a0b      	ldr	r2, [sp, #44]	; 0x2c
100030ac:	2380      	movs	r3, #128	; 0x80
100030ae:	0011      	movs	r1, r2
100030b0:	009b      	lsls	r3, r3, #2
100030b2:	4019      	ands	r1, r3
100030b4:	468b      	mov	fp, r1
100030b6:	421a      	tst	r2, r3
100030b8:	d000      	beq.n	100030bc <_vsnprintf+0x1c8>
100030ba:	e2a1      	b.n	10003600 <_vsnprintf+0x70c>
100030bc:	2380      	movs	r3, #128	; 0x80
100030be:	0011      	movs	r1, r2
100030c0:	005b      	lsls	r3, r3, #1
100030c2:	4019      	ands	r1, r3
100030c4:	468a      	mov	sl, r1
100030c6:	421a      	tst	r2, r3
100030c8:	d000      	beq.n	100030cc <_vsnprintf+0x1d8>
100030ca:	e3b6      	b.n	1000383a <_vsnprintf+0x946>
100030cc:	0013      	movs	r3, r2
100030ce:	065b      	lsls	r3, r3, #25
100030d0:	d500      	bpl.n	100030d4 <_vsnprintf+0x1e0>
100030d2:	e2ed      	b.n	100036b0 <_vsnprintf+0x7bc>
100030d4:	0013      	movs	r3, r2
100030d6:	9909      	ldr	r1, [sp, #36]	; 0x24
100030d8:	061b      	lsls	r3, r3, #24
100030da:	d401      	bmi.n	100030e0 <_vsnprintf+0x1ec>
100030dc:	f000 fc76 	bl	100039cc <_vsnprintf+0xad8>
100030e0:	c908      	ldmia	r1!, {r3}
100030e2:	b21b      	sxth	r3, r3
100030e4:	17d8      	asrs	r0, r3, #31
100030e6:	181a      	adds	r2, r3, r0
100030e8:	4042      	eors	r2, r0
100030ea:	b292      	uxth	r2, r2
100030ec:	9109      	str	r1, [sp, #36]	; 0x24
100030ee:	4693      	mov	fp, r2
100030f0:	0fda      	lsrs	r2, r3, #31
100030f2:	9212      	str	r2, [sp, #72]	; 0x48
100030f4:	2b00      	cmp	r3, #0
100030f6:	d109      	bne.n	1000310c <_vsnprintf+0x218>
100030f8:	2380      	movs	r3, #128	; 0x80
100030fa:	2210      	movs	r2, #16
100030fc:	990b      	ldr	r1, [sp, #44]	; 0x2c
100030fe:	00db      	lsls	r3, r3, #3
10003100:	400b      	ands	r3, r1
10003102:	4391      	bics	r1, r2
10003104:	910b      	str	r1, [sp, #44]	; 0x2c
10003106:	2b00      	cmp	r3, #0
10003108:	d000      	beq.n	1000310c <_vsnprintf+0x218>
1000310a:	e2e4      	b.n	100036d6 <_vsnprintf+0x7e2>
1000310c:	9a0b      	ldr	r2, [sp, #44]	; 0x2c
1000310e:	2361      	movs	r3, #97	; 0x61
10003110:	0692      	lsls	r2, r2, #26
10003112:	d500      	bpl.n	10003116 <_vsnprintf+0x222>
10003114:	2341      	movs	r3, #65	; 0x41
10003116:	a90e      	add	r1, sp, #56	; 0x38
10003118:	221f      	movs	r2, #31
1000311a:	468c      	mov	ip, r1
1000311c:	b2db      	uxtb	r3, r3
1000311e:	4462      	add	r2, ip
10003120:	3b0a      	subs	r3, #10
10003122:	465f      	mov	r7, fp
10003124:	9513      	str	r5, [sp, #76]	; 0x4c
10003126:	46a3      	mov	fp, r4
10003128:	4655      	mov	r5, sl
1000312a:	9c0c      	ldr	r4, [sp, #48]	; 0x30
1000312c:	46b2      	mov	sl, r6
1000312e:	930d      	str	r3, [sp, #52]	; 0x34
10003130:	0016      	movs	r6, r2
10003132:	e00a      	b.n	1000314a <_vsnprintf+0x256>
10003134:	3330      	adds	r3, #48	; 0x30
10003136:	b2db      	uxtb	r3, r3
10003138:	3501      	adds	r5, #1
1000313a:	5573      	strb	r3, [r6, r5]
1000313c:	42a7      	cmp	r7, r4
1000313e:	d200      	bcs.n	10003142 <_vsnprintf+0x24e>
10003140:	e2ed      	b.n	1000371e <_vsnprintf+0x82a>
10003142:	2d20      	cmp	r5, #32
10003144:	d100      	bne.n	10003148 <_vsnprintf+0x254>
10003146:	e2ea      	b.n	1000371e <_vsnprintf+0x82a>
10003148:	0007      	movs	r7, r0
1000314a:	0021      	movs	r1, r4
1000314c:	0038      	movs	r0, r7
1000314e:	f7fe fdbb 	bl	10001cc8 <__wrap___aeabi_uidiv>
10003152:	b2cb      	uxtb	r3, r1
10003154:	2909      	cmp	r1, #9
10003156:	d9ed      	bls.n	10003134 <_vsnprintf+0x240>
10003158:	9a0d      	ldr	r2, [sp, #52]	; 0x34
1000315a:	4694      	mov	ip, r2
1000315c:	4463      	add	r3, ip
1000315e:	b2db      	uxtb	r3, r3
10003160:	e7ea      	b.n	10003138 <_vsnprintf+0x244>
10003162:	2380      	movs	r3, #128	; 0x80
10003164:	009b      	lsls	r3, r3, #2
10003166:	7870      	ldrb	r0, [r6, #1]
10003168:	4319      	orrs	r1, r3
1000316a:	3601      	adds	r6, #1
1000316c:	e72f      	b.n	10002fce <_vsnprintf+0xda>
1000316e:	7870      	ldrb	r0, [r6, #1]
10003170:	2868      	cmp	r0, #104	; 0x68
10003172:	d100      	bne.n	10003176 <_vsnprintf+0x282>
10003174:	e1cd      	b.n	10003512 <_vsnprintf+0x61e>
10003176:	2380      	movs	r3, #128	; 0x80
10003178:	3601      	adds	r6, #1
1000317a:	4319      	orrs	r1, r3
1000317c:	e727      	b.n	10002fce <_vsnprintf+0xda>
1000317e:	7870      	ldrb	r0, [r6, #1]
10003180:	286c      	cmp	r0, #108	; 0x6c
10003182:	d100      	bne.n	10003186 <_vsnprintf+0x292>
10003184:	e1bf      	b.n	10003506 <_vsnprintf+0x612>
10003186:	2380      	movs	r3, #128	; 0x80
10003188:	005b      	lsls	r3, r3, #1
1000318a:	4319      	orrs	r1, r3
1000318c:	3601      	adds	r6, #1
1000318e:	e71e      	b.n	10002fce <_vsnprintf+0xda>
10003190:	2846      	cmp	r0, #70	; 0x46
10003192:	d100      	bne.n	10003196 <_vsnprintf+0x2a2>
10003194:	e19b      	b.n	100034ce <_vsnprintf+0x5da>
10003196:	2207      	movs	r2, #7
10003198:	9b09      	ldr	r3, [sp, #36]	; 0x24
1000319a:	9104      	str	r1, [sp, #16]
1000319c:	3307      	adds	r3, #7
1000319e:	4393      	bics	r3, r2
100031a0:	9a0a      	ldr	r2, [sp, #40]	; 0x28
100031a2:	0019      	movs	r1, r3
100031a4:	9203      	str	r2, [sp, #12]
100031a6:	4642      	mov	r2, r8
100031a8:	9202      	str	r2, [sp, #8]
100031aa:	c90c      	ldmia	r1!, {r2, r3}
100031ac:	9808      	ldr	r0, [sp, #32]
100031ae:	9200      	str	r2, [sp, #0]
100031b0:	9301      	str	r3, [sp, #4]
100031b2:	9109      	str	r1, [sp, #36]	; 0x24
100031b4:	002a      	movs	r2, r5
100031b6:	464b      	mov	r3, r9
100031b8:	0021      	movs	r1, r4
100031ba:	f7ff fccf 	bl	10002b5c <_ftoa>
100031be:	3601      	adds	r6, #1
100031c0:	0005      	movs	r5, r0
100031c2:	e6bc      	b.n	10002f3e <_vsnprintf+0x4a>
100031c4:	002a      	movs	r2, r5
100031c6:	1c6f      	adds	r7, r5, #1
100031c8:	464b      	mov	r3, r9
100031ca:	9d08      	ldr	r5, [sp, #32]
100031cc:	0021      	movs	r1, r4
100031ce:	2025      	movs	r0, #37	; 0x25
100031d0:	47a8      	blx	r5
100031d2:	3601      	adds	r6, #1
100031d4:	003d      	movs	r5, r7
100031d6:	e6b2      	b.n	10002f3e <_vsnprintf+0x4a>
100031d8:	078b      	lsls	r3, r1, #30
100031da:	d400      	bmi.n	100031de <_vsnprintf+0x2ea>
100031dc:	e1ad      	b.n	1000353a <_vsnprintf+0x646>
100031de:	9b09      	ldr	r3, [sp, #36]	; 0x24
100031e0:	002a      	movs	r2, r5
100031e2:	469a      	mov	sl, r3
100031e4:	1c6b      	adds	r3, r5, #1
100031e6:	4698      	mov	r8, r3
100031e8:	4653      	mov	r3, sl
100031ea:	cb01      	ldmia	r3!, {r0}
100031ec:	0021      	movs	r1, r4
100031ee:	469a      	mov	sl, r3
100031f0:	9f08      	ldr	r7, [sp, #32]
100031f2:	464b      	mov	r3, r9
100031f4:	b2c0      	uxtb	r0, r0
100031f6:	47b8      	blx	r7
100031f8:	9b0a      	ldr	r3, [sp, #40]	; 0x28
100031fa:	469c      	mov	ip, r3
100031fc:	4465      	add	r5, ip
100031fe:	2b01      	cmp	r3, #1
10003200:	d800      	bhi.n	10003204 <_vsnprintf+0x310>
10003202:	e286      	b.n	10003712 <_vsnprintf+0x81e>
10003204:	9b08      	ldr	r3, [sp, #32]
10003206:	4647      	mov	r7, r8
10003208:	46b0      	mov	r8, r6
1000320a:	0026      	movs	r6, r4
1000320c:	464c      	mov	r4, r9
1000320e:	4699      	mov	r9, r3
10003210:	003a      	movs	r2, r7
10003212:	0023      	movs	r3, r4
10003214:	3701      	adds	r7, #1
10003216:	0031      	movs	r1, r6
10003218:	2020      	movs	r0, #32
1000321a:	47c8      	blx	r9
1000321c:	42af      	cmp	r7, r5
1000321e:	d1f7      	bne.n	10003210 <_vsnprintf+0x31c>
10003220:	46a1      	mov	r9, r4
10003222:	4653      	mov	r3, sl
10003224:	0034      	movs	r4, r6
10003226:	4646      	mov	r6, r8
10003228:	9309      	str	r3, [sp, #36]	; 0x24
1000322a:	3601      	adds	r6, #1
1000322c:	e687      	b.n	10002f3e <_vsnprintf+0x4a>
1000322e:	46c0      	nop			; (mov r8, r8)
10003230:	10002ef5 	.word	0x10002ef5
10003234:	20001eb8 	.word	0x20001eb8
10003238:	10006b44 	.word	0x10006b44
1000323c:	10006b88 	.word	0x10006b88
10003240:	10006bd4 	.word	0x10006bd4
10003244:	9b09      	ldr	r3, [sp, #36]	; 0x24
10003246:	cb04      	ldmia	r3!, {r2}
10003248:	469b      	mov	fp, r3
1000324a:	4643      	mov	r3, r8
1000324c:	9209      	str	r2, [sp, #36]	; 0x24
1000324e:	2b00      	cmp	r3, #0
10003250:	d100      	bne.n	10003254 <_vsnprintf+0x360>
10003252:	e0c6      	b.n	100033e2 <_vsnprintf+0x4ee>
10003254:	7813      	ldrb	r3, [r2, #0]
10003256:	469c      	mov	ip, r3
10003258:	2b00      	cmp	r3, #0
1000325a:	d100      	bne.n	1000325e <_vsnprintf+0x36a>
1000325c:	e3bd      	b.n	100039da <_vsnprintf+0xae6>
1000325e:	4643      	mov	r3, r8
10003260:	3b01      	subs	r3, #1
10003262:	9a09      	ldr	r2, [sp, #36]	; 0x24
10003264:	3301      	adds	r3, #1
10003266:	18d0      	adds	r0, r2, r3
10003268:	9f0a      	ldr	r7, [sp, #40]	; 0x28
1000326a:	0013      	movs	r3, r2
1000326c:	e001      	b.n	10003272 <_vsnprintf+0x37e>
1000326e:	4283      	cmp	r3, r0
10003270:	d003      	beq.n	1000327a <_vsnprintf+0x386>
10003272:	785a      	ldrb	r2, [r3, #1]
10003274:	3301      	adds	r3, #1
10003276:	2a00      	cmp	r2, #0
10003278:	d1f9      	bne.n	1000326e <_vsnprintf+0x37a>
1000327a:	9a09      	ldr	r2, [sp, #36]	; 0x24
1000327c:	970a      	str	r7, [sp, #40]	; 0x28
1000327e:	1a9b      	subs	r3, r3, r2
10003280:	930b      	str	r3, [sp, #44]	; 0x2c
10003282:	2380      	movs	r3, #128	; 0x80
10003284:	000a      	movs	r2, r1
10003286:	00db      	lsls	r3, r3, #3
10003288:	401a      	ands	r2, r3
1000328a:	920c      	str	r2, [sp, #48]	; 0x30
1000328c:	4219      	tst	r1, r3
1000328e:	d004      	beq.n	1000329a <_vsnprintf+0x3a6>
10003290:	9b0b      	ldr	r3, [sp, #44]	; 0x2c
10003292:	4543      	cmp	r3, r8
10003294:	d901      	bls.n	1000329a <_vsnprintf+0x3a6>
10003296:	4643      	mov	r3, r8
10003298:	930b      	str	r3, [sp, #44]	; 0x2c
1000329a:	2302      	movs	r3, #2
1000329c:	001a      	movs	r2, r3
1000329e:	400a      	ands	r2, r1
100032a0:	920d      	str	r2, [sp, #52]	; 0x34
100032a2:	420b      	tst	r3, r1
100032a4:	d100      	bne.n	100032a8 <_vsnprintf+0x3b4>
100032a6:	e187      	b.n	100035b8 <_vsnprintf+0x6c4>
100032a8:	4660      	mov	r0, ip
100032aa:	2800      	cmp	r0, #0
100032ac:	d100      	bne.n	100032b0 <_vsnprintf+0x3bc>
100032ae:	e168      	b.n	10003582 <_vsnprintf+0x68e>
100032b0:	9b0c      	ldr	r3, [sp, #48]	; 0x30
100032b2:	2b00      	cmp	r3, #0
100032b4:	d100      	bne.n	100032b8 <_vsnprintf+0x3c4>
100032b6:	e10d      	b.n	100034d4 <_vsnprintf+0x5e0>
100032b8:	44a8      	add	r8, r5
100032ba:	46c2      	mov	sl, r8
100032bc:	9b09      	ldr	r3, [sp, #36]	; 0x24
100032be:	4657      	mov	r7, sl
100032c0:	1b5b      	subs	r3, r3, r5
100032c2:	4698      	mov	r8, r3
100032c4:	9b08      	ldr	r3, [sp, #32]
100032c6:	46b2      	mov	sl, r6
100032c8:	002a      	movs	r2, r5
100032ca:	0026      	movs	r6, r4
100032cc:	464c      	mov	r4, r9
100032ce:	4699      	mov	r9, r3
100032d0:	e009      	b.n	100032e6 <_vsnprintf+0x3f2>
100032d2:	0023      	movs	r3, r4
100032d4:	0031      	movs	r1, r6
100032d6:	1c55      	adds	r5, r2, #1
100032d8:	47c8      	blx	r9
100032da:	4643      	mov	r3, r8
100032dc:	5d58      	ldrb	r0, [r3, r5]
100032de:	2800      	cmp	r0, #0
100032e0:	d100      	bne.n	100032e4 <_vsnprintf+0x3f0>
100032e2:	e126      	b.n	10003532 <_vsnprintf+0x63e>
100032e4:	002a      	movs	r2, r5
100032e6:	4297      	cmp	r7, r2
100032e8:	d1f3      	bne.n	100032d2 <_vsnprintf+0x3de>
100032ea:	46a1      	mov	r9, r4
100032ec:	003d      	movs	r5, r7
100032ee:	0034      	movs	r4, r6
100032f0:	4656      	mov	r6, sl
100032f2:	9b0d      	ldr	r3, [sp, #52]	; 0x34
100032f4:	2b00      	cmp	r3, #0
100032f6:	d000      	beq.n	100032fa <_vsnprintf+0x406>
100032f8:	e143      	b.n	10003582 <_vsnprintf+0x68e>
100032fa:	465b      	mov	r3, fp
100032fc:	3601      	adds	r6, #1
100032fe:	9309      	str	r3, [sp, #36]	; 0x24
10003300:	e61d      	b.n	10002f3e <_vsnprintf+0x4a>
10003302:	9b09      	ldr	r3, [sp, #36]	; 0x24
10003304:	001a      	movs	r2, r3
10003306:	ca08      	ldmia	r2!, {r3}
10003308:	4692      	mov	sl, r2
1000330a:	2b00      	cmp	r3, #0
1000330c:	d048      	beq.n	100033a0 <_vsnprintf+0x4ac>
1000330e:	2221      	movs	r2, #33	; 0x21
10003310:	4311      	orrs	r1, r2
10003312:	468b      	mov	fp, r1
10003314:	a80e      	add	r0, sp, #56	; 0x38
10003316:	4684      	mov	ip, r0
10003318:	211f      	movs	r1, #31
1000331a:	4461      	add	r1, ip
1000331c:	9509      	str	r5, [sp, #36]	; 0x24
1000331e:	2200      	movs	r2, #0
10003320:	270f      	movs	r7, #15
10003322:	46a4      	mov	ip, r4
10003324:	000d      	movs	r5, r1
10003326:	e002      	b.n	1000332e <_vsnprintf+0x43a>
10003328:	2a20      	cmp	r2, #32
1000332a:	d00c      	beq.n	10003346 <_vsnprintf+0x452>
1000332c:	000b      	movs	r3, r1
1000332e:	003c      	movs	r4, r7
10003330:	401c      	ands	r4, r3
10003332:	0020      	movs	r0, r4
10003334:	3037      	adds	r0, #55	; 0x37
10003336:	2c09      	cmp	r4, #9
10003338:	d800      	bhi.n	1000333c <_vsnprintf+0x448>
1000333a:	3807      	subs	r0, #7
1000333c:	3201      	adds	r2, #1
1000333e:	54a8      	strb	r0, [r5, r2]
10003340:	0919      	lsrs	r1, r3, #4
10003342:	2b0f      	cmp	r3, #15
10003344:	d8f0      	bhi.n	10003328 <_vsnprintf+0x434>
10003346:	4664      	mov	r4, ip
10003348:	9d09      	ldr	r5, [sp, #36]	; 0x24
1000334a:	e032      	b.n	100033b2 <_vsnprintf+0x4be>
1000334c:	4bdc      	ldr	r3, [pc, #880]	; (100036c0 <_vsnprintf+0x7cc>)
1000334e:	7820      	ldrb	r0, [r4, #0]
10003350:	9308      	str	r3, [sp, #32]
10003352:	2300      	movs	r3, #0
10003354:	469a      	mov	sl, r3
10003356:	2800      	cmp	r0, #0
10003358:	d000      	beq.n	1000335c <_vsnprintf+0x468>
1000335a:	e5e4      	b.n	10002f26 <_vsnprintf+0x32>
1000335c:	2400      	movs	r4, #0
1000335e:	e665      	b.n	1000302c <_vsnprintf+0x138>
10003360:	4643      	mov	r3, r8
10003362:	0006      	movs	r6, r0
10003364:	9f0a      	ldr	r7, [sp, #40]	; 0x28
10003366:	0098      	lsls	r0, r3, #2
10003368:	18c0      	adds	r0, r0, r3
1000336a:	3201      	adds	r2, #1
1000336c:	0040      	lsls	r0, r0, #1
1000336e:	1980      	adds	r0, r0, r6
10003370:	7816      	ldrb	r6, [r2, #0]
10003372:	0003      	movs	r3, r0
10003374:	0030      	movs	r0, r6
10003376:	3830      	subs	r0, #48	; 0x30
10003378:	3b30      	subs	r3, #48	; 0x30
1000337a:	2809      	cmp	r0, #9
1000337c:	d9f3      	bls.n	10003366 <_vsnprintf+0x472>
1000337e:	0030      	movs	r0, r6
10003380:	4698      	mov	r8, r3
10003382:	0016      	movs	r6, r2
10003384:	970a      	str	r7, [sp, #40]	; 0x28
10003386:	e600      	b.n	10002f8a <_vsnprintf+0x96>
10003388:	9b09      	ldr	r3, [sp, #36]	; 0x24
1000338a:	3602      	adds	r6, #2
1000338c:	cb04      	ldmia	r3!, {r2}
1000338e:	4690      	mov	r8, r2
10003390:	43d2      	mvns	r2, r2
10003392:	4640      	mov	r0, r8
10003394:	17d2      	asrs	r2, r2, #31
10003396:	4010      	ands	r0, r2
10003398:	4680      	mov	r8, r0
1000339a:	9309      	str	r3, [sp, #36]	; 0x24
1000339c:	7830      	ldrb	r0, [r6, #0]
1000339e:	e5f4      	b.n	10002f8a <_vsnprintf+0x96>
100033a0:	2210      	movs	r2, #16
100033a2:	0008      	movs	r0, r1
100033a4:	4390      	bics	r0, r2
100033a6:	3211      	adds	r2, #17
100033a8:	4310      	orrs	r0, r2
100033aa:	4683      	mov	fp, r0
100033ac:	2200      	movs	r2, #0
100033ae:	0549      	lsls	r1, r1, #21
100033b0:	d5b0      	bpl.n	10003314 <_vsnprintf+0x420>
100033b2:	465b      	mov	r3, fp
100033b4:	9306      	str	r3, [sp, #24]
100033b6:	2308      	movs	r3, #8
100033b8:	9305      	str	r3, [sp, #20]
100033ba:	4643      	mov	r3, r8
100033bc:	9304      	str	r3, [sp, #16]
100033be:	2310      	movs	r3, #16
100033c0:	9303      	str	r3, [sp, #12]
100033c2:	2300      	movs	r3, #0
100033c4:	9302      	str	r3, [sp, #8]
100033c6:	ab16      	add	r3, sp, #88	; 0x58
100033c8:	9201      	str	r2, [sp, #4]
100033ca:	9300      	str	r3, [sp, #0]
100033cc:	002a      	movs	r2, r5
100033ce:	464b      	mov	r3, r9
100033d0:	0021      	movs	r1, r4
100033d2:	9808      	ldr	r0, [sp, #32]
100033d4:	f7ff f8a6 	bl	10002524 <_ntoa_format>
100033d8:	4653      	mov	r3, sl
100033da:	0005      	movs	r5, r0
100033dc:	3601      	adds	r6, #1
100033de:	9309      	str	r3, [sp, #36]	; 0x24
100033e0:	e5ad      	b.n	10002f3e <_vsnprintf+0x4a>
100033e2:	7813      	ldrb	r3, [r2, #0]
100033e4:	469c      	mov	ip, r3
100033e6:	2b00      	cmp	r3, #0
100033e8:	d100      	bne.n	100033ec <_vsnprintf+0x4f8>
100033ea:	e2f7      	b.n	100039dc <_vsnprintf+0xae8>
100033ec:	2302      	movs	r3, #2
100033ee:	425b      	negs	r3, r3
100033f0:	e737      	b.n	10003262 <_vsnprintf+0x36e>
100033f2:	2320      	movs	r3, #32
100033f4:	0002      	movs	r2, r0
100033f6:	439a      	bics	r2, r3
100033f8:	2a47      	cmp	r2, #71	; 0x47
100033fa:	d104      	bne.n	10003406 <_vsnprintf+0x512>
100033fc:	2380      	movs	r3, #128	; 0x80
100033fe:	011b      	lsls	r3, r3, #4
10003400:	4319      	orrs	r1, r3
10003402:	2302      	movs	r3, #2
10003404:	4398      	bics	r0, r3
10003406:	2845      	cmp	r0, #69	; 0x45
10003408:	d101      	bne.n	1000340e <_vsnprintf+0x51a>
1000340a:	2320      	movs	r3, #32
1000340c:	4319      	orrs	r1, r3
1000340e:	2207      	movs	r2, #7
10003410:	9b09      	ldr	r3, [sp, #36]	; 0x24
10003412:	9104      	str	r1, [sp, #16]
10003414:	3307      	adds	r3, #7
10003416:	4393      	bics	r3, r2
10003418:	9a0a      	ldr	r2, [sp, #40]	; 0x28
1000341a:	0019      	movs	r1, r3
1000341c:	9203      	str	r2, [sp, #12]
1000341e:	4642      	mov	r2, r8
10003420:	9202      	str	r2, [sp, #8]
10003422:	c90c      	ldmia	r1!, {r2, r3}
10003424:	9808      	ldr	r0, [sp, #32]
10003426:	9200      	str	r2, [sp, #0]
10003428:	9301      	str	r3, [sp, #4]
1000342a:	9109      	str	r1, [sp, #36]	; 0x24
1000342c:	002a      	movs	r2, r5
1000342e:	464b      	mov	r3, r9
10003430:	0021      	movs	r1, r4
10003432:	f7ff f96d 	bl	10002710 <_etoa>
10003436:	3601      	adds	r6, #1
10003438:	0005      	movs	r5, r0
1000343a:	e580      	b.n	10002f3e <_vsnprintf+0x4a>
1000343c:	2310      	movs	r3, #16
1000343e:	930c      	str	r3, [sp, #48]	; 0x30
10003440:	230c      	movs	r3, #12
10003442:	000a      	movs	r2, r1
10003444:	439a      	bics	r2, r3
10003446:	920b      	str	r2, [sp, #44]	; 0x2c
10003448:	054b      	lsls	r3, r1, #21
1000344a:	d503      	bpl.n	10003454 <_vsnprintf+0x560>
1000344c:	2301      	movs	r3, #1
1000344e:	9a0b      	ldr	r2, [sp, #44]	; 0x2c
10003450:	439a      	bics	r2, r3
10003452:	920b      	str	r2, [sp, #44]	; 0x2c
10003454:	2869      	cmp	r0, #105	; 0x69
10003456:	d100      	bne.n	1000345a <_vsnprintf+0x566>
10003458:	e627      	b.n	100030aa <_vsnprintf+0x1b6>
1000345a:	2864      	cmp	r0, #100	; 0x64
1000345c:	d100      	bne.n	10003460 <_vsnprintf+0x56c>
1000345e:	e624      	b.n	100030aa <_vsnprintf+0x1b6>
10003460:	9a0b      	ldr	r2, [sp, #44]	; 0x2c
10003462:	2380      	movs	r3, #128	; 0x80
10003464:	0011      	movs	r1, r2
10003466:	009b      	lsls	r3, r3, #2
10003468:	4019      	ands	r1, r3
1000346a:	468b      	mov	fp, r1
1000346c:	421a      	tst	r2, r3
1000346e:	d000      	beq.n	10003472 <_vsnprintf+0x57e>
10003470:	e166      	b.n	10003740 <_vsnprintf+0x84c>
10003472:	2380      	movs	r3, #128	; 0x80
10003474:	0011      	movs	r1, r2
10003476:	005b      	lsls	r3, r3, #1
10003478:	4019      	ands	r1, r3
1000347a:	468a      	mov	sl, r1
1000347c:	421a      	tst	r2, r3
1000347e:	d000      	beq.n	10003482 <_vsnprintf+0x58e>
10003480:	e239      	b.n	100038f6 <_vsnprintf+0xa02>
10003482:	0013      	movs	r3, r2
10003484:	065b      	lsls	r3, r3, #25
10003486:	d500      	bpl.n	1000348a <_vsnprintf+0x596>
10003488:	e13c      	b.n	10003704 <_vsnprintf+0x810>
1000348a:	0013      	movs	r3, r2
1000348c:	061b      	lsls	r3, r3, #24
1000348e:	d400      	bmi.n	10003492 <_vsnprintf+0x59e>
10003490:	e2a6      	b.n	100039e0 <_vsnprintf+0xaec>
10003492:	9b09      	ldr	r3, [sp, #36]	; 0x24
10003494:	cb04      	ldmia	r3!, {r2}
10003496:	0412      	lsls	r2, r2, #16
10003498:	0c12      	lsrs	r2, r2, #16
1000349a:	4693      	mov	fp, r2
1000349c:	9309      	str	r3, [sp, #36]	; 0x24
1000349e:	465b      	mov	r3, fp
100034a0:	2b00      	cmp	r3, #0
100034a2:	d000      	beq.n	100034a6 <_vsnprintf+0x5b2>
100034a4:	e19a      	b.n	100037dc <_vsnprintf+0x8e8>
100034a6:	9a0b      	ldr	r2, [sp, #44]	; 0x2c
100034a8:	3310      	adds	r3, #16
100034aa:	0011      	movs	r1, r2
100034ac:	4399      	bics	r1, r3
100034ae:	910b      	str	r1, [sp, #44]	; 0x2c
100034b0:	0552      	lsls	r2, r2, #21
100034b2:	d400      	bmi.n	100034b6 <_vsnprintf+0x5c2>
100034b4:	e192      	b.n	100037dc <_vsnprintf+0x8e8>
100034b6:	2300      	movs	r3, #0
100034b8:	469a      	mov	sl, r3
100034ba:	9b0b      	ldr	r3, [sp, #44]	; 0x2c
100034bc:	9306      	str	r3, [sp, #24]
100034be:	9b0a      	ldr	r3, [sp, #40]	; 0x28
100034c0:	9305      	str	r3, [sp, #20]
100034c2:	4643      	mov	r3, r8
100034c4:	9304      	str	r3, [sp, #16]
100034c6:	9b0c      	ldr	r3, [sp, #48]	; 0x30
100034c8:	9303      	str	r3, [sp, #12]
100034ca:	2300      	movs	r3, #0
100034cc:	e10c      	b.n	100036e8 <_vsnprintf+0x7f4>
100034ce:	2320      	movs	r3, #32
100034d0:	4319      	orrs	r1, r3
100034d2:	e660      	b.n	10003196 <_vsnprintf+0x2a2>
100034d4:	9b09      	ldr	r3, [sp, #36]	; 0x24
100034d6:	9a0a      	ldr	r2, [sp, #40]	; 0x28
100034d8:	1b5b      	subs	r3, r3, r5
100034da:	4698      	mov	r8, r3
100034dc:	464b      	mov	r3, r9
100034de:	4691      	mov	r9, r2
100034e0:	001f      	movs	r7, r3
100034e2:	46b2      	mov	sl, r6
100034e4:	0026      	movs	r6, r4
100034e6:	9c08      	ldr	r4, [sp, #32]
100034e8:	002a      	movs	r2, r5
100034ea:	003b      	movs	r3, r7
100034ec:	0031      	movs	r1, r6
100034ee:	47a0      	blx	r4
100034f0:	4643      	mov	r3, r8
100034f2:	3501      	adds	r5, #1
100034f4:	5d58      	ldrb	r0, [r3, r5]
100034f6:	2800      	cmp	r0, #0
100034f8:	d1f6      	bne.n	100034e8 <_vsnprintf+0x5f4>
100034fa:	464a      	mov	r2, r9
100034fc:	0034      	movs	r4, r6
100034fe:	46b9      	mov	r9, r7
10003500:	4656      	mov	r6, sl
10003502:	920a      	str	r2, [sp, #40]	; 0x28
10003504:	e6f5      	b.n	100032f2 <_vsnprintf+0x3fe>
10003506:	23c0      	movs	r3, #192	; 0xc0
10003508:	009b      	lsls	r3, r3, #2
1000350a:	78b0      	ldrb	r0, [r6, #2]
1000350c:	4319      	orrs	r1, r3
1000350e:	3602      	adds	r6, #2
10003510:	e55d      	b.n	10002fce <_vsnprintf+0xda>
10003512:	23c0      	movs	r3, #192	; 0xc0
10003514:	78b0      	ldrb	r0, [r6, #2]
10003516:	4319      	orrs	r1, r3
10003518:	3602      	adds	r6, #2
1000351a:	e558      	b.n	10002fce <_vsnprintf+0xda>
1000351c:	230c      	movs	r3, #12
1000351e:	000a      	movs	r2, r1
10003520:	439a      	bics	r2, r3
10003522:	3314      	adds	r3, #20
10003524:	431a      	orrs	r2, r3
10003526:	3b10      	subs	r3, #16
10003528:	920b      	str	r2, [sp, #44]	; 0x2c
1000352a:	930c      	str	r3, [sp, #48]	; 0x30
1000352c:	054b      	lsls	r3, r1, #21
1000352e:	d48d      	bmi.n	1000344c <_vsnprintf+0x558>
10003530:	e796      	b.n	10003460 <_vsnprintf+0x56c>
10003532:	46a1      	mov	r9, r4
10003534:	0034      	movs	r4, r6
10003536:	4656      	mov	r6, sl
10003538:	e6db      	b.n	100032f2 <_vsnprintf+0x3fe>
1000353a:	9a0a      	ldr	r2, [sp, #40]	; 0x28
1000353c:	2a01      	cmp	r2, #1
1000353e:	d800      	bhi.n	10003542 <_vsnprintf+0x64e>
10003540:	e253      	b.n	100039ea <_vsnprintf+0xaf6>
10003542:	1e6b      	subs	r3, r5, #1
10003544:	189f      	adds	r7, r3, r2
10003546:	9b08      	ldr	r3, [sp, #32]
10003548:	46b0      	mov	r8, r6
1000354a:	0026      	movs	r6, r4
1000354c:	464c      	mov	r4, r9
1000354e:	4699      	mov	r9, r3
10003550:	002a      	movs	r2, r5
10003552:	0023      	movs	r3, r4
10003554:	3501      	adds	r5, #1
10003556:	0031      	movs	r1, r6
10003558:	2020      	movs	r0, #32
1000355a:	47c8      	blx	r9
1000355c:	42bd      	cmp	r5, r7
1000355e:	d1f7      	bne.n	10003550 <_vsnprintf+0x65c>
10003560:	46a1      	mov	r9, r4
10003562:	0034      	movs	r4, r6
10003564:	4646      	mov	r6, r8
10003566:	9b09      	ldr	r3, [sp, #36]	; 0x24
10003568:	003a      	movs	r2, r7
1000356a:	cb01      	ldmia	r3!, {r0}
1000356c:	0021      	movs	r1, r4
1000356e:	4698      	mov	r8, r3
10003570:	1c7d      	adds	r5, r7, #1
10003572:	464b      	mov	r3, r9
10003574:	9f08      	ldr	r7, [sp, #32]
10003576:	b2c0      	uxtb	r0, r0
10003578:	47b8      	blx	r7
1000357a:	4643      	mov	r3, r8
1000357c:	3601      	adds	r6, #1
1000357e:	9309      	str	r3, [sp, #36]	; 0x24
10003580:	e4dd      	b.n	10002f3e <_vsnprintf+0x4a>
10003582:	9b0b      	ldr	r3, [sp, #44]	; 0x2c
10003584:	9a0a      	ldr	r2, [sp, #40]	; 0x28
10003586:	46a8      	mov	r8, r5
10003588:	429a      	cmp	r2, r3
1000358a:	d800      	bhi.n	1000358e <_vsnprintf+0x69a>
1000358c:	e6b5      	b.n	100032fa <_vsnprintf+0x406>
1000358e:	4694      	mov	ip, r2
10003590:	4465      	add	r5, ip
10003592:	1aed      	subs	r5, r5, r3
10003594:	9b08      	ldr	r3, [sp, #32]
10003596:	4647      	mov	r7, r8
10003598:	46b0      	mov	r8, r6
1000359a:	0026      	movs	r6, r4
1000359c:	464c      	mov	r4, r9
1000359e:	4699      	mov	r9, r3
100035a0:	003a      	movs	r2, r7
100035a2:	0023      	movs	r3, r4
100035a4:	3701      	adds	r7, #1
100035a6:	0031      	movs	r1, r6
100035a8:	2020      	movs	r0, #32
100035aa:	47c8      	blx	r9
100035ac:	42af      	cmp	r7, r5
100035ae:	d1f7      	bne.n	100035a0 <_vsnprintf+0x6ac>
100035b0:	46a1      	mov	r9, r4
100035b2:	0034      	movs	r4, r6
100035b4:	4646      	mov	r6, r8
100035b6:	e6a0      	b.n	100032fa <_vsnprintf+0x406>
100035b8:	9a0b      	ldr	r2, [sp, #44]	; 0x2c
100035ba:	990a      	ldr	r1, [sp, #40]	; 0x28
100035bc:	1c53      	adds	r3, r2, #1
100035be:	4291      	cmp	r1, r2
100035c0:	d800      	bhi.n	100035c4 <_vsnprintf+0x6d0>
100035c2:	e214      	b.n	100039ee <_vsnprintf+0xafa>
100035c4:	194b      	adds	r3, r1, r5
100035c6:	1a9b      	subs	r3, r3, r2
100035c8:	001f      	movs	r7, r3
100035ca:	9b08      	ldr	r3, [sp, #32]
100035cc:	46b2      	mov	sl, r6
100035ce:	0026      	movs	r6, r4
100035d0:	464c      	mov	r4, r9
100035d2:	4699      	mov	r9, r3
100035d4:	002a      	movs	r2, r5
100035d6:	0023      	movs	r3, r4
100035d8:	3501      	adds	r5, #1
100035da:	0031      	movs	r1, r6
100035dc:	2020      	movs	r0, #32
100035de:	47c8      	blx	r9
100035e0:	42bd      	cmp	r5, r7
100035e2:	d1f7      	bne.n	100035d4 <_vsnprintf+0x6e0>
100035e4:	9b0a      	ldr	r3, [sp, #40]	; 0x28
100035e6:	46a1      	mov	r9, r4
100035e8:	3301      	adds	r3, #1
100035ea:	930b      	str	r3, [sp, #44]	; 0x2c
100035ec:	9b09      	ldr	r3, [sp, #36]	; 0x24
100035ee:	0034      	movs	r4, r6
100035f0:	781b      	ldrb	r3, [r3, #0]
100035f2:	4656      	mov	r6, sl
100035f4:	469c      	mov	ip, r3
100035f6:	4660      	mov	r0, ip
100035f8:	2800      	cmp	r0, #0
100035fa:	d000      	beq.n	100035fe <_vsnprintf+0x70a>
100035fc:	e658      	b.n	100032b0 <_vsnprintf+0x3bc>
100035fe:	e67c      	b.n	100032fa <_vsnprintf+0x406>
10003600:	2207      	movs	r2, #7
10003602:	9b09      	ldr	r3, [sp, #36]	; 0x24
10003604:	3307      	adds	r3, #7
10003606:	4393      	bics	r3, r2
10003608:	3201      	adds	r2, #1
1000360a:	4694      	mov	ip, r2
1000360c:	449c      	add	ip, r3
1000360e:	4662      	mov	r2, ip
10003610:	685f      	ldr	r7, [r3, #4]
10003612:	9209      	str	r2, [sp, #36]	; 0x24
10003614:	681a      	ldr	r2, [r3, #0]
10003616:	17fb      	asrs	r3, r7, #31
10003618:	9310      	str	r3, [sp, #64]	; 0x40
1000361a:	9311      	str	r3, [sp, #68]	; 0x44
1000361c:	9810      	ldr	r0, [sp, #64]	; 0x40
1000361e:	9911      	ldr	r1, [sp, #68]	; 0x44
10003620:	0003      	movs	r3, r0
10003622:	4053      	eors	r3, r2
10003624:	930e      	str	r3, [sp, #56]	; 0x38
10003626:	000b      	movs	r3, r1
10003628:	407b      	eors	r3, r7
1000362a:	930f      	str	r3, [sp, #60]	; 0x3c
1000362c:	4694      	mov	ip, r2
1000362e:	9a0e      	ldr	r2, [sp, #56]	; 0x38
10003630:	9b0f      	ldr	r3, [sp, #60]	; 0x3c
10003632:	1a12      	subs	r2, r2, r0
10003634:	418b      	sbcs	r3, r1
10003636:	920e      	str	r2, [sp, #56]	; 0x38
10003638:	930f      	str	r3, [sp, #60]	; 0x3c
1000363a:	0ffb      	lsrs	r3, r7, #31
1000363c:	4662      	mov	r2, ip
1000363e:	9312      	str	r3, [sp, #72]	; 0x48
10003640:	2300      	movs	r3, #0
10003642:	433a      	orrs	r2, r7
10003644:	469b      	mov	fp, r3
10003646:	d03d      	beq.n	100036c4 <_vsnprintf+0x7d0>
10003648:	9a0b      	ldr	r2, [sp, #44]	; 0x2c
1000364a:	2361      	movs	r3, #97	; 0x61
1000364c:	0692      	lsls	r2, r2, #26
1000364e:	d500      	bpl.n	10003652 <_vsnprintf+0x75e>
10003650:	2341      	movs	r3, #65	; 0x41
10003652:	2200      	movs	r2, #0
10003654:	b2db      	uxtb	r3, r3
10003656:	a90e      	add	r1, sp, #56	; 0x38
10003658:	3b0a      	subs	r3, #10
1000365a:	468c      	mov	ip, r1
1000365c:	4692      	mov	sl, r2
1000365e:	930d      	str	r3, [sp, #52]	; 0x34
10003660:	4643      	mov	r3, r8
10003662:	321f      	adds	r2, #31
10003664:	4462      	add	r2, ip
10003666:	9513      	str	r5, [sp, #76]	; 0x4c
10003668:	9615      	str	r6, [sp, #84]	; 0x54
1000366a:	4655      	mov	r5, sl
1000366c:	9e0e      	ldr	r6, [sp, #56]	; 0x38
1000366e:	9f0f      	ldr	r7, [sp, #60]	; 0x3c
10003670:	46a2      	mov	sl, r4
10003672:	4690      	mov	r8, r2
10003674:	9c0c      	ldr	r4, [sp, #48]	; 0x30
10003676:	9314      	str	r3, [sp, #80]	; 0x50
10003678:	e00c      	b.n	10003694 <_vsnprintf+0x7a0>
1000367a:	3230      	adds	r2, #48	; 0x30
1000367c:	b2d2      	uxtb	r2, r2
1000367e:	4643      	mov	r3, r8
10003680:	3501      	adds	r5, #1
10003682:	555a      	strb	r2, [r3, r5]
10003684:	45bb      	cmp	fp, r7
10003686:	d100      	bne.n	1000368a <_vsnprintf+0x796>
10003688:	e18a      	b.n	100039a0 <_vsnprintf+0xaac>
1000368a:	2d20      	cmp	r5, #32
1000368c:	d100      	bne.n	10003690 <_vsnprintf+0x79c>
1000368e:	e18a      	b.n	100039a6 <_vsnprintf+0xab2>
10003690:	0006      	movs	r6, r0
10003692:	000f      	movs	r7, r1
10003694:	0022      	movs	r2, r4
10003696:	2300      	movs	r3, #0
10003698:	0030      	movs	r0, r6
1000369a:	0039      	movs	r1, r7
1000369c:	f7fe fb52 	bl	10001d44 <__wrap___aeabi_uldivmod>
100036a0:	b2d2      	uxtb	r2, r2
100036a2:	2a09      	cmp	r2, #9
100036a4:	d9e9      	bls.n	1000367a <_vsnprintf+0x786>
100036a6:	9b0d      	ldr	r3, [sp, #52]	; 0x34
100036a8:	469c      	mov	ip, r3
100036aa:	4462      	add	r2, ip
100036ac:	b2d2      	uxtb	r2, r2
100036ae:	e7e6      	b.n	1000367e <_vsnprintf+0x78a>
100036b0:	23ff      	movs	r3, #255	; 0xff
100036b2:	9909      	ldr	r1, [sp, #36]	; 0x24
100036b4:	c904      	ldmia	r1!, {r2}
100036b6:	4013      	ands	r3, r2
100036b8:	001a      	movs	r2, r3
100036ba:	9109      	str	r1, [sp, #36]	; 0x24
100036bc:	e517      	b.n	100030ee <_vsnprintf+0x1fa>
100036be:	46c0      	nop			; (mov r8, r8)
100036c0:	10002485 	.word	0x10002485
100036c4:	9a0b      	ldr	r2, [sp, #44]	; 0x2c
100036c6:	3310      	adds	r3, #16
100036c8:	0011      	movs	r1, r2
100036ca:	4399      	bics	r1, r3
100036cc:	910b      	str	r1, [sp, #44]	; 0x2c
100036ce:	0552      	lsls	r2, r2, #21
100036d0:	d5ba      	bpl.n	10003648 <_vsnprintf+0x754>
100036d2:	2300      	movs	r3, #0
100036d4:	469a      	mov	sl, r3
100036d6:	9b0b      	ldr	r3, [sp, #44]	; 0x2c
100036d8:	9306      	str	r3, [sp, #24]
100036da:	9b0a      	ldr	r3, [sp, #40]	; 0x28
100036dc:	9305      	str	r3, [sp, #20]
100036de:	4643      	mov	r3, r8
100036e0:	9304      	str	r3, [sp, #16]
100036e2:	9b0c      	ldr	r3, [sp, #48]	; 0x30
100036e4:	9303      	str	r3, [sp, #12]
100036e6:	9b12      	ldr	r3, [sp, #72]	; 0x48
100036e8:	9302      	str	r3, [sp, #8]
100036ea:	4653      	mov	r3, sl
100036ec:	9301      	str	r3, [sp, #4]
100036ee:	ab16      	add	r3, sp, #88	; 0x58
100036f0:	002a      	movs	r2, r5
100036f2:	9300      	str	r3, [sp, #0]
100036f4:	0021      	movs	r1, r4
100036f6:	464b      	mov	r3, r9
100036f8:	9808      	ldr	r0, [sp, #32]
100036fa:	f7fe ff13 	bl	10002524 <_ntoa_format>
100036fe:	3601      	adds	r6, #1
10003700:	0005      	movs	r5, r0
10003702:	e41c      	b.n	10002f3e <_vsnprintf+0x4a>
10003704:	22ff      	movs	r2, #255	; 0xff
10003706:	9b09      	ldr	r3, [sp, #36]	; 0x24
10003708:	cb02      	ldmia	r3!, {r1}
1000370a:	4011      	ands	r1, r2
1000370c:	468b      	mov	fp, r1
1000370e:	9309      	str	r3, [sp, #36]	; 0x24
10003710:	e6c5      	b.n	1000349e <_vsnprintf+0x5aa>
10003712:	4653      	mov	r3, sl
10003714:	4645      	mov	r5, r8
10003716:	9309      	str	r3, [sp, #36]	; 0x24
10003718:	3601      	adds	r6, #1
1000371a:	f7ff fc10 	bl	10002f3e <_vsnprintf+0x4a>
1000371e:	4656      	mov	r6, sl
10003720:	465c      	mov	r4, fp
10003722:	46aa      	mov	sl, r5
10003724:	9d13      	ldr	r5, [sp, #76]	; 0x4c
10003726:	e7d6      	b.n	100036d6 <_vsnprintf+0x7e2>
10003728:	2308      	movs	r3, #8
1000372a:	930c      	str	r3, [sp, #48]	; 0x30
1000372c:	910b      	str	r1, [sp, #44]	; 0x2c
1000372e:	990b      	ldr	r1, [sp, #44]	; 0x2c
10003730:	2864      	cmp	r0, #100	; 0x64
10003732:	d000      	beq.n	10003736 <_vsnprintf+0x842>
10003734:	e684      	b.n	10003440 <_vsnprintf+0x54c>
10003736:	9b0b      	ldr	r3, [sp, #44]	; 0x2c
10003738:	055b      	lsls	r3, r3, #21
1000373a:	d500      	bpl.n	1000373e <_vsnprintf+0x84a>
1000373c:	e686      	b.n	1000344c <_vsnprintf+0x558>
1000373e:	e4b4      	b.n	100030aa <_vsnprintf+0x1b6>
10003740:	2207      	movs	r2, #7
10003742:	9b09      	ldr	r3, [sp, #36]	; 0x24
10003744:	3307      	adds	r3, #7
10003746:	4393      	bics	r3, r2
10003748:	3201      	adds	r2, #1
1000374a:	4694      	mov	ip, r2
1000374c:	449c      	add	ip, r3
1000374e:	4662      	mov	r2, ip
10003750:	9209      	str	r2, [sp, #36]	; 0x24
10003752:	681a      	ldr	r2, [r3, #0]
10003754:	685b      	ldr	r3, [r3, #4]
10003756:	0010      	movs	r0, r2
10003758:	469b      	mov	fp, r3
1000375a:	0013      	movs	r3, r2
1000375c:	465a      	mov	r2, fp
1000375e:	4313      	orrs	r3, r2
10003760:	d107      	bne.n	10003772 <_vsnprintf+0x87e>
10003762:	9a0b      	ldr	r2, [sp, #44]	; 0x2c
10003764:	3310      	adds	r3, #16
10003766:	0011      	movs	r1, r2
10003768:	4399      	bics	r1, r3
1000376a:	910b      	str	r1, [sp, #44]	; 0x2c
1000376c:	0552      	lsls	r2, r2, #21
1000376e:	d500      	bpl.n	10003772 <_vsnprintf+0x87e>
10003770:	e6a1      	b.n	100034b6 <_vsnprintf+0x5c2>
10003772:	9a0b      	ldr	r2, [sp, #44]	; 0x2c
10003774:	2361      	movs	r3, #97	; 0x61
10003776:	0692      	lsls	r2, r2, #26
10003778:	d500      	bpl.n	1000377c <_vsnprintf+0x888>
1000377a:	2341      	movs	r3, #65	; 0x41
1000377c:	2200      	movs	r2, #0
1000377e:	b2db      	uxtb	r3, r3
10003780:	a90e      	add	r1, sp, #56	; 0x38
10003782:	3b0a      	subs	r3, #10
10003784:	468c      	mov	ip, r1
10003786:	4692      	mov	sl, r2
10003788:	930d      	str	r3, [sp, #52]	; 0x34
1000378a:	4643      	mov	r3, r8
1000378c:	321f      	adds	r2, #31
1000378e:	4462      	add	r2, ip
10003790:	465f      	mov	r7, fp
10003792:	9512      	str	r5, [sp, #72]	; 0x48
10003794:	46a3      	mov	fp, r4
10003796:	4655      	mov	r5, sl
10003798:	0004      	movs	r4, r0
1000379a:	46b2      	mov	sl, r6
1000379c:	4690      	mov	r8, r2
1000379e:	9e0c      	ldr	r6, [sp, #48]	; 0x30
100037a0:	9313      	str	r3, [sp, #76]	; 0x4c
100037a2:	e00d      	b.n	100037c0 <_vsnprintf+0x8cc>
100037a4:	3230      	adds	r2, #48	; 0x30
100037a6:	b2d2      	uxtb	r2, r2
100037a8:	4643      	mov	r3, r8
100037aa:	3501      	adds	r5, #1
100037ac:	555a      	strb	r2, [r3, r5]
100037ae:	2300      	movs	r3, #0
100037b0:	42bb      	cmp	r3, r7
100037b2:	d100      	bne.n	100037b6 <_vsnprintf+0x8c2>
100037b4:	e100      	b.n	100039b8 <_vsnprintf+0xac4>
100037b6:	2d20      	cmp	r5, #32
100037b8:	d100      	bne.n	100037bc <_vsnprintf+0x8c8>
100037ba:	e100      	b.n	100039be <_vsnprintf+0xaca>
100037bc:	0004      	movs	r4, r0
100037be:	000f      	movs	r7, r1
100037c0:	0032      	movs	r2, r6
100037c2:	2300      	movs	r3, #0
100037c4:	0020      	movs	r0, r4
100037c6:	0039      	movs	r1, r7
100037c8:	f7fe fabc 	bl	10001d44 <__wrap___aeabi_uldivmod>
100037cc:	b2d2      	uxtb	r2, r2
100037ce:	2a09      	cmp	r2, #9
100037d0:	d9e8      	bls.n	100037a4 <_vsnprintf+0x8b0>
100037d2:	9b0d      	ldr	r3, [sp, #52]	; 0x34
100037d4:	469c      	mov	ip, r3
100037d6:	4462      	add	r2, ip
100037d8:	b2d2      	uxtb	r2, r2
100037da:	e7e5      	b.n	100037a8 <_vsnprintf+0x8b4>
100037dc:	9a0b      	ldr	r2, [sp, #44]	; 0x2c
100037de:	2361      	movs	r3, #97	; 0x61
100037e0:	0692      	lsls	r2, r2, #26
100037e2:	d500      	bpl.n	100037e6 <_vsnprintf+0x8f2>
100037e4:	2341      	movs	r3, #65	; 0x41
100037e6:	b2db      	uxtb	r3, r3
100037e8:	a90e      	add	r1, sp, #56	; 0x38
100037ea:	3b0a      	subs	r3, #10
100037ec:	221f      	movs	r2, #31
100037ee:	468c      	mov	ip, r1
100037f0:	930d      	str	r3, [sp, #52]	; 0x34
100037f2:	0023      	movs	r3, r4
100037f4:	4462      	add	r2, ip
100037f6:	465c      	mov	r4, fp
100037f8:	9512      	str	r5, [sp, #72]	; 0x48
100037fa:	0017      	movs	r7, r2
100037fc:	4655      	mov	r5, sl
100037fe:	469b      	mov	fp, r3
10003800:	46b2      	mov	sl, r6
10003802:	9e0c      	ldr	r6, [sp, #48]	; 0x30
10003804:	e008      	b.n	10003818 <_vsnprintf+0x924>
10003806:	3330      	adds	r3, #48	; 0x30
10003808:	b2db      	uxtb	r3, r3
1000380a:	3501      	adds	r5, #1
1000380c:	557b      	strb	r3, [r7, r5]
1000380e:	42b4      	cmp	r4, r6
10003810:	d30e      	bcc.n	10003830 <_vsnprintf+0x93c>
10003812:	2d20      	cmp	r5, #32
10003814:	d00c      	beq.n	10003830 <_vsnprintf+0x93c>
10003816:	0004      	movs	r4, r0
10003818:	0031      	movs	r1, r6
1000381a:	0020      	movs	r0, r4
1000381c:	f7fe fa54 	bl	10001cc8 <__wrap___aeabi_uidiv>
10003820:	b2cb      	uxtb	r3, r1
10003822:	2909      	cmp	r1, #9
10003824:	d9ef      	bls.n	10003806 <_vsnprintf+0x912>
10003826:	9a0d      	ldr	r2, [sp, #52]	; 0x34
10003828:	4694      	mov	ip, r2
1000382a:	4463      	add	r3, ip
1000382c:	b2db      	uxtb	r3, r3
1000382e:	e7ec      	b.n	1000380a <_vsnprintf+0x916>
10003830:	4656      	mov	r6, sl
10003832:	465c      	mov	r4, fp
10003834:	46aa      	mov	sl, r5
10003836:	9d12      	ldr	r5, [sp, #72]	; 0x48
10003838:	e63f      	b.n	100034ba <_vsnprintf+0x5c6>
1000383a:	9b09      	ldr	r3, [sp, #36]	; 0x24
1000383c:	001a      	movs	r2, r3
1000383e:	ca08      	ldmia	r2!, {r3}
10003840:	17d9      	asrs	r1, r3, #31
10003842:	9213      	str	r2, [sp, #76]	; 0x4c
10003844:	185a      	adds	r2, r3, r1
10003846:	404a      	eors	r2, r1
10003848:	4692      	mov	sl, r2
1000384a:	0fda      	lsrs	r2, r3, #31
1000384c:	9212      	str	r2, [sp, #72]	; 0x48
1000384e:	2b00      	cmp	r3, #0
10003850:	d108      	bne.n	10003864 <_vsnprintf+0x970>
10003852:	2380      	movs	r3, #128	; 0x80
10003854:	2210      	movs	r2, #16
10003856:	990b      	ldr	r1, [sp, #44]	; 0x2c
10003858:	00db      	lsls	r3, r3, #3
1000385a:	400b      	ands	r3, r1
1000385c:	4391      	bics	r1, r2
1000385e:	910b      	str	r1, [sp, #44]	; 0x2c
10003860:	2b00      	cmp	r3, #0
10003862:	d12b      	bne.n	100038bc <_vsnprintf+0x9c8>
10003864:	9a0b      	ldr	r2, [sp, #44]	; 0x2c
10003866:	2361      	movs	r3, #97	; 0x61
10003868:	0692      	lsls	r2, r2, #26
1000386a:	d500      	bpl.n	1000386e <_vsnprintf+0x97a>
1000386c:	2341      	movs	r3, #65	; 0x41
1000386e:	aa0e      	add	r2, sp, #56	; 0x38
10003870:	271f      	movs	r7, #31
10003872:	4694      	mov	ip, r2
10003874:	b2db      	uxtb	r3, r3
10003876:	3b0a      	subs	r3, #10
10003878:	950d      	str	r5, [sp, #52]	; 0x34
1000387a:	4467      	add	r7, ip
1000387c:	465d      	mov	r5, fp
1000387e:	9309      	str	r3, [sp, #36]	; 0x24
10003880:	46a3      	mov	fp, r4
10003882:	4654      	mov	r4, sl
10003884:	46b2      	mov	sl, r6
10003886:	9e0c      	ldr	r6, [sp, #48]	; 0x30
10003888:	e008      	b.n	1000389c <_vsnprintf+0x9a8>
1000388a:	3330      	adds	r3, #48	; 0x30
1000388c:	b2db      	uxtb	r3, r3
1000388e:	3501      	adds	r5, #1
10003890:	557b      	strb	r3, [r7, r5]
10003892:	42b4      	cmp	r4, r6
10003894:	d30e      	bcc.n	100038b4 <_vsnprintf+0x9c0>
10003896:	2d20      	cmp	r5, #32
10003898:	d00c      	beq.n	100038b4 <_vsnprintf+0x9c0>
1000389a:	0004      	movs	r4, r0
1000389c:	0031      	movs	r1, r6
1000389e:	0020      	movs	r0, r4
100038a0:	f7fe fa12 	bl	10001cc8 <__wrap___aeabi_uidiv>
100038a4:	b2cb      	uxtb	r3, r1
100038a6:	2909      	cmp	r1, #9
100038a8:	d9ef      	bls.n	1000388a <_vsnprintf+0x996>
100038aa:	9a09      	ldr	r2, [sp, #36]	; 0x24
100038ac:	4694      	mov	ip, r2
100038ae:	4463      	add	r3, ip
100038b0:	b2db      	uxtb	r3, r3
100038b2:	e7ec      	b.n	1000388e <_vsnprintf+0x99a>
100038b4:	4656      	mov	r6, sl
100038b6:	465c      	mov	r4, fp
100038b8:	46ab      	mov	fp, r5
100038ba:	9d0d      	ldr	r5, [sp, #52]	; 0x34
100038bc:	9b0b      	ldr	r3, [sp, #44]	; 0x2c
100038be:	002a      	movs	r2, r5
100038c0:	9306      	str	r3, [sp, #24]
100038c2:	9b0a      	ldr	r3, [sp, #40]	; 0x28
100038c4:	0021      	movs	r1, r4
100038c6:	9305      	str	r3, [sp, #20]
100038c8:	4643      	mov	r3, r8
100038ca:	9304      	str	r3, [sp, #16]
100038cc:	9b0c      	ldr	r3, [sp, #48]	; 0x30
100038ce:	9808      	ldr	r0, [sp, #32]
100038d0:	9303      	str	r3, [sp, #12]
100038d2:	9b12      	ldr	r3, [sp, #72]	; 0x48
100038d4:	3601      	adds	r6, #1
100038d6:	9302      	str	r3, [sp, #8]
100038d8:	465b      	mov	r3, fp
100038da:	9301      	str	r3, [sp, #4]
100038dc:	ab16      	add	r3, sp, #88	; 0x58
100038de:	9300      	str	r3, [sp, #0]
100038e0:	464b      	mov	r3, r9
100038e2:	f7fe fe1f 	bl	10002524 <_ntoa_format>
100038e6:	9b13      	ldr	r3, [sp, #76]	; 0x4c
100038e8:	0005      	movs	r5, r0
100038ea:	9309      	str	r3, [sp, #36]	; 0x24
100038ec:	f7ff fb27 	bl	10002f3e <_vsnprintf+0x4a>
100038f0:	2302      	movs	r3, #2
100038f2:	930c      	str	r3, [sp, #48]	; 0x30
100038f4:	e71a      	b.n	1000372c <_vsnprintf+0x838>
100038f6:	9b09      	ldr	r3, [sp, #36]	; 0x24
100038f8:	cb04      	ldmia	r3!, {r2}
100038fa:	4692      	mov	sl, r2
100038fc:	9312      	str	r3, [sp, #72]	; 0x48
100038fe:	2a00      	cmp	r2, #0
10003900:	d108      	bne.n	10003914 <_vsnprintf+0xa20>
10003902:	2380      	movs	r3, #128	; 0x80
10003904:	2210      	movs	r2, #16
10003906:	990b      	ldr	r1, [sp, #44]	; 0x2c
10003908:	00db      	lsls	r3, r3, #3
1000390a:	400b      	ands	r3, r1
1000390c:	4391      	bics	r1, r2
1000390e:	910b      	str	r1, [sp, #44]	; 0x2c
10003910:	2b00      	cmp	r3, #0
10003912:	d12b      	bne.n	1000396c <_vsnprintf+0xa78>
10003914:	9a0b      	ldr	r2, [sp, #44]	; 0x2c
10003916:	2361      	movs	r3, #97	; 0x61
10003918:	0692      	lsls	r2, r2, #26
1000391a:	d500      	bpl.n	1000391e <_vsnprintf+0xa2a>
1000391c:	2341      	movs	r3, #65	; 0x41
1000391e:	aa0e      	add	r2, sp, #56	; 0x38
10003920:	271f      	movs	r7, #31
10003922:	4694      	mov	ip, r2
10003924:	b2db      	uxtb	r3, r3
10003926:	3b0a      	subs	r3, #10
10003928:	950d      	str	r5, [sp, #52]	; 0x34
1000392a:	4467      	add	r7, ip
1000392c:	465d      	mov	r5, fp
1000392e:	9309      	str	r3, [sp, #36]	; 0x24
10003930:	46a3      	mov	fp, r4
10003932:	4654      	mov	r4, sl
10003934:	46b2      	mov	sl, r6
10003936:	9e0c      	ldr	r6, [sp, #48]	; 0x30
10003938:	e008      	b.n	1000394c <_vsnprintf+0xa58>
1000393a:	3330      	adds	r3, #48	; 0x30
1000393c:	b2db      	uxtb	r3, r3
1000393e:	3501      	adds	r5, #1
10003940:	557b      	strb	r3, [r7, r5]
10003942:	42b4      	cmp	r4, r6
10003944:	d30e      	bcc.n	10003964 <_vsnprintf+0xa70>
10003946:	2d20      	cmp	r5, #32
10003948:	d00c      	beq.n	10003964 <_vsnprintf+0xa70>
1000394a:	0004      	movs	r4, r0
1000394c:	0031      	movs	r1, r6
1000394e:	0020      	movs	r0, r4
10003950:	f7fe f9ba 	bl	10001cc8 <__wrap___aeabi_uidiv>
10003954:	b2cb      	uxtb	r3, r1
10003956:	2909      	cmp	r1, #9
10003958:	d9ef      	bls.n	1000393a <_vsnprintf+0xa46>
1000395a:	9a09      	ldr	r2, [sp, #36]	; 0x24
1000395c:	4694      	mov	ip, r2
1000395e:	4463      	add	r3, ip
10003960:	b2db      	uxtb	r3, r3
10003962:	e7ec      	b.n	1000393e <_vsnprintf+0xa4a>
10003964:	4656      	mov	r6, sl
10003966:	465c      	mov	r4, fp
10003968:	46ab      	mov	fp, r5
1000396a:	9d0d      	ldr	r5, [sp, #52]	; 0x34
1000396c:	9b0b      	ldr	r3, [sp, #44]	; 0x2c
1000396e:	002a      	movs	r2, r5
10003970:	9306      	str	r3, [sp, #24]
10003972:	9b0a      	ldr	r3, [sp, #40]	; 0x28
10003974:	0021      	movs	r1, r4
10003976:	9305      	str	r3, [sp, #20]
10003978:	4643      	mov	r3, r8
1000397a:	9304      	str	r3, [sp, #16]
1000397c:	9b0c      	ldr	r3, [sp, #48]	; 0x30
1000397e:	9808      	ldr	r0, [sp, #32]
10003980:	9303      	str	r3, [sp, #12]
10003982:	2300      	movs	r3, #0
10003984:	9302      	str	r3, [sp, #8]
10003986:	465b      	mov	r3, fp
10003988:	9301      	str	r3, [sp, #4]
1000398a:	ab16      	add	r3, sp, #88	; 0x58
1000398c:	9300      	str	r3, [sp, #0]
1000398e:	464b      	mov	r3, r9
10003990:	f7fe fdc8 	bl	10002524 <_ntoa_format>
10003994:	9b12      	ldr	r3, [sp, #72]	; 0x48
10003996:	0005      	movs	r5, r0
10003998:	9309      	str	r3, [sp, #36]	; 0x24
1000399a:	3601      	adds	r6, #1
1000399c:	f7ff facf 	bl	10002f3e <_vsnprintf+0x4a>
100039a0:	42b4      	cmp	r4, r6
100039a2:	d800      	bhi.n	100039a6 <_vsnprintf+0xab2>
100039a4:	e671      	b.n	1000368a <_vsnprintf+0x796>
100039a6:	9b14      	ldr	r3, [sp, #80]	; 0x50
100039a8:	4654      	mov	r4, sl
100039aa:	960e      	str	r6, [sp, #56]	; 0x38
100039ac:	970f      	str	r7, [sp, #60]	; 0x3c
100039ae:	46aa      	mov	sl, r5
100039b0:	4698      	mov	r8, r3
100039b2:	9e15      	ldr	r6, [sp, #84]	; 0x54
100039b4:	9d13      	ldr	r5, [sp, #76]	; 0x4c
100039b6:	e68e      	b.n	100036d6 <_vsnprintf+0x7e2>
100039b8:	42a6      	cmp	r6, r4
100039ba:	d800      	bhi.n	100039be <_vsnprintf+0xaca>
100039bc:	e6fb      	b.n	100037b6 <_vsnprintf+0x8c2>
100039be:	9b13      	ldr	r3, [sp, #76]	; 0x4c
100039c0:	4656      	mov	r6, sl
100039c2:	4698      	mov	r8, r3
100039c4:	46aa      	mov	sl, r5
100039c6:	465c      	mov	r4, fp
100039c8:	9d12      	ldr	r5, [sp, #72]	; 0x48
100039ca:	e576      	b.n	100034ba <_vsnprintf+0x5c6>
100039cc:	c908      	ldmia	r1!, {r3}
100039ce:	17d8      	asrs	r0, r3, #31
100039d0:	181a      	adds	r2, r3, r0
100039d2:	4042      	eors	r2, r0
100039d4:	9109      	str	r1, [sp, #36]	; 0x24
100039d6:	f7ff fb8a 	bl	100030ee <_vsnprintf+0x1fa>
100039da:	2300      	movs	r3, #0
100039dc:	930b      	str	r3, [sp, #44]	; 0x2c
100039de:	e450      	b.n	10003282 <_vsnprintf+0x38e>
100039e0:	9b09      	ldr	r3, [sp, #36]	; 0x24
100039e2:	cb04      	ldmia	r3!, {r2}
100039e4:	4693      	mov	fp, r2
100039e6:	9309      	str	r3, [sp, #36]	; 0x24
100039e8:	e559      	b.n	1000349e <_vsnprintf+0x5aa>
100039ea:	002f      	movs	r7, r5
100039ec:	e5bb      	b.n	10003566 <_vsnprintf+0x672>
100039ee:	930b      	str	r3, [sp, #44]	; 0x2c
100039f0:	e601      	b.n	100035f6 <_vsnprintf+0x702>
100039f2:	3b06      	subs	r3, #6
100039f4:	930c      	str	r3, [sp, #48]	; 0x30
100039f6:	e69a      	b.n	1000372e <_vsnprintf+0x83a>

100039f8 <vfctprintf>:
100039f8:	b500      	push	{lr}
100039fa:	b085      	sub	sp, #20
100039fc:	9103      	str	r1, [sp, #12]
100039fe:	2101      	movs	r1, #1
10003a00:	9002      	str	r0, [sp, #8]
10003a02:	9300      	str	r3, [sp, #0]
10003a04:	4803      	ldr	r0, [pc, #12]	; (10003a14 <vfctprintf+0x1c>)
10003a06:	0013      	movs	r3, r2
10003a08:	424a      	negs	r2, r1
10003a0a:	a902      	add	r1, sp, #8
10003a0c:	f7ff fa72 	bl	10002ef4 <_vsnprintf>
10003a10:	b005      	add	sp, #20
10003a12:	bd00      	pop	{pc}
10003a14:	10002701 	.word	0x10002701

10003a18 <weak_raw_vprintf>:
10003a18:	b510      	push	{r4, lr}
10003a1a:	4a09      	ldr	r2, [pc, #36]	; (10003a40 <weak_raw_vprintf+0x28>)
10003a1c:	0003      	movs	r3, r0
10003a1e:	6814      	ldr	r4, [r2, #0]
10003a20:	b084      	sub	sp, #16
10003a22:	2c00      	cmp	r4, #0
10003a24:	d008      	beq.n	10003a38 <weak_raw_vprintf+0x20>
10003a26:	2201      	movs	r2, #1
10003a28:	9100      	str	r1, [sp, #0]
10003a2a:	4806      	ldr	r0, [pc, #24]	; (10003a44 <weak_raw_vprintf+0x2c>)
10003a2c:	4252      	negs	r2, r2
10003a2e:	a903      	add	r1, sp, #12
10003a30:	47a0      	blx	r4
10003a32:	2001      	movs	r0, #1
10003a34:	b004      	add	sp, #16
10003a36:	bd10      	pop	{r4, pc}
10003a38:	f000 f9a2 	bl	10003d80 <__wrap_puts>
10003a3c:	2000      	movs	r0, #0
10003a3e:	e7f9      	b.n	10003a34 <weak_raw_vprintf+0x1c>
10003a40:	20001eb8 	.word	0x20001eb8
10003a44:	100026f1 	.word	0x100026f1

10003a48 <_exit>:
10003a48:	be00      	bkpt	0x0000
10003a4a:	e7fd      	b.n	10003a48 <_exit>

10003a4c <exit>:
10003a4c:	b510      	push	{r4, lr}
10003a4e:	f7ff fffb 	bl	10003a48 <_exit>
10003a52:	46c0      	nop			; (mov r8, r8)

10003a54 <runtime_init>:
10003a54:	b570      	push	{r4, r5, r6, lr}
10003a56:	f7fd ffdf 	bl	10001a18 <runtime_run_initializers>
10003a5a:	4d07      	ldr	r5, [pc, #28]	; (10003a78 <runtime_init+0x24>)
10003a5c:	4e07      	ldr	r6, [pc, #28]	; (10003a7c <runtime_init+0x28>)
10003a5e:	42b5      	cmp	r5, r6
10003a60:	d209      	bcs.n	10003a76 <runtime_init+0x22>
10003a62:	2400      	movs	r4, #0
10003a64:	3e01      	subs	r6, #1
10003a66:	1b76      	subs	r6, r6, r5
10003a68:	08b6      	lsrs	r6, r6, #2
10003a6a:	cd08      	ldmia	r5!, {r3}
10003a6c:	4798      	blx	r3
10003a6e:	0023      	movs	r3, r4
10003a70:	3401      	adds	r4, #1
10003a72:	42b3      	cmp	r3, r6
10003a74:	d1f9      	bne.n	10003a6a <runtime_init+0x16>
10003a76:	bd70      	pop	{r4, r5, r6, pc}
10003a78:	100069c4 	.word	0x100069c4
10003a7c:	100069cc 	.word	0x100069cc

10003a80 <stdio_out_chars_no_crlf>:
10003a80:	0003      	movs	r3, r0
10003a82:	b510      	push	{r4, lr}
10003a84:	0008      	movs	r0, r1
10003a86:	0011      	movs	r1, r2
10003a88:	681b      	ldr	r3, [r3, #0]
10003a8a:	4798      	blx	r3
10003a8c:	bd10      	pop	{r4, pc}
10003a8e:	46c0      	nop			; (mov r8, r8)

10003a90 <stdio_out_chars_crlf>:
10003a90:	b5f0      	push	{r4, r5, r6, r7, lr}
10003a92:	4646      	mov	r6, r8
10003a94:	464f      	mov	r7, r9
10003a96:	46d6      	mov	lr, sl
10003a98:	b5c0      	push	{r6, r7, lr}
10003a9a:	7d43      	ldrb	r3, [r0, #21]
10003a9c:	4680      	mov	r8, r0
10003a9e:	000e      	movs	r6, r1
10003aa0:	0017      	movs	r7, r2
10003aa2:	2b00      	cmp	r3, #0
10003aa4:	d046      	beq.n	10003b34 <stdio_out_chars_crlf+0xa4>
10003aa6:	2a00      	cmp	r2, #0
10003aa8:	dd3f      	ble.n	10003b2a <stdio_out_chars_crlf+0x9a>
10003aaa:	1e4b      	subs	r3, r1, #1
10003aac:	4699      	mov	r9, r3
10003aae:	4b24      	ldr	r3, [pc, #144]	; (10003b40 <stdio_out_chars_crlf+0xb0>)
10003ab0:	2501      	movs	r5, #1
10003ab2:	2400      	movs	r4, #0
10003ab4:	2000      	movs	r0, #0
10003ab6:	469a      	mov	sl, r3
10003ab8:	e00d      	b.n	10003ad6 <stdio_out_chars_crlf+0x46>
10003aba:	464b      	mov	r3, r9
10003abc:	5d1b      	ldrb	r3, [r3, r4]
10003abe:	3b0d      	subs	r3, #13
10003ac0:	425a      	negs	r2, r3
10003ac2:	4153      	adcs	r3, r2
10003ac4:	5d32      	ldrb	r2, [r6, r4]
10003ac6:	b2db      	uxtb	r3, r3
10003ac8:	2a0a      	cmp	r2, #10
10003aca:	d00b      	beq.n	10003ae4 <stdio_out_chars_crlf+0x54>
10003acc:	002b      	movs	r3, r5
10003ace:	3401      	adds	r4, #1
10003ad0:	3501      	adds	r5, #1
10003ad2:	429f      	cmp	r7, r3
10003ad4:	dd1a      	ble.n	10003b0c <stdio_out_chars_crlf+0x7c>
10003ad6:	2c00      	cmp	r4, #0
10003ad8:	d1ef      	bne.n	10003aba <stdio_out_chars_crlf+0x2a>
10003ada:	4643      	mov	r3, r8
10003adc:	5d32      	ldrb	r2, [r6, r4]
10003ade:	7d1b      	ldrb	r3, [r3, #20]
10003ae0:	2a0a      	cmp	r2, #10
10003ae2:	d1f3      	bne.n	10003acc <stdio_out_chars_crlf+0x3c>
10003ae4:	2b00      	cmp	r3, #0
10003ae6:	d1f1      	bne.n	10003acc <stdio_out_chars_crlf+0x3c>
10003ae8:	42a0      	cmp	r0, r4
10003aea:	da04      	bge.n	10003af6 <stdio_out_chars_crlf+0x66>
10003aec:	4643      	mov	r3, r8
10003aee:	1a21      	subs	r1, r4, r0
10003af0:	681b      	ldr	r3, [r3, #0]
10003af2:	1830      	adds	r0, r6, r0
10003af4:	4798      	blx	r3
10003af6:	4643      	mov	r3, r8
10003af8:	4650      	mov	r0, sl
10003afa:	681b      	ldr	r3, [r3, #0]
10003afc:	2102      	movs	r1, #2
10003afe:	4798      	blx	r3
10003b00:	3401      	adds	r4, #1
10003b02:	0028      	movs	r0, r5
10003b04:	002b      	movs	r3, r5
10003b06:	3501      	adds	r5, #1
10003b08:	429f      	cmp	r7, r3
10003b0a:	dce4      	bgt.n	10003ad6 <stdio_out_chars_crlf+0x46>
10003b0c:	4287      	cmp	r7, r0
10003b0e:	dd04      	ble.n	10003b1a <stdio_out_chars_crlf+0x8a>
10003b10:	4643      	mov	r3, r8
10003b12:	1a39      	subs	r1, r7, r0
10003b14:	681b      	ldr	r3, [r3, #0]
10003b16:	1830      	adds	r0, r6, r0
10003b18:	4798      	blx	r3
10003b1a:	19f6      	adds	r6, r6, r7
10003b1c:	3e01      	subs	r6, #1
10003b1e:	7833      	ldrb	r3, [r6, #0]
10003b20:	3b0d      	subs	r3, #13
10003b22:	425a      	negs	r2, r3
10003b24:	4153      	adcs	r3, r2
10003b26:	4642      	mov	r2, r8
10003b28:	7513      	strb	r3, [r2, #20]
10003b2a:	bce0      	pop	{r5, r6, r7}
10003b2c:	46ba      	mov	sl, r7
10003b2e:	46b1      	mov	r9, r6
10003b30:	46a8      	mov	r8, r5
10003b32:	bdf0      	pop	{r4, r5, r6, r7, pc}
10003b34:	6803      	ldr	r3, [r0, #0]
10003b36:	0011      	movs	r1, r2
10003b38:	0030      	movs	r0, r6
10003b3a:	4798      	blx	r3
10003b3c:	e7f5      	b.n	10003b2a <stdio_out_chars_crlf+0x9a>
10003b3e:	46c0      	nop			; (mov r8, r8)
10003b40:	10006d78 	.word	0x10006d78

10003b44 <stdio_buffered_printer>:
10003b44:	b5f0      	push	{r4, r5, r6, r7, lr}
10003b46:	46c6      	mov	lr, r8
10003b48:	000c      	movs	r4, r1
10003b4a:	6809      	ldr	r1, [r1, #0]
10003b4c:	0006      	movs	r6, r0
10003b4e:	b500      	push	{lr}
10003b50:	2980      	cmp	r1, #128	; 0x80
10003b52:	d006      	beq.n	10003b62 <stdio_buffered_printer+0x1e>
10003b54:	1c4b      	adds	r3, r1, #1
10003b56:	6023      	str	r3, [r4, #0]
10003b58:	1864      	adds	r4, r4, r1
10003b5a:	7126      	strb	r6, [r4, #4]
10003b5c:	bc80      	pop	{r7}
10003b5e:	46b8      	mov	r8, r7
10003b60:	bdf0      	pop	{r4, r5, r6, r7, pc}
10003b62:	4b0f      	ldr	r3, [pc, #60]	; (10003ba0 <stdio_buffered_printer+0x5c>)
10003b64:	681d      	ldr	r5, [r3, #0]
10003b66:	2d00      	cmp	r5, #0
10003b68:	d016      	beq.n	10003b98 <stdio_buffered_printer+0x54>
10003b6a:	1d23      	adds	r3, r4, #4
10003b6c:	4698      	mov	r8, r3
10003b6e:	4f0d      	ldr	r7, [pc, #52]	; (10003ba4 <stdio_buffered_printer+0x60>)
10003b70:	e002      	b.n	10003b78 <stdio_buffered_printer+0x34>
10003b72:	692d      	ldr	r5, [r5, #16]
10003b74:	2d00      	cmp	r5, #0
10003b76:	d00f      	beq.n	10003b98 <stdio_buffered_printer+0x54>
10003b78:	682b      	ldr	r3, [r5, #0]
10003b7a:	2b00      	cmp	r3, #0
10003b7c:	d0f9      	beq.n	10003b72 <stdio_buffered_printer+0x2e>
10003b7e:	683b      	ldr	r3, [r7, #0]
10003b80:	2b00      	cmp	r3, #0
10003b82:	d001      	beq.n	10003b88 <stdio_buffered_printer+0x44>
10003b84:	42ab      	cmp	r3, r5
10003b86:	d1f4      	bne.n	10003b72 <stdio_buffered_printer+0x2e>
10003b88:	0028      	movs	r0, r5
10003b8a:	4641      	mov	r1, r8
10003b8c:	6822      	ldr	r2, [r4, #0]
10003b8e:	f7ff ff7f 	bl	10003a90 <stdio_out_chars_crlf>
10003b92:	692d      	ldr	r5, [r5, #16]
10003b94:	2d00      	cmp	r5, #0
10003b96:	d1ef      	bne.n	10003b78 <stdio_buffered_printer+0x34>
10003b98:	2301      	movs	r3, #1
10003b9a:	2100      	movs	r1, #0
10003b9c:	e7db      	b.n	10003b56 <stdio_buffered_printer+0x12>
10003b9e:	46c0      	nop			; (mov r8, r8)
10003ba0:	20001aac 	.word	0x20001aac
10003ba4:	20001ab4 	.word	0x20001ab4

10003ba8 <stdio_put_string>:
10003ba8:	b5f0      	push	{r4, r5, r6, r7, lr}
10003baa:	46de      	mov	lr, fp
10003bac:	4657      	mov	r7, sl
10003bae:	464e      	mov	r6, r9
10003bb0:	4645      	mov	r5, r8
10003bb2:	b5e0      	push	{r5, r6, r7, lr}
10003bb4:	b085      	sub	sp, #20
10003bb6:	0017      	movs	r7, r2
10003bb8:	001c      	movs	r4, r3
10003bba:	0006      	movs	r6, r0
10003bbc:	000d      	movs	r5, r1
10003bbe:	f7fd fc5f 	bl	10001480 <time_us_64>
10003bc2:	2300      	movs	r3, #0
10003bc4:	4a31      	ldr	r2, [pc, #196]	; (10003c8c <stdio_put_string+0xe4>)
10003bc6:	1812      	adds	r2, r2, r0
10003bc8:	414b      	adcs	r3, r1
10003bca:	2b00      	cmp	r3, #0
10003bcc:	db59      	blt.n	10003c82 <stdio_put_string+0xda>
10003bce:	4930      	ldr	r1, [pc, #192]	; (10003c90 <stdio_put_string+0xe8>)
10003bd0:	0008      	movs	r0, r1
10003bd2:	468a      	mov	sl, r1
10003bd4:	f002 fea8 	bl	10006928 <__mutex_try_enter_block_until_veneer>
10003bd8:	9001      	str	r0, [sp, #4]
10003bda:	1c6b      	adds	r3, r5, #1
10003bdc:	d103      	bne.n	10003be6 <stdio_put_string+0x3e>
10003bde:	0030      	movs	r0, r6
10003be0:	f002 fe38 	bl	10006854 <strlen>
10003be4:	0005      	movs	r5, r0
10003be6:	2c00      	cmp	r4, #0
10003be8:	d126      	bne.n	10003c38 <stdio_put_string+0x90>
10003bea:	4b2a      	ldr	r3, [pc, #168]	; (10003c94 <stdio_put_string+0xec>)
10003bec:	4698      	mov	r8, r3
10003bee:	4b2a      	ldr	r3, [pc, #168]	; (10003c98 <stdio_put_string+0xf0>)
10003bf0:	681c      	ldr	r4, [r3, #0]
10003bf2:	2c00      	cmp	r4, #0
10003bf4:	d015      	beq.n	10003c22 <stdio_put_string+0x7a>
10003bf6:	2f00      	cmp	r7, #0
10003bf8:	d121      	bne.n	10003c3e <stdio_put_string+0x96>
10003bfa:	4f28      	ldr	r7, [pc, #160]	; (10003c9c <stdio_put_string+0xf4>)
10003bfc:	e002      	b.n	10003c04 <stdio_put_string+0x5c>
10003bfe:	6924      	ldr	r4, [r4, #16]
10003c00:	2c00      	cmp	r4, #0
10003c02:	d00e      	beq.n	10003c22 <stdio_put_string+0x7a>
10003c04:	6823      	ldr	r3, [r4, #0]
10003c06:	2b00      	cmp	r3, #0
10003c08:	d0f9      	beq.n	10003bfe <stdio_put_string+0x56>
10003c0a:	683b      	ldr	r3, [r7, #0]
10003c0c:	2b00      	cmp	r3, #0
10003c0e:	d001      	beq.n	10003c14 <stdio_put_string+0x6c>
10003c10:	42a3      	cmp	r3, r4
10003c12:	d1f4      	bne.n	10003bfe <stdio_put_string+0x56>
10003c14:	0020      	movs	r0, r4
10003c16:	002a      	movs	r2, r5
10003c18:	0031      	movs	r1, r6
10003c1a:	47c0      	blx	r8
10003c1c:	6924      	ldr	r4, [r4, #16]
10003c1e:	2c00      	cmp	r4, #0
10003c20:	d1f0      	bne.n	10003c04 <stdio_put_string+0x5c>
10003c22:	9b01      	ldr	r3, [sp, #4]
10003c24:	2b00      	cmp	r3, #0
10003c26:	d128      	bne.n	10003c7a <stdio_put_string+0xd2>
10003c28:	0028      	movs	r0, r5
10003c2a:	b005      	add	sp, #20
10003c2c:	bcf0      	pop	{r4, r5, r6, r7}
10003c2e:	46bb      	mov	fp, r7
10003c30:	46b2      	mov	sl, r6
10003c32:	46a9      	mov	r9, r5
10003c34:	46a0      	mov	r8, r4
10003c36:	bdf0      	pop	{r4, r5, r6, r7, pc}
10003c38:	4b19      	ldr	r3, [pc, #100]	; (10003ca0 <stdio_put_string+0xf8>)
10003c3a:	4698      	mov	r8, r3
10003c3c:	e7d7      	b.n	10003bee <stdio_put_string+0x46>
10003c3e:	4b17      	ldr	r3, [pc, #92]	; (10003c9c <stdio_put_string+0xf4>)
10003c40:	4699      	mov	r9, r3
10003c42:	ab02      	add	r3, sp, #8
10003c44:	1ddf      	adds	r7, r3, #7
10003c46:	230a      	movs	r3, #10
10003c48:	469b      	mov	fp, r3
10003c4a:	e002      	b.n	10003c52 <stdio_put_string+0xaa>
10003c4c:	6924      	ldr	r4, [r4, #16]
10003c4e:	2c00      	cmp	r4, #0
10003c50:	d0e7      	beq.n	10003c22 <stdio_put_string+0x7a>
10003c52:	6823      	ldr	r3, [r4, #0]
10003c54:	2b00      	cmp	r3, #0
10003c56:	d0f9      	beq.n	10003c4c <stdio_put_string+0xa4>
10003c58:	464b      	mov	r3, r9
10003c5a:	681b      	ldr	r3, [r3, #0]
10003c5c:	2b00      	cmp	r3, #0
10003c5e:	d001      	beq.n	10003c64 <stdio_put_string+0xbc>
10003c60:	42a3      	cmp	r3, r4
10003c62:	d1f3      	bne.n	10003c4c <stdio_put_string+0xa4>
10003c64:	002a      	movs	r2, r5
10003c66:	0031      	movs	r1, r6
10003c68:	0020      	movs	r0, r4
10003c6a:	47c0      	blx	r8
10003c6c:	465b      	mov	r3, fp
10003c6e:	2201      	movs	r2, #1
10003c70:	0039      	movs	r1, r7
10003c72:	0020      	movs	r0, r4
10003c74:	703b      	strb	r3, [r7, #0]
10003c76:	47c0      	blx	r8
10003c78:	e7e8      	b.n	10003c4c <stdio_put_string+0xa4>
10003c7a:	4650      	mov	r0, sl
10003c7c:	f002 fe2c 	bl	100068d8 <__mutex_exit_veneer>
10003c80:	e7d2      	b.n	10003c28 <stdio_put_string+0x80>
10003c82:	2201      	movs	r2, #1
10003c84:	4b07      	ldr	r3, [pc, #28]	; (10003ca4 <stdio_put_string+0xfc>)
10003c86:	4252      	negs	r2, r2
10003c88:	e7a1      	b.n	10003bce <stdio_put_string+0x26>
10003c8a:	46c0      	nop			; (mov r8, r8)
10003c8c:	000f4240 	.word	0x000f4240
10003c90:	20001100 	.word	0x20001100
10003c94:	10003a81 	.word	0x10003a81
10003c98:	20001aac 	.word	0x20001aac
10003c9c:	20001ab4 	.word	0x20001ab4
10003ca0:	10003a91 	.word	0x10003a91
10003ca4:	7fffffff 	.word	0x7fffffff

10003ca8 <stdio_set_driver_enabled>:
10003ca8:	4a0a      	ldr	r2, [pc, #40]	; (10003cd4 <stdio_set_driver_enabled+0x2c>)
10003caa:	6813      	ldr	r3, [r2, #0]
10003cac:	2b00      	cmp	r3, #0
10003cae:	d105      	bne.n	10003cbc <stdio_set_driver_enabled+0x14>
10003cb0:	e00c      	b.n	10003ccc <stdio_set_driver_enabled+0x24>
10003cb2:	001a      	movs	r2, r3
10003cb4:	691b      	ldr	r3, [r3, #16]
10003cb6:	3210      	adds	r2, #16
10003cb8:	2b00      	cmp	r3, #0
10003cba:	d007      	beq.n	10003ccc <stdio_set_driver_enabled+0x24>
10003cbc:	4298      	cmp	r0, r3
10003cbe:	d1f8      	bne.n	10003cb2 <stdio_set_driver_enabled+0xa>
10003cc0:	2900      	cmp	r1, #0
10003cc2:	d102      	bne.n	10003cca <stdio_set_driver_enabled+0x22>
10003cc4:	6903      	ldr	r3, [r0, #16]
10003cc6:	6013      	str	r3, [r2, #0]
10003cc8:	6101      	str	r1, [r0, #16]
10003cca:	4770      	bx	lr
10003ccc:	2900      	cmp	r1, #0
10003cce:	d0fc      	beq.n	10003cca <stdio_set_driver_enabled+0x22>
10003cd0:	6010      	str	r0, [r2, #0]
10003cd2:	e7fa      	b.n	10003cca <stdio_set_driver_enabled+0x22>
10003cd4:	20001aac 	.word	0x20001aac

10003cd8 <stdio_init_all>:
10003cd8:	b510      	push	{r4, lr}
10003cda:	f000 f9b1 	bl	10004040 <stdio_uart_init>
10003cde:	f000 fbf7 	bl	100044d0 <stdio_usb_init>
10003ce2:	2001      	movs	r0, #1
10003ce4:	bd10      	pop	{r4, pc}
10003ce6:	46c0      	nop			; (mov r8, r8)

10003ce8 <__wrap_putchar>:
10003ce8:	b5f0      	push	{r4, r5, r6, r7, lr}
10003cea:	46ce      	mov	lr, r9
10003cec:	4647      	mov	r7, r8
10003cee:	b580      	push	{r7, lr}
10003cf0:	b083      	sub	sp, #12
10003cf2:	466b      	mov	r3, sp
10003cf4:	0006      	movs	r6, r0
10003cf6:	1ddd      	adds	r5, r3, #7
10003cf8:	7028      	strb	r0, [r5, #0]
10003cfa:	f7fd fbc1 	bl	10001480 <time_us_64>
10003cfe:	2300      	movs	r3, #0
10003d00:	4a1a      	ldr	r2, [pc, #104]	; (10003d6c <__wrap_putchar+0x84>)
10003d02:	1812      	adds	r2, r2, r0
10003d04:	414b      	adcs	r3, r1
10003d06:	2b00      	cmp	r3, #0
10003d08:	db2b      	blt.n	10003d62 <__wrap_putchar+0x7a>
10003d0a:	4919      	ldr	r1, [pc, #100]	; (10003d70 <__wrap_putchar+0x88>)
10003d0c:	0008      	movs	r0, r1
10003d0e:	4688      	mov	r8, r1
10003d10:	f002 fe0a 	bl	10006928 <__mutex_try_enter_block_until_veneer>
10003d14:	4b17      	ldr	r3, [pc, #92]	; (10003d74 <__wrap_putchar+0x8c>)
10003d16:	4681      	mov	r9, r0
10003d18:	681c      	ldr	r4, [r3, #0]
10003d1a:	2c00      	cmp	r4, #0
10003d1c:	d014      	beq.n	10003d48 <__wrap_putchar+0x60>
10003d1e:	4f16      	ldr	r7, [pc, #88]	; (10003d78 <__wrap_putchar+0x90>)
10003d20:	e002      	b.n	10003d28 <__wrap_putchar+0x40>
10003d22:	6924      	ldr	r4, [r4, #16]
10003d24:	2c00      	cmp	r4, #0
10003d26:	d00f      	beq.n	10003d48 <__wrap_putchar+0x60>
10003d28:	6823      	ldr	r3, [r4, #0]
10003d2a:	2b00      	cmp	r3, #0
10003d2c:	d0f9      	beq.n	10003d22 <__wrap_putchar+0x3a>
10003d2e:	683b      	ldr	r3, [r7, #0]
10003d30:	2b00      	cmp	r3, #0
10003d32:	d001      	beq.n	10003d38 <__wrap_putchar+0x50>
10003d34:	42a3      	cmp	r3, r4
10003d36:	d1f4      	bne.n	10003d22 <__wrap_putchar+0x3a>
10003d38:	0020      	movs	r0, r4
10003d3a:	2201      	movs	r2, #1
10003d3c:	0029      	movs	r1, r5
10003d3e:	f7ff fea7 	bl	10003a90 <stdio_out_chars_crlf>
10003d42:	6924      	ldr	r4, [r4, #16]
10003d44:	2c00      	cmp	r4, #0
10003d46:	d1ef      	bne.n	10003d28 <__wrap_putchar+0x40>
10003d48:	464b      	mov	r3, r9
10003d4a:	2b00      	cmp	r3, #0
10003d4c:	d105      	bne.n	10003d5a <__wrap_putchar+0x72>
10003d4e:	0030      	movs	r0, r6
10003d50:	b003      	add	sp, #12
10003d52:	bcc0      	pop	{r6, r7}
10003d54:	46b9      	mov	r9, r7
10003d56:	46b0      	mov	r8, r6
10003d58:	bdf0      	pop	{r4, r5, r6, r7, pc}
10003d5a:	4640      	mov	r0, r8
10003d5c:	f002 fdbc 	bl	100068d8 <__mutex_exit_veneer>
10003d60:	e7f5      	b.n	10003d4e <__wrap_putchar+0x66>
10003d62:	2201      	movs	r2, #1
10003d64:	4b05      	ldr	r3, [pc, #20]	; (10003d7c <__wrap_putchar+0x94>)
10003d66:	4252      	negs	r2, r2
10003d68:	e7cf      	b.n	10003d0a <__wrap_putchar+0x22>
10003d6a:	46c0      	nop			; (mov r8, r8)
10003d6c:	000f4240 	.word	0x000f4240
10003d70:	20001100 	.word	0x20001100
10003d74:	20001aac 	.word	0x20001aac
10003d78:	20001ab4 	.word	0x20001ab4
10003d7c:	7fffffff 	.word	0x7fffffff

10003d80 <__wrap_puts>:
10003d80:	b570      	push	{r4, r5, r6, lr}
10003d82:	0004      	movs	r4, r0
10003d84:	f002 fd66 	bl	10006854 <strlen>
10003d88:	2301      	movs	r3, #1
10003d8a:	0001      	movs	r1, r0
10003d8c:	0005      	movs	r5, r0
10003d8e:	2201      	movs	r2, #1
10003d90:	0020      	movs	r0, r4
10003d92:	f7ff ff09 	bl	10003ba8 <stdio_put_string>
10003d96:	4b08      	ldr	r3, [pc, #32]	; (10003db8 <__wrap_puts+0x38>)
10003d98:	681c      	ldr	r4, [r3, #0]
10003d9a:	2c00      	cmp	r4, #0
10003d9c:	d006      	beq.n	10003dac <__wrap_puts+0x2c>
10003d9e:	6863      	ldr	r3, [r4, #4]
10003da0:	2b00      	cmp	r3, #0
10003da2:	d005      	beq.n	10003db0 <__wrap_puts+0x30>
10003da4:	4798      	blx	r3
10003da6:	6924      	ldr	r4, [r4, #16]
10003da8:	2c00      	cmp	r4, #0
10003daa:	d1f8      	bne.n	10003d9e <__wrap_puts+0x1e>
10003dac:	0028      	movs	r0, r5
10003dae:	bd70      	pop	{r4, r5, r6, pc}
10003db0:	6924      	ldr	r4, [r4, #16]
10003db2:	2c00      	cmp	r4, #0
10003db4:	d1f3      	bne.n	10003d9e <__wrap_puts+0x1e>
10003db6:	e7f9      	b.n	10003dac <__wrap_puts+0x2c>
10003db8:	20001aac 	.word	0x20001aac

10003dbc <__wrap_vprintf>:
10003dbc:	b5f0      	push	{r4, r5, r6, r7, lr}
10003dbe:	46ce      	mov	lr, r9
10003dc0:	4647      	mov	r7, r8
10003dc2:	b580      	push	{r7, lr}
10003dc4:	b0a5      	sub	sp, #148	; 0x94
10003dc6:	0004      	movs	r4, r0
10003dc8:	000d      	movs	r5, r1
10003dca:	f7fd fb59 	bl	10001480 <time_us_64>
10003dce:	2300      	movs	r3, #0
10003dd0:	4a2a      	ldr	r2, [pc, #168]	; (10003e7c <__wrap_vprintf+0xc0>)
10003dd2:	1812      	adds	r2, r2, r0
10003dd4:	414b      	adcs	r3, r1
10003dd6:	2b00      	cmp	r3, #0
10003dd8:	db49      	blt.n	10003e6e <__wrap_vprintf+0xb2>
10003dda:	4e29      	ldr	r6, [pc, #164]	; (10003e80 <__wrap_vprintf+0xc4>)
10003ddc:	0030      	movs	r0, r6
10003dde:	f002 fda3 	bl	10006928 <__mutex_try_enter_block_until_veneer>
10003de2:	2300      	movs	r3, #0
10003de4:	0007      	movs	r7, r0
10003de6:	9303      	str	r3, [sp, #12]
10003de8:	0022      	movs	r2, r4
10003dea:	002b      	movs	r3, r5
10003dec:	4825      	ldr	r0, [pc, #148]	; (10003e84 <__wrap_vprintf+0xc8>)
10003dee:	a903      	add	r1, sp, #12
10003df0:	f7ff fe02 	bl	100039f8 <vfctprintf>
10003df4:	9b03      	ldr	r3, [sp, #12]
10003df6:	4680      	mov	r8, r0
10003df8:	2b00      	cmp	r3, #0
10003dfa:	d114      	bne.n	10003e26 <__wrap_vprintf+0x6a>
10003dfc:	4b22      	ldr	r3, [pc, #136]	; (10003e88 <__wrap_vprintf+0xcc>)
10003dfe:	681c      	ldr	r4, [r3, #0]
10003e00:	2c00      	cmp	r4, #0
10003e02:	d006      	beq.n	10003e12 <__wrap_vprintf+0x56>
10003e04:	6863      	ldr	r3, [r4, #4]
10003e06:	2b00      	cmp	r3, #0
10003e08:	d00b      	beq.n	10003e22 <__wrap_vprintf+0x66>
10003e0a:	4798      	blx	r3
10003e0c:	6924      	ldr	r4, [r4, #16]
10003e0e:	2c00      	cmp	r4, #0
10003e10:	d1f8      	bne.n	10003e04 <__wrap_vprintf+0x48>
10003e12:	2f00      	cmp	r7, #0
10003e14:	d127      	bne.n	10003e66 <__wrap_vprintf+0xaa>
10003e16:	4640      	mov	r0, r8
10003e18:	b025      	add	sp, #148	; 0x94
10003e1a:	bcc0      	pop	{r6, r7}
10003e1c:	46b9      	mov	r9, r7
10003e1e:	46b0      	mov	r8, r6
10003e20:	bdf0      	pop	{r4, r5, r6, r7, pc}
10003e22:	6924      	ldr	r4, [r4, #16]
10003e24:	e7ec      	b.n	10003e00 <__wrap_vprintf+0x44>
10003e26:	4b18      	ldr	r3, [pc, #96]	; (10003e88 <__wrap_vprintf+0xcc>)
10003e28:	681d      	ldr	r5, [r3, #0]
10003e2a:	4699      	mov	r9, r3
10003e2c:	2d00      	cmp	r5, #0
10003e2e:	d022      	beq.n	10003e76 <__wrap_vprintf+0xba>
10003e30:	4c16      	ldr	r4, [pc, #88]	; (10003e8c <__wrap_vprintf+0xd0>)
10003e32:	e002      	b.n	10003e3a <__wrap_vprintf+0x7e>
10003e34:	692d      	ldr	r5, [r5, #16]
10003e36:	2d00      	cmp	r5, #0
10003e38:	d011      	beq.n	10003e5e <__wrap_vprintf+0xa2>
10003e3a:	682b      	ldr	r3, [r5, #0]
10003e3c:	2b00      	cmp	r3, #0
10003e3e:	d0f9      	beq.n	10003e34 <__wrap_vprintf+0x78>
10003e40:	6823      	ldr	r3, [r4, #0]
10003e42:	2b00      	cmp	r3, #0
10003e44:	d001      	beq.n	10003e4a <__wrap_vprintf+0x8e>
10003e46:	429d      	cmp	r5, r3
10003e48:	d1f4      	bne.n	10003e34 <__wrap_vprintf+0x78>
10003e4a:	9b03      	ldr	r3, [sp, #12]
10003e4c:	0028      	movs	r0, r5
10003e4e:	001a      	movs	r2, r3
10003e50:	a904      	add	r1, sp, #16
10003e52:	9301      	str	r3, [sp, #4]
10003e54:	f7ff fe1c 	bl	10003a90 <stdio_out_chars_crlf>
10003e58:	692d      	ldr	r5, [r5, #16]
10003e5a:	2d00      	cmp	r5, #0
10003e5c:	d1ed      	bne.n	10003e3a <__wrap_vprintf+0x7e>
10003e5e:	464b      	mov	r3, r9
10003e60:	9503      	str	r5, [sp, #12]
10003e62:	681c      	ldr	r4, [r3, #0]
10003e64:	e7cc      	b.n	10003e00 <__wrap_vprintf+0x44>
10003e66:	0030      	movs	r0, r6
10003e68:	f002 fd36 	bl	100068d8 <__mutex_exit_veneer>
10003e6c:	e7d3      	b.n	10003e16 <__wrap_vprintf+0x5a>
10003e6e:	2201      	movs	r2, #1
10003e70:	4b07      	ldr	r3, [pc, #28]	; (10003e90 <__wrap_vprintf+0xd4>)
10003e72:	4252      	negs	r2, r2
10003e74:	e7b1      	b.n	10003dda <__wrap_vprintf+0x1e>
10003e76:	9503      	str	r5, [sp, #12]
10003e78:	e7cb      	b.n	10003e12 <__wrap_vprintf+0x56>
10003e7a:	46c0      	nop			; (mov r8, r8)
10003e7c:	000f4240 	.word	0x000f4240
10003e80:	20001100 	.word	0x20001100
10003e84:	10003b45 	.word	0x10003b45
10003e88:	20001aac 	.word	0x20001aac
10003e8c:	20001ab4 	.word	0x20001ab4
10003e90:	7fffffff 	.word	0x7fffffff

10003e94 <__wrap_printf>:
10003e94:	b40f      	push	{r0, r1, r2, r3}
10003e96:	b500      	push	{lr}
10003e98:	b083      	sub	sp, #12
10003e9a:	a904      	add	r1, sp, #16
10003e9c:	c901      	ldmia	r1!, {r0}
10003e9e:	9101      	str	r1, [sp, #4]
10003ea0:	f7ff ff8c 	bl	10003dbc <__wrap_vprintf>
10003ea4:	b003      	add	sp, #12
10003ea6:	bc08      	pop	{r3}
10003ea8:	b004      	add	sp, #16
10003eaa:	4718      	bx	r3

10003eac <stdio_uart_out_chars>:
10003eac:	b5f0      	push	{r4, r5, r6, r7, lr}
10003eae:	1e0d      	subs	r5, r1, #0
10003eb0:	dd15      	ble.n	10003ede <stdio_uart_out_chars+0x32>
10003eb2:	4b0e      	ldr	r3, [pc, #56]	; (10003eec <stdio_uart_out_chars+0x40>)
10003eb4:	270d      	movs	r7, #13
10003eb6:	681a      	ldr	r2, [r3, #0]
10003eb8:	4b0d      	ldr	r3, [pc, #52]	; (10003ef0 <stdio_uart_out_chars+0x44>)
10003eba:	1945      	adds	r5, r0, r5
10003ebc:	18d3      	adds	r3, r2, r3
10003ebe:	4259      	negs	r1, r3
10003ec0:	414b      	adcs	r3, r1
10003ec2:	490c      	ldr	r1, [pc, #48]	; (10003ef4 <stdio_uart_out_chars+0x48>)
10003ec4:	005b      	lsls	r3, r3, #1
10003ec6:	5e5e      	ldrsh	r6, [r3, r1]
10003ec8:	2120      	movs	r1, #32
10003eca:	7804      	ldrb	r4, [r0, #0]
10003ecc:	42a6      	cmp	r6, r4
10003ece:	d007      	beq.n	10003ee0 <stdio_uart_out_chars+0x34>
10003ed0:	6993      	ldr	r3, [r2, #24]
10003ed2:	4219      	tst	r1, r3
10003ed4:	d1fc      	bne.n	10003ed0 <stdio_uart_out_chars+0x24>
10003ed6:	3001      	adds	r0, #1
10003ed8:	6014      	str	r4, [r2, #0]
10003eda:	42a8      	cmp	r0, r5
10003edc:	d1f5      	bne.n	10003eca <stdio_uart_out_chars+0x1e>
10003ede:	bdf0      	pop	{r4, r5, r6, r7, pc}
10003ee0:	6993      	ldr	r3, [r2, #24]
10003ee2:	4219      	tst	r1, r3
10003ee4:	d1fc      	bne.n	10003ee0 <stdio_uart_out_chars+0x34>
10003ee6:	6017      	str	r7, [r2, #0]
10003ee8:	e7f2      	b.n	10003ed0 <stdio_uart_out_chars+0x24>
10003eea:	46c0      	nop			; (mov r8, r8)
10003eec:	20001ff8 	.word	0x20001ff8
10003ef0:	bffc8000 	.word	0xbffc8000
10003ef4:	20001ff4 	.word	0x20001ff4

10003ef8 <stdio_uart_in_chars>:
10003ef8:	b530      	push	{r4, r5, lr}
10003efa:	0004      	movs	r4, r0
10003efc:	1e0d      	subs	r5, r1, #0
10003efe:	dd24      	ble.n	10003f4a <stdio_uart_in_chars+0x52>
10003f00:	2000      	movs	r0, #0
10003f02:	2110      	movs	r1, #16
10003f04:	4b1a      	ldr	r3, [pc, #104]	; (10003f70 <stdio_uart_in_chars+0x78>)
10003f06:	3c01      	subs	r4, #1
10003f08:	681a      	ldr	r2, [r3, #0]
10003f0a:	6993      	ldr	r3, [r2, #24]
10003f0c:	4219      	tst	r1, r3
10003f0e:	d117      	bne.n	10003f40 <stdio_uart_in_chars+0x48>
10003f10:	3001      	adds	r0, #1
10003f12:	6993      	ldr	r3, [r2, #24]
10003f14:	4219      	tst	r1, r3
10003f16:	d1fc      	bne.n	10003f12 <stdio_uart_in_chars+0x1a>
10003f18:	6813      	ldr	r3, [r2, #0]
10003f1a:	5423      	strb	r3, [r4, r0]
10003f1c:	4285      	cmp	r5, r0
10003f1e:	d1f4      	bne.n	10003f0a <stdio_uart_in_chars+0x12>
10003f20:	4b14      	ldr	r3, [pc, #80]	; (10003f74 <stdio_uart_in_chars+0x7c>)
10003f22:	681b      	ldr	r3, [r3, #0]
10003f24:	2b00      	cmp	r3, #0
10003f26:	d00a      	beq.n	10003f3e <stdio_uart_in_chars+0x46>
10003f28:	2350      	movs	r3, #80	; 0x50
10003f2a:	6393      	str	r3, [r2, #56]	; 0x38
10003f2c:	6b51      	ldr	r1, [r2, #52]	; 0x34
10003f2e:	3b18      	subs	r3, #24
10003f30:	400b      	ands	r3, r1
10003f32:	4911      	ldr	r1, [pc, #68]	; (10003f78 <stdio_uart_in_chars+0x80>)
10003f34:	468c      	mov	ip, r1
10003f36:	4462      	add	r2, ip
10003f38:	6013      	str	r3, [r2, #0]
10003f3a:	2800      	cmp	r0, #0
10003f3c:	d014      	beq.n	10003f68 <stdio_uart_in_chars+0x70>
10003f3e:	bd30      	pop	{r4, r5, pc}
10003f40:	4b0c      	ldr	r3, [pc, #48]	; (10003f74 <stdio_uart_in_chars+0x7c>)
10003f42:	681b      	ldr	r3, [r3, #0]
10003f44:	2b00      	cmp	r3, #0
10003f46:	d1ef      	bne.n	10003f28 <stdio_uart_in_chars+0x30>
10003f48:	e7f7      	b.n	10003f3a <stdio_uart_in_chars+0x42>
10003f4a:	4b0a      	ldr	r3, [pc, #40]	; (10003f74 <stdio_uart_in_chars+0x7c>)
10003f4c:	681b      	ldr	r3, [r3, #0]
10003f4e:	2b00      	cmp	r3, #0
10003f50:	d00a      	beq.n	10003f68 <stdio_uart_in_chars+0x70>
10003f52:	2250      	movs	r2, #80	; 0x50
10003f54:	4b06      	ldr	r3, [pc, #24]	; (10003f70 <stdio_uart_in_chars+0x78>)
10003f56:	681b      	ldr	r3, [r3, #0]
10003f58:	639a      	str	r2, [r3, #56]	; 0x38
10003f5a:	6b59      	ldr	r1, [r3, #52]	; 0x34
10003f5c:	3a18      	subs	r2, #24
10003f5e:	400a      	ands	r2, r1
10003f60:	4905      	ldr	r1, [pc, #20]	; (10003f78 <stdio_uart_in_chars+0x80>)
10003f62:	468c      	mov	ip, r1
10003f64:	4463      	add	r3, ip
10003f66:	601a      	str	r2, [r3, #0]
10003f68:	2003      	movs	r0, #3
10003f6a:	4240      	negs	r0, r0
10003f6c:	e7e7      	b.n	10003f3e <stdio_uart_in_chars+0x46>
10003f6e:	46c0      	nop			; (mov r8, r8)
10003f70:	20001ff8 	.word	0x20001ff8
10003f74:	20001a44 	.word	0x20001a44
10003f78:	00001034 	.word	0x00001034

10003f7c <on_uart_rx>:
10003f7c:	4b06      	ldr	r3, [pc, #24]	; (10003f98 <on_uart_rx+0x1c>)
10003f7e:	b510      	push	{r4, lr}
10003f80:	681b      	ldr	r3, [r3, #0]
10003f82:	2b00      	cmp	r3, #0
10003f84:	d006      	beq.n	10003f94 <on_uart_rx+0x18>
10003f86:	2100      	movs	r1, #0
10003f88:	4a04      	ldr	r2, [pc, #16]	; (10003f9c <on_uart_rx+0x20>)
10003f8a:	6812      	ldr	r2, [r2, #0]
10003f8c:	6391      	str	r1, [r2, #56]	; 0x38
10003f8e:	4a04      	ldr	r2, [pc, #16]	; (10003fa0 <on_uart_rx+0x24>)
10003f90:	6810      	ldr	r0, [r2, #0]
10003f92:	4798      	blx	r3
10003f94:	bd10      	pop	{r4, pc}
10003f96:	46c0      	nop			; (mov r8, r8)
10003f98:	20001a44 	.word	0x20001a44
10003f9c:	20001ff8 	.word	0x20001ff8
10003fa0:	20001a4c 	.word	0x20001a4c

10003fa4 <stdio_uart_out_flush>:
10003fa4:	2208      	movs	r2, #8
10003fa6:	4b03      	ldr	r3, [pc, #12]	; (10003fb4 <stdio_uart_out_flush+0x10>)
10003fa8:	6819      	ldr	r1, [r3, #0]
10003faa:	698b      	ldr	r3, [r1, #24]
10003fac:	421a      	tst	r2, r3
10003fae:	d1fc      	bne.n	10003faa <stdio_uart_out_flush+0x6>
10003fb0:	4770      	bx	lr
10003fb2:	46c0      	nop			; (mov r8, r8)
10003fb4:	20001ff8 	.word	0x20001ff8

10003fb8 <stdio_uart_set_chars_available_callback>:
10003fb8:	b570      	push	{r4, r5, r6, lr}
10003fba:	4e1b      	ldr	r6, [pc, #108]	; (10004028 <stdio_uart_set_chars_available_callback+0x70>)
10003fbc:	4b1b      	ldr	r3, [pc, #108]	; (1000402c <stdio_uart_set_chars_available_callback+0x74>)
10003fbe:	6832      	ldr	r2, [r6, #0]
10003fc0:	0005      	movs	r5, r0
10003fc2:	18d3      	adds	r3, r2, r3
10003fc4:	4258      	negs	r0, r3
10003fc6:	4143      	adcs	r3, r0
10003fc8:	3314      	adds	r3, #20
10003fca:	001c      	movs	r4, r3
10003fcc:	2d00      	cmp	r5, #0
10003fce:	d004      	beq.n	10003fda <stdio_uart_set_chars_available_callback+0x22>
10003fd0:	4b17      	ldr	r3, [pc, #92]	; (10004030 <stdio_uart_set_chars_available_callback+0x78>)
10003fd2:	681a      	ldr	r2, [r3, #0]
10003fd4:	2a00      	cmp	r2, #0
10003fd6:	d011      	beq.n	10003ffc <stdio_uart_set_chars_available_callback+0x44>
10003fd8:	bd70      	pop	{r4, r5, r6, pc}
10003fda:	4e15      	ldr	r6, [pc, #84]	; (10004030 <stdio_uart_set_chars_available_callback+0x78>)
10003fdc:	6833      	ldr	r3, [r6, #0]
10003fde:	2b00      	cmp	r3, #0
10003fe0:	d0fa      	beq.n	10003fd8 <stdio_uart_set_chars_available_callback+0x20>
10003fe2:	2100      	movs	r1, #0
10003fe4:	0020      	movs	r0, r4
10003fe6:	6395      	str	r5, [r2, #56]	; 0x38
10003fe8:	f7fc fb2c 	bl	10000644 <irq_set_enabled>
10003fec:	0020      	movs	r0, r4
10003fee:	4911      	ldr	r1, [pc, #68]	; (10004034 <stdio_uart_set_chars_available_callback+0x7c>)
10003ff0:	f7fc fc7e 	bl	100008f0 <irq_remove_handler>
10003ff4:	4b10      	ldr	r3, [pc, #64]	; (10004038 <stdio_uart_set_chars_available_callback+0x80>)
10003ff6:	6035      	str	r5, [r6, #0]
10003ff8:	601d      	str	r5, [r3, #0]
10003ffa:	e7ed      	b.n	10003fd8 <stdio_uart_set_chars_available_callback+0x20>
10003ffc:	601d      	str	r5, [r3, #0]
10003ffe:	4b0e      	ldr	r3, [pc, #56]	; (10004038 <stdio_uart_set_chars_available_callback+0x80>)
10004000:	0020      	movs	r0, r4
10004002:	6019      	str	r1, [r3, #0]
10004004:	490b      	ldr	r1, [pc, #44]	; (10004034 <stdio_uart_set_chars_available_callback+0x7c>)
10004006:	f7fc fb55 	bl	100006b4 <irq_set_exclusive_handler>
1000400a:	2101      	movs	r1, #1
1000400c:	0020      	movs	r0, r4
1000400e:	f7fc fb19 	bl	10000644 <irq_set_enabled>
10004012:	2250      	movs	r2, #80	; 0x50
10004014:	6833      	ldr	r3, [r6, #0]
10004016:	639a      	str	r2, [r3, #56]	; 0x38
10004018:	6b59      	ldr	r1, [r3, #52]	; 0x34
1000401a:	3a18      	subs	r2, #24
1000401c:	400a      	ands	r2, r1
1000401e:	4907      	ldr	r1, [pc, #28]	; (1000403c <stdio_uart_set_chars_available_callback+0x84>)
10004020:	468c      	mov	ip, r1
10004022:	4463      	add	r3, ip
10004024:	601a      	str	r2, [r3, #0]
10004026:	e7d7      	b.n	10003fd8 <stdio_uart_set_chars_available_callback+0x20>
10004028:	20001ff8 	.word	0x20001ff8
1000402c:	bffc8000 	.word	0xbffc8000
10004030:	20001a44 	.word	0x20001a44
10004034:	10003f7d 	.word	0x10003f7d
10004038:	20001a4c 	.word	0x20001a4c
1000403c:	00001034 	.word	0x00001034

10004040 <stdio_uart_init>:
10004040:	4b0d      	ldr	r3, [pc, #52]	; (10004078 <stdio_uart_init+0x38>)
10004042:	b510      	push	{r4, lr}
10004044:	781b      	ldrb	r3, [r3, #0]
10004046:	4b0d      	ldr	r3, [pc, #52]	; (1000407c <stdio_uart_init+0x3c>)
10004048:	4c0d      	ldr	r4, [pc, #52]	; (10004080 <stdio_uart_init+0x40>)
1000404a:	781b      	ldrb	r3, [r3, #0]
1000404c:	4b0d      	ldr	r3, [pc, #52]	; (10004084 <stdio_uart_init+0x44>)
1000404e:	2102      	movs	r1, #2
10004050:	781b      	ldrb	r3, [r3, #0]
10004052:	4b0d      	ldr	r3, [pc, #52]	; (10004088 <stdio_uart_init+0x48>)
10004054:	2000      	movs	r0, #0
10004056:	6023      	str	r3, [r4, #0]
10004058:	f7fc f9d6 	bl	10000408 <gpio_set_function>
1000405c:	2102      	movs	r1, #2
1000405e:	2001      	movs	r0, #1
10004060:	f7fc f9d2 	bl	10000408 <gpio_set_function>
10004064:	21e1      	movs	r1, #225	; 0xe1
10004066:	6820      	ldr	r0, [r4, #0]
10004068:	0249      	lsls	r1, r1, #9
1000406a:	f7fd fa4d 	bl	10001508 <uart_init>
1000406e:	2101      	movs	r1, #1
10004070:	4806      	ldr	r0, [pc, #24]	; (1000408c <stdio_uart_init+0x4c>)
10004072:	f7ff fe19 	bl	10003ca8 <stdio_set_driver_enabled>
10004076:	bd10      	pop	{r4, pc}
10004078:	100070dc 	.word	0x100070dc
1000407c:	100070e0 	.word	0x100070e0
10004080:	20001ff8 	.word	0x20001ff8
10004084:	100070e4 	.word	0x100070e4
10004088:	40034000 	.word	0x40034000
1000408c:	200010b0 	.word	0x200010b0

10004090 <resetd_init>:
10004090:	4770      	bx	lr
10004092:	46c0      	nop			; (mov r8, r8)

10004094 <resetd_reset>:
10004094:	2200      	movs	r2, #0
10004096:	4b01      	ldr	r3, [pc, #4]	; (1000409c <resetd_reset+0x8>)
10004098:	701a      	strb	r2, [r3, #0]
1000409a:	4770      	bx	lr
1000409c:	20002012 	.word	0x20002012

100040a0 <resetd_open>:
100040a0:	794b      	ldrb	r3, [r1, #5]
100040a2:	2000      	movs	r0, #0
100040a4:	2bff      	cmp	r3, #255	; 0xff
100040a6:	d10b      	bne.n	100040c0 <resetd_open+0x20>
100040a8:	798b      	ldrb	r3, [r1, #6]
100040aa:	2b00      	cmp	r3, #0
100040ac:	d108      	bne.n	100040c0 <resetd_open+0x20>
100040ae:	79cb      	ldrb	r3, [r1, #7]
100040b0:	2b01      	cmp	r3, #1
100040b2:	d105      	bne.n	100040c0 <resetd_open+0x20>
100040b4:	2a08      	cmp	r2, #8
100040b6:	d903      	bls.n	100040c0 <resetd_open+0x20>
100040b8:	788a      	ldrb	r2, [r1, #2]
100040ba:	4b02      	ldr	r3, [pc, #8]	; (100040c4 <resetd_open+0x24>)
100040bc:	3009      	adds	r0, #9
100040be:	701a      	strb	r2, [r3, #0]
100040c0:	4770      	bx	lr
100040c2:	46c0      	nop			; (mov r8, r8)
100040c4:	20002012 	.word	0x20002012

100040c8 <resetd_xfer_cb>:
100040c8:	2001      	movs	r0, #1
100040ca:	4770      	bx	lr

100040cc <resetd_control_xfer_cb>:
100040cc:	b510      	push	{r4, lr}
100040ce:	2901      	cmp	r1, #1
100040d0:	d109      	bne.n	100040e6 <resetd_control_xfer_cb+0x1a>
100040d2:	4915      	ldr	r1, [pc, #84]	; (10004128 <resetd_control_xfer_cb+0x5c>)
100040d4:	7953      	ldrb	r3, [r2, #5]
100040d6:	7910      	ldrb	r0, [r2, #4]
100040d8:	7809      	ldrb	r1, [r1, #0]
100040da:	021b      	lsls	r3, r3, #8
100040dc:	4303      	orrs	r3, r0
100040de:	2000      	movs	r0, #0
100040e0:	4299      	cmp	r1, r3
100040e2:	d002      	beq.n	100040ea <resetd_control_xfer_cb+0x1e>
100040e4:	bd10      	pop	{r4, pc}
100040e6:	2001      	movs	r0, #1
100040e8:	e7fc      	b.n	100040e4 <resetd_control_xfer_cb+0x18>
100040ea:	7853      	ldrb	r3, [r2, #1]
100040ec:	2b01      	cmp	r3, #1
100040ee:	d008      	beq.n	10004102 <resetd_control_xfer_cb+0x36>
100040f0:	2b02      	cmp	r3, #2
100040f2:	d1f7      	bne.n	100040e4 <resetd_control_xfer_cb+0x18>
100040f4:	2000      	movs	r0, #0
100040f6:	2264      	movs	r2, #100	; 0x64
100040f8:	2100      	movs	r1, #0
100040fa:	f7fd fbd7 	bl	100018ac <watchdog_reboot>
100040fe:	2001      	movs	r0, #1
10004100:	e7f0      	b.n	100040e4 <resetd_control_xfer_cb+0x18>
10004102:	78d3      	ldrb	r3, [r2, #3]
10004104:	7891      	ldrb	r1, [r2, #2]
10004106:	021b      	lsls	r3, r3, #8
10004108:	4319      	orrs	r1, r3
1000410a:	05db      	lsls	r3, r3, #23
1000410c:	d507      	bpl.n	1000411e <resetd_control_xfer_cb+0x52>
1000410e:	0a4a      	lsrs	r2, r1, #9
10004110:	0010      	movs	r0, r2
10004112:	2301      	movs	r3, #1
10004114:	401a      	ands	r2, r3
10004116:	337e      	adds	r3, #126	; 0x7e
10004118:	4019      	ands	r1, r3
1000411a:	f7fd fc4d 	bl	100019b8 <rom_reset_usb_boot_extra>
1000411e:	2001      	movs	r0, #1
10004120:	0a4a      	lsrs	r2, r1, #9
10004122:	4240      	negs	r0, r0
10004124:	e7f5      	b.n	10004112 <resetd_control_xfer_cb+0x46>
10004126:	46c0      	nop			; (mov r8, r8)
10004128:	20002012 	.word	0x20002012

1000412c <tud_descriptor_bos_cb>:
1000412c:	4800      	ldr	r0, [pc, #0]	; (10004130 <tud_descriptor_bos_cb+0x4>)
1000412e:	4770      	bx	lr
10004130:	10006de4 	.word	0x10006de4

10004134 <tud_vendor_control_xfer_cb>:
10004134:	b570      	push	{r4, r5, r6, lr}
10004136:	0005      	movs	r5, r0
10004138:	0014      	movs	r4, r2
1000413a:	2001      	movs	r0, #1
1000413c:	2901      	cmp	r1, #1
1000413e:	d109      	bne.n	10004154 <tud_vendor_control_xfer_cb+0x20>
10004140:	7853      	ldrb	r3, [r2, #1]
10004142:	2000      	movs	r0, #0
10004144:	2b01      	cmp	r3, #1
10004146:	d105      	bne.n	10004154 <tud_vendor_control_xfer_cb+0x20>
10004148:	7963      	ldrb	r3, [r4, #5]
1000414a:	7912      	ldrb	r2, [r2, #4]
1000414c:	021b      	lsls	r3, r3, #8
1000414e:	4313      	orrs	r3, r2
10004150:	2b07      	cmp	r3, #7
10004152:	d000      	beq.n	10004156 <tud_vendor_control_xfer_cb+0x22>
10004154:	bd70      	pop	{r4, r5, r6, pc}
10004156:	0021      	movs	r1, r4
10004158:	0028      	movs	r0, r5
1000415a:	4a02      	ldr	r2, [pc, #8]	; (10004164 <tud_vendor_control_xfer_cb+0x30>)
1000415c:	339f      	adds	r3, #159	; 0x9f
1000415e:	f001 fa61 	bl	10005624 <tud_control_xfer>
10004162:	e7f7      	b.n	10004154 <tud_vendor_control_xfer_cb+0x20>
10004164:	10006e08 	.word	0x10006e08

10004168 <usbd_app_driver_get_cb>:
10004168:	2301      	movs	r3, #1
1000416a:	7003      	strb	r3, [r0, #0]
1000416c:	4800      	ldr	r0, [pc, #0]	; (10004170 <usbd_app_driver_get_cb+0x8>)
1000416e:	4770      	bx	lr
10004170:	10006dc4 	.word	0x10006dc4

10004174 <tud_cdc_line_coding_cb>:
10004174:	7848      	ldrb	r0, [r1, #1]
10004176:	780b      	ldrb	r3, [r1, #0]
10004178:	788a      	ldrb	r2, [r1, #2]
1000417a:	0200      	lsls	r0, r0, #8
1000417c:	4318      	orrs	r0, r3
1000417e:	0412      	lsls	r2, r2, #16
10004180:	4310      	orrs	r0, r2
10004182:	2296      	movs	r2, #150	; 0x96
10004184:	78cb      	ldrb	r3, [r1, #3]
10004186:	b510      	push	{r4, lr}
10004188:	061b      	lsls	r3, r3, #24
1000418a:	4303      	orrs	r3, r0
1000418c:	00d2      	lsls	r2, r2, #3
1000418e:	4293      	cmp	r3, r2
10004190:	d000      	beq.n	10004194 <tud_cdc_line_coding_cb+0x20>
10004192:	bd10      	pop	{r4, pc}
10004194:	2200      	movs	r2, #0
10004196:	2001      	movs	r0, #1
10004198:	0011      	movs	r1, r2
1000419a:	4240      	negs	r0, r0
1000419c:	f7fd fc0c 	bl	100019b8 <rom_reset_usb_boot_extra>

100041a0 <stdio_usb_set_chars_available_callback>:
100041a0:	4b02      	ldr	r3, [pc, #8]	; (100041ac <stdio_usb_set_chars_available_callback+0xc>)
100041a2:	6018      	str	r0, [r3, #0]
100041a4:	4b02      	ldr	r3, [pc, #8]	; (100041b0 <stdio_usb_set_chars_available_callback+0x10>)
100041a6:	6019      	str	r1, [r3, #0]
100041a8:	4770      	bx	lr
100041aa:	46c0      	nop			; (mov r8, r8)
100041ac:	20001a48 	.word	0x20001a48
100041b0:	20001a50 	.word	0x20001a50

100041b4 <usb_irq>:
100041b4:	b510      	push	{r4, lr}
100041b6:	4b02      	ldr	r3, [pc, #8]	; (100041c0 <usb_irq+0xc>)
100041b8:	7818      	ldrb	r0, [r3, #0]
100041ba:	f7fc fa61 	bl	10000680 <irq_set_pending>
100041be:	bd10      	pop	{r4, pc}
100041c0:	20002013 	.word	0x20002013

100041c4 <timer_task>:
100041c4:	4b15      	ldr	r3, [pc, #84]	; (1000421c <timer_task+0x58>)
100041c6:	b570      	push	{r4, r5, r6, lr}
100041c8:	681a      	ldr	r2, [r3, #0]
100041ca:	2a00      	cmp	r2, #0
100041cc:	d022      	beq.n	10004214 <timer_task+0x50>
100041ce:	f3ef 8110 	mrs	r1, PRIMASK
100041d2:	b672      	cpsid	i
100041d4:	6810      	ldr	r0, [r2, #0]
100041d6:	2800      	cmp	r0, #0
100041d8:	d0fc      	beq.n	100041d4 <timer_task+0x10>
100041da:	f3bf 8f5f 	dmb	sy
100041de:	2200      	movs	r2, #0
100041e0:	480f      	ldr	r0, [pc, #60]	; (10004220 <timer_task+0x5c>)
100041e2:	6059      	str	r1, [r3, #4]
100041e4:	7002      	strb	r2, [r0, #0]
100041e6:	681b      	ldr	r3, [r3, #0]
100041e8:	f3bf 8f5f 	dmb	sy
100041ec:	601a      	str	r2, [r3, #0]
100041ee:	f381 8810 	msr	PRIMASK, r1
100041f2:	2400      	movs	r4, #0
100041f4:	2500      	movs	r5, #0
100041f6:	4e0b      	ldr	r6, [pc, #44]	; (10004224 <timer_task+0x60>)
100041f8:	7830      	ldrb	r0, [r6, #0]
100041fa:	f7fc fa35 	bl	10000668 <irq_is_enabled>
100041fe:	2800      	cmp	r0, #0
10004200:	d104      	bne.n	1000420c <timer_task+0x48>
10004202:	2400      	movs	r4, #0
10004204:	2500      	movs	r5, #0
10004206:	0029      	movs	r1, r5
10004208:	0020      	movs	r0, r4
1000420a:	bd70      	pop	{r4, r5, r6, pc}
1000420c:	7830      	ldrb	r0, [r6, #0]
1000420e:	f7fc fa37 	bl	10000680 <irq_set_pending>
10004212:	e7f8      	b.n	10004206 <timer_task+0x42>
10004214:	24fa      	movs	r4, #250	; 0xfa
10004216:	2500      	movs	r5, #0
10004218:	00a4      	lsls	r4, r4, #2
1000421a:	e7ec      	b.n	100041f6 <timer_task+0x32>
1000421c:	20001ec4 	.word	0x20001ec4
10004220:	20002014 	.word	0x20002014
10004224:	20002013 	.word	0x20002013

10004228 <stdio_usb_in_chars>:
10004228:	b570      	push	{r4, r5, r6, lr}
1000422a:	0004      	movs	r4, r0
1000422c:	2000      	movs	r0, #0
1000422e:	000e      	movs	r6, r1
10004230:	f001 fb22 	bl	10005878 <tud_cdc_n_connected>
10004234:	2800      	cmp	r0, #0
10004236:	d035      	beq.n	100042a4 <stdio_usb_in_chars+0x7c>
10004238:	2000      	movs	r0, #0
1000423a:	f001 fb33 	bl	100058a4 <tud_cdc_n_available>
1000423e:	2800      	cmp	r0, #0
10004240:	d030      	beq.n	100042a4 <stdio_usb_in_chars+0x7c>
10004242:	f7fd f91d 	bl	10001480 <time_us_64>
10004246:	2300      	movs	r3, #0
10004248:	4a18      	ldr	r2, [pc, #96]	; (100042ac <stdio_usb_in_chars+0x84>)
1000424a:	1812      	adds	r2, r2, r0
1000424c:	414b      	adcs	r3, r1
1000424e:	2b00      	cmp	r3, #0
10004250:	db24      	blt.n	1000429c <stdio_usb_in_chars+0x74>
10004252:	4d17      	ldr	r5, [pc, #92]	; (100042b0 <stdio_usb_in_chars+0x88>)
10004254:	0028      	movs	r0, r5
10004256:	f002 fb67 	bl	10006928 <__mutex_try_enter_block_until_veneer>
1000425a:	2800      	cmp	r0, #0
1000425c:	d022      	beq.n	100042a4 <stdio_usb_in_chars+0x7c>
1000425e:	2000      	movs	r0, #0
10004260:	f001 fb0a 	bl	10005878 <tud_cdc_n_connected>
10004264:	2800      	cmp	r0, #0
10004266:	d10b      	bne.n	10004280 <stdio_usb_in_chars+0x58>
10004268:	2001      	movs	r0, #1
1000426a:	2100      	movs	r1, #0
1000426c:	2403      	movs	r4, #3
1000426e:	4240      	negs	r0, r0
10004270:	f000 fd0a 	bl	10004c88 <tud_task_ext>
10004274:	4264      	negs	r4, r4
10004276:	0028      	movs	r0, r5
10004278:	f002 fb2e 	bl	100068d8 <__mutex_exit_veneer>
1000427c:	0020      	movs	r0, r4
1000427e:	bd70      	pop	{r4, r5, r6, pc}
10004280:	2000      	movs	r0, #0
10004282:	f001 fb0f 	bl	100058a4 <tud_cdc_n_available>
10004286:	2800      	cmp	r0, #0
10004288:	d0ee      	beq.n	10004268 <stdio_usb_in_chars+0x40>
1000428a:	0021      	movs	r1, r4
1000428c:	0032      	movs	r2, r6
1000428e:	2000      	movs	r0, #0
10004290:	f001 fb14 	bl	100058bc <tud_cdc_n_read>
10004294:	1e04      	subs	r4, r0, #0
10004296:	d1ee      	bne.n	10004276 <stdio_usb_in_chars+0x4e>
10004298:	3c03      	subs	r4, #3
1000429a:	e7ec      	b.n	10004276 <stdio_usb_in_chars+0x4e>
1000429c:	2201      	movs	r2, #1
1000429e:	4b05      	ldr	r3, [pc, #20]	; (100042b4 <stdio_usb_in_chars+0x8c>)
100042a0:	4252      	negs	r2, r2
100042a2:	e7d6      	b.n	10004252 <stdio_usb_in_chars+0x2a>
100042a4:	2403      	movs	r4, #3
100042a6:	4264      	negs	r4, r4
100042a8:	e7e8      	b.n	1000427c <stdio_usb_in_chars+0x54>
100042aa:	46c0      	nop			; (mov r8, r8)
100042ac:	000f4240 	.word	0x000f4240
100042b0:	20001fec 	.word	0x20001fec
100042b4:	7fffffff 	.word	0x7fffffff

100042b8 <stdio_usb_out_flush>:
100042b8:	b510      	push	{r4, lr}
100042ba:	f7fd f8e1 	bl	10001480 <time_us_64>
100042be:	2300      	movs	r3, #0
100042c0:	4a0e      	ldr	r2, [pc, #56]	; (100042fc <stdio_usb_out_flush+0x44>)
100042c2:	1812      	adds	r2, r2, r0
100042c4:	414b      	adcs	r3, r1
100042c6:	2b00      	cmp	r3, #0
100042c8:	db13      	blt.n	100042f2 <stdio_usb_out_flush+0x3a>
100042ca:	4c0d      	ldr	r4, [pc, #52]	; (10004300 <stdio_usb_out_flush+0x48>)
100042cc:	0020      	movs	r0, r4
100042ce:	f002 fb2b 	bl	10006928 <__mutex_try_enter_block_until_veneer>
100042d2:	2800      	cmp	r0, #0
100042d4:	d00c      	beq.n	100042f0 <stdio_usb_out_flush+0x38>
100042d6:	2001      	movs	r0, #1
100042d8:	2100      	movs	r1, #0
100042da:	4240      	negs	r0, r0
100042dc:	f000 fcd4 	bl	10004c88 <tud_task_ext>
100042e0:	2000      	movs	r0, #0
100042e2:	f001 fb35 	bl	10005950 <tud_cdc_n_write_flush>
100042e6:	2800      	cmp	r0, #0
100042e8:	d1f5      	bne.n	100042d6 <stdio_usb_out_flush+0x1e>
100042ea:	0020      	movs	r0, r4
100042ec:	f002 faf4 	bl	100068d8 <__mutex_exit_veneer>
100042f0:	bd10      	pop	{r4, pc}
100042f2:	2201      	movs	r2, #1
100042f4:	4b03      	ldr	r3, [pc, #12]	; (10004304 <stdio_usb_out_flush+0x4c>)
100042f6:	4252      	negs	r2, r2
100042f8:	e7e7      	b.n	100042ca <stdio_usb_out_flush+0x12>
100042fa:	46c0      	nop			; (mov r8, r8)
100042fc:	000f4240 	.word	0x000f4240
10004300:	20001fec 	.word	0x20001fec
10004304:	7fffffff 	.word	0x7fffffff

10004308 <stdio_usb_out_chars>:
10004308:	b5f8      	push	{r3, r4, r5, r6, r7, lr}
1000430a:	46de      	mov	lr, fp
1000430c:	4657      	mov	r7, sl
1000430e:	b580      	push	{r7, lr}
10004310:	0005      	movs	r5, r0
10004312:	000c      	movs	r4, r1
10004314:	f7fd f8b4 	bl	10001480 <time_us_64>
10004318:	2300      	movs	r3, #0
1000431a:	4a36      	ldr	r2, [pc, #216]	; (100043f4 <stdio_usb_out_chars+0xec>)
1000431c:	1812      	adds	r2, r2, r0
1000431e:	414b      	adcs	r3, r1
10004320:	2b00      	cmp	r3, #0
10004322:	db5a      	blt.n	100043da <stdio_usb_out_chars+0xd2>
10004324:	4934      	ldr	r1, [pc, #208]	; (100043f8 <stdio_usb_out_chars+0xf0>)
10004326:	0008      	movs	r0, r1
10004328:	468a      	mov	sl, r1
1000432a:	f002 fafd 	bl	10006928 <__mutex_try_enter_block_until_veneer>
1000432e:	2800      	cmp	r0, #0
10004330:	d103      	bne.n	1000433a <stdio_usb_out_chars+0x32>
10004332:	bcc0      	pop	{r6, r7}
10004334:	46bb      	mov	fp, r7
10004336:	46b2      	mov	sl, r6
10004338:	bdf8      	pop	{r3, r4, r5, r6, r7, pc}
1000433a:	2000      	movs	r0, #0
1000433c:	f001 fa9c 	bl	10005878 <tud_cdc_n_connected>
10004340:	2800      	cmp	r0, #0
10004342:	d04e      	beq.n	100043e2 <stdio_usb_out_chars+0xda>
10004344:	2600      	movs	r6, #0
10004346:	2c00      	cmp	r4, #0
10004348:	dd43      	ble.n	100043d2 <stdio_usb_out_chars+0xca>
1000434a:	4b2c      	ldr	r3, [pc, #176]	; (100043fc <stdio_usb_out_chars+0xf4>)
1000434c:	469b      	mov	fp, r3
1000434e:	e014      	b.n	1000437a <stdio_usb_out_chars+0x72>
10004350:	19a9      	adds	r1, r5, r6
10004352:	2000      	movs	r0, #0
10004354:	f001 fb38 	bl	100059c8 <tud_cdc_n_write>
10004358:	0007      	movs	r7, r0
1000435a:	2001      	movs	r0, #1
1000435c:	2100      	movs	r1, #0
1000435e:	4240      	negs	r0, r0
10004360:	f000 fc92 	bl	10004c88 <tud_task_ext>
10004364:	2000      	movs	r0, #0
10004366:	f001 faf3 	bl	10005950 <tud_cdc_n_write_flush>
1000436a:	f7fd f889 	bl	10001480 <time_us_64>
1000436e:	4b23      	ldr	r3, [pc, #140]	; (100043fc <stdio_usb_out_chars+0xf4>)
10004370:	19f6      	adds	r6, r6, r7
10004372:	6018      	str	r0, [r3, #0]
10004374:	6059      	str	r1, [r3, #4]
10004376:	42b4      	cmp	r4, r6
10004378:	dd2b      	ble.n	100043d2 <stdio_usb_out_chars+0xca>
1000437a:	2000      	movs	r0, #0
1000437c:	f001 fb46 	bl	10005a0c <tud_cdc_n_write_available>
10004380:	1ba7      	subs	r7, r4, r6
10004382:	0002      	movs	r2, r0
10004384:	42b8      	cmp	r0, r7
10004386:	dd00      	ble.n	1000438a <stdio_usb_out_chars+0x82>
10004388:	003a      	movs	r2, r7
1000438a:	2a00      	cmp	r2, #0
1000438c:	d1e0      	bne.n	10004350 <stdio_usb_out_chars+0x48>
1000438e:	2001      	movs	r0, #1
10004390:	2100      	movs	r1, #0
10004392:	4240      	negs	r0, r0
10004394:	f000 fc78 	bl	10004c88 <tud_task_ext>
10004398:	2000      	movs	r0, #0
1000439a:	f001 fad9 	bl	10005950 <tud_cdc_n_write_flush>
1000439e:	2000      	movs	r0, #0
100043a0:	f001 fa6a 	bl	10005878 <tud_cdc_n_connected>
100043a4:	2800      	cmp	r0, #0
100043a6:	d014      	beq.n	100043d2 <stdio_usb_out_chars+0xca>
100043a8:	2000      	movs	r0, #0
100043aa:	f001 fb2f 	bl	10005a0c <tud_cdc_n_write_available>
100043ae:	2800      	cmp	r0, #0
100043b0:	d1e1      	bne.n	10004376 <stdio_usb_out_chars+0x6e>
100043b2:	f7fd f865 	bl	10001480 <time_us_64>
100043b6:	465b      	mov	r3, fp
100043b8:	000f      	movs	r7, r1
100043ba:	681a      	ldr	r2, [r3, #0]
100043bc:	685b      	ldr	r3, [r3, #4]
100043be:	2100      	movs	r1, #0
100043c0:	4684      	mov	ip, r0
100043c2:	480f      	ldr	r0, [pc, #60]	; (10004400 <stdio_usb_out_chars+0xf8>)
100043c4:	1812      	adds	r2, r2, r0
100043c6:	414b      	adcs	r3, r1
100043c8:	429f      	cmp	r7, r3
100043ca:	d802      	bhi.n	100043d2 <stdio_usb_out_chars+0xca>
100043cc:	d1d3      	bne.n	10004376 <stdio_usb_out_chars+0x6e>
100043ce:	4594      	cmp	ip, r2
100043d0:	d9d1      	bls.n	10004376 <stdio_usb_out_chars+0x6e>
100043d2:	4650      	mov	r0, sl
100043d4:	f002 fa80 	bl	100068d8 <__mutex_exit_veneer>
100043d8:	e7ab      	b.n	10004332 <stdio_usb_out_chars+0x2a>
100043da:	2201      	movs	r2, #1
100043dc:	4b09      	ldr	r3, [pc, #36]	; (10004404 <stdio_usb_out_chars+0xfc>)
100043de:	4252      	negs	r2, r2
100043e0:	e7a0      	b.n	10004324 <stdio_usb_out_chars+0x1c>
100043e2:	2000      	movs	r0, #0
100043e4:	2100      	movs	r1, #0
100043e6:	4b05      	ldr	r3, [pc, #20]	; (100043fc <stdio_usb_out_chars+0xf4>)
100043e8:	6018      	str	r0, [r3, #0]
100043ea:	6059      	str	r1, [r3, #4]
100043ec:	4650      	mov	r0, sl
100043ee:	f002 fa73 	bl	100068d8 <__mutex_exit_veneer>
100043f2:	e79e      	b.n	10004332 <stdio_usb_out_chars+0x2a>
100043f4:	000f4240 	.word	0x000f4240
100043f8:	20001fec 	.word	0x20001fec
100043fc:	20001288 	.word	0x20001288
10004400:	0007a120 	.word	0x0007a120
10004404:	7fffffff 	.word	0x7fffffff

10004408 <low_priority_worker_irq>:
10004408:	b530      	push	{r4, r5, lr}
1000440a:	4c2a      	ldr	r4, [pc, #168]	; (100044b4 <low_priority_worker_irq+0xac>)
1000440c:	b085      	sub	sp, #20
1000440e:	2100      	movs	r1, #0
10004410:	0020      	movs	r0, r4
10004412:	f002 fa79 	bl	10006908 <__mutex_try_enter_veneer>
10004416:	2800      	cmp	r0, #0
10004418:	d11c      	bne.n	10004454 <low_priority_worker_irq+0x4c>
1000441a:	4b27      	ldr	r3, [pc, #156]	; (100044b8 <low_priority_worker_irq+0xb0>)
1000441c:	681a      	ldr	r2, [r3, #0]
1000441e:	2a00      	cmp	r2, #0
10004420:	d016      	beq.n	10004450 <low_priority_worker_irq+0x48>
10004422:	f3ef 8110 	mrs	r1, PRIMASK
10004426:	b672      	cpsid	i
10004428:	6810      	ldr	r0, [r2, #0]
1000442a:	2800      	cmp	r0, #0
1000442c:	d0fc      	beq.n	10004428 <low_priority_worker_irq+0x20>
1000442e:	f3bf 8f5f 	dmb	sy
10004432:	2401      	movs	r4, #1
10004434:	4821      	ldr	r0, [pc, #132]	; (100044bc <low_priority_worker_irq+0xb4>)
10004436:	6059      	str	r1, [r3, #4]
10004438:	7802      	ldrb	r2, [r0, #0]
1000443a:	681b      	ldr	r3, [r3, #0]
1000443c:	b2d2      	uxtb	r2, r2
1000443e:	7004      	strb	r4, [r0, #0]
10004440:	f3bf 8f5f 	dmb	sy
10004444:	2000      	movs	r0, #0
10004446:	6018      	str	r0, [r3, #0]
10004448:	f381 8810 	msr	PRIMASK, r1
1000444c:	2a00      	cmp	r2, #0
1000444e:	d017      	beq.n	10004480 <low_priority_worker_irq+0x78>
10004450:	b005      	add	sp, #20
10004452:	bd30      	pop	{r4, r5, pc}
10004454:	2001      	movs	r0, #1
10004456:	2100      	movs	r1, #0
10004458:	4240      	negs	r0, r0
1000445a:	f000 fc15 	bl	10004c88 <tud_task_ext>
1000445e:	2000      	movs	r0, #0
10004460:	f001 fa20 	bl	100058a4 <tud_cdc_n_available>
10004464:	0005      	movs	r5, r0
10004466:	0020      	movs	r0, r4
10004468:	f002 fa36 	bl	100068d8 <__mutex_exit_veneer>
1000446c:	2d00      	cmp	r5, #0
1000446e:	d0ef      	beq.n	10004450 <low_priority_worker_irq+0x48>
10004470:	4b13      	ldr	r3, [pc, #76]	; (100044c0 <low_priority_worker_irq+0xb8>)
10004472:	681b      	ldr	r3, [r3, #0]
10004474:	2b00      	cmp	r3, #0
10004476:	d0eb      	beq.n	10004450 <low_priority_worker_irq+0x48>
10004478:	4a12      	ldr	r2, [pc, #72]	; (100044c4 <low_priority_worker_irq+0xbc>)
1000447a:	6810      	ldr	r0, [r2, #0]
1000447c:	4798      	blx	r3
1000447e:	e7e7      	b.n	10004450 <low_priority_worker_irq+0x48>
10004480:	f7fc fdec 	bl	1000105c <alarm_pool_get_default>
10004484:	0004      	movs	r4, r0
10004486:	f7fc fffb 	bl	10001480 <time_us_64>
1000448a:	22fa      	movs	r2, #250	; 0xfa
1000448c:	2300      	movs	r3, #0
1000448e:	0092      	lsls	r2, r2, #2
10004490:	1812      	adds	r2, r2, r0
10004492:	414b      	adcs	r3, r1
10004494:	2b00      	cmp	r3, #0
10004496:	db09      	blt.n	100044ac <low_priority_worker_irq+0xa4>
10004498:	2101      	movs	r1, #1
1000449a:	9102      	str	r1, [sp, #8]
1000449c:	2100      	movs	r1, #0
1000449e:	9101      	str	r1, [sp, #4]
100044a0:	4909      	ldr	r1, [pc, #36]	; (100044c8 <low_priority_worker_irq+0xc0>)
100044a2:	0020      	movs	r0, r4
100044a4:	9100      	str	r1, [sp, #0]
100044a6:	f7fc fddd 	bl	10001064 <alarm_pool_add_alarm_at>
100044aa:	e7d1      	b.n	10004450 <low_priority_worker_irq+0x48>
100044ac:	2201      	movs	r2, #1
100044ae:	4b07      	ldr	r3, [pc, #28]	; (100044cc <low_priority_worker_irq+0xc4>)
100044b0:	4252      	negs	r2, r2
100044b2:	e7f1      	b.n	10004498 <low_priority_worker_irq+0x90>
100044b4:	20001fec 	.word	0x20001fec
100044b8:	20001ec4 	.word	0x20001ec4
100044bc:	20002014 	.word	0x20002014
100044c0:	20001a48 	.word	0x20001a48
100044c4:	20001a50 	.word	0x20001a50
100044c8:	100041c5 	.word	0x100041c5
100044cc:	7fffffff 	.word	0x7fffffff

100044d0 <stdio_usb_init>:
100044d0:	23d0      	movs	r3, #208	; 0xd0
100044d2:	b510      	push	{r4, lr}
100044d4:	061b      	lsls	r3, r3, #24
100044d6:	b084      	sub	sp, #16
100044d8:	681c      	ldr	r4, [r3, #0]
100044da:	f7fc fdbf 	bl	1000105c <alarm_pool_get_default>
100044de:	f7fc febb 	bl	10001258 <alarm_pool_core_num>
100044e2:	42a0      	cmp	r0, r4
100044e4:	d002      	beq.n	100044ec <stdio_usb_init+0x1c>
100044e6:	2000      	movs	r0, #0
100044e8:	b004      	add	sp, #16
100044ea:	bd10      	pop	{r4, pc}
100044ec:	4b29      	ldr	r3, [pc, #164]	; (10004594 <stdio_usb_init+0xc4>)
100044ee:	2100      	movs	r1, #0
100044f0:	2000      	movs	r0, #0
100044f2:	781b      	ldrb	r3, [r3, #0]
100044f4:	f001 fd7e 	bl	10005ff4 <tusb_rhport_init>
100044f8:	4827      	ldr	r0, [pc, #156]	; (10004598 <stdio_usb_init+0xc8>)
100044fa:	6803      	ldr	r3, [r0, #0]
100044fc:	2b00      	cmp	r3, #0
100044fe:	d041      	beq.n	10004584 <stdio_usb_init+0xb4>
10004500:	2001      	movs	r0, #1
10004502:	f7fc fb31 	bl	10000b68 <user_irq_claim_unused>
10004506:	23ff      	movs	r3, #255	; 0xff
10004508:	4c24      	ldr	r4, [pc, #144]	; (1000459c <stdio_usb_init+0xcc>)
1000450a:	4925      	ldr	r1, [pc, #148]	; (100045a0 <stdio_usb_init+0xd0>)
1000450c:	7020      	strb	r0, [r4, #0]
1000450e:	4018      	ands	r0, r3
10004510:	f7fc f8d0 	bl	100006b4 <irq_set_exclusive_handler>
10004514:	7820      	ldrb	r0, [r4, #0]
10004516:	2101      	movs	r1, #1
10004518:	f7fc f894 	bl	10000644 <irq_set_enabled>
1000451c:	2005      	movs	r0, #5
1000451e:	f7fc f8b7 	bl	10000690 <irq_has_shared_handler>
10004522:	2800      	cmp	r0, #0
10004524:	d121      	bne.n	1000456a <stdio_usb_init+0x9a>
10004526:	2208      	movs	r2, #8
10004528:	2100      	movs	r1, #0
1000452a:	481e      	ldr	r0, [pc, #120]	; (100045a4 <stdio_usb_init+0xd4>)
1000452c:	f7fd ff9e 	bl	1000246c <__wrap_memset>
10004530:	f7fc fd94 	bl	1000105c <alarm_pool_get_default>
10004534:	0004      	movs	r4, r0
10004536:	f7fc ffa3 	bl	10001480 <time_us_64>
1000453a:	22fa      	movs	r2, #250	; 0xfa
1000453c:	2300      	movs	r3, #0
1000453e:	0092      	lsls	r2, r2, #2
10004540:	1812      	adds	r2, r2, r0
10004542:	414b      	adcs	r3, r1
10004544:	2b00      	cmp	r3, #0
10004546:	db20      	blt.n	1000458a <stdio_usb_init+0xba>
10004548:	2101      	movs	r1, #1
1000454a:	9102      	str	r1, [sp, #8]
1000454c:	2100      	movs	r1, #0
1000454e:	9101      	str	r1, [sp, #4]
10004550:	4915      	ldr	r1, [pc, #84]	; (100045a8 <stdio_usb_init+0xd8>)
10004552:	0020      	movs	r0, r4
10004554:	9100      	str	r1, [sp, #0]
10004556:	f7fc fd85 	bl	10001064 <alarm_pool_add_alarm_at>
1000455a:	2800      	cmp	r0, #0
1000455c:	dbc3      	blt.n	100044e6 <stdio_usb_init+0x16>
1000455e:	4813      	ldr	r0, [pc, #76]	; (100045ac <stdio_usb_init+0xdc>)
10004560:	2101      	movs	r1, #1
10004562:	f7ff fba1 	bl	10003ca8 <stdio_set_driver_enabled>
10004566:	2001      	movs	r0, #1
10004568:	e7be      	b.n	100044e8 <stdio_usb_init+0x18>
1000456a:	2001      	movs	r0, #1
1000456c:	f7fc f83a 	bl	100005e4 <spin_lock_claim_unused>
10004570:	0001      	movs	r1, r0
10004572:	480c      	ldr	r0, [pc, #48]	; (100045a4 <stdio_usb_init+0xd4>)
10004574:	f7fc fb5e 	bl	10000c34 <critical_section_init_with_lock_num>
10004578:	2200      	movs	r2, #0
1000457a:	2005      	movs	r0, #5
1000457c:	490c      	ldr	r1, [pc, #48]	; (100045b0 <stdio_usb_init+0xe0>)
1000457e:	f7fc f8c3 	bl	10000708 <irq_add_shared_handler>
10004582:	e7ec      	b.n	1000455e <stdio_usb_init+0x8e>
10004584:	f7fc fb38 	bl	10000bf8 <mutex_init>
10004588:	e7ba      	b.n	10004500 <stdio_usb_init+0x30>
1000458a:	2201      	movs	r2, #1
1000458c:	4b09      	ldr	r3, [pc, #36]	; (100045b4 <stdio_usb_init+0xe4>)
1000458e:	4252      	negs	r2, r2
10004590:	e7da      	b.n	10004548 <stdio_usb_init+0x78>
10004592:	46c0      	nop			; (mov r8, r8)
10004594:	100070e8 	.word	0x100070e8
10004598:	20001fec 	.word	0x20001fec
1000459c:	20002013 	.word	0x20002013
100045a0:	10004409 	.word	0x10004409
100045a4:	20001ec4 	.word	0x20001ec4
100045a8:	100041c5 	.word	0x100041c5
100045ac:	200010c8 	.word	0x200010c8
100045b0:	100041b5 	.word	0x100041b5
100045b4:	7fffffff 	.word	0x7fffffff

100045b8 <tud_descriptor_device_cb>:
100045b8:	4800      	ldr	r0, [pc, #0]	; (100045bc <tud_descriptor_device_cb+0x4>)
100045ba:	4770      	bx	lr
100045bc:	10006f50 	.word	0x10006f50

100045c0 <tud_descriptor_configuration_cb>:
100045c0:	4800      	ldr	r0, [pc, #0]	; (100045c4 <tud_descriptor_configuration_cb+0x4>)
100045c2:	4770      	bx	lr
100045c4:	10006efc 	.word	0x10006efc

100045c8 <tud_descriptor_string_cb>:
100045c8:	b570      	push	{r4, r5, r6, lr}
100045ca:	0004      	movs	r4, r0
100045cc:	4817      	ldr	r0, [pc, #92]	; (1000462c <tud_descriptor_string_cb+0x64>)
100045ce:	7803      	ldrb	r3, [r0, #0]
100045d0:	2b00      	cmp	r3, #0
100045d2:	d021      	beq.n	10004618 <tud_descriptor_string_cb+0x50>
100045d4:	2c00      	cmp	r4, #0
100045d6:	d106      	bne.n	100045e6 <tud_descriptor_string_cb+0x1e>
100045d8:	24c1      	movs	r4, #193	; 0xc1
100045da:	4815      	ldr	r0, [pc, #84]	; (10004630 <tud_descriptor_string_cb+0x68>)
100045dc:	4b15      	ldr	r3, [pc, #84]	; (10004634 <tud_descriptor_string_cb+0x6c>)
100045de:	00a4      	lsls	r4, r4, #2
100045e0:	8043      	strh	r3, [r0, #2]
100045e2:	8004      	strh	r4, [r0, #0]
100045e4:	bd70      	pop	{r4, r5, r6, pc}
100045e6:	2c05      	cmp	r4, #5
100045e8:	d81d      	bhi.n	10004626 <tud_descriptor_string_cb+0x5e>
100045ea:	4b13      	ldr	r3, [pc, #76]	; (10004638 <tud_descriptor_string_cb+0x70>)
100045ec:	4810      	ldr	r0, [pc, #64]	; (10004630 <tud_descriptor_string_cb+0x68>)
100045ee:	00a4      	lsls	r4, r4, #2
100045f0:	58e5      	ldr	r5, [r4, r3]
100045f2:	1c81      	adds	r1, r0, #2
100045f4:	2300      	movs	r3, #0
100045f6:	e004      	b.n	10004602 <tud_descriptor_string_cb+0x3a>
100045f8:	3301      	adds	r3, #1
100045fa:	800a      	strh	r2, [r1, #0]
100045fc:	3102      	adds	r1, #2
100045fe:	2b13      	cmp	r3, #19
10004600:	d00e      	beq.n	10004620 <tud_descriptor_string_cb+0x58>
10004602:	5cea      	ldrb	r2, [r5, r3]
10004604:	b2dc      	uxtb	r4, r3
10004606:	2a00      	cmp	r2, #0
10004608:	d1f6      	bne.n	100045f8 <tud_descriptor_string_cb+0x30>
1000460a:	23c0      	movs	r3, #192	; 0xc0
1000460c:	3401      	adds	r4, #1
1000460e:	b2e4      	uxtb	r4, r4
10004610:	0064      	lsls	r4, r4, #1
10004612:	009b      	lsls	r3, r3, #2
10004614:	431c      	orrs	r4, r3
10004616:	e7e4      	b.n	100045e2 <tud_descriptor_string_cb+0x1a>
10004618:	2111      	movs	r1, #17
1000461a:	f000 f817 	bl	1000464c <pico_get_unique_board_id_string>
1000461e:	e7d9      	b.n	100045d4 <tud_descriptor_string_cb+0xc>
10004620:	24ca      	movs	r4, #202	; 0xca
10004622:	00a4      	lsls	r4, r4, #2
10004624:	e7dd      	b.n	100045e2 <tud_descriptor_string_cb+0x1a>
10004626:	2000      	movs	r0, #0
10004628:	e7dc      	b.n	100045e4 <tud_descriptor_string_cb+0x1c>
1000462a:	46c0      	nop			; (mov r8, r8)
1000462c:	20001ffc 	.word	0x20001ffc
10004630:	20001a84 	.word	0x20001a84
10004634:	00000409 	.word	0x00000409
10004638:	10006f64 	.word	0x10006f64

1000463c <_retrieve_unique_id_on_boot>:
1000463c:	b510      	push	{r4, lr}
1000463e:	4802      	ldr	r0, [pc, #8]	; (10004648 <_retrieve_unique_id_on_boot+0xc>)
10004640:	f000 f8d8 	bl	100047f4 <flash_get_unique_id>
10004644:	bd10      	pop	{r4, pc}
10004646:	46c0      	nop			; (mov r8, r8)
10004648:	20001edc 	.word	0x20001edc

1000464c <pico_get_unique_board_id_string>:
1000464c:	b530      	push	{r4, r5, lr}
1000464e:	1e4b      	subs	r3, r1, #1
10004650:	2901      	cmp	r1, #1
10004652:	d100      	bne.n	10004656 <pico_get_unique_board_id_string+0xa>
10004654:	e0a7      	b.n	100047a6 <pico_get_unique_board_id_string+0x15a>
10004656:	4a66      	ldr	r2, [pc, #408]	; (100047f0 <pico_get_unique_board_id_string+0x1a4>)
10004658:	7811      	ldrb	r1, [r2, #0]
1000465a:	110d      	asrs	r5, r1, #4
1000465c:	002c      	movs	r4, r5
1000465e:	3430      	adds	r4, #48	; 0x30
10004660:	299f      	cmp	r1, #159	; 0x9f
10004662:	d900      	bls.n	10004666 <pico_get_unique_board_id_string+0x1a>
10004664:	e0a2      	b.n	100047ac <pico_get_unique_board_id_string+0x160>
10004666:	7004      	strb	r4, [r0, #0]
10004668:	2b01      	cmp	r3, #1
1000466a:	d100      	bne.n	1000466e <pico_get_unique_board_id_string+0x22>
1000466c:	e0be      	b.n	100047ec <pico_get_unique_board_id_string+0x1a0>
1000466e:	210f      	movs	r1, #15
10004670:	7814      	ldrb	r4, [r2, #0]
10004672:	4021      	ands	r1, r4
10004674:	000c      	movs	r4, r1
10004676:	3430      	adds	r4, #48	; 0x30
10004678:	2909      	cmp	r1, #9
1000467a:	dd00      	ble.n	1000467e <pico_get_unique_board_id_string+0x32>
1000467c:	e098      	b.n	100047b0 <pico_get_unique_board_id_string+0x164>
1000467e:	7044      	strb	r4, [r0, #1]
10004680:	2b02      	cmp	r3, #2
10004682:	d100      	bne.n	10004686 <pico_get_unique_board_id_string+0x3a>
10004684:	e0b2      	b.n	100047ec <pico_get_unique_board_id_string+0x1a0>
10004686:	7854      	ldrb	r4, [r2, #1]
10004688:	1125      	asrs	r5, r4, #4
1000468a:	0029      	movs	r1, r5
1000468c:	3130      	adds	r1, #48	; 0x30
1000468e:	2c9f      	cmp	r4, #159	; 0x9f
10004690:	d900      	bls.n	10004694 <pico_get_unique_board_id_string+0x48>
10004692:	e090      	b.n	100047b6 <pico_get_unique_board_id_string+0x16a>
10004694:	7081      	strb	r1, [r0, #2]
10004696:	2b03      	cmp	r3, #3
10004698:	d100      	bne.n	1000469c <pico_get_unique_board_id_string+0x50>
1000469a:	e0a7      	b.n	100047ec <pico_get_unique_board_id_string+0x1a0>
1000469c:	210f      	movs	r1, #15
1000469e:	4021      	ands	r1, r4
100046a0:	000c      	movs	r4, r1
100046a2:	3430      	adds	r4, #48	; 0x30
100046a4:	2909      	cmp	r1, #9
100046a6:	dd00      	ble.n	100046aa <pico_get_unique_board_id_string+0x5e>
100046a8:	e087      	b.n	100047ba <pico_get_unique_board_id_string+0x16e>
100046aa:	70c4      	strb	r4, [r0, #3]
100046ac:	2b04      	cmp	r3, #4
100046ae:	d100      	bne.n	100046b2 <pico_get_unique_board_id_string+0x66>
100046b0:	e09c      	b.n	100047ec <pico_get_unique_board_id_string+0x1a0>
100046b2:	7894      	ldrb	r4, [r2, #2]
100046b4:	1125      	asrs	r5, r4, #4
100046b6:	0029      	movs	r1, r5
100046b8:	3130      	adds	r1, #48	; 0x30
100046ba:	2c9f      	cmp	r4, #159	; 0x9f
100046bc:	d900      	bls.n	100046c0 <pico_get_unique_board_id_string+0x74>
100046be:	e07f      	b.n	100047c0 <pico_get_unique_board_id_string+0x174>
100046c0:	7101      	strb	r1, [r0, #4]
100046c2:	2b05      	cmp	r3, #5
100046c4:	d100      	bne.n	100046c8 <pico_get_unique_board_id_string+0x7c>
100046c6:	e091      	b.n	100047ec <pico_get_unique_board_id_string+0x1a0>
100046c8:	210f      	movs	r1, #15
100046ca:	4021      	ands	r1, r4
100046cc:	000c      	movs	r4, r1
100046ce:	3430      	adds	r4, #48	; 0x30
100046d0:	2909      	cmp	r1, #9
100046d2:	dd00      	ble.n	100046d6 <pico_get_unique_board_id_string+0x8a>
100046d4:	e076      	b.n	100047c4 <pico_get_unique_board_id_string+0x178>
100046d6:	7144      	strb	r4, [r0, #5]
100046d8:	2b06      	cmp	r3, #6
100046da:	d100      	bne.n	100046de <pico_get_unique_board_id_string+0x92>
100046dc:	e086      	b.n	100047ec <pico_get_unique_board_id_string+0x1a0>
100046de:	78d4      	ldrb	r4, [r2, #3]
100046e0:	1125      	asrs	r5, r4, #4
100046e2:	0029      	movs	r1, r5
100046e4:	3130      	adds	r1, #48	; 0x30
100046e6:	2c9f      	cmp	r4, #159	; 0x9f
100046e8:	d900      	bls.n	100046ec <pico_get_unique_board_id_string+0xa0>
100046ea:	e06e      	b.n	100047ca <pico_get_unique_board_id_string+0x17e>
100046ec:	7181      	strb	r1, [r0, #6]
100046ee:	2b07      	cmp	r3, #7
100046f0:	d100      	bne.n	100046f4 <pico_get_unique_board_id_string+0xa8>
100046f2:	e07b      	b.n	100047ec <pico_get_unique_board_id_string+0x1a0>
100046f4:	210f      	movs	r1, #15
100046f6:	4021      	ands	r1, r4
100046f8:	000c      	movs	r4, r1
100046fa:	3430      	adds	r4, #48	; 0x30
100046fc:	2909      	cmp	r1, #9
100046fe:	dc66      	bgt.n	100047ce <pico_get_unique_board_id_string+0x182>
10004700:	71c4      	strb	r4, [r0, #7]
10004702:	2b08      	cmp	r3, #8
10004704:	d100      	bne.n	10004708 <pico_get_unique_board_id_string+0xbc>
10004706:	e071      	b.n	100047ec <pico_get_unique_board_id_string+0x1a0>
10004708:	7914      	ldrb	r4, [r2, #4]
1000470a:	1125      	asrs	r5, r4, #4
1000470c:	0029      	movs	r1, r5
1000470e:	3130      	adds	r1, #48	; 0x30
10004710:	2c9f      	cmp	r4, #159	; 0x9f
10004712:	d85f      	bhi.n	100047d4 <pico_get_unique_board_id_string+0x188>
10004714:	7201      	strb	r1, [r0, #8]
10004716:	2b09      	cmp	r3, #9
10004718:	d068      	beq.n	100047ec <pico_get_unique_board_id_string+0x1a0>
1000471a:	210f      	movs	r1, #15
1000471c:	4021      	ands	r1, r4
1000471e:	000c      	movs	r4, r1
10004720:	3430      	adds	r4, #48	; 0x30
10004722:	2909      	cmp	r1, #9
10004724:	dc58      	bgt.n	100047d8 <pico_get_unique_board_id_string+0x18c>
10004726:	7244      	strb	r4, [r0, #9]
10004728:	2b0a      	cmp	r3, #10
1000472a:	d05f      	beq.n	100047ec <pico_get_unique_board_id_string+0x1a0>
1000472c:	7954      	ldrb	r4, [r2, #5]
1000472e:	1125      	asrs	r5, r4, #4
10004730:	0029      	movs	r1, r5
10004732:	3130      	adds	r1, #48	; 0x30
10004734:	2c9f      	cmp	r4, #159	; 0x9f
10004736:	d852      	bhi.n	100047de <pico_get_unique_board_id_string+0x192>
10004738:	7281      	strb	r1, [r0, #10]
1000473a:	2b0b      	cmp	r3, #11
1000473c:	d056      	beq.n	100047ec <pico_get_unique_board_id_string+0x1a0>
1000473e:	210f      	movs	r1, #15
10004740:	4021      	ands	r1, r4
10004742:	000c      	movs	r4, r1
10004744:	3430      	adds	r4, #48	; 0x30
10004746:	2909      	cmp	r1, #9
10004748:	dc4b      	bgt.n	100047e2 <pico_get_unique_board_id_string+0x196>
1000474a:	72c4      	strb	r4, [r0, #11]
1000474c:	2b0c      	cmp	r3, #12
1000474e:	d04d      	beq.n	100047ec <pico_get_unique_board_id_string+0x1a0>
10004750:	7994      	ldrb	r4, [r2, #6]
10004752:	1125      	asrs	r5, r4, #4
10004754:	0029      	movs	r1, r5
10004756:	3130      	adds	r1, #48	; 0x30
10004758:	2c9f      	cmp	r4, #159	; 0x9f
1000475a:	d900      	bls.n	1000475e <pico_get_unique_board_id_string+0x112>
1000475c:	3107      	adds	r1, #7
1000475e:	7301      	strb	r1, [r0, #12]
10004760:	2b0d      	cmp	r3, #13
10004762:	d043      	beq.n	100047ec <pico_get_unique_board_id_string+0x1a0>
10004764:	210f      	movs	r1, #15
10004766:	4021      	ands	r1, r4
10004768:	000c      	movs	r4, r1
1000476a:	3430      	adds	r4, #48	; 0x30
1000476c:	2909      	cmp	r1, #9
1000476e:	dd01      	ble.n	10004774 <pico_get_unique_board_id_string+0x128>
10004770:	3137      	adds	r1, #55	; 0x37
10004772:	000c      	movs	r4, r1
10004774:	7344      	strb	r4, [r0, #13]
10004776:	2b0e      	cmp	r3, #14
10004778:	d038      	beq.n	100047ec <pico_get_unique_board_id_string+0x1a0>
1000477a:	79d1      	ldrb	r1, [r2, #7]
1000477c:	110c      	asrs	r4, r1, #4
1000477e:	0022      	movs	r2, r4
10004780:	3230      	adds	r2, #48	; 0x30
10004782:	299f      	cmp	r1, #159	; 0x9f
10004784:	d900      	bls.n	10004788 <pico_get_unique_board_id_string+0x13c>
10004786:	3207      	adds	r2, #7
10004788:	7382      	strb	r2, [r0, #14]
1000478a:	2b0f      	cmp	r3, #15
1000478c:	d02e      	beq.n	100047ec <pico_get_unique_board_id_string+0x1a0>
1000478e:	220f      	movs	r2, #15
10004790:	400a      	ands	r2, r1
10004792:	0011      	movs	r1, r2
10004794:	3137      	adds	r1, #55	; 0x37
10004796:	2a09      	cmp	r2, #9
10004798:	dc01      	bgt.n	1000479e <pico_get_unique_board_id_string+0x152>
1000479a:	3230      	adds	r2, #48	; 0x30
1000479c:	0011      	movs	r1, r2
1000479e:	73c1      	strb	r1, [r0, #15]
100047a0:	2b10      	cmp	r3, #16
100047a2:	d023      	beq.n	100047ec <pico_get_unique_board_id_string+0x1a0>
100047a4:	3010      	adds	r0, #16
100047a6:	2300      	movs	r3, #0
100047a8:	7003      	strb	r3, [r0, #0]
100047aa:	bd30      	pop	{r4, r5, pc}
100047ac:	3407      	adds	r4, #7
100047ae:	e75a      	b.n	10004666 <pico_get_unique_board_id_string+0x1a>
100047b0:	3137      	adds	r1, #55	; 0x37
100047b2:	000c      	movs	r4, r1
100047b4:	e763      	b.n	1000467e <pico_get_unique_board_id_string+0x32>
100047b6:	3107      	adds	r1, #7
100047b8:	e76c      	b.n	10004694 <pico_get_unique_board_id_string+0x48>
100047ba:	3137      	adds	r1, #55	; 0x37
100047bc:	000c      	movs	r4, r1
100047be:	e774      	b.n	100046aa <pico_get_unique_board_id_string+0x5e>
100047c0:	3107      	adds	r1, #7
100047c2:	e77d      	b.n	100046c0 <pico_get_unique_board_id_string+0x74>
100047c4:	3137      	adds	r1, #55	; 0x37
100047c6:	000c      	movs	r4, r1
100047c8:	e785      	b.n	100046d6 <pico_get_unique_board_id_string+0x8a>
100047ca:	3107      	adds	r1, #7
100047cc:	e78e      	b.n	100046ec <pico_get_unique_board_id_string+0xa0>
100047ce:	3137      	adds	r1, #55	; 0x37
100047d0:	000c      	movs	r4, r1
100047d2:	e795      	b.n	10004700 <pico_get_unique_board_id_string+0xb4>
100047d4:	3107      	adds	r1, #7
100047d6:	e79d      	b.n	10004714 <pico_get_unique_board_id_string+0xc8>
100047d8:	3137      	adds	r1, #55	; 0x37
100047da:	000c      	movs	r4, r1
100047dc:	e7a3      	b.n	10004726 <pico_get_unique_board_id_string+0xda>
100047de:	3107      	adds	r1, #7
100047e0:	e7aa      	b.n	10004738 <pico_get_unique_board_id_string+0xec>
100047e2:	3137      	adds	r1, #55	; 0x37
100047e4:	000c      	movs	r4, r1
100047e6:	72c4      	strb	r4, [r0, #11]
100047e8:	2b0c      	cmp	r3, #12
100047ea:	d1b1      	bne.n	10004750 <pico_get_unique_board_id_string+0x104>
100047ec:	18c0      	adds	r0, r0, r3
100047ee:	e7da      	b.n	100047a6 <pico_get_unique_board_id_string+0x15a>
100047f0:	20001edc 	.word	0x20001edc

100047f4 <flash_get_unique_id>:
100047f4:	b530      	push	{r4, r5, lr}
100047f6:	2500      	movs	r5, #0
100047f8:	b089      	sub	sp, #36	; 0x24
100047fa:	0004      	movs	r4, r0
100047fc:	2209      	movs	r2, #9
100047fe:	2100      	movs	r1, #0
10004800:	a801      	add	r0, sp, #4
10004802:	9500      	str	r5, [sp, #0]
10004804:	f7fd fe32 	bl	1000246c <__wrap_memset>
10004808:	2209      	movs	r2, #9
1000480a:	2100      	movs	r1, #0
1000480c:	a805      	add	r0, sp, #20
1000480e:	9504      	str	r5, [sp, #16]
10004810:	f7fd fe2c 	bl	1000246c <__wrap_memset>
10004814:	234b      	movs	r3, #75	; 0x4b
10004816:	466a      	mov	r2, sp
10004818:	4668      	mov	r0, sp
1000481a:	7013      	strb	r3, [r2, #0]
1000481c:	a904      	add	r1, sp, #16
1000481e:	220d      	movs	r2, #13
10004820:	f002 f852 	bl	100068c8 <__flash_do_cmd_veneer>
10004824:	2115      	movs	r1, #21
10004826:	2208      	movs	r2, #8
10004828:	0020      	movs	r0, r4
1000482a:	4469      	add	r1, sp
1000482c:	f7fd fe24 	bl	10002478 <__wrap___aeabi_memcpy>
10004830:	b009      	add	sp, #36	; 0x24
10004832:	bd30      	pop	{r4, r5, pc}

10004834 <dcd_init>:
10004834:	b5f8      	push	{r3, r4, r5, r6, r7, lr}
10004836:	f000 f945 	bl	10004ac4 <rp2040_usb_init>
1000483a:	230c      	movs	r3, #12
1000483c:	4d19      	ldr	r5, [pc, #100]	; (100048a4 <dcd_init+0x70>)
1000483e:	22ff      	movs	r2, #255	; 0xff
10004840:	67ab      	str	r3, [r5, #120]	; 0x78
10004842:	2005      	movs	r0, #5
10004844:	4918      	ldr	r1, [pc, #96]	; (100048a8 <dcd_init+0x74>)
10004846:	f7fb ff5f 	bl	10000708 <irq_add_shared_handler>
1000484a:	4c18      	ldr	r4, [pc, #96]	; (100048ac <dcd_init+0x78>)
1000484c:	2240      	movs	r2, #64	; 0x40
1000484e:	2100      	movs	r1, #0
10004850:	0020      	movs	r0, r4
10004852:	f7fd fe0b 	bl	1000246c <__wrap_memset>
10004856:	2740      	movs	r7, #64	; 0x40
10004858:	2300      	movs	r3, #0
1000485a:	2601      	movs	r6, #1
1000485c:	2121      	movs	r1, #33	; 0x21
1000485e:	4a14      	ldr	r2, [pc, #80]	; (100048b0 <dcd_init+0x7c>)
10004860:	7066      	strb	r6, [r4, #1]
10004862:	8327      	strh	r7, [r4, #24]
10004864:	60a2      	str	r2, [r4, #8]
10004866:	6013      	str	r3, [r2, #0]
10004868:	5463      	strb	r3, [r4, r1]
1000486a:	315f      	adds	r1, #95	; 0x5f
1000486c:	8461      	strh	r1, [r4, #34]	; 0x22
1000486e:	3945      	subs	r1, #69	; 0x45
10004870:	5463      	strb	r3, [r4, r1]
10004872:	4a10      	ldr	r2, [pc, #64]	; (100048b4 <dcd_init+0x80>)
10004874:	4910      	ldr	r1, [pc, #64]	; (100048b8 <dcd_init+0x84>)
10004876:	6063      	str	r3, [r4, #4]
10004878:	60e2      	str	r2, [r4, #12]
1000487a:	8727      	strh	r7, [r4, #56]	; 0x38
1000487c:	62a1      	str	r1, [r4, #40]	; 0x28
1000487e:	600b      	str	r3, [r1, #0]
10004880:	6263      	str	r3, [r4, #36]	; 0x24
10004882:	62e2      	str	r2, [r4, #44]	; 0x2c
10004884:	f002 f878 	bl	10006978 <__reset_non_control_endpoints_veneer>
10004888:	2380      	movs	r3, #128	; 0x80
1000488a:	059b      	lsls	r3, r3, #22
1000488c:	642e      	str	r6, [r5, #64]	; 0x40
1000488e:	64eb      	str	r3, [r5, #76]	; 0x4c
10004890:	2390      	movs	r3, #144	; 0x90
10004892:	4a0a      	ldr	r2, [pc, #40]	; (100048bc <dcd_init+0x88>)
10004894:	2001      	movs	r0, #1
10004896:	50ea      	str	r2, [r5, r3]
10004898:	2280      	movs	r2, #128	; 0x80
1000489a:	4b09      	ldr	r3, [pc, #36]	; (100048c0 <dcd_init+0x8c>)
1000489c:	0252      	lsls	r2, r2, #9
1000489e:	64da      	str	r2, [r3, #76]	; 0x4c
100048a0:	bdf8      	pop	{r3, r4, r5, r6, r7, pc}
100048a2:	46c0      	nop			; (mov r8, r8)
100048a4:	50110000 	.word	0x50110000
100048a8:	20000549 	.word	0x20000549
100048ac:	20001ab8 	.word	0x20001ab8
100048b0:	50100084 	.word	0x50100084
100048b4:	50100100 	.word	0x50100100
100048b8:	50100080 	.word	0x50100080
100048bc:	0001d010 	.word	0x0001d010
100048c0:	50112000 	.word	0x50112000

100048c4 <dcd_int_enable>:
100048c4:	b510      	push	{r4, lr}
100048c6:	2101      	movs	r1, #1
100048c8:	2005      	movs	r0, #5
100048ca:	f7fb febb 	bl	10000644 <irq_set_enabled>
100048ce:	bd10      	pop	{r4, pc}

100048d0 <dcd_set_address>:
100048d0:	b510      	push	{r4, lr}
100048d2:	2200      	movs	r2, #0
100048d4:	2100      	movs	r1, #0
100048d6:	4802      	ldr	r0, [pc, #8]	; (100048e0 <dcd_set_address+0x10>)
100048d8:	f000 f914 	bl	10004b04 <hw_endpoint_xfer_start>
100048dc:	bd10      	pop	{r4, pc}
100048de:	46c0      	nop			; (mov r8, r8)
100048e0:	20001ad8 	.word	0x20001ad8

100048e4 <dcd_sof_enable>:
100048e4:	4b04      	ldr	r3, [pc, #16]	; (100048f8 <dcd_sof_enable+0x14>)
100048e6:	7019      	strb	r1, [r3, #0]
100048e8:	2900      	cmp	r1, #0
100048ea:	d004      	beq.n	100048f6 <dcd_sof_enable+0x12>
100048ec:	2180      	movs	r1, #128	; 0x80
100048ee:	2390      	movs	r3, #144	; 0x90
100048f0:	4a02      	ldr	r2, [pc, #8]	; (100048fc <dcd_sof_enable+0x18>)
100048f2:	0289      	lsls	r1, r1, #10
100048f4:	50d1      	str	r1, [r2, r3]
100048f6:	4770      	bx	lr
100048f8:	2000200e 	.word	0x2000200e
100048fc:	50112000 	.word	0x50112000

10004900 <dcd_edpt0_status_complete>:
10004900:	780b      	ldrb	r3, [r1, #0]
10004902:	065b      	lsls	r3, r3, #25
10004904:	d102      	bne.n	1000490c <dcd_edpt0_status_complete+0xc>
10004906:	784b      	ldrb	r3, [r1, #1]
10004908:	2b05      	cmp	r3, #5
1000490a:	d000      	beq.n	1000490e <dcd_edpt0_status_complete+0xe>
1000490c:	4770      	bx	lr
1000490e:	788a      	ldrb	r2, [r1, #2]
10004910:	4b01      	ldr	r3, [pc, #4]	; (10004918 <dcd_edpt0_status_complete+0x18>)
10004912:	601a      	str	r2, [r3, #0]
10004914:	e7fa      	b.n	1000490c <dcd_edpt0_status_complete+0xc>
10004916:	46c0      	nop			; (mov r8, r8)
10004918:	50110000 	.word	0x50110000

1000491c <dcd_edpt_open>:
1000491c:	b5f0      	push	{r4, r5, r6, r7, lr}
1000491e:	46c6      	mov	lr, r8
10004920:	78c8      	ldrb	r0, [r1, #3]
10004922:	b500      	push	{lr}
10004924:	0780      	lsls	r0, r0, #30
10004926:	0f83      	lsrs	r3, r0, #30
10004928:	0018      	movs	r0, r3
1000492a:	2b01      	cmp	r3, #1
1000492c:	d061      	beq.n	100049f2 <dcd_edpt_open+0xd6>
1000492e:	788f      	ldrb	r7, [r1, #2]
10004930:	790c      	ldrb	r4, [r1, #4]
10004932:	794b      	ldrb	r3, [r1, #5]
10004934:	217f      	movs	r1, #127	; 0x7f
10004936:	021b      	lsls	r3, r3, #8
10004938:	4039      	ands	r1, r7
1000493a:	4323      	orrs	r3, r4
1000493c:	004e      	lsls	r6, r1, #1
1000493e:	09fc      	lsrs	r4, r7, #7
10004940:	4d33      	ldr	r5, [pc, #204]	; (10004a10 <dcd_edpt_open+0xf4>)
10004942:	1932      	adds	r2, r6, r4
10004944:	0152      	lsls	r2, r2, #5
10004946:	18aa      	adds	r2, r5, r2
10004948:	7097      	strb	r7, [r2, #2]
1000494a:	2701      	movs	r7, #1
1000494c:	4067      	eors	r7, r4
1000494e:	7057      	strb	r7, [r2, #1]
10004950:	2700      	movs	r7, #0
10004952:	055b      	lsls	r3, r3, #21
10004954:	0d5b      	lsrs	r3, r3, #21
10004956:	70d7      	strb	r7, [r2, #3]
10004958:	8313      	strh	r3, [r2, #24]
1000495a:	76d0      	strb	r0, [r2, #27]
1000495c:	46b8      	mov	r8, r7
1000495e:	00ca      	lsls	r2, r1, #3
10004960:	2c01      	cmp	r4, #1
10004962:	d032      	beq.n	100049ca <dcd_edpt_open+0xae>
10004964:	4f2b      	ldr	r7, [pc, #172]	; (10004a14 <dcd_edpt_open+0xf8>)
10004966:	46bc      	mov	ip, r7
10004968:	018f      	lsls	r7, r1, #6
1000496a:	4462      	add	r2, ip
1000496c:	46bc      	mov	ip, r7
1000496e:	44ac      	add	ip, r5
10004970:	4667      	mov	r7, ip
10004972:	60ba      	str	r2, [r7, #8]
10004974:	4647      	mov	r7, r8
10004976:	6017      	str	r7, [r2, #0]
10004978:	2900      	cmp	r1, #0
1000497a:	d032      	beq.n	100049e2 <dcd_edpt_open+0xc6>
1000497c:	4a26      	ldr	r2, [pc, #152]	; (10004a18 <dcd_edpt_open+0xfc>)
1000497e:	00c9      	lsls	r1, r1, #3
10004980:	4690      	mov	r8, r2
10004982:	4662      	mov	r2, ip
10004984:	4441      	add	r1, r8
10004986:	6051      	str	r1, [r2, #4]
10004988:	223f      	movs	r2, #63	; 0x3f
1000498a:	333f      	adds	r3, #63	; 0x3f
1000498c:	4393      	bics	r3, r2
1000498e:	2802      	cmp	r0, #2
10004990:	d038      	beq.n	10004a04 <dcd_edpt_open+0xe8>
10004992:	4922      	ldr	r1, [pc, #136]	; (10004a1c <dcd_edpt_open+0x100>)
10004994:	1937      	adds	r7, r6, r4
10004996:	680a      	ldr	r2, [r1, #0]
10004998:	017f      	lsls	r7, r7, #5
1000499a:	18d3      	adds	r3, r2, r3
1000499c:	600b      	str	r3, [r1, #0]
1000499e:	4920      	ldr	r1, [pc, #128]	; (10004a20 <dcd_edpt_open+0x104>)
100049a0:	19ef      	adds	r7, r5, r7
100049a2:	60fa      	str	r2, [r7, #12]
100049a4:	428b      	cmp	r3, r1
100049a6:	d82f      	bhi.n	10004a08 <dcd_edpt_open+0xec>
100049a8:	1934      	adds	r4, r6, r4
100049aa:	0164      	lsls	r4, r4, #5
100049ac:	192d      	adds	r5, r5, r4
100049ae:	7eeb      	ldrb	r3, [r5, #27]
100049b0:	491c      	ldr	r1, [pc, #112]	; (10004a24 <dcd_edpt_open+0x108>)
100049b2:	069b      	lsls	r3, r3, #26
100049b4:	404a      	eors	r2, r1
100049b6:	4313      	orrs	r3, r2
100049b8:	2280      	movs	r2, #128	; 0x80
100049ba:	2001      	movs	r0, #1
100049bc:	0612      	lsls	r2, r2, #24
100049be:	4313      	orrs	r3, r2
100049c0:	686a      	ldr	r2, [r5, #4]
100049c2:	6013      	str	r3, [r2, #0]
100049c4:	bc80      	pop	{r7}
100049c6:	46b8      	mov	r8, r7
100049c8:	bdf0      	pop	{r4, r5, r6, r7, pc}
100049ca:	4f17      	ldr	r7, [pc, #92]	; (10004a28 <dcd_edpt_open+0x10c>)
100049cc:	46bc      	mov	ip, r7
100049ce:	018f      	lsls	r7, r1, #6
100049d0:	4462      	add	r2, ip
100049d2:	46bc      	mov	ip, r7
100049d4:	44ac      	add	ip, r5
100049d6:	4667      	mov	r7, ip
100049d8:	62ba      	str	r2, [r7, #40]	; 0x28
100049da:	4647      	mov	r7, r8
100049dc:	6017      	str	r7, [r2, #0]
100049de:	2900      	cmp	r1, #0
100049e0:	d109      	bne.n	100049f6 <dcd_edpt_open+0xda>
100049e2:	2300      	movs	r3, #0
100049e4:	0164      	lsls	r4, r4, #5
100049e6:	192d      	adds	r5, r5, r4
100049e8:	606b      	str	r3, [r5, #4]
100049ea:	4b10      	ldr	r3, [pc, #64]	; (10004a2c <dcd_edpt_open+0x110>)
100049ec:	2001      	movs	r0, #1
100049ee:	60eb      	str	r3, [r5, #12]
100049f0:	e7e8      	b.n	100049c4 <dcd_edpt_open+0xa8>
100049f2:	2000      	movs	r0, #0
100049f4:	e7e6      	b.n	100049c4 <dcd_edpt_open+0xa8>
100049f6:	4a0b      	ldr	r2, [pc, #44]	; (10004a24 <dcd_edpt_open+0x108>)
100049f8:	00c9      	lsls	r1, r1, #3
100049fa:	4690      	mov	r8, r2
100049fc:	4662      	mov	r2, ip
100049fe:	4441      	add	r1, r8
10004a00:	6251      	str	r1, [r2, #36]	; 0x24
10004a02:	e7c1      	b.n	10004988 <dcd_edpt_open+0x6c>
10004a04:	005b      	lsls	r3, r3, #1
10004a06:	e7c4      	b.n	10004992 <dcd_edpt_open+0x76>
10004a08:	f7fd f800 	bl	10001a0c <hard_assertion_failure>
10004a0c:	68fa      	ldr	r2, [r7, #12]
10004a0e:	e7cb      	b.n	100049a8 <dcd_edpt_open+0x8c>
10004a10:	20001ab8 	.word	0x20001ab8
10004a14:	50100084 	.word	0x50100084
10004a18:	50100004 	.word	0x50100004
10004a1c:	20001ec0 	.word	0x20001ec0
10004a20:	50100fff 	.word	0x50100fff
10004a24:	50100000 	.word	0x50100000
10004a28:	50100080 	.word	0x50100080
10004a2c:	50100100 	.word	0x50100100

10004a30 <dcd_edpt_close_all>:
10004a30:	b510      	push	{r4, lr}
10004a32:	f001 ffa1 	bl	10006978 <__reset_non_control_endpoints_veneer>
10004a36:	bd10      	pop	{r4, pc}

10004a38 <dcd_edpt_xfer>:
10004a38:	b510      	push	{r4, lr}
10004a3a:	207f      	movs	r0, #127	; 0x7f
10004a3c:	000c      	movs	r4, r1
10004a3e:	4020      	ands	r0, r4
10004a40:	0040      	lsls	r0, r0, #1
10004a42:	09e4      	lsrs	r4, r4, #7
10004a44:	0011      	movs	r1, r2
10004a46:	1900      	adds	r0, r0, r4
10004a48:	001a      	movs	r2, r3
10004a4a:	4b03      	ldr	r3, [pc, #12]	; (10004a58 <dcd_edpt_xfer+0x20>)
10004a4c:	0140      	lsls	r0, r0, #5
10004a4e:	18c0      	adds	r0, r0, r3
10004a50:	f000 f858 	bl	10004b04 <hw_endpoint_xfer_start>
10004a54:	2001      	movs	r0, #1
10004a56:	bd10      	pop	{r4, pc}
10004a58:	20001ab8 	.word	0x20001ab8

10004a5c <dcd_edpt_stall>:
10004a5c:	227f      	movs	r2, #127	; 0x7f
10004a5e:	0013      	movs	r3, r2
10004a60:	b510      	push	{r4, lr}
10004a62:	400b      	ands	r3, r1
10004a64:	420a      	tst	r2, r1
10004a66:	d00b      	beq.n	10004a80 <dcd_edpt_stall+0x24>
10004a68:	09c9      	lsrs	r1, r1, #7
10004a6a:	2280      	movs	r2, #128	; 0x80
10004a6c:	0058      	lsls	r0, r3, #1
10004a6e:	1840      	adds	r0, r0, r1
10004a70:	4906      	ldr	r1, [pc, #24]	; (10004a8c <dcd_edpt_stall+0x30>)
10004a72:	0140      	lsls	r0, r0, #5
10004a74:	1840      	adds	r0, r0, r1
10004a76:	0112      	lsls	r2, r2, #4
10004a78:	2100      	movs	r1, #0
10004a7a:	f001 ff75 	bl	10006968 <___hw_endpoint_buffer_control_update32_veneer>
10004a7e:	bd10      	pop	{r4, pc}
10004a80:	2202      	movs	r2, #2
10004a82:	4803      	ldr	r0, [pc, #12]	; (10004a90 <dcd_edpt_stall+0x34>)
10004a84:	09c9      	lsrs	r1, r1, #7
10004a86:	1a52      	subs	r2, r2, r1
10004a88:	6682      	str	r2, [r0, #104]	; 0x68
10004a8a:	e7ee      	b.n	10004a6a <dcd_edpt_stall+0xe>
10004a8c:	20001ab8 	.word	0x20001ab8
10004a90:	50112000 	.word	0x50112000

10004a94 <dcd_edpt_clear_stall>:
10004a94:	227f      	movs	r2, #127	; 0x7f
10004a96:	0010      	movs	r0, r2
10004a98:	b510      	push	{r4, lr}
10004a9a:	4008      	ands	r0, r1
10004a9c:	420a      	tst	r2, r1
10004a9e:	d100      	bne.n	10004aa2 <dcd_edpt_clear_stall+0xe>
10004aa0:	bd10      	pop	{r4, pc}
10004aa2:	2300      	movs	r3, #0
10004aa4:	09c9      	lsrs	r1, r1, #7
10004aa6:	0040      	lsls	r0, r0, #1
10004aa8:	1840      	adds	r0, r0, r1
10004aaa:	4904      	ldr	r1, [pc, #16]	; (10004abc <dcd_edpt_clear_stall+0x28>)
10004aac:	0140      	lsls	r0, r0, #5
10004aae:	1808      	adds	r0, r1, r0
10004ab0:	2200      	movs	r2, #0
10004ab2:	4903      	ldr	r1, [pc, #12]	; (10004ac0 <dcd_edpt_clear_stall+0x2c>)
10004ab4:	70c3      	strb	r3, [r0, #3]
10004ab6:	f001 ff57 	bl	10006968 <___hw_endpoint_buffer_control_update32_veneer>
10004aba:	e7f1      	b.n	10004aa0 <dcd_edpt_clear_stall+0xc>
10004abc:	20001ab8 	.word	0x20001ab8
10004ac0:	fffff7ff 	.word	0xfffff7ff

10004ac4 <rp2040_usb_init>:
10004ac4:	2280      	movs	r2, #128	; 0x80
10004ac6:	4b0a      	ldr	r3, [pc, #40]	; (10004af0 <rp2040_usb_init+0x2c>)
10004ac8:	0452      	lsls	r2, r2, #17
10004aca:	b510      	push	{r4, lr}
10004acc:	601a      	str	r2, [r3, #0]
10004ace:	4b09      	ldr	r3, [pc, #36]	; (10004af4 <rp2040_usb_init+0x30>)
10004ad0:	4909      	ldr	r1, [pc, #36]	; (10004af8 <rp2040_usb_init+0x34>)
10004ad2:	601a      	str	r2, [r3, #0]
10004ad4:	0010      	movs	r0, r2
10004ad6:	680b      	ldr	r3, [r1, #0]
10004ad8:	4398      	bics	r0, r3
10004ada:	d1fb      	bne.n	10004ad4 <rp2040_usb_init+0x10>
10004adc:	2280      	movs	r2, #128	; 0x80
10004ade:	2100      	movs	r1, #0
10004ae0:	0152      	lsls	r2, r2, #5
10004ae2:	4806      	ldr	r0, [pc, #24]	; (10004afc <rp2040_usb_init+0x38>)
10004ae4:	f7fd fcc2 	bl	1000246c <__wrap_memset>
10004ae8:	2209      	movs	r2, #9
10004aea:	4b05      	ldr	r3, [pc, #20]	; (10004b00 <rp2040_usb_init+0x3c>)
10004aec:	675a      	str	r2, [r3, #116]	; 0x74
10004aee:	bd10      	pop	{r4, pc}
10004af0:	4000e000 	.word	0x4000e000
10004af4:	4000f000 	.word	0x4000f000
10004af8:	4000c008 	.word	0x4000c008
10004afc:	50100000 	.word	0x50100000
10004b00:	50110000 	.word	0x50110000

10004b04 <hw_endpoint_xfer_start>:
10004b04:	b570      	push	{r4, r5, r6, lr}
10004b06:	7e83      	ldrb	r3, [r0, #26]
10004b08:	0004      	movs	r4, r0
10004b0a:	000d      	movs	r5, r1
10004b0c:	0016      	movs	r6, r2
10004b0e:	2b00      	cmp	r3, #0
10004b10:	d117      	bne.n	10004b42 <hw_endpoint_xfer_start+0x3e>
10004b12:	2300      	movs	r3, #0
10004b14:	82e3      	strh	r3, [r4, #22]
10004b16:	3301      	adds	r3, #1
10004b18:	0020      	movs	r0, r4
10004b1a:	82a6      	strh	r6, [r4, #20]
10004b1c:	76a3      	strb	r3, [r4, #26]
10004b1e:	6125      	str	r5, [r4, #16]
10004b20:	f001 feca 	bl	100068b8 <__e15_is_bulkin_ep_veneer>
10004b24:	2800      	cmp	r0, #0
10004b26:	d004      	beq.n	10004b32 <hw_endpoint_xfer_start+0x2e>
10004b28:	2180      	movs	r1, #128	; 0x80
10004b2a:	2390      	movs	r3, #144	; 0x90
10004b2c:	4a08      	ldr	r2, [pc, #32]	; (10004b50 <hw_endpoint_xfer_start+0x4c>)
10004b2e:	0289      	lsls	r1, r1, #10
10004b30:	50d1      	str	r1, [r2, r3]
10004b32:	0020      	movs	r0, r4
10004b34:	f001 ff08 	bl	10006948 <__e15_is_critical_frame_period_veneer>
10004b38:	2800      	cmp	r0, #0
10004b3a:	d005      	beq.n	10004b48 <hw_endpoint_xfer_start+0x44>
10004b3c:	2301      	movs	r3, #1
10004b3e:	7723      	strb	r3, [r4, #28]
10004b40:	bd70      	pop	{r4, r5, r6, pc}
10004b42:	f001 ff09 	bl	10006958 <__hw_endpoint_reset_transfer_veneer>
10004b46:	e7e4      	b.n	10004b12 <hw_endpoint_xfer_start+0xe>
10004b48:	0020      	movs	r0, r4
10004b4a:	f001 fef5 	bl	10006938 <__hw_endpoint_start_next_buffer_veneer>
10004b4e:	e7f7      	b.n	10004b40 <hw_endpoint_xfer_start+0x3c>
10004b50:	50112000 	.word	0x50112000

10004b54 <tud_event_hook_cb>:
10004b54:	4770      	bx	lr
10004b56:	46c0      	nop			; (mov r8, r8)

10004b58 <tud_sof_cb>:
10004b58:	4770      	bx	lr
10004b5a:	46c0      	nop			; (mov r8, r8)

10004b5c <tud_descriptor_device_qualifier_cb>:
10004b5c:	2000      	movs	r0, #0
10004b5e:	4770      	bx	lr

10004b60 <tud_descriptor_other_speed_configuration_cb>:
10004b60:	2000      	movs	r0, #0
10004b62:	4770      	bx	lr

10004b64 <tud_mount_cb>:
10004b64:	4770      	bx	lr
10004b66:	46c0      	nop			; (mov r8, r8)

10004b68 <tud_umount_cb>:
10004b68:	4770      	bx	lr
10004b6a:	46c0      	nop			; (mov r8, r8)

10004b6c <tud_suspend_cb>:
10004b6c:	4770      	bx	lr
10004b6e:	46c0      	nop			; (mov r8, r8)

10004b70 <tud_resume_cb>:
10004b70:	4770      	bx	lr
10004b72:	46c0      	nop			; (mov r8, r8)

10004b74 <tud_mounted>:
10004b74:	4b02      	ldr	r3, [pc, #8]	; (10004b80 <tud_mounted+0xc>)
10004b76:	7858      	ldrb	r0, [r3, #1]
10004b78:	1e43      	subs	r3, r0, #1
10004b7a:	4198      	sbcs	r0, r3
10004b7c:	b2c0      	uxtb	r0, r0
10004b7e:	4770      	bx	lr
10004b80:	2000155c 	.word	0x2000155c

10004b84 <tud_suspended>:
10004b84:	4b02      	ldr	r3, [pc, #8]	; (10004b90 <tud_suspended+0xc>)
10004b86:	7818      	ldrb	r0, [r3, #0]
10004b88:	0740      	lsls	r0, r0, #29
10004b8a:	0fc0      	lsrs	r0, r0, #31
10004b8c:	4770      	bx	lr
10004b8e:	46c0      	nop			; (mov r8, r8)
10004b90:	2000155c 	.word	0x2000155c

10004b94 <tud_rhport_init>:
10004b94:	b5f0      	push	{r4, r5, r6, r7, lr}
10004b96:	4646      	mov	r6, r8
10004b98:	464f      	mov	r7, r9
10004b9a:	46d6      	mov	lr, sl
10004b9c:	b5c0      	push	{r6, r7, lr}
10004b9e:	4b2f      	ldr	r3, [pc, #188]	; (10004c5c <tud_rhport_init+0xc8>)
10004ba0:	4681      	mov	r9, r0
10004ba2:	4698      	mov	r8, r3
10004ba4:	781b      	ldrb	r3, [r3, #0]
10004ba6:	000e      	movs	r6, r1
10004ba8:	2401      	movs	r4, #1
10004baa:	2bff      	cmp	r3, #255	; 0xff
10004bac:	d143      	bne.n	10004c36 <tud_rhport_init+0xa2>
10004bae:	2900      	cmp	r1, #0
10004bb0:	d040      	beq.n	10004c34 <tud_rhport_init+0xa0>
10004bb2:	2100      	movs	r1, #0
10004bb4:	2254      	movs	r2, #84	; 0x54
10004bb6:	482a      	ldr	r0, [pc, #168]	; (10004c60 <tud_rhport_init+0xcc>)
10004bb8:	f7fd fc58 	bl	1000246c <__wrap_memset>
10004bbc:	2200      	movs	r2, #0
10004bbe:	4c29      	ldr	r4, [pc, #164]	; (10004c64 <tud_rhport_init+0xd0>)
10004bc0:	4b29      	ldr	r3, [pc, #164]	; (10004c68 <tud_rhport_init+0xd4>)
10004bc2:	0020      	movs	r0, r4
10004bc4:	701a      	strb	r2, [r3, #0]
10004bc6:	f7fc f817 	bl	10000bf8 <mutex_init>
10004bca:	4b28      	ldr	r3, [pc, #160]	; (10004c6c <tud_rhport_init+0xd8>)
10004bcc:	601c      	str	r4, [r3, #0]
10004bce:	4c28      	ldr	r4, [pc, #160]	; (10004c70 <tud_rhport_init+0xdc>)
10004bd0:	0020      	movs	r0, r4
10004bd2:	3014      	adds	r0, #20
10004bd4:	f7fc f81e 	bl	10000c14 <critical_section_init>
10004bd8:	0020      	movs	r0, r4
10004bda:	f001 fdf7 	bl	100067cc <tu_fifo_clear>
10004bde:	4b25      	ldr	r3, [pc, #148]	; (10004c74 <tud_rhport_init+0xe0>)
10004be0:	4d25      	ldr	r5, [pc, #148]	; (10004c78 <tud_rhport_init+0xe4>)
10004be2:	601c      	str	r4, [r3, #0]
10004be4:	4b25      	ldr	r3, [pc, #148]	; (10004c7c <tud_rhport_init+0xe8>)
10004be6:	2b00      	cmp	r3, #0
10004be8:	d004      	beq.n	10004bf4 <tud_rhport_init+0x60>
10004bea:	0028      	movs	r0, r5
10004bec:	f7ff fabc 	bl	10004168 <usbd_app_driver_get_cb>
10004bf0:	4b23      	ldr	r3, [pc, #140]	; (10004c80 <tud_rhport_init+0xec>)
10004bf2:	6018      	str	r0, [r3, #0]
10004bf4:	4923      	ldr	r1, [pc, #140]	; (10004c84 <tud_rhport_init+0xf0>)
10004bf6:	2400      	movs	r4, #0
10004bf8:	2300      	movs	r3, #0
10004bfa:	468a      	mov	sl, r1
10004bfc:	782a      	ldrb	r2, [r5, #0]
10004bfe:	4f20      	ldr	r7, [pc, #128]	; (10004c80 <tud_rhport_init+0xec>)
10004c00:	e010      	b.n	10004c24 <tud_rhport_init+0x90>
10004c02:	683a      	ldr	r2, [r7, #0]
10004c04:	0163      	lsls	r3, r4, #5
10004c06:	4694      	mov	ip, r2
10004c08:	4463      	add	r3, ip
10004c0a:	2b00      	cmp	r3, #0
10004c0c:	d012      	beq.n	10004c34 <tud_rhport_init+0xa0>
10004c0e:	685b      	ldr	r3, [r3, #4]
10004c10:	2b00      	cmp	r3, #0
10004c12:	d00f      	beq.n	10004c34 <tud_rhport_init+0xa0>
10004c14:	4798      	blx	r3
10004c16:	782a      	ldrb	r2, [r5, #0]
10004c18:	3401      	adds	r4, #1
10004c1a:	b2e4      	uxtb	r4, r4
10004c1c:	1c51      	adds	r1, r2, #1
10004c1e:	0023      	movs	r3, r4
10004c20:	42a1      	cmp	r1, r4
10004c22:	db0e      	blt.n	10004c42 <tud_rhport_init+0xae>
10004c24:	42a2      	cmp	r2, r4
10004c26:	d8ec      	bhi.n	10004c02 <tud_rhport_init+0x6e>
10004c28:	1a9b      	subs	r3, r3, r2
10004c2a:	015b      	lsls	r3, r3, #5
10004c2c:	4453      	add	r3, sl
10004c2e:	685b      	ldr	r3, [r3, #4]
10004c30:	2b00      	cmp	r3, #0
10004c32:	d1ef      	bne.n	10004c14 <tud_rhport_init+0x80>
10004c34:	2400      	movs	r4, #0
10004c36:	0020      	movs	r0, r4
10004c38:	bce0      	pop	{r5, r6, r7}
10004c3a:	46ba      	mov	sl, r7
10004c3c:	46b1      	mov	r9, r6
10004c3e:	46a8      	mov	r8, r5
10004c40:	bdf0      	pop	{r4, r5, r6, r7, pc}
10004c42:	4643      	mov	r3, r8
10004c44:	464a      	mov	r2, r9
10004c46:	0031      	movs	r1, r6
10004c48:	4648      	mov	r0, r9
10004c4a:	701a      	strb	r2, [r3, #0]
10004c4c:	f7ff fdf2 	bl	10004834 <dcd_init>
10004c50:	1e04      	subs	r4, r0, #0
10004c52:	d0ef      	beq.n	10004c34 <tud_rhport_init+0xa0>
10004c54:	4648      	mov	r0, r9
10004c56:	f7ff fe35 	bl	100048c4 <dcd_int_enable>
10004c5a:	e7ec      	b.n	10004c36 <tud_rhport_init+0xa2>
10004c5c:	200010fc 	.word	0x200010fc
10004c60:	2000155c 	.word	0x2000155c
10004c64:	20001554 	.word	0x20001554
10004c68:	2000200f 	.word	0x2000200f
10004c6c:	200015b0 	.word	0x200015b0
10004c70:	200010e0 	.word	0x200010e0
10004c74:	200015b4 	.word	0x200015b4
10004c78:	2000200d 	.word	0x2000200d
10004c7c:	10004169 	.word	0x10004169
10004c80:	200013ac 	.word	0x200013ac
10004c84:	10007080 	.word	0x10007080

10004c88 <tud_task_ext>:
10004c88:	b5f0      	push	{r4, r5, r6, r7, lr}
10004c8a:	46de      	mov	lr, fp
10004c8c:	4657      	mov	r7, sl
10004c8e:	464e      	mov	r6, r9
10004c90:	4645      	mov	r5, r8
10004c92:	b5e0      	push	{r5, r6, r7, lr}
10004c94:	4bc4      	ldr	r3, [pc, #784]	; (10004fa8 <tud_task_ext+0x320>)
10004c96:	b08b      	sub	sp, #44	; 0x2c
10004c98:	781b      	ldrb	r3, [r3, #0]
10004c9a:	2bff      	cmp	r3, #255	; 0xff
10004c9c:	d100      	bne.n	10004ca0 <tud_task_ext+0x18>
10004c9e:	e12e      	b.n	10004efe <tud_task_ext+0x276>
10004ca0:	4bc2      	ldr	r3, [pc, #776]	; (10004fac <tud_task_ext+0x324>)
10004ca2:	4dc3      	ldr	r5, [pc, #780]	; (10004fb0 <tud_task_ext+0x328>)
10004ca4:	469a      	mov	sl, r3
10004ca6:	ac07      	add	r4, sp, #28
10004ca8:	682e      	ldr	r6, [r5, #0]
10004caa:	6972      	ldr	r2, [r6, #20]
10004cac:	f3ef 8110 	mrs	r1, PRIMASK
10004cb0:	b672      	cpsid	i
10004cb2:	6813      	ldr	r3, [r2, #0]
10004cb4:	2b00      	cmp	r3, #0
10004cb6:	d0fc      	beq.n	10004cb2 <tud_task_ext+0x2a>
10004cb8:	f3bf 8f5f 	dmb	sy
10004cbc:	61b1      	str	r1, [r6, #24]
10004cbe:	0030      	movs	r0, r6
10004cc0:	0021      	movs	r1, r4
10004cc2:	f001 fbc5 	bl	10006450 <tu_fifo_read>
10004cc6:	6972      	ldr	r2, [r6, #20]
10004cc8:	69b3      	ldr	r3, [r6, #24]
10004cca:	f3bf 8f5f 	dmb	sy
10004cce:	2100      	movs	r1, #0
10004cd0:	6011      	str	r1, [r2, #0]
10004cd2:	f383 8810 	msr	PRIMASK, r3
10004cd6:	2800      	cmp	r0, #0
10004cd8:	d100      	bne.n	10004cdc <tud_task_ext+0x54>
10004cda:	e110      	b.n	10004efe <tud_task_ext+0x276>
10004cdc:	7863      	ldrb	r3, [r4, #1]
10004cde:	2b08      	cmp	r3, #8
10004ce0:	d8e2      	bhi.n	10004ca8 <tud_task_ext+0x20>
10004ce2:	4652      	mov	r2, sl
10004ce4:	009b      	lsls	r3, r3, #2
10004ce6:	58d3      	ldr	r3, [r2, r3]
10004ce8:	469f      	mov	pc, r3
10004cea:	6863      	ldr	r3, [r4, #4]
10004cec:	2b00      	cmp	r3, #0
10004cee:	d0db      	beq.n	10004ca8 <tud_task_ext+0x20>
10004cf0:	68a0      	ldr	r0, [r4, #8]
10004cf2:	4798      	blx	r3
10004cf4:	e7d8      	b.n	10004ca8 <tud_task_ext+0x20>
10004cf6:	237f      	movs	r3, #127	; 0x7f
10004cf8:	7921      	ldrb	r1, [r4, #4]
10004cfa:	4eae      	ldr	r6, [pc, #696]	; (10004fb4 <tud_task_ext+0x32c>)
10004cfc:	400b      	ands	r3, r1
10004cfe:	0058      	lsls	r0, r3, #1
10004d00:	09ca      	lsrs	r2, r1, #7
10004d02:	1836      	adds	r6, r6, r0
10004d04:	18b6      	adds	r6, r6, r2
10004d06:	0032      	movs	r2, r6
10004d08:	2701      	movs	r7, #1
10004d0a:	3230      	adds	r2, #48	; 0x30
10004d0c:	7910      	ldrb	r0, [r2, #4]
10004d0e:	43b8      	bics	r0, r7
10004d10:	7110      	strb	r0, [r2, #4]
10004d12:	7910      	ldrb	r0, [r2, #4]
10004d14:	3703      	adds	r7, #3
10004d16:	43b8      	bics	r0, r7
10004d18:	7110      	strb	r0, [r2, #4]
10004d1a:	2b00      	cmp	r3, #0
10004d1c:	d100      	bne.n	10004d20 <tud_task_ext+0x98>
10004d1e:	e0f7      	b.n	10004f10 <tud_task_ext+0x288>
10004d20:	4aa5      	ldr	r2, [pc, #660]	; (10004fb8 <tud_task_ext+0x330>)
10004d22:	7d33      	ldrb	r3, [r6, #20]
10004d24:	7812      	ldrb	r2, [r2, #0]
10004d26:	4293      	cmp	r3, r2
10004d28:	d300      	bcc.n	10004d2c <tud_task_ext+0xa4>
10004d2a:	e0e5      	b.n	10004ef8 <tud_task_ext+0x270>
10004d2c:	4aa3      	ldr	r2, [pc, #652]	; (10004fbc <tud_task_ext+0x334>)
10004d2e:	015b      	lsls	r3, r3, #5
10004d30:	6812      	ldr	r2, [r2, #0]
10004d32:	18d3      	adds	r3, r2, r3
10004d34:	2b00      	cmp	r3, #0
10004d36:	d100      	bne.n	10004d3a <tud_task_ext+0xb2>
10004d38:	e0e1      	b.n	10004efe <tud_task_ext+0x276>
10004d3a:	699e      	ldr	r6, [r3, #24]
10004d3c:	7962      	ldrb	r2, [r4, #5]
10004d3e:	7820      	ldrb	r0, [r4, #0]
10004d40:	68a3      	ldr	r3, [r4, #8]
10004d42:	47b0      	blx	r6
10004d44:	e7b0      	b.n	10004ca8 <tud_task_ext+0x20>
10004d46:	4a9e      	ldr	r2, [pc, #632]	; (10004fc0 <tud_task_ext+0x338>)
10004d48:	7813      	ldrb	r3, [r2, #0]
10004d4a:	2b00      	cmp	r3, #0
10004d4c:	d100      	bne.n	10004d50 <tud_task_ext+0xc8>
10004d4e:	e0d6      	b.n	10004efe <tud_task_ext+0x276>
10004d50:	7813      	ldrb	r3, [r2, #0]
10004d52:	3b01      	subs	r3, #1
10004d54:	b2db      	uxtb	r3, r3
10004d56:	7013      	strb	r3, [r2, #0]
10004d58:	7813      	ldrb	r3, [r2, #0]
10004d5a:	2b00      	cmp	r3, #0
10004d5c:	d1a4      	bne.n	10004ca8 <tud_task_ext+0x20>
10004d5e:	2201      	movs	r2, #1
10004d60:	4b94      	ldr	r3, [pc, #592]	; (10004fb4 <tud_task_ext+0x32c>)
10004d62:	2101      	movs	r1, #1
10004d64:	781b      	ldrb	r3, [r3, #0]
10004d66:	4893      	ldr	r0, [pc, #588]	; (10004fb4 <tud_task_ext+0x32c>)
10004d68:	4313      	orrs	r3, r2
10004d6a:	4a92      	ldr	r2, [pc, #584]	; (10004fb4 <tud_task_ext+0x32c>)
10004d6c:	4e91      	ldr	r6, [pc, #580]	; (10004fb4 <tud_task_ext+0x32c>)
10004d6e:	7013      	strb	r3, [r2, #0]
10004d70:	2334      	movs	r3, #52	; 0x34
10004d72:	5cd2      	ldrb	r2, [r2, r3]
10004d74:	438a      	bics	r2, r1
10004d76:	54c2      	strb	r2, [r0, r3]
10004d78:	5cc2      	ldrb	r2, [r0, r3]
10004d7a:	2004      	movs	r0, #4
10004d7c:	4382      	bics	r2, r0
10004d7e:	54f2      	strb	r2, [r6, r3]
10004d80:	3301      	adds	r3, #1
10004d82:	5cf2      	ldrb	r2, [r6, r3]
10004d84:	438a      	bics	r2, r1
10004d86:	54f2      	strb	r2, [r6, r3]
10004d88:	5cf2      	ldrb	r2, [r6, r3]
10004d8a:	4382      	bics	r2, r0
10004d8c:	54f2      	strb	r2, [r6, r3]
10004d8e:	7823      	ldrb	r3, [r4, #0]
10004d90:	2000      	movs	r0, #0
10004d92:	469b      	mov	fp, r3
10004d94:	f000 fcae 	bl	100056f4 <usbd_control_set_complete_callback>
10004d98:	2260      	movs	r2, #96	; 0x60
10004d9a:	7923      	ldrb	r3, [r4, #4]
10004d9c:	401a      	ands	r2, r3
10004d9e:	2a60      	cmp	r2, #96	; 0x60
10004da0:	d00d      	beq.n	10004dbe <tud_task_ext+0x136>
10004da2:	2a40      	cmp	r2, #64	; 0x40
10004da4:	d100      	bne.n	10004da8 <tud_task_ext+0x120>
10004da6:	e0be      	b.n	10004f26 <tud_task_ext+0x29e>
10004da8:	06db      	lsls	r3, r3, #27
10004daa:	0edb      	lsrs	r3, r3, #27
10004dac:	2b01      	cmp	r3, #1
10004dae:	d100      	bne.n	10004db2 <tud_task_ext+0x12a>
10004db0:	e10e      	b.n	10004fd0 <tud_task_ext+0x348>
10004db2:	2b02      	cmp	r3, #2
10004db4:	d100      	bne.n	10004db8 <tud_task_ext+0x130>
10004db6:	e0d0      	b.n	10004f5a <tud_task_ext+0x2d2>
10004db8:	2b00      	cmp	r3, #0
10004dba:	d100      	bne.n	10004dbe <tud_task_ext+0x136>
10004dbc:	e0bf      	b.n	10004f3e <tud_task_ext+0x2b6>
10004dbe:	7820      	ldrb	r0, [r4, #0]
10004dc0:	2100      	movs	r1, #0
10004dc2:	f7ff fe4b 	bl	10004a5c <dcd_edpt_stall>
10004dc6:	2180      	movs	r1, #128	; 0x80
10004dc8:	7820      	ldrb	r0, [r4, #0]
10004dca:	f7ff fe47 	bl	10004a5c <dcd_edpt_stall>
10004dce:	e76b      	b.n	10004ca8 <tud_task_ext+0x20>
10004dd0:	4e78      	ldr	r6, [pc, #480]	; (10004fb4 <tud_task_ext+0x32c>)
10004dd2:	7833      	ldrb	r3, [r6, #0]
10004dd4:	07db      	lsls	r3, r3, #31
10004dd6:	d400      	bmi.n	10004dda <tud_task_ext+0x152>
10004dd8:	e766      	b.n	10004ca8 <tud_task_ext+0x20>
10004dda:	f7ff fec9 	bl	10004b70 <tud_resume_cb>
10004dde:	e763      	b.n	10004ca8 <tud_task_ext+0x20>
10004de0:	4b74      	ldr	r3, [pc, #464]	; (10004fb4 <tud_task_ext+0x32c>)
10004de2:	78db      	ldrb	r3, [r3, #3]
10004de4:	07db      	lsls	r3, r3, #31
10004de6:	d400      	bmi.n	10004dea <tud_task_ext+0x162>
10004de8:	e75e      	b.n	10004ca8 <tud_task_ext+0x20>
10004dea:	6860      	ldr	r0, [r4, #4]
10004dec:	f7ff feb4 	bl	10004b58 <tud_sof_cb>
10004df0:	e75a      	b.n	10004ca8 <tud_task_ext+0x20>
10004df2:	4e70      	ldr	r6, [pc, #448]	; (10004fb4 <tud_task_ext+0x32c>)
10004df4:	7833      	ldrb	r3, [r6, #0]
10004df6:	07db      	lsls	r3, r3, #31
10004df8:	d400      	bmi.n	10004dfc <tud_task_ext+0x174>
10004dfa:	e755      	b.n	10004ca8 <tud_task_ext+0x20>
10004dfc:	7830      	ldrb	r0, [r6, #0]
10004dfe:	0700      	lsls	r0, r0, #28
10004e00:	0fc0      	lsrs	r0, r0, #31
10004e02:	f7ff feb3 	bl	10004b6c <tud_suspend_cb>
10004e06:	e74f      	b.n	10004ca8 <tud_task_ext+0x20>
10004e08:	496e      	ldr	r1, [pc, #440]	; (10004fc4 <tud_task_ext+0x33c>)
10004e0a:	4e6b      	ldr	r6, [pc, #428]	; (10004fb8 <tud_task_ext+0x330>)
10004e0c:	7823      	ldrb	r3, [r4, #0]
10004e0e:	468b      	mov	fp, r1
10004e10:	496a      	ldr	r1, [pc, #424]	; (10004fbc <tud_task_ext+0x334>)
10004e12:	4698      	mov	r8, r3
10004e14:	4689      	mov	r9, r1
10004e16:	0031      	movs	r1, r6
10004e18:	7832      	ldrb	r2, [r6, #0]
10004e1a:	2300      	movs	r3, #0
10004e1c:	4646      	mov	r6, r8
10004e1e:	2700      	movs	r7, #0
10004e20:	4688      	mov	r8, r1
10004e22:	e011      	b.n	10004e48 <tud_task_ext+0x1c0>
10004e24:	464a      	mov	r2, r9
10004e26:	6812      	ldr	r2, [r2, #0]
10004e28:	017b      	lsls	r3, r7, #5
10004e2a:	4694      	mov	ip, r2
10004e2c:	4463      	add	r3, ip
10004e2e:	2b00      	cmp	r3, #0
10004e30:	d06c      	beq.n	10004f0c <tud_task_ext+0x284>
10004e32:	68db      	ldr	r3, [r3, #12]
10004e34:	0030      	movs	r0, r6
10004e36:	4798      	blx	r3
10004e38:	4643      	mov	r3, r8
10004e3a:	781a      	ldrb	r2, [r3, #0]
10004e3c:	3701      	adds	r7, #1
10004e3e:	b2ff      	uxtb	r7, r7
10004e40:	1c51      	adds	r1, r2, #1
10004e42:	003b      	movs	r3, r7
10004e44:	428f      	cmp	r7, r1
10004e46:	dc41      	bgt.n	10004ecc <tud_task_ext+0x244>
10004e48:	4297      	cmp	r7, r2
10004e4a:	d3eb      	bcc.n	10004e24 <tud_task_ext+0x19c>
10004e4c:	1a9b      	subs	r3, r3, r2
10004e4e:	015b      	lsls	r3, r3, #5
10004e50:	445b      	add	r3, fp
10004e52:	e7ee      	b.n	10004e32 <tud_task_ext+0x1aa>
10004e54:	495b      	ldr	r1, [pc, #364]	; (10004fc4 <tud_task_ext+0x33c>)
10004e56:	4e58      	ldr	r6, [pc, #352]	; (10004fb8 <tud_task_ext+0x330>)
10004e58:	7823      	ldrb	r3, [r4, #0]
10004e5a:	468b      	mov	fp, r1
10004e5c:	4957      	ldr	r1, [pc, #348]	; (10004fbc <tud_task_ext+0x334>)
10004e5e:	4698      	mov	r8, r3
10004e60:	4689      	mov	r9, r1
10004e62:	0031      	movs	r1, r6
10004e64:	7832      	ldrb	r2, [r6, #0]
10004e66:	2300      	movs	r3, #0
10004e68:	4646      	mov	r6, r8
10004e6a:	2700      	movs	r7, #0
10004e6c:	4688      	mov	r8, r1
10004e6e:	e011      	b.n	10004e94 <tud_task_ext+0x20c>
10004e70:	464a      	mov	r2, r9
10004e72:	6812      	ldr	r2, [r2, #0]
10004e74:	017b      	lsls	r3, r7, #5
10004e76:	4694      	mov	ip, r2
10004e78:	4463      	add	r3, ip
10004e7a:	2b00      	cmp	r3, #0
10004e7c:	d021      	beq.n	10004ec2 <tud_task_ext+0x23a>
10004e7e:	68db      	ldr	r3, [r3, #12]
10004e80:	0030      	movs	r0, r6
10004e82:	4798      	blx	r3
10004e84:	4643      	mov	r3, r8
10004e86:	781a      	ldrb	r2, [r3, #0]
10004e88:	3701      	adds	r7, #1
10004e8a:	b2ff      	uxtb	r7, r7
10004e8c:	1c51      	adds	r1, r2, #1
10004e8e:	003b      	movs	r3, r7
10004e90:	428f      	cmp	r7, r1
10004e92:	dc05      	bgt.n	10004ea0 <tud_task_ext+0x218>
10004e94:	42ba      	cmp	r2, r7
10004e96:	d8eb      	bhi.n	10004e70 <tud_task_ext+0x1e8>
10004e98:	1a9b      	subs	r3, r3, r2
10004e9a:	015b      	lsls	r3, r3, #5
10004e9c:	445b      	add	r3, fp
10004e9e:	e7ee      	b.n	10004e7e <tud_task_ext+0x1f6>
10004ea0:	4e44      	ldr	r6, [pc, #272]	; (10004fb4 <tud_task_ext+0x32c>)
10004ea2:	2254      	movs	r2, #84	; 0x54
10004ea4:	2100      	movs	r1, #0
10004ea6:	0030      	movs	r0, r6
10004ea8:	f7fd fae0 	bl	1000246c <__wrap_memset>
10004eac:	2210      	movs	r2, #16
10004eae:	21ff      	movs	r1, #255	; 0xff
10004eb0:	1d30      	adds	r0, r6, #4
10004eb2:	f7fd fadb 	bl	1000246c <__wrap_memset>
10004eb6:	0030      	movs	r0, r6
10004eb8:	2220      	movs	r2, #32
10004eba:	21ff      	movs	r1, #255	; 0xff
10004ebc:	3014      	adds	r0, #20
10004ebe:	f7fd fad5 	bl	1000246c <__wrap_memset>
10004ec2:	f000 fc0d 	bl	100056e0 <usbd_control_reset>
10004ec6:	f7ff fe4f 	bl	10004b68 <tud_umount_cb>
10004eca:	e6ed      	b.n	10004ca8 <tud_task_ext+0x20>
10004ecc:	4e39      	ldr	r6, [pc, #228]	; (10004fb4 <tud_task_ext+0x32c>)
10004ece:	2254      	movs	r2, #84	; 0x54
10004ed0:	2100      	movs	r1, #0
10004ed2:	0030      	movs	r0, r6
10004ed4:	f7fd faca 	bl	1000246c <__wrap_memset>
10004ed8:	2210      	movs	r2, #16
10004eda:	21ff      	movs	r1, #255	; 0xff
10004edc:	1d30      	adds	r0, r6, #4
10004ede:	f7fd fac5 	bl	1000246c <__wrap_memset>
10004ee2:	0030      	movs	r0, r6
10004ee4:	2220      	movs	r2, #32
10004ee6:	21ff      	movs	r1, #255	; 0xff
10004ee8:	3014      	adds	r0, #20
10004eea:	f7fd fabf 	bl	1000246c <__wrap_memset>
10004eee:	f000 fbf7 	bl	100056e0 <usbd_control_reset>
10004ef2:	7923      	ldrb	r3, [r4, #4]
10004ef4:	70b3      	strb	r3, [r6, #2]
10004ef6:	e6d7      	b.n	10004ca8 <tud_task_ext+0x20>
10004ef8:	1c50      	adds	r0, r2, #1
10004efa:	4298      	cmp	r0, r3
10004efc:	da0e      	bge.n	10004f1c <tud_task_ext+0x294>
10004efe:	b00b      	add	sp, #44	; 0x2c
10004f00:	bcf0      	pop	{r4, r5, r6, r7}
10004f02:	46bb      	mov	fp, r7
10004f04:	46b2      	mov	sl, r6
10004f06:	46a9      	mov	r9, r5
10004f08:	46a0      	mov	r8, r4
10004f0a:	bdf0      	pop	{r4, r5, r6, r7, pc}
10004f0c:	4e29      	ldr	r6, [pc, #164]	; (10004fb4 <tud_task_ext+0x32c>)
10004f0e:	e7ee      	b.n	10004eee <tud_task_ext+0x266>
10004f10:	7962      	ldrb	r2, [r4, #5]
10004f12:	7820      	ldrb	r0, [r4, #0]
10004f14:	68a3      	ldr	r3, [r4, #8]
10004f16:	f000 fc01 	bl	1000571c <usbd_control_xfer_cb>
10004f1a:	e6c5      	b.n	10004ca8 <tud_task_ext+0x20>
10004f1c:	1a9b      	subs	r3, r3, r2
10004f1e:	4a29      	ldr	r2, [pc, #164]	; (10004fc4 <tud_task_ext+0x33c>)
10004f20:	015b      	lsls	r3, r3, #5
10004f22:	18d3      	adds	r3, r2, r3
10004f24:	e709      	b.n	10004d3a <tud_task_ext+0xb2>
10004f26:	4828      	ldr	r0, [pc, #160]	; (10004fc8 <tud_task_ext+0x340>)
10004f28:	f000 fbe4 	bl	100056f4 <usbd_control_set_complete_callback>
10004f2c:	2101      	movs	r1, #1
10004f2e:	4658      	mov	r0, fp
10004f30:	aa08      	add	r2, sp, #32
10004f32:	f7ff f8ff 	bl	10004134 <tud_vendor_control_xfer_cb>
10004f36:	2800      	cmp	r0, #0
10004f38:	d000      	beq.n	10004f3c <tud_task_ext+0x2b4>
10004f3a:	e6b5      	b.n	10004ca8 <tud_task_ext+0x20>
10004f3c:	e73f      	b.n	10004dbe <tud_task_ext+0x136>
10004f3e:	2a20      	cmp	r2, #32
10004f40:	d100      	bne.n	10004f44 <tud_task_ext+0x2bc>
10004f42:	e14e      	b.n	100051e2 <tud_task_ext+0x55a>
10004f44:	2a00      	cmp	r2, #0
10004f46:	d000      	beq.n	10004f4a <tud_task_ext+0x2c2>
10004f48:	e739      	b.n	10004dbe <tud_task_ext+0x136>
10004f4a:	7963      	ldrb	r3, [r4, #5]
10004f4c:	2b09      	cmp	r3, #9
10004f4e:	d900      	bls.n	10004f52 <tud_task_ext+0x2ca>
10004f50:	e735      	b.n	10004dbe <tud_task_ext+0x136>
10004f52:	4a1e      	ldr	r2, [pc, #120]	; (10004fcc <tud_task_ext+0x344>)
10004f54:	009b      	lsls	r3, r3, #2
10004f56:	58d3      	ldr	r3, [r2, r3]
10004f58:	469f      	mov	pc, r3
10004f5a:	2370      	movs	r3, #112	; 0x70
10004f5c:	7a21      	ldrb	r1, [r4, #8]
10004f5e:	420b      	tst	r3, r1
10004f60:	d000      	beq.n	10004f64 <tud_task_ext+0x2dc>
10004f62:	e72c      	b.n	10004dbe <tud_task_ext+0x136>
10004f64:	267f      	movs	r6, #127	; 0x7f
10004f66:	09cb      	lsrs	r3, r1, #7
10004f68:	4698      	mov	r8, r3
10004f6a:	400e      	ands	r6, r1
10004f6c:	4b11      	ldr	r3, [pc, #68]	; (10004fb4 <tud_task_ext+0x32c>)
10004f6e:	0076      	lsls	r6, r6, #1
10004f70:	199b      	adds	r3, r3, r6
10004f72:	4443      	add	r3, r8
10004f74:	7d1f      	ldrb	r7, [r3, #20]
10004f76:	4b10      	ldr	r3, [pc, #64]	; (10004fb8 <tud_task_ext+0x330>)
10004f78:	781b      	ldrb	r3, [r3, #0]
10004f7a:	429f      	cmp	r7, r3
10004f7c:	d35e      	bcc.n	1000503c <tud_task_ext+0x3b4>
10004f7e:	1c58      	adds	r0, r3, #1
10004f80:	42b8      	cmp	r0, r7
10004f82:	da00      	bge.n	10004f86 <tud_task_ext+0x2fe>
10004f84:	e149      	b.n	1000521a <tud_task_ext+0x592>
10004f86:	1aff      	subs	r7, r7, r3
10004f88:	4b0e      	ldr	r3, [pc, #56]	; (10004fc4 <tud_task_ext+0x33c>)
10004f8a:	017f      	lsls	r7, r7, #5
10004f8c:	19df      	adds	r7, r3, r7
10004f8e:	2a00      	cmp	r2, #0
10004f90:	d100      	bne.n	10004f94 <tud_task_ext+0x30c>
10004f92:	e146      	b.n	10005222 <tud_task_ext+0x59a>
10004f94:	6978      	ldr	r0, [r7, #20]
10004f96:	f000 fbad 	bl	100056f4 <usbd_control_set_complete_callback>
10004f9a:	2101      	movs	r1, #1
10004f9c:	4658      	mov	r0, fp
10004f9e:	697b      	ldr	r3, [r7, #20]
10004fa0:	aa08      	add	r2, sp, #32
10004fa2:	4798      	blx	r3
10004fa4:	e7c7      	b.n	10004f36 <tud_task_ext+0x2ae>
10004fa6:	46c0      	nop			; (mov r8, r8)
10004fa8:	200010fc 	.word	0x200010fc
10004fac:	10006fd8 	.word	0x10006fd8
10004fb0:	200015b4 	.word	0x200015b4
10004fb4:	2000155c 	.word	0x2000155c
10004fb8:	2000200d 	.word	0x2000200d
10004fbc:	200013ac 	.word	0x200013ac
10004fc0:	2000200f 	.word	0x2000200f
10004fc4:	10007080 	.word	0x10007080
10004fc8:	10004135 	.word	0x10004135
10004fcc:	10006ffc 	.word	0x10006ffc
10004fd0:	7a23      	ldrb	r3, [r4, #8]
10004fd2:	2b0f      	cmp	r3, #15
10004fd4:	d900      	bls.n	10004fd8 <tud_task_ext+0x350>
10004fd6:	e6f2      	b.n	10004dbe <tud_task_ext+0x136>
10004fd8:	4ad6      	ldr	r2, [pc, #856]	; (10005334 <tud_task_ext+0x6ac>)
10004fda:	4694      	mov	ip, r2
10004fdc:	4ad6      	ldr	r2, [pc, #856]	; (10005338 <tud_task_ext+0x6b0>)
10004fde:	4463      	add	r3, ip
10004fe0:	791b      	ldrb	r3, [r3, #4]
10004fe2:	7812      	ldrb	r2, [r2, #0]
10004fe4:	4293      	cmp	r3, r2
10004fe6:	d334      	bcc.n	10005052 <tud_task_ext+0x3ca>
10004fe8:	1c51      	adds	r1, r2, #1
10004fea:	4299      	cmp	r1, r3
10004fec:	da00      	bge.n	10004ff0 <tud_task_ext+0x368>
10004fee:	e6e6      	b.n	10004dbe <tud_task_ext+0x136>
10004ff0:	4ed2      	ldr	r6, [pc, #840]	; (1000533c <tud_task_ext+0x6b4>)
10004ff2:	1a9b      	subs	r3, r3, r2
10004ff4:	015b      	lsls	r3, r3, #5
10004ff6:	18f6      	adds	r6, r6, r3
10004ff8:	6970      	ldr	r0, [r6, #20]
10004ffa:	f000 fb7b 	bl	100056f4 <usbd_control_set_complete_callback>
10004ffe:	2101      	movs	r1, #1
10005000:	4658      	mov	r0, fp
10005002:	6973      	ldr	r3, [r6, #20]
10005004:	aa08      	add	r2, sp, #32
10005006:	4798      	blx	r3
10005008:	2800      	cmp	r0, #0
1000500a:	d000      	beq.n	1000500e <tud_task_ext+0x386>
1000500c:	e64c      	b.n	10004ca8 <tud_task_ext+0x20>
1000500e:	2260      	movs	r2, #96	; 0x60
10005010:	0016      	movs	r6, r2
10005012:	7923      	ldrb	r3, [r4, #4]
10005014:	401e      	ands	r6, r3
10005016:	421a      	tst	r2, r3
10005018:	d000      	beq.n	1000501c <tud_task_ext+0x394>
1000501a:	e6d0      	b.n	10004dbe <tud_task_ext+0x136>
1000501c:	7963      	ldrb	r3, [r4, #5]
1000501e:	3b0a      	subs	r3, #10
10005020:	2b01      	cmp	r3, #1
10005022:	d900      	bls.n	10005026 <tud_task_ext+0x39e>
10005024:	e6cb      	b.n	10004dbe <tud_task_ext+0x136>
10005026:	f000 fb65 	bl	100056f4 <usbd_control_set_complete_callback>
1000502a:	7963      	ldrb	r3, [r4, #5]
1000502c:	2b0a      	cmp	r3, #10
1000502e:	d100      	bne.n	10005032 <tud_task_ext+0x3aa>
10005030:	e150      	b.n	100052d4 <tud_task_ext+0x64c>
10005032:	4658      	mov	r0, fp
10005034:	a908      	add	r1, sp, #32
10005036:	f000 fadd 	bl	100055f4 <tud_control_status>
1000503a:	e635      	b.n	10004ca8 <tud_task_ext+0x20>
1000503c:	4bc0      	ldr	r3, [pc, #768]	; (10005340 <tud_task_ext+0x6b8>)
1000503e:	017f      	lsls	r7, r7, #5
10005040:	681b      	ldr	r3, [r3, #0]
10005042:	19df      	adds	r7, r3, r7
10005044:	2a00      	cmp	r2, #0
10005046:	d100      	bne.n	1000504a <tud_task_ext+0x3c2>
10005048:	e0eb      	b.n	10005222 <tud_task_ext+0x59a>
1000504a:	2f00      	cmp	r7, #0
1000504c:	d100      	bne.n	10005050 <tud_task_ext+0x3c8>
1000504e:	e6b6      	b.n	10004dbe <tud_task_ext+0x136>
10005050:	e7a0      	b.n	10004f94 <tud_task_ext+0x30c>
10005052:	4abb      	ldr	r2, [pc, #748]	; (10005340 <tud_task_ext+0x6b8>)
10005054:	015b      	lsls	r3, r3, #5
10005056:	6816      	ldr	r6, [r2, #0]
10005058:	18f6      	adds	r6, r6, r3
1000505a:	2e00      	cmp	r6, #0
1000505c:	d100      	bne.n	10005060 <tud_task_ext+0x3d8>
1000505e:	e6ae      	b.n	10004dbe <tud_task_ext+0x136>
10005060:	e7ca      	b.n	10004ff8 <tud_task_ext+0x370>
10005062:	4bb4      	ldr	r3, [pc, #720]	; (10005334 <tud_task_ext+0x6ac>)
10005064:	79a7      	ldrb	r7, [r4, #6]
10005066:	785b      	ldrb	r3, [r3, #1]
10005068:	429f      	cmp	r7, r3
1000506a:	d0e2      	beq.n	10005032 <tud_task_ext+0x3aa>
1000506c:	4bb1      	ldr	r3, [pc, #708]	; (10005334 <tud_task_ext+0x6ac>)
1000506e:	785b      	ldrb	r3, [r3, #1]
10005070:	2b00      	cmp	r3, #0
10005072:	d000      	beq.n	10005076 <tud_task_ext+0x3ee>
10005074:	e16a      	b.n	1000534c <tud_task_ext+0x6c4>
10005076:	4baf      	ldr	r3, [pc, #700]	; (10005334 <tud_task_ext+0x6ac>)
10005078:	705f      	strb	r7, [r3, #1]
1000507a:	2f00      	cmp	r7, #0
1000507c:	d100      	bne.n	10005080 <tud_task_ext+0x3f8>
1000507e:	e155      	b.n	1000532c <tud_task_ext+0x6a4>
10005080:	1e78      	subs	r0, r7, #1
10005082:	b2c0      	uxtb	r0, r0
10005084:	f7ff fa9c 	bl	100045c0 <tud_descriptor_configuration_cb>
10005088:	2800      	cmp	r0, #0
1000508a:	d100      	bne.n	1000508e <tud_task_ext+0x406>
1000508c:	e14a      	b.n	10005324 <tud_task_ext+0x69c>
1000508e:	7843      	ldrb	r3, [r0, #1]
10005090:	9304      	str	r3, [sp, #16]
10005092:	2b02      	cmp	r3, #2
10005094:	d000      	beq.n	10005098 <tud_task_ext+0x410>
10005096:	e145      	b.n	10005324 <tud_task_ext+0x69c>
10005098:	2101      	movs	r1, #1
1000509a:	79c2      	ldrb	r2, [r0, #7]
1000509c:	1193      	asrs	r3, r2, #6
1000509e:	1152      	asrs	r2, r2, #5
100050a0:	400b      	ands	r3, r1
100050a2:	400a      	ands	r2, r1
100050a4:	0112      	lsls	r2, r2, #4
100050a6:	015b      	lsls	r3, r3, #5
100050a8:	4313      	orrs	r3, r2
100050aa:	4aa2      	ldr	r2, [pc, #648]	; (10005334 <tud_task_ext+0x6ac>)
100050ac:	312f      	adds	r1, #47	; 0x2f
100050ae:	7812      	ldrb	r2, [r2, #0]
100050b0:	438a      	bics	r2, r1
100050b2:	4313      	orrs	r3, r2
100050b4:	4a9f      	ldr	r2, [pc, #636]	; (10005334 <tud_task_ext+0x6ac>)
100050b6:	7013      	strb	r3, [r2, #0]
100050b8:	2309      	movs	r3, #9
100050ba:	4699      	mov	r9, r3
100050bc:	78c3      	ldrb	r3, [r0, #3]
100050be:	7882      	ldrb	r2, [r0, #2]
100050c0:	021b      	lsls	r3, r3, #8
100050c2:	4313      	orrs	r3, r2
100050c4:	18c3      	adds	r3, r0, r3
100050c6:	9302      	str	r3, [sp, #8]
100050c8:	4b9d      	ldr	r3, [pc, #628]	; (10005340 <tud_task_ext+0x6b8>)
100050ca:	4481      	add	r9, r0
100050cc:	4698      	mov	r8, r3
100050ce:	464f      	mov	r7, r9
100050d0:	9b02      	ldr	r3, [sp, #8]
100050d2:	42bb      	cmp	r3, r7
100050d4:	d800      	bhi.n	100050d8 <tud_task_ext+0x450>
100050d6:	e106      	b.n	100052e6 <tud_task_ext+0x65e>
100050d8:	2201      	movs	r2, #1
100050da:	787b      	ldrb	r3, [r7, #1]
100050dc:	9200      	str	r2, [sp, #0]
100050de:	2b0b      	cmp	r3, #11
100050e0:	d104      	bne.n	100050ec <tud_task_ext+0x464>
100050e2:	78fb      	ldrb	r3, [r7, #3]
100050e4:	9300      	str	r3, [sp, #0]
100050e6:	783b      	ldrb	r3, [r7, #0]
100050e8:	18ff      	adds	r7, r7, r3
100050ea:	787b      	ldrb	r3, [r7, #1]
100050ec:	2b04      	cmp	r3, #4
100050ee:	d000      	beq.n	100050f2 <tud_task_ext+0x46a>
100050f0:	e118      	b.n	10005324 <tud_task_ext+0x69c>
100050f2:	9b02      	ldr	r3, [sp, #8]
100050f4:	46b9      	mov	r9, r7
100050f6:	1bdb      	subs	r3, r3, r7
100050f8:	b29b      	uxth	r3, r3
100050fa:	9303      	str	r3, [sp, #12]
100050fc:	4b8e      	ldr	r3, [pc, #568]	; (10005338 <tud_task_ext+0x6b0>)
100050fe:	781e      	ldrb	r6, [r3, #0]
10005100:	2300      	movs	r3, #0
10005102:	001f      	movs	r7, r3
10005104:	9301      	str	r3, [sp, #4]
10005106:	e01b      	b.n	10005140 <tud_task_ext+0x4b8>
10005108:	4642      	mov	r2, r8
1000510a:	6812      	ldr	r2, [r2, #0]
1000510c:	017b      	lsls	r3, r7, #5
1000510e:	18d6      	adds	r6, r2, r3
10005110:	2e00      	cmp	r6, #0
10005112:	d100      	bne.n	10005116 <tud_task_ext+0x48e>
10005114:	e106      	b.n	10005324 <tud_task_ext+0x69c>
10005116:	4649      	mov	r1, r9
10005118:	4658      	mov	r0, fp
1000511a:	9a03      	ldr	r2, [sp, #12]
1000511c:	6933      	ldr	r3, [r6, #16]
1000511e:	4798      	blx	r3
10005120:	9005      	str	r0, [sp, #20]
10005122:	2808      	cmp	r0, #8
10005124:	d903      	bls.n	1000512e <tud_task_ext+0x4a6>
10005126:	9a03      	ldr	r2, [sp, #12]
10005128:	4282      	cmp	r2, r0
1000512a:	d300      	bcc.n	1000512e <tud_task_ext+0x4a6>
1000512c:	e0de      	b.n	100052ec <tud_task_ext+0x664>
1000512e:	4b82      	ldr	r3, [pc, #520]	; (10005338 <tud_task_ext+0x6b0>)
10005130:	3701      	adds	r7, #1
10005132:	781e      	ldrb	r6, [r3, #0]
10005134:	b2ff      	uxtb	r7, r7
10005136:	1c73      	adds	r3, r6, #1
10005138:	9701      	str	r7, [sp, #4]
1000513a:	429f      	cmp	r7, r3
1000513c:	dd00      	ble.n	10005140 <tud_task_ext+0x4b8>
1000513e:	e0f1      	b.n	10005324 <tud_task_ext+0x69c>
10005140:	42be      	cmp	r6, r7
10005142:	d8e1      	bhi.n	10005108 <tud_task_ext+0x480>
10005144:	9b01      	ldr	r3, [sp, #4]
10005146:	1b9e      	subs	r6, r3, r6
10005148:	4b7c      	ldr	r3, [pc, #496]	; (1000533c <tud_task_ext+0x6b4>)
1000514a:	0176      	lsls	r6, r6, #5
1000514c:	469c      	mov	ip, r3
1000514e:	4466      	add	r6, ip
10005150:	e7e1      	b.n	10005116 <tud_task_ext+0x48e>
10005152:	4b78      	ldr	r3, [pc, #480]	; (10005334 <tud_task_ext+0x6ac>)
10005154:	aa06      	add	r2, sp, #24
10005156:	785b      	ldrb	r3, [r3, #1]
10005158:	3202      	adds	r2, #2
1000515a:	7013      	strb	r3, [r2, #0]
1000515c:	4658      	mov	r0, fp
1000515e:	2301      	movs	r3, #1
10005160:	a908      	add	r1, sp, #32
10005162:	f000 fa5f 	bl	10005624 <tud_control_xfer>
10005166:	e59f      	b.n	10004ca8 <tud_task_ext+0x20>
10005168:	88e0      	ldrh	r0, [r4, #6]
1000516a:	0a03      	lsrs	r3, r0, #8
1000516c:	b2c0      	uxtb	r0, r0
1000516e:	2b0f      	cmp	r3, #15
10005170:	d900      	bls.n	10005174 <tud_task_ext+0x4ec>
10005172:	e624      	b.n	10004dbe <tud_task_ext+0x136>
10005174:	4973      	ldr	r1, [pc, #460]	; (10005344 <tud_task_ext+0x6bc>)
10005176:	009a      	lsls	r2, r3, #2
10005178:	588a      	ldr	r2, [r1, r2]
1000517a:	4697      	mov	pc, r2
1000517c:	a808      	add	r0, sp, #32
1000517e:	f000 fabf 	bl	10005700 <usbd_control_set_request>
10005182:	4658      	mov	r0, fp
10005184:	79a1      	ldrb	r1, [r4, #6]
10005186:	f7ff fba3 	bl	100048d0 <dcd_set_address>
1000518a:	2202      	movs	r2, #2
1000518c:	4b69      	ldr	r3, [pc, #420]	; (10005334 <tud_task_ext+0x6ac>)
1000518e:	781b      	ldrb	r3, [r3, #0]
10005190:	4313      	orrs	r3, r2
10005192:	4a68      	ldr	r2, [pc, #416]	; (10005334 <tud_task_ext+0x6ac>)
10005194:	7013      	strb	r3, [r2, #0]
10005196:	e587      	b.n	10004ca8 <tud_task_ext+0x20>
10005198:	88e3      	ldrh	r3, [r4, #6]
1000519a:	2b01      	cmp	r3, #1
1000519c:	d000      	beq.n	100051a0 <tud_task_ext+0x518>
1000519e:	e60e      	b.n	10004dbe <tud_task_ext+0x136>
100051a0:	2208      	movs	r2, #8
100051a2:	4b64      	ldr	r3, [pc, #400]	; (10005334 <tud_task_ext+0x6ac>)
100051a4:	781b      	ldrb	r3, [r3, #0]
100051a6:	4393      	bics	r3, r2
100051a8:	4a62      	ldr	r2, [pc, #392]	; (10005334 <tud_task_ext+0x6ac>)
100051aa:	7013      	strb	r3, [r2, #0]
100051ac:	e741      	b.n	10005032 <tud_task_ext+0x3aa>
100051ae:	2002      	movs	r0, #2
100051b0:	4b60      	ldr	r3, [pc, #384]	; (10005334 <tud_task_ext+0x6ac>)
100051b2:	7819      	ldrb	r1, [r3, #0]
100051b4:	ab06      	add	r3, sp, #24
100051b6:	1c9a      	adds	r2, r3, #2
100051b8:	068b      	lsls	r3, r1, #26
100051ba:	0889      	lsrs	r1, r1, #2
100051bc:	0fdb      	lsrs	r3, r3, #31
100051be:	4001      	ands	r1, r0
100051c0:	430b      	orrs	r3, r1
100051c2:	8013      	strh	r3, [r2, #0]
100051c4:	4658      	mov	r0, fp
100051c6:	2302      	movs	r3, #2
100051c8:	a908      	add	r1, sp, #32
100051ca:	f000 fa2b 	bl	10005624 <tud_control_xfer>
100051ce:	e56b      	b.n	10004ca8 <tud_task_ext+0x20>
100051d0:	88e3      	ldrh	r3, [r4, #6]
100051d2:	2b01      	cmp	r3, #1
100051d4:	d000      	beq.n	100051d8 <tud_task_ext+0x550>
100051d6:	e5f2      	b.n	10004dbe <tud_task_ext+0x136>
100051d8:	2208      	movs	r2, #8
100051da:	4b56      	ldr	r3, [pc, #344]	; (10005334 <tud_task_ext+0x6ac>)
100051dc:	781b      	ldrb	r3, [r3, #0]
100051de:	4313      	orrs	r3, r2
100051e0:	e7e2      	b.n	100051a8 <tud_task_ext+0x520>
100051e2:	7a23      	ldrb	r3, [r4, #8]
100051e4:	2b0f      	cmp	r3, #15
100051e6:	d900      	bls.n	100051ea <tud_task_ext+0x562>
100051e8:	e5e9      	b.n	10004dbe <tud_task_ext+0x136>
100051ea:	4a52      	ldr	r2, [pc, #328]	; (10005334 <tud_task_ext+0x6ac>)
100051ec:	4694      	mov	ip, r2
100051ee:	4a52      	ldr	r2, [pc, #328]	; (10005338 <tud_task_ext+0x6b0>)
100051f0:	4463      	add	r3, ip
100051f2:	791b      	ldrb	r3, [r3, #4]
100051f4:	7812      	ldrb	r2, [r2, #0]
100051f6:	4293      	cmp	r3, r2
100051f8:	d227      	bcs.n	1000524a <tud_task_ext+0x5c2>
100051fa:	4a51      	ldr	r2, [pc, #324]	; (10005340 <tud_task_ext+0x6b8>)
100051fc:	015b      	lsls	r3, r3, #5
100051fe:	6816      	ldr	r6, [r2, #0]
10005200:	18f6      	adds	r6, r6, r3
10005202:	2e00      	cmp	r6, #0
10005204:	d100      	bne.n	10005208 <tud_task_ext+0x580>
10005206:	e5da      	b.n	10004dbe <tud_task_ext+0x136>
10005208:	6970      	ldr	r0, [r6, #20]
1000520a:	f000 fa73 	bl	100056f4 <usbd_control_set_complete_callback>
1000520e:	2101      	movs	r1, #1
10005210:	4658      	mov	r0, fp
10005212:	6973      	ldr	r3, [r6, #20]
10005214:	aa08      	add	r2, sp, #32
10005216:	4798      	blx	r3
10005218:	e68d      	b.n	10004f36 <tud_task_ext+0x2ae>
1000521a:	2700      	movs	r7, #0
1000521c:	2a00      	cmp	r2, #0
1000521e:	d000      	beq.n	10005222 <tud_task_ext+0x59a>
10005220:	e5cd      	b.n	10004dbe <tud_task_ext+0x136>
10005222:	2202      	movs	r2, #2
10005224:	7963      	ldrb	r3, [r4, #5]
10005226:	4699      	mov	r9, r3
10005228:	4393      	bics	r3, r2
1000522a:	2b01      	cmp	r3, #1
1000522c:	d016      	beq.n	1000525c <tud_task_ext+0x5d4>
1000522e:	464b      	mov	r3, r9
10005230:	2b00      	cmp	r3, #0
10005232:	d000      	beq.n	10005236 <tud_task_ext+0x5ae>
10005234:	e5c3      	b.n	10004dbe <tud_task_ext+0x136>
10005236:	4b3f      	ldr	r3, [pc, #252]	; (10005334 <tud_task_ext+0x6ac>)
10005238:	aa06      	add	r2, sp, #24
1000523a:	199b      	adds	r3, r3, r6
1000523c:	4443      	add	r3, r8
1000523e:	3330      	adds	r3, #48	; 0x30
10005240:	791b      	ldrb	r3, [r3, #4]
10005242:	3202      	adds	r2, #2
10005244:	079b      	lsls	r3, r3, #30
10005246:	0fdb      	lsrs	r3, r3, #31
10005248:	e7bb      	b.n	100051c2 <tud_task_ext+0x53a>
1000524a:	1c51      	adds	r1, r2, #1
1000524c:	4299      	cmp	r1, r3
1000524e:	da00      	bge.n	10005252 <tud_task_ext+0x5ca>
10005250:	e5b5      	b.n	10004dbe <tud_task_ext+0x136>
10005252:	4e3a      	ldr	r6, [pc, #232]	; (1000533c <tud_task_ext+0x6b4>)
10005254:	1a9b      	subs	r3, r3, r2
10005256:	015b      	lsls	r3, r3, #5
10005258:	18f6      	adds	r6, r6, r3
1000525a:	e7d5      	b.n	10005208 <tud_task_ext+0x580>
1000525c:	88e3      	ldrh	r3, [r4, #6]
1000525e:	2b00      	cmp	r3, #0
10005260:	d112      	bne.n	10005288 <tud_task_ext+0x600>
10005262:	464b      	mov	r3, r9
10005264:	2b01      	cmp	r3, #1
10005266:	d024      	beq.n	100052b2 <tud_task_ext+0x62a>
10005268:	4b37      	ldr	r3, [pc, #220]	; (10005348 <tud_task_ext+0x6c0>)
1000526a:	7818      	ldrb	r0, [r3, #0]
1000526c:	f7ff fbf6 	bl	10004a5c <dcd_edpt_stall>
10005270:	2102      	movs	r1, #2
10005272:	4b30      	ldr	r3, [pc, #192]	; (10005334 <tud_task_ext+0x6ac>)
10005274:	199b      	adds	r3, r3, r6
10005276:	4443      	add	r3, r8
10005278:	3330      	adds	r3, #48	; 0x30
1000527a:	791a      	ldrb	r2, [r3, #4]
1000527c:	430a      	orrs	r2, r1
1000527e:	2101      	movs	r1, #1
10005280:	711a      	strb	r2, [r3, #4]
10005282:	791a      	ldrb	r2, [r3, #4]
10005284:	430a      	orrs	r2, r1
10005286:	711a      	strb	r2, [r3, #4]
10005288:	2f00      	cmp	r7, #0
1000528a:	d100      	bne.n	1000528e <tud_task_ext+0x606>
1000528c:	e50c      	b.n	10004ca8 <tud_task_ext+0x20>
1000528e:	6978      	ldr	r0, [r7, #20]
10005290:	f000 fa30 	bl	100056f4 <usbd_control_set_complete_callback>
10005294:	697b      	ldr	r3, [r7, #20]
10005296:	aa08      	add	r2, sp, #32
10005298:	2101      	movs	r1, #1
1000529a:	4658      	mov	r0, fp
1000529c:	4798      	blx	r3
1000529e:	2000      	movs	r0, #0
100052a0:	f000 fa28 	bl	100056f4 <usbd_control_set_complete_callback>
100052a4:	2335      	movs	r3, #53	; 0x35
100052a6:	4a23      	ldr	r2, [pc, #140]	; (10005334 <tud_task_ext+0x6ac>)
100052a8:	5cd3      	ldrb	r3, [r2, r3]
100052aa:	07db      	lsls	r3, r3, #31
100052ac:	d500      	bpl.n	100052b0 <tud_task_ext+0x628>
100052ae:	e4fb      	b.n	10004ca8 <tud_task_ext+0x20>
100052b0:	e6bf      	b.n	10005032 <tud_task_ext+0x3aa>
100052b2:	4b25      	ldr	r3, [pc, #148]	; (10005348 <tud_task_ext+0x6c0>)
100052b4:	7818      	ldrb	r0, [r3, #0]
100052b6:	f7ff fbed 	bl	10004a94 <dcd_edpt_clear_stall>
100052ba:	2102      	movs	r1, #2
100052bc:	4b1d      	ldr	r3, [pc, #116]	; (10005334 <tud_task_ext+0x6ac>)
100052be:	199b      	adds	r3, r3, r6
100052c0:	4443      	add	r3, r8
100052c2:	3330      	adds	r3, #48	; 0x30
100052c4:	791a      	ldrb	r2, [r3, #4]
100052c6:	438a      	bics	r2, r1
100052c8:	4649      	mov	r1, r9
100052ca:	711a      	strb	r2, [r3, #4]
100052cc:	791a      	ldrb	r2, [r3, #4]
100052ce:	438a      	bics	r2, r1
100052d0:	711a      	strb	r2, [r3, #4]
100052d2:	e7d9      	b.n	10005288 <tud_task_ext+0x600>
100052d4:	ab06      	add	r3, sp, #24
100052d6:	1c9a      	adds	r2, r3, #2
100052d8:	4658      	mov	r0, fp
100052da:	2301      	movs	r3, #1
100052dc:	a908      	add	r1, sp, #32
100052de:	7016      	strb	r6, [r2, #0]
100052e0:	f000 f9a0 	bl	10005624 <tud_control_xfer>
100052e4:	e4e0      	b.n	10004ca8 <tud_task_ext+0x20>
100052e6:	f7ff fc3d 	bl	10004b64 <tud_mount_cb>
100052ea:	e6a2      	b.n	10005032 <tud_task_ext+0x3aa>
100052ec:	003b      	movs	r3, r7
100052ee:	464f      	mov	r7, r9
100052f0:	4699      	mov	r9, r3
100052f2:	9b00      	ldr	r3, [sp, #0]
100052f4:	2b01      	cmp	r3, #1
100052f6:	d100      	bne.n	100052fa <tud_task_ext+0x672>
100052f8:	e089      	b.n	1000540e <tud_task_ext+0x786>
100052fa:	9b00      	ldr	r3, [sp, #0]
100052fc:	2b00      	cmp	r3, #0
100052fe:	d075      	beq.n	100053ec <tud_task_ext+0x764>
10005300:	2300      	movs	r3, #0
10005302:	464e      	mov	r6, r9
10005304:	78b9      	ldrb	r1, [r7, #2]
10005306:	e005      	b.n	10005314 <tud_task_ext+0x68c>
10005308:	7116      	strb	r6, [r2, #4]
1000530a:	3301      	adds	r3, #1
1000530c:	9a00      	ldr	r2, [sp, #0]
1000530e:	b2db      	uxtb	r3, r3
10005310:	4293      	cmp	r3, r2
10005312:	d26a      	bcs.n	100053ea <tud_task_ext+0x762>
10005314:	4807      	ldr	r0, [pc, #28]	; (10005334 <tud_task_ext+0x6ac>)
10005316:	185a      	adds	r2, r3, r1
10005318:	4684      	mov	ip, r0
1000531a:	b2d2      	uxtb	r2, r2
1000531c:	4462      	add	r2, ip
1000531e:	7910      	ldrb	r0, [r2, #4]
10005320:	28ff      	cmp	r0, #255	; 0xff
10005322:	d0f1      	beq.n	10005308 <tud_task_ext+0x680>
10005324:	2300      	movs	r3, #0
10005326:	4a03      	ldr	r2, [pc, #12]	; (10005334 <tud_task_ext+0x6ac>)
10005328:	7053      	strb	r3, [r2, #1]
1000532a:	e548      	b.n	10004dbe <tud_task_ext+0x136>
1000532c:	f7ff fc1c 	bl	10004b68 <tud_umount_cb>
10005330:	e67f      	b.n	10005032 <tud_task_ext+0x3aa>
10005332:	46c0      	nop			; (mov r8, r8)
10005334:	2000155c 	.word	0x2000155c
10005338:	2000200d 	.word	0x2000200d
1000533c:	10007080 	.word	0x10007080
10005340:	200013ac 	.word	0x200013ac
10005344:	10007024 	.word	0x10007024
10005348:	200010fc 	.word	0x200010fc
1000534c:	2100      	movs	r1, #0
1000534e:	4658      	mov	r0, fp
10005350:	f7ff fac8 	bl	100048e4 <dcd_sof_enable>
10005354:	4658      	mov	r0, fp
10005356:	f7ff fb6b 	bl	10004a30 <dcd_edpt_close_all>
1000535a:	4b45      	ldr	r3, [pc, #276]	; (10005470 <tud_task_ext+0x7e8>)
1000535c:	4e45      	ldr	r6, [pc, #276]	; (10005474 <tud_task_ext+0x7ec>)
1000535e:	789b      	ldrb	r3, [r3, #2]
10005360:	4945      	ldr	r1, [pc, #276]	; (10005478 <tud_task_ext+0x7f0>)
10005362:	9300      	str	r3, [sp, #0]
10005364:	4689      	mov	r9, r1
10005366:	2300      	movs	r3, #0
10005368:	0031      	movs	r1, r6
1000536a:	7832      	ldrb	r2, [r6, #0]
1000536c:	4688      	mov	r8, r1
1000536e:	001e      	movs	r6, r3
10005370:	e011      	b.n	10005396 <tud_task_ext+0x70e>
10005372:	464a      	mov	r2, r9
10005374:	6812      	ldr	r2, [r2, #0]
10005376:	0173      	lsls	r3, r6, #5
10005378:	4694      	mov	ip, r2
1000537a:	4463      	add	r3, ip
1000537c:	2b00      	cmp	r3, #0
1000537e:	d022      	beq.n	100053c6 <tud_task_ext+0x73e>
10005380:	68db      	ldr	r3, [r3, #12]
10005382:	4658      	mov	r0, fp
10005384:	4798      	blx	r3
10005386:	4643      	mov	r3, r8
10005388:	781a      	ldrb	r2, [r3, #0]
1000538a:	3601      	adds	r6, #1
1000538c:	b2f6      	uxtb	r6, r6
1000538e:	1c51      	adds	r1, r2, #1
10005390:	0033      	movs	r3, r6
10005392:	428e      	cmp	r6, r1
10005394:	dc07      	bgt.n	100053a6 <tud_task_ext+0x71e>
10005396:	42b2      	cmp	r2, r6
10005398:	d8eb      	bhi.n	10005372 <tud_task_ext+0x6ea>
1000539a:	1a9b      	subs	r3, r3, r2
1000539c:	4a37      	ldr	r2, [pc, #220]	; (1000547c <tud_task_ext+0x7f4>)
1000539e:	015b      	lsls	r3, r3, #5
100053a0:	4694      	mov	ip, r2
100053a2:	4463      	add	r3, ip
100053a4:	e7ec      	b.n	10005380 <tud_task_ext+0x6f8>
100053a6:	2254      	movs	r2, #84	; 0x54
100053a8:	2100      	movs	r1, #0
100053aa:	4831      	ldr	r0, [pc, #196]	; (10005470 <tud_task_ext+0x7e8>)
100053ac:	f7fd f85e 	bl	1000246c <__wrap_memset>
100053b0:	4b2f      	ldr	r3, [pc, #188]	; (10005470 <tud_task_ext+0x7e8>)
100053b2:	2210      	movs	r2, #16
100053b4:	21ff      	movs	r1, #255	; 0xff
100053b6:	1d18      	adds	r0, r3, #4
100053b8:	f7fd f858 	bl	1000246c <__wrap_memset>
100053bc:	2220      	movs	r2, #32
100053be:	21ff      	movs	r1, #255	; 0xff
100053c0:	482f      	ldr	r0, [pc, #188]	; (10005480 <tud_task_ext+0x7f8>)
100053c2:	f7fd f853 	bl	1000246c <__wrap_memset>
100053c6:	4b2a      	ldr	r3, [pc, #168]	; (10005470 <tud_task_ext+0x7e8>)
100053c8:	9a00      	ldr	r2, [sp, #0]
100053ca:	709a      	strb	r2, [r3, #2]
100053cc:	e653      	b.n	10005076 <tud_task_ext+0x3ee>
100053ce:	f7fe fead 	bl	1000412c <tud_descriptor_bos_cb>
100053d2:	1e02      	subs	r2, r0, #0
100053d4:	d100      	bne.n	100053d8 <tud_task_ext+0x750>
100053d6:	e4f2      	b.n	10004dbe <tud_task_ext+0x136>
100053d8:	78d3      	ldrb	r3, [r2, #3]
100053da:	7891      	ldrb	r1, [r2, #2]
100053dc:	021b      	lsls	r3, r3, #8
100053de:	430b      	orrs	r3, r1
100053e0:	4658      	mov	r0, fp
100053e2:	a908      	add	r1, sp, #32
100053e4:	f000 f91e 	bl	10005624 <tud_control_xfer>
100053e8:	e5a5      	b.n	10004f36 <tud_task_ext+0x2ae>
100053ea:	46b1      	mov	r9, r6
100053ec:	9e05      	ldr	r6, [sp, #20]
100053ee:	464b      	mov	r3, r9
100053f0:	0032      	movs	r2, r6
100053f2:	0039      	movs	r1, r7
100053f4:	4822      	ldr	r0, [pc, #136]	; (10005480 <tud_task_ext+0x7f8>)
100053f6:	f000 fea1 	bl	1000613c <tu_edpt_bind_driver>
100053fa:	46b4      	mov	ip, r6
100053fc:	4b1d      	ldr	r3, [pc, #116]	; (10005474 <tud_task_ext+0x7ec>)
100053fe:	9a01      	ldr	r2, [sp, #4]
10005400:	781b      	ldrb	r3, [r3, #0]
10005402:	4467      	add	r7, ip
10005404:	3301      	adds	r3, #1
10005406:	4293      	cmp	r3, r2
10005408:	db00      	blt.n	1000540c <tud_task_ext+0x784>
1000540a:	e661      	b.n	100050d0 <tud_task_ext+0x448>
1000540c:	e78a      	b.n	10005324 <tud_task_ext+0x69c>
1000540e:	4b1d      	ldr	r3, [pc, #116]	; (10005484 <tud_task_ext+0x7fc>)
10005410:	6932      	ldr	r2, [r6, #16]
10005412:	429a      	cmp	r2, r3
10005414:	d000      	beq.n	10005418 <tud_task_ext+0x790>
10005416:	e773      	b.n	10005300 <tud_task_ext+0x678>
10005418:	9b04      	ldr	r3, [sp, #16]
1000541a:	9300      	str	r3, [sp, #0]
1000541c:	e770      	b.n	10005300 <tud_task_ext+0x678>
1000541e:	f7ff fb9d 	bl	10004b5c <tud_descriptor_device_qualifier_cb>
10005422:	1e02      	subs	r2, r0, #0
10005424:	d100      	bne.n	10005428 <tud_task_ext+0x7a0>
10005426:	e4ca      	b.n	10004dbe <tud_task_ext+0x136>
10005428:	4658      	mov	r0, fp
1000542a:	7813      	ldrb	r3, [r2, #0]
1000542c:	a908      	add	r1, sp, #32
1000542e:	f000 f8f9 	bl	10005624 <tud_control_xfer>
10005432:	e580      	b.n	10004f36 <tud_task_ext+0x2ae>
10005434:	8921      	ldrh	r1, [r4, #8]
10005436:	f7ff f8c7 	bl	100045c8 <tud_descriptor_string_cb>
1000543a:	1e02      	subs	r2, r0, #0
1000543c:	d1f4      	bne.n	10005428 <tud_task_ext+0x7a0>
1000543e:	e4be      	b.n	10004dbe <tud_task_ext+0x136>
10005440:	2b02      	cmp	r3, #2
10005442:	d00f      	beq.n	10005464 <tud_task_ext+0x7dc>
10005444:	f7ff fb8c 	bl	10004b60 <tud_descriptor_other_speed_configuration_cb>
10005448:	1e02      	subs	r2, r0, #0
1000544a:	d1c5      	bne.n	100053d8 <tud_task_ext+0x750>
1000544c:	e4b7      	b.n	10004dbe <tud_task_ext+0x136>
1000544e:	f7ff f8b3 	bl	100045b8 <tud_descriptor_device_cb>
10005452:	1e02      	subs	r2, r0, #0
10005454:	d100      	bne.n	10005458 <tud_task_ext+0x7d0>
10005456:	e4b2      	b.n	10004dbe <tud_task_ext+0x136>
10005458:	2312      	movs	r3, #18
1000545a:	4658      	mov	r0, fp
1000545c:	a908      	add	r1, sp, #32
1000545e:	f000 f8e1 	bl	10005624 <tud_control_xfer>
10005462:	e568      	b.n	10004f36 <tud_task_ext+0x2ae>
10005464:	f7ff f8ac 	bl	100045c0 <tud_descriptor_configuration_cb>
10005468:	1e02      	subs	r2, r0, #0
1000546a:	d1b5      	bne.n	100053d8 <tud_task_ext+0x750>
1000546c:	e4a7      	b.n	10004dbe <tud_task_ext+0x136>
1000546e:	46c0      	nop			; (mov r8, r8)
10005470:	2000155c 	.word	0x2000155c
10005474:	2000200d 	.word	0x2000200d
10005478:	200013ac 	.word	0x200013ac
1000547c:	10007080 	.word	0x10007080
10005480:	20001570 	.word	0x20001570
10005484:	10005b05 	.word	0x10005b05

10005488 <usbd_open_edpt_pair>:
10005488:	b5f8      	push	{r3, r4, r5, r6, r7, lr}
1000548a:	4657      	mov	r7, sl
1000548c:	464e      	mov	r6, r9
1000548e:	46de      	mov	lr, fp
10005490:	4645      	mov	r5, r8
10005492:	000c      	movs	r4, r1
10005494:	b5e0      	push	{r5, r6, r7, lr}
10005496:	0016      	movs	r6, r2
10005498:	001f      	movs	r7, r3
1000549a:	2a00      	cmp	r2, #0
1000549c:	d03c      	beq.n	10005518 <usbd_open_edpt_pair+0x90>
1000549e:	2370      	movs	r3, #112	; 0x70
100054a0:	4698      	mov	r8, r3
100054a2:	4b1e      	ldr	r3, [pc, #120]	; (1000551c <usbd_open_edpt_pair+0x94>)
100054a4:	2500      	movs	r5, #0
100054a6:	469b      	mov	fp, r3
100054a8:	4b1d      	ldr	r3, [pc, #116]	; (10005520 <usbd_open_edpt_pair+0x98>)
100054aa:	469a      	mov	sl, r3
100054ac:	e01a      	b.n	100054e4 <usbd_open_edpt_pair+0x5c>
100054ae:	465b      	mov	r3, fp
100054b0:	781b      	ldrb	r3, [r3, #0]
100054b2:	0020      	movs	r0, r4
100054b4:	4699      	mov	r9, r3
100054b6:	4653      	mov	r3, sl
100054b8:	7899      	ldrb	r1, [r3, #2]
100054ba:	f000 fe03 	bl	100060c4 <tu_edpt_validate>
100054be:	2800      	cmp	r0, #0
100054c0:	d01c      	beq.n	100054fc <usbd_open_edpt_pair+0x74>
100054c2:	0021      	movs	r1, r4
100054c4:	4648      	mov	r0, r9
100054c6:	f7ff fa29 	bl	1000491c <dcd_edpt_open>
100054ca:	2800      	cmp	r0, #0
100054cc:	d016      	beq.n	100054fc <usbd_open_edpt_pair+0x74>
100054ce:	78a3      	ldrb	r3, [r4, #2]
100054d0:	09da      	lsrs	r2, r3, #7
100054d2:	2a01      	cmp	r2, #1
100054d4:	d019      	beq.n	1000550a <usbd_open_edpt_pair+0x82>
100054d6:	9a0a      	ldr	r2, [sp, #40]	; 0x28
100054d8:	3501      	adds	r5, #1
100054da:	7013      	strb	r3, [r2, #0]
100054dc:	7823      	ldrb	r3, [r4, #0]
100054de:	18e4      	adds	r4, r4, r3
100054e0:	42b5      	cmp	r5, r6
100054e2:	da19      	bge.n	10005518 <usbd_open_edpt_pair+0x90>
100054e4:	7863      	ldrb	r3, [r4, #1]
100054e6:	2b05      	cmp	r3, #5
100054e8:	d108      	bne.n	100054fc <usbd_open_edpt_pair+0x74>
100054ea:	78e3      	ldrb	r3, [r4, #3]
100054ec:	079b      	lsls	r3, r3, #30
100054ee:	0f9b      	lsrs	r3, r3, #30
100054f0:	42bb      	cmp	r3, r7
100054f2:	d103      	bne.n	100054fc <usbd_open_edpt_pair+0x74>
100054f4:	4642      	mov	r2, r8
100054f6:	78a3      	ldrb	r3, [r4, #2]
100054f8:	421a      	tst	r2, r3
100054fa:	d0d8      	beq.n	100054ae <usbd_open_edpt_pair+0x26>
100054fc:	2000      	movs	r0, #0
100054fe:	bcf0      	pop	{r4, r5, r6, r7}
10005500:	46bb      	mov	fp, r7
10005502:	46b2      	mov	sl, r6
10005504:	46a9      	mov	r9, r5
10005506:	46a0      	mov	r8, r4
10005508:	bdf8      	pop	{r3, r4, r5, r6, r7, pc}
1000550a:	9a0b      	ldr	r2, [sp, #44]	; 0x2c
1000550c:	3501      	adds	r5, #1
1000550e:	7013      	strb	r3, [r2, #0]
10005510:	7823      	ldrb	r3, [r4, #0]
10005512:	18e4      	adds	r4, r4, r3
10005514:	42b5      	cmp	r5, r6
10005516:	dbe5      	blt.n	100054e4 <usbd_open_edpt_pair+0x5c>
10005518:	2001      	movs	r0, #1
1000551a:	e7f0      	b.n	100054fe <usbd_open_edpt_pair+0x76>
1000551c:	200010fc 	.word	0x200010fc
10005520:	2000155c 	.word	0x2000155c

10005524 <usbd_edpt_open>:
10005524:	2270      	movs	r2, #112	; 0x70
10005526:	b570      	push	{r4, r5, r6, lr}
10005528:	788b      	ldrb	r3, [r1, #2]
1000552a:	000c      	movs	r4, r1
1000552c:	421a      	tst	r2, r3
1000552e:	d001      	beq.n	10005534 <usbd_edpt_open+0x10>
10005530:	2000      	movs	r0, #0
10005532:	bd70      	pop	{r4, r5, r6, pc}
10005534:	4b06      	ldr	r3, [pc, #24]	; (10005550 <usbd_edpt_open+0x2c>)
10005536:	0020      	movs	r0, r4
10005538:	781d      	ldrb	r5, [r3, #0]
1000553a:	4b06      	ldr	r3, [pc, #24]	; (10005554 <usbd_edpt_open+0x30>)
1000553c:	7899      	ldrb	r1, [r3, #2]
1000553e:	f000 fdc1 	bl	100060c4 <tu_edpt_validate>
10005542:	2800      	cmp	r0, #0
10005544:	d0f4      	beq.n	10005530 <usbd_edpt_open+0xc>
10005546:	0021      	movs	r1, r4
10005548:	0028      	movs	r0, r5
1000554a:	f7ff f9e7 	bl	1000491c <dcd_edpt_open>
1000554e:	e7f0      	b.n	10005532 <usbd_edpt_open+0xe>
10005550:	200010fc 	.word	0x200010fc
10005554:	2000155c 	.word	0x2000155c

10005558 <usbd_edpt_claim>:
10005558:	4b07      	ldr	r3, [pc, #28]	; (10005578 <usbd_edpt_claim+0x20>)
1000555a:	0008      	movs	r0, r1
1000555c:	6819      	ldr	r1, [r3, #0]
1000555e:	237f      	movs	r3, #127	; 0x7f
10005560:	b510      	push	{r4, lr}
10005562:	4003      	ands	r3, r0
10005564:	09c0      	lsrs	r0, r0, #7
10005566:	005b      	lsls	r3, r3, #1
10005568:	3034      	adds	r0, #52	; 0x34
1000556a:	1818      	adds	r0, r3, r0
1000556c:	4b03      	ldr	r3, [pc, #12]	; (1000557c <usbd_edpt_claim+0x24>)
1000556e:	1818      	adds	r0, r3, r0
10005570:	f000 fd64 	bl	1000603c <tu_edpt_claim>
10005574:	bd10      	pop	{r4, pc}
10005576:	46c0      	nop			; (mov r8, r8)
10005578:	200015b0 	.word	0x200015b0
1000557c:	2000155c 	.word	0x2000155c

10005580 <usbd_edpt_release>:
10005580:	4b07      	ldr	r3, [pc, #28]	; (100055a0 <usbd_edpt_release+0x20>)
10005582:	0008      	movs	r0, r1
10005584:	6819      	ldr	r1, [r3, #0]
10005586:	237f      	movs	r3, #127	; 0x7f
10005588:	b510      	push	{r4, lr}
1000558a:	4003      	ands	r3, r0
1000558c:	09c0      	lsrs	r0, r0, #7
1000558e:	005b      	lsls	r3, r3, #1
10005590:	3034      	adds	r0, #52	; 0x34
10005592:	1818      	adds	r0, r3, r0
10005594:	4b03      	ldr	r3, [pc, #12]	; (100055a4 <usbd_edpt_release+0x24>)
10005596:	1818      	adds	r0, r3, r0
10005598:	f000 fd78 	bl	1000608c <tu_edpt_release>
1000559c:	bd10      	pop	{r4, pc}
1000559e:	46c0      	nop			; (mov r8, r8)
100055a0:	200015b0 	.word	0x200015b0
100055a4:	2000155c 	.word	0x2000155c

100055a8 <usbd_edpt_xfer>:
100055a8:	207f      	movs	r0, #127	; 0x7f
100055aa:	b570      	push	{r4, r5, r6, lr}
100055ac:	4008      	ands	r0, r1
100055ae:	4c0f      	ldr	r4, [pc, #60]	; (100055ec <usbd_edpt_xfer+0x44>)
100055b0:	0040      	lsls	r0, r0, #1
100055b2:	09cd      	lsrs	r5, r1, #7
100055b4:	1824      	adds	r4, r4, r0
100055b6:	1964      	adds	r4, r4, r5
100055b8:	3430      	adds	r4, #48	; 0x30
100055ba:	7925      	ldrb	r5, [r4, #4]
100055bc:	2000      	movs	r0, #0
100055be:	07ed      	lsls	r5, r5, #31
100055c0:	d500      	bpl.n	100055c4 <usbd_edpt_xfer+0x1c>
100055c2:	bd70      	pop	{r4, r5, r6, pc}
100055c4:	2601      	movs	r6, #1
100055c6:	7925      	ldrb	r5, [r4, #4]
100055c8:	4809      	ldr	r0, [pc, #36]	; (100055f0 <usbd_edpt_xfer+0x48>)
100055ca:	4335      	orrs	r5, r6
100055cc:	7800      	ldrb	r0, [r0, #0]
100055ce:	7125      	strb	r5, [r4, #4]
100055d0:	f7ff fa32 	bl	10004a38 <dcd_edpt_xfer>
100055d4:	2800      	cmp	r0, #0
100055d6:	d1f4      	bne.n	100055c2 <usbd_edpt_xfer+0x1a>
100055d8:	2201      	movs	r2, #1
100055da:	7923      	ldrb	r3, [r4, #4]
100055dc:	4393      	bics	r3, r2
100055de:	7123      	strb	r3, [r4, #4]
100055e0:	7923      	ldrb	r3, [r4, #4]
100055e2:	3203      	adds	r2, #3
100055e4:	4393      	bics	r3, r2
100055e6:	7123      	strb	r3, [r4, #4]
100055e8:	e7eb      	b.n	100055c2 <usbd_edpt_xfer+0x1a>
100055ea:	46c0      	nop			; (mov r8, r8)
100055ec:	2000155c 	.word	0x2000155c
100055f0:	200010fc 	.word	0x200010fc

100055f4 <tud_control_status>:
100055f4:	b570      	push	{r4, r5, r6, lr}
100055f6:	4e0a      	ldr	r6, [pc, #40]	; (10005620 <tud_control_status+0x2c>)
100055f8:	0005      	movs	r5, r0
100055fa:	0030      	movs	r0, r6
100055fc:	2208      	movs	r2, #8
100055fe:	000c      	movs	r4, r1
10005600:	f7fc ff3a 	bl	10002478 <__wrap___aeabi_memcpy>
10005604:	2300      	movs	r3, #0
10005606:	217f      	movs	r1, #127	; 0x7f
10005608:	60f3      	str	r3, [r6, #12]
1000560a:	7822      	ldrb	r2, [r4, #0]
1000560c:	60b3      	str	r3, [r6, #8]
1000560e:	4291      	cmp	r1, r2
10005610:	415b      	adcs	r3, r3
10005612:	0028      	movs	r0, r5
10005614:	01d9      	lsls	r1, r3, #7
10005616:	2200      	movs	r2, #0
10005618:	2300      	movs	r3, #0
1000561a:	f7ff ffc5 	bl	100055a8 <usbd_edpt_xfer>
1000561e:	bd70      	pop	{r4, r5, r6, pc}
10005620:	2000153c 	.word	0x2000153c

10005624 <tud_control_xfer>:
10005624:	b5f8      	push	{r3, r4, r5, r6, r7, lr}
10005626:	46ce      	mov	lr, r9
10005628:	4647      	mov	r7, r8
1000562a:	4691      	mov	r9, r2
1000562c:	4e2a      	ldr	r6, [pc, #168]	; (100056d8 <tud_control_xfer+0xb4>)
1000562e:	b580      	push	{r7, lr}
10005630:	2208      	movs	r2, #8
10005632:	0007      	movs	r7, r0
10005634:	0030      	movs	r0, r6
10005636:	000d      	movs	r5, r1
10005638:	4698      	mov	r8, r3
1000563a:	f7fc ff1d 	bl	10002478 <__wrap___aeabi_memcpy>
1000563e:	464b      	mov	r3, r9
10005640:	60b3      	str	r3, [r6, #8]
10005642:	2300      	movs	r3, #0
10005644:	81f3      	strh	r3, [r6, #14]
10005646:	79ec      	ldrb	r4, [r5, #7]
10005648:	79a9      	ldrb	r1, [r5, #6]
1000564a:	0224      	lsls	r4, r4, #8
1000564c:	430c      	orrs	r4, r1
1000564e:	1c23      	adds	r3, r4, #0
10005650:	4544      	cmp	r4, r8
10005652:	d900      	bls.n	10005656 <tud_control_xfer+0x32>
10005654:	4643      	mov	r3, r8
10005656:	b29a      	uxth	r2, r3
10005658:	4690      	mov	r8, r2
1000565a:	81b3      	strh	r3, [r6, #12]
1000565c:	2c00      	cmp	r4, #0
1000565e:	d013      	beq.n	10005688 <tud_control_xfer+0x64>
10005660:	2a00      	cmp	r2, #0
10005662:	d01f      	beq.n	100056a4 <tud_control_xfer+0x80>
10005664:	464b      	mov	r3, r9
10005666:	2b00      	cmp	r3, #0
10005668:	d034      	beq.n	100056d4 <tud_control_xfer+0xb0>
1000566a:	1c13      	adds	r3, r2, #0
1000566c:	2a40      	cmp	r2, #64	; 0x40
1000566e:	d81f      	bhi.n	100056b0 <tud_control_xfer+0x8c>
10005670:	b29b      	uxth	r3, r3
10005672:	4698      	mov	r8, r3
10005674:	7833      	ldrb	r3, [r6, #0]
10005676:	2b7f      	cmp	r3, #127	; 0x7f
10005678:	d820      	bhi.n	100056bc <tud_control_xfer+0x98>
1000567a:	2100      	movs	r1, #0
1000567c:	4a17      	ldr	r2, [pc, #92]	; (100056dc <tud_control_xfer+0xb8>)
1000567e:	4643      	mov	r3, r8
10005680:	0038      	movs	r0, r7
10005682:	f7ff ff91 	bl	100055a8 <usbd_edpt_xfer>
10005686:	e009      	b.n	1000569c <tud_control_xfer+0x78>
10005688:	227f      	movs	r2, #127	; 0x7f
1000568a:	782b      	ldrb	r3, [r5, #0]
1000568c:	0038      	movs	r0, r7
1000568e:	429a      	cmp	r2, r3
10005690:	4164      	adcs	r4, r4
10005692:	2300      	movs	r3, #0
10005694:	2200      	movs	r2, #0
10005696:	01e1      	lsls	r1, r4, #7
10005698:	f7ff ff86 	bl	100055a8 <usbd_edpt_xfer>
1000569c:	bcc0      	pop	{r6, r7}
1000569e:	46b9      	mov	r9, r7
100056a0:	46b0      	mov	r8, r6
100056a2:	bdf8      	pop	{r3, r4, r5, r6, r7, pc}
100056a4:	7833      	ldrb	r3, [r6, #0]
100056a6:	2b7f      	cmp	r3, #127	; 0x7f
100056a8:	d911      	bls.n	100056ce <tud_control_xfer+0xaa>
100056aa:	2180      	movs	r1, #128	; 0x80
100056ac:	2200      	movs	r2, #0
100056ae:	e7e6      	b.n	1000567e <tud_control_xfer+0x5a>
100056b0:	2340      	movs	r3, #64	; 0x40
100056b2:	b29b      	uxth	r3, r3
100056b4:	4698      	mov	r8, r3
100056b6:	7833      	ldrb	r3, [r6, #0]
100056b8:	2b7f      	cmp	r3, #127	; 0x7f
100056ba:	d9de      	bls.n	1000567a <tud_control_xfer+0x56>
100056bc:	4c07      	ldr	r4, [pc, #28]	; (100056dc <tud_control_xfer+0xb8>)
100056be:	4642      	mov	r2, r8
100056c0:	4649      	mov	r1, r9
100056c2:	0020      	movs	r0, r4
100056c4:	f7fc fed8 	bl	10002478 <__wrap___aeabi_memcpy>
100056c8:	2180      	movs	r1, #128	; 0x80
100056ca:	0022      	movs	r2, r4
100056cc:	e7d7      	b.n	1000567e <tud_control_xfer+0x5a>
100056ce:	2100      	movs	r1, #0
100056d0:	2200      	movs	r2, #0
100056d2:	e7d4      	b.n	1000567e <tud_control_xfer+0x5a>
100056d4:	2000      	movs	r0, #0
100056d6:	e7e1      	b.n	1000569c <tud_control_xfer+0x78>
100056d8:	2000153c 	.word	0x2000153c
100056dc:	200014fc 	.word	0x200014fc

100056e0 <usbd_control_reset>:
100056e0:	b510      	push	{r4, lr}
100056e2:	2214      	movs	r2, #20
100056e4:	2100      	movs	r1, #0
100056e6:	4802      	ldr	r0, [pc, #8]	; (100056f0 <usbd_control_reset+0x10>)
100056e8:	f7fc fec0 	bl	1000246c <__wrap_memset>
100056ec:	bd10      	pop	{r4, pc}
100056ee:	46c0      	nop			; (mov r8, r8)
100056f0:	2000153c 	.word	0x2000153c

100056f4 <usbd_control_set_complete_callback>:
100056f4:	4b01      	ldr	r3, [pc, #4]	; (100056fc <usbd_control_set_complete_callback+0x8>)
100056f6:	6118      	str	r0, [r3, #16]
100056f8:	4770      	bx	lr
100056fa:	46c0      	nop			; (mov r8, r8)
100056fc:	2000153c 	.word	0x2000153c

10005700 <usbd_control_set_request>:
10005700:	b510      	push	{r4, lr}
10005702:	4c05      	ldr	r4, [pc, #20]	; (10005718 <usbd_control_set_request+0x18>)
10005704:	0001      	movs	r1, r0
10005706:	2208      	movs	r2, #8
10005708:	0020      	movs	r0, r4
1000570a:	f7fc feb5 	bl	10002478 <__wrap___aeabi_memcpy>
1000570e:	2300      	movs	r3, #0
10005710:	60a3      	str	r3, [r4, #8]
10005712:	60e3      	str	r3, [r4, #12]
10005714:	bd10      	pop	{r4, pc}
10005716:	46c0      	nop			; (mov r8, r8)
10005718:	2000153c 	.word	0x2000153c

1000571c <usbd_control_xfer_cb>:
1000571c:	b5f8      	push	{r3, r4, r5, r6, r7, lr}
1000571e:	4c39      	ldr	r4, [pc, #228]	; (10005804 <usbd_control_xfer_cb+0xe8>)
10005720:	001d      	movs	r5, r3
10005722:	7823      	ldrb	r3, [r4, #0]
10005724:	0006      	movs	r6, r0
10005726:	09da      	lsrs	r2, r3, #7
10005728:	09c9      	lsrs	r1, r1, #7
1000572a:	428a      	cmp	r2, r1
1000572c:	d010      	beq.n	10005750 <usbd_control_xfer_cb+0x34>
1000572e:	2000      	movs	r0, #0
10005730:	2d00      	cmp	r5, #0
10005732:	d000      	beq.n	10005736 <usbd_control_xfer_cb+0x1a>
10005734:	bdf8      	pop	{r3, r4, r5, r6, r7, pc}
10005736:	0021      	movs	r1, r4
10005738:	0030      	movs	r0, r6
1000573a:	f7ff f8e1 	bl	10004900 <dcd_edpt0_status_complete>
1000573e:	6923      	ldr	r3, [r4, #16]
10005740:	2b00      	cmp	r3, #0
10005742:	d042      	beq.n	100057ca <usbd_control_xfer_cb+0xae>
10005744:	0022      	movs	r2, r4
10005746:	2103      	movs	r1, #3
10005748:	0030      	movs	r0, r6
1000574a:	4798      	blx	r3
1000574c:	2001      	movs	r0, #1
1000574e:	e7f1      	b.n	10005734 <usbd_control_xfer_cb+0x18>
10005750:	2b7f      	cmp	r3, #127	; 0x7f
10005752:	d806      	bhi.n	10005762 <usbd_control_xfer_cb+0x46>
10005754:	68a0      	ldr	r0, [r4, #8]
10005756:	2800      	cmp	r0, #0
10005758:	d039      	beq.n	100057ce <usbd_control_xfer_cb+0xb2>
1000575a:	002a      	movs	r2, r5
1000575c:	492a      	ldr	r1, [pc, #168]	; (10005808 <usbd_control_xfer_cb+0xec>)
1000575e:	f7fc fe8b 	bl	10002478 <__wrap___aeabi_memcpy>
10005762:	68a3      	ldr	r3, [r4, #8]
10005764:	89e2      	ldrh	r2, [r4, #14]
10005766:	1959      	adds	r1, r3, r5
10005768:	1952      	adds	r2, r2, r5
1000576a:	88e3      	ldrh	r3, [r4, #6]
1000576c:	b292      	uxth	r2, r2
1000576e:	81e2      	strh	r2, [r4, #14]
10005770:	60a1      	str	r1, [r4, #8]
10005772:	4293      	cmp	r3, r2
10005774:	d014      	beq.n	100057a0 <usbd_control_xfer_cb+0x84>
10005776:	2d3f      	cmp	r5, #63	; 0x3f
10005778:	d912      	bls.n	100057a0 <usbd_control_xfer_cb+0x84>
1000577a:	89a5      	ldrh	r5, [r4, #12]
1000577c:	1aa8      	subs	r0, r5, r2
1000577e:	1c07      	adds	r7, r0, #0
10005780:	b280      	uxth	r0, r0
10005782:	2840      	cmp	r0, #64	; 0x40
10005784:	d82f      	bhi.n	100057e6 <usbd_control_xfer_cb+0xca>
10005786:	7823      	ldrb	r3, [r4, #0]
10005788:	b2bf      	uxth	r7, r7
1000578a:	2b7f      	cmp	r3, #127	; 0x7f
1000578c:	d82d      	bhi.n	100057ea <usbd_control_xfer_cb+0xce>
1000578e:	2100      	movs	r1, #0
10005790:	42aa      	cmp	r2, r5
10005792:	d035      	beq.n	10005800 <usbd_control_xfer_cb+0xe4>
10005794:	4a1c      	ldr	r2, [pc, #112]	; (10005808 <usbd_control_xfer_cb+0xec>)
10005796:	003b      	movs	r3, r7
10005798:	0030      	movs	r0, r6
1000579a:	f7ff ff05 	bl	100055a8 <usbd_edpt_xfer>
1000579e:	e7c9      	b.n	10005734 <usbd_control_xfer_cb+0x18>
100057a0:	6923      	ldr	r3, [r4, #16]
100057a2:	2b00      	cmp	r3, #0
100057a4:	d005      	beq.n	100057b2 <usbd_control_xfer_cb+0x96>
100057a6:	0022      	movs	r2, r4
100057a8:	2102      	movs	r1, #2
100057aa:	0030      	movs	r0, r6
100057ac:	4798      	blx	r3
100057ae:	2800      	cmp	r0, #0
100057b0:	d00f      	beq.n	100057d2 <usbd_control_xfer_cb+0xb6>
100057b2:	227f      	movs	r2, #127	; 0x7f
100057b4:	2100      	movs	r1, #0
100057b6:	7823      	ldrb	r3, [r4, #0]
100057b8:	0030      	movs	r0, r6
100057ba:	429a      	cmp	r2, r3
100057bc:	4149      	adcs	r1, r1
100057be:	2300      	movs	r3, #0
100057c0:	2200      	movs	r2, #0
100057c2:	01c9      	lsls	r1, r1, #7
100057c4:	f7ff fef0 	bl	100055a8 <usbd_edpt_xfer>
100057c8:	e7b4      	b.n	10005734 <usbd_control_xfer_cb+0x18>
100057ca:	2001      	movs	r0, #1
100057cc:	e7b2      	b.n	10005734 <usbd_control_xfer_cb+0x18>
100057ce:	2000      	movs	r0, #0
100057d0:	e7b0      	b.n	10005734 <usbd_control_xfer_cb+0x18>
100057d2:	2100      	movs	r1, #0
100057d4:	0030      	movs	r0, r6
100057d6:	f7ff f941 	bl	10004a5c <dcd_edpt_stall>
100057da:	0030      	movs	r0, r6
100057dc:	2180      	movs	r1, #128	; 0x80
100057de:	f7ff f93d 	bl	10004a5c <dcd_edpt_stall>
100057e2:	2001      	movs	r0, #1
100057e4:	e7a6      	b.n	10005734 <usbd_control_xfer_cb+0x18>
100057e6:	2740      	movs	r7, #64	; 0x40
100057e8:	e7cd      	b.n	10005786 <usbd_control_xfer_cb+0x6a>
100057ea:	42aa      	cmp	r2, r5
100057ec:	d007      	beq.n	100057fe <usbd_control_xfer_cb+0xe2>
100057ee:	4c06      	ldr	r4, [pc, #24]	; (10005808 <usbd_control_xfer_cb+0xec>)
100057f0:	003a      	movs	r2, r7
100057f2:	0020      	movs	r0, r4
100057f4:	f7fc fe40 	bl	10002478 <__wrap___aeabi_memcpy>
100057f8:	2180      	movs	r1, #128	; 0x80
100057fa:	0022      	movs	r2, r4
100057fc:	e7cb      	b.n	10005796 <usbd_control_xfer_cb+0x7a>
100057fe:	2180      	movs	r1, #128	; 0x80
10005800:	2200      	movs	r2, #0
10005802:	e7c8      	b.n	10005796 <usbd_control_xfer_cb+0x7a>
10005804:	2000153c 	.word	0x2000153c
10005808:	200014fc 	.word	0x200014fc

1000580c <_prep_out_transaction.isra.0>:
1000580c:	b570      	push	{r4, r5, r6, lr}
1000580e:	0005      	movs	r5, r0
10005810:	f7ff f9b0 	bl	10004b74 <tud_mounted>
10005814:	2800      	cmp	r0, #0
10005816:	d100      	bne.n	1000581a <_prep_out_transaction.isra.0+0xe>
10005818:	bd70      	pop	{r4, r5, r6, pc}
1000581a:	f7ff f9b3 	bl	10004b84 <tud_suspended>
1000581e:	2800      	cmp	r0, #0
10005820:	d1fa      	bne.n	10005818 <_prep_out_transaction.isra.0+0xc>
10005822:	23c8      	movs	r3, #200	; 0xc8
10005824:	436b      	muls	r3, r5
10005826:	4a12      	ldr	r2, [pc, #72]	; (10005870 <_prep_out_transaction.isra.0+0x64>)
10005828:	18d6      	adds	r6, r2, r3
1000582a:	78f1      	ldrb	r1, [r6, #3]
1000582c:	2900      	cmp	r1, #0
1000582e:	d0f3      	beq.n	10005818 <_prep_out_transaction.isra.0+0xc>
10005830:	3310      	adds	r3, #16
10005832:	189c      	adds	r4, r3, r2
10005834:	0020      	movs	r0, r4
10005836:	f000 fdf5 	bl	10006424 <tu_fifo_remaining>
1000583a:	283f      	cmp	r0, #63	; 0x3f
1000583c:	d9ec      	bls.n	10005818 <_prep_out_transaction.isra.0+0xc>
1000583e:	2000      	movs	r0, #0
10005840:	78f1      	ldrb	r1, [r6, #3]
10005842:	f7ff fe89 	bl	10005558 <usbd_edpt_claim>
10005846:	2800      	cmp	r0, #0
10005848:	d0e6      	beq.n	10005818 <_prep_out_transaction.isra.0+0xc>
1000584a:	0020      	movs	r0, r4
1000584c:	f000 fdea 	bl	10006424 <tu_fifo_remaining>
10005850:	283f      	cmp	r0, #63	; 0x3f
10005852:	d908      	bls.n	10005866 <_prep_out_transaction.isra.0+0x5a>
10005854:	01ea      	lsls	r2, r5, #7
10005856:	4d07      	ldr	r5, [pc, #28]	; (10005874 <_prep_out_transaction.isra.0+0x68>)
10005858:	2340      	movs	r3, #64	; 0x40
1000585a:	78f1      	ldrb	r1, [r6, #3]
1000585c:	1952      	adds	r2, r2, r5
1000585e:	2000      	movs	r0, #0
10005860:	f7ff fea2 	bl	100055a8 <usbd_edpt_xfer>
10005864:	e7d8      	b.n	10005818 <_prep_out_transaction.isra.0+0xc>
10005866:	78f1      	ldrb	r1, [r6, #3]
10005868:	2000      	movs	r0, #0
1000586a:	f7ff fe89 	bl	10005580 <usbd_edpt_release>
1000586e:	e7d3      	b.n	10005818 <_prep_out_transaction.isra.0+0xc>
10005870:	20001434 	.word	0x20001434
10005874:	200013b0 	.word	0x200013b0

10005878 <tud_cdc_n_connected>:
10005878:	b510      	push	{r4, lr}
1000587a:	0004      	movs	r4, r0
1000587c:	f7ff f97a 	bl	10004b74 <tud_mounted>
10005880:	2800      	cmp	r0, #0
10005882:	d101      	bne.n	10005888 <tud_cdc_n_connected+0x10>
10005884:	2000      	movs	r0, #0
10005886:	bd10      	pop	{r4, pc}
10005888:	f7ff f97c 	bl	10004b84 <tud_suspended>
1000588c:	2800      	cmp	r0, #0
1000588e:	d1f9      	bne.n	10005884 <tud_cdc_n_connected+0xc>
10005890:	30c8      	adds	r0, #200	; 0xc8
10005892:	4344      	muls	r4, r0
10005894:	4802      	ldr	r0, [pc, #8]	; (100058a0 <tud_cdc_n_connected+0x28>)
10005896:	1900      	adds	r0, r0, r4
10005898:	7903      	ldrb	r3, [r0, #4]
1000589a:	2001      	movs	r0, #1
1000589c:	4018      	ands	r0, r3
1000589e:	e7f2      	b.n	10005886 <tud_cdc_n_connected+0xe>
100058a0:	20001434 	.word	0x20001434

100058a4 <tud_cdc_n_available>:
100058a4:	23c8      	movs	r3, #200	; 0xc8
100058a6:	4358      	muls	r0, r3
100058a8:	b510      	push	{r4, lr}
100058aa:	4b03      	ldr	r3, [pc, #12]	; (100058b8 <tud_cdc_n_available+0x14>)
100058ac:	3010      	adds	r0, #16
100058ae:	18c0      	adds	r0, r0, r3
100058b0:	f000 fd9a 	bl	100063e8 <tu_fifo_count>
100058b4:	bd10      	pop	{r4, pc}
100058b6:	46c0      	nop			; (mov r8, r8)
100058b8:	20001434 	.word	0x20001434

100058bc <tud_cdc_n_read>:
100058bc:	b5f0      	push	{r4, r5, r6, r7, lr}
100058be:	24c8      	movs	r4, #200	; 0xc8
100058c0:	46c6      	mov	lr, r8
100058c2:	4344      	muls	r4, r0
100058c4:	4f1e      	ldr	r7, [pc, #120]	; (10005940 <tud_cdc_n_read+0x84>)
100058c6:	4b1f      	ldr	r3, [pc, #124]	; (10005944 <tud_cdc_n_read+0x88>)
100058c8:	3410      	adds	r4, #16
100058ca:	0005      	movs	r5, r0
100058cc:	b500      	push	{lr}
100058ce:	193c      	adds	r4, r7, r4
100058d0:	429a      	cmp	r2, r3
100058d2:	d900      	bls.n	100058d6 <tud_cdc_n_read+0x1a>
100058d4:	4a1c      	ldr	r2, [pc, #112]	; (10005948 <tud_cdc_n_read+0x8c>)
100058d6:	0020      	movs	r0, r4
100058d8:	b292      	uxth	r2, r2
100058da:	f000 fe09 	bl	100064f0 <tu_fifo_read_n>
100058de:	4680      	mov	r8, r0
100058e0:	f7ff f948 	bl	10004b74 <tud_mounted>
100058e4:	2800      	cmp	r0, #0
100058e6:	d103      	bne.n	100058f0 <tud_cdc_n_read+0x34>
100058e8:	4640      	mov	r0, r8
100058ea:	bc80      	pop	{r7}
100058ec:	46b8      	mov	r8, r7
100058ee:	bdf0      	pop	{r4, r5, r6, r7, pc}
100058f0:	f7ff f948 	bl	10004b84 <tud_suspended>
100058f4:	2800      	cmp	r0, #0
100058f6:	d1f7      	bne.n	100058e8 <tud_cdc_n_read+0x2c>
100058f8:	26c8      	movs	r6, #200	; 0xc8
100058fa:	436e      	muls	r6, r5
100058fc:	19be      	adds	r6, r7, r6
100058fe:	78f3      	ldrb	r3, [r6, #3]
10005900:	2b00      	cmp	r3, #0
10005902:	d0f1      	beq.n	100058e8 <tud_cdc_n_read+0x2c>
10005904:	0020      	movs	r0, r4
10005906:	f000 fd8d 	bl	10006424 <tu_fifo_remaining>
1000590a:	283f      	cmp	r0, #63	; 0x3f
1000590c:	d9ec      	bls.n	100058e8 <tud_cdc_n_read+0x2c>
1000590e:	2000      	movs	r0, #0
10005910:	78f1      	ldrb	r1, [r6, #3]
10005912:	f7ff fe21 	bl	10005558 <usbd_edpt_claim>
10005916:	2800      	cmp	r0, #0
10005918:	d0e6      	beq.n	100058e8 <tud_cdc_n_read+0x2c>
1000591a:	0020      	movs	r0, r4
1000591c:	f000 fd82 	bl	10006424 <tu_fifo_remaining>
10005920:	283f      	cmp	r0, #63	; 0x3f
10005922:	d908      	bls.n	10005936 <tud_cdc_n_read+0x7a>
10005924:	01ea      	lsls	r2, r5, #7
10005926:	4d09      	ldr	r5, [pc, #36]	; (1000594c <tud_cdc_n_read+0x90>)
10005928:	2340      	movs	r3, #64	; 0x40
1000592a:	78f1      	ldrb	r1, [r6, #3]
1000592c:	1952      	adds	r2, r2, r5
1000592e:	2000      	movs	r0, #0
10005930:	f7ff fe3a 	bl	100055a8 <usbd_edpt_xfer>
10005934:	e7d8      	b.n	100058e8 <tud_cdc_n_read+0x2c>
10005936:	78f1      	ldrb	r1, [r6, #3]
10005938:	2000      	movs	r0, #0
1000593a:	f7ff fe21 	bl	10005580 <usbd_edpt_release>
1000593e:	e7d3      	b.n	100058e8 <tud_cdc_n_read+0x2c>
10005940:	20001434 	.word	0x20001434
10005944:	0000fffe 	.word	0x0000fffe
10005948:	0000ffff 	.word	0x0000ffff
1000594c:	200013b0 	.word	0x200013b0

10005950 <tud_cdc_n_write_flush>:
10005950:	b5f8      	push	{r3, r4, r5, r6, r7, lr}
10005952:	0006      	movs	r6, r0
10005954:	f7ff f90e 	bl	10004b74 <tud_mounted>
10005958:	2800      	cmp	r0, #0
1000595a:	d101      	bne.n	10005960 <tud_cdc_n_write_flush+0x10>
1000595c:	2000      	movs	r0, #0
1000595e:	bdf8      	pop	{r3, r4, r5, r6, r7, pc}
10005960:	f7ff f910 	bl	10004b84 <tud_suspended>
10005964:	2800      	cmp	r0, #0
10005966:	d1f9      	bne.n	1000595c <tud_cdc_n_write_flush+0xc>
10005968:	24c8      	movs	r4, #200	; 0xc8
1000596a:	4374      	muls	r4, r6
1000596c:	0025      	movs	r5, r4
1000596e:	4f14      	ldr	r7, [pc, #80]	; (100059c0 <tud_cdc_n_write_flush+0x70>)
10005970:	3524      	adds	r5, #36	; 0x24
10005972:	19ed      	adds	r5, r5, r7
10005974:	0028      	movs	r0, r5
10005976:	f000 fd37 	bl	100063e8 <tu_fifo_count>
1000597a:	2800      	cmp	r0, #0
1000597c:	d0ee      	beq.n	1000595c <tud_cdc_n_write_flush+0xc>
1000597e:	193f      	adds	r7, r7, r4
10005980:	2000      	movs	r0, #0
10005982:	78b9      	ldrb	r1, [r7, #2]
10005984:	f7ff fde8 	bl	10005558 <usbd_edpt_claim>
10005988:	2800      	cmp	r0, #0
1000598a:	d0e7      	beq.n	1000595c <tud_cdc_n_write_flush+0xc>
1000598c:	480d      	ldr	r0, [pc, #52]	; (100059c4 <tud_cdc_n_write_flush+0x74>)
1000598e:	01f6      	lsls	r6, r6, #7
10005990:	3640      	adds	r6, #64	; 0x40
10005992:	1836      	adds	r6, r6, r0
10005994:	0031      	movs	r1, r6
10005996:	2240      	movs	r2, #64	; 0x40
10005998:	0028      	movs	r0, r5
1000599a:	f000 fda9 	bl	100064f0 <tu_fifo_read_n>
1000599e:	78b9      	ldrb	r1, [r7, #2]
100059a0:	1e04      	subs	r4, r0, #0
100059a2:	d008      	beq.n	100059b6 <tud_cdc_n_write_flush+0x66>
100059a4:	0003      	movs	r3, r0
100059a6:	0032      	movs	r2, r6
100059a8:	2000      	movs	r0, #0
100059aa:	f7ff fdfd 	bl	100055a8 <usbd_edpt_xfer>
100059ae:	2800      	cmp	r0, #0
100059b0:	d0d4      	beq.n	1000595c <tud_cdc_n_write_flush+0xc>
100059b2:	0020      	movs	r0, r4
100059b4:	e7d3      	b.n	1000595e <tud_cdc_n_write_flush+0xe>
100059b6:	2000      	movs	r0, #0
100059b8:	f7ff fde2 	bl	10005580 <usbd_edpt_release>
100059bc:	e7ce      	b.n	1000595c <tud_cdc_n_write_flush+0xc>
100059be:	46c0      	nop			; (mov r8, r8)
100059c0:	20001434 	.word	0x20001434
100059c4:	200013b0 	.word	0x200013b0

100059c8 <tud_cdc_n_write>:
100059c8:	b570      	push	{r4, r5, r6, lr}
100059ca:	24c8      	movs	r4, #200	; 0xc8
100059cc:	4344      	muls	r4, r0
100059ce:	4b0c      	ldr	r3, [pc, #48]	; (10005a00 <tud_cdc_n_write+0x38>)
100059d0:	3424      	adds	r4, #36	; 0x24
100059d2:	18e4      	adds	r4, r4, r3
100059d4:	4b0b      	ldr	r3, [pc, #44]	; (10005a04 <tud_cdc_n_write+0x3c>)
100059d6:	0005      	movs	r5, r0
100059d8:	429a      	cmp	r2, r3
100059da:	d900      	bls.n	100059de <tud_cdc_n_write+0x16>
100059dc:	4a0a      	ldr	r2, [pc, #40]	; (10005a08 <tud_cdc_n_write+0x40>)
100059de:	0020      	movs	r0, r4
100059e0:	b292      	uxth	r2, r2
100059e2:	f000 fe3f 	bl	10006664 <tu_fifo_write_n>
100059e6:	0006      	movs	r6, r0
100059e8:	0020      	movs	r0, r4
100059ea:	f000 fcfd 	bl	100063e8 <tu_fifo_count>
100059ee:	283f      	cmp	r0, #63	; 0x3f
100059f0:	d801      	bhi.n	100059f6 <tud_cdc_n_write+0x2e>
100059f2:	0030      	movs	r0, r6
100059f4:	bd70      	pop	{r4, r5, r6, pc}
100059f6:	0028      	movs	r0, r5
100059f8:	f7ff ffaa 	bl	10005950 <tud_cdc_n_write_flush>
100059fc:	e7f9      	b.n	100059f2 <tud_cdc_n_write+0x2a>
100059fe:	46c0      	nop			; (mov r8, r8)
10005a00:	20001434 	.word	0x20001434
10005a04:	0000fffe 	.word	0x0000fffe
10005a08:	0000ffff 	.word	0x0000ffff

10005a0c <tud_cdc_n_write_available>:
10005a0c:	23c8      	movs	r3, #200	; 0xc8
10005a0e:	4358      	muls	r0, r3
10005a10:	b510      	push	{r4, lr}
10005a12:	4b03      	ldr	r3, [pc, #12]	; (10005a20 <tud_cdc_n_write_available+0x14>)
10005a14:	3024      	adds	r0, #36	; 0x24
10005a16:	18c0      	adds	r0, r0, r3
10005a18:	f000 fd04 	bl	10006424 <tu_fifo_remaining>
10005a1c:	bd10      	pop	{r4, pc}
10005a1e:	46c0      	nop			; (mov r8, r8)
10005a20:	20001434 	.word	0x20001434

10005a24 <cdcd_init>:
10005a24:	b5f0      	push	{r4, r5, r6, r7, lr}
10005a26:	2500      	movs	r5, #0
10005a28:	4c18      	ldr	r4, [pc, #96]	; (10005a8c <cdcd_init+0x68>)
10005a2a:	b083      	sub	sp, #12
10005a2c:	22c8      	movs	r2, #200	; 0xc8
10005a2e:	2100      	movs	r1, #0
10005a30:	0020      	movs	r0, r4
10005a32:	f7fc fd1b 	bl	1000246c <__wrap_memset>
10005a36:	4b16      	ldr	r3, [pc, #88]	; (10005a90 <cdcd_init+0x6c>)
10005a38:	0021      	movs	r1, r4
10005a3a:	701d      	strb	r5, [r3, #0]
10005a3c:	23ff      	movs	r3, #255	; 0xff
10005a3e:	7163      	strb	r3, [r4, #5]
10005a40:	23e1      	movs	r3, #225	; 0xe1
10005a42:	025b      	lsls	r3, r3, #9
10005a44:	60a3      	str	r3, [r4, #8]
10005a46:	0020      	movs	r0, r4
10005a48:	2308      	movs	r3, #8
10005a4a:	2240      	movs	r2, #64	; 0x40
10005a4c:	73a3      	strb	r3, [r4, #14]
10005a4e:	3138      	adds	r1, #56	; 0x38
10005a50:	9500      	str	r5, [sp, #0]
10005a52:	3b07      	subs	r3, #7
10005a54:	3010      	adds	r0, #16
10005a56:	f000 fc8f 	bl	10006378 <tu_fifo_config>
10005a5a:	0027      	movs	r7, r4
10005a5c:	2301      	movs	r3, #1
10005a5e:	0021      	movs	r1, r4
10005a60:	0020      	movs	r0, r4
10005a62:	0026      	movs	r6, r4
10005a64:	2240      	movs	r2, #64	; 0x40
10005a66:	3178      	adds	r1, #120	; 0x78
10005a68:	9300      	str	r3, [sp, #0]
10005a6a:	37b8      	adds	r7, #184	; 0xb8
10005a6c:	3024      	adds	r0, #36	; 0x24
10005a6e:	f000 fc83 	bl	10006378 <tu_fifo_config>
10005a72:	36c0      	adds	r6, #192	; 0xc0
10005a74:	0038      	movs	r0, r7
10005a76:	f7fb f8bf 	bl	10000bf8 <mutex_init>
10005a7a:	0030      	movs	r0, r6
10005a7c:	f7fb f8bc 	bl	10000bf8 <mutex_init>
10005a80:	61e5      	str	r5, [r4, #28]
10005a82:	6227      	str	r7, [r4, #32]
10005a84:	6326      	str	r6, [r4, #48]	; 0x30
10005a86:	6365      	str	r5, [r4, #52]	; 0x34
10005a88:	b003      	add	sp, #12
10005a8a:	bdf0      	pop	{r4, r5, r6, r7, pc}
10005a8c:	20001434 	.word	0x20001434
10005a90:	20001430 	.word	0x20001430

10005a94 <cdcd_deinit>:
10005a94:	4b07      	ldr	r3, [pc, #28]	; (10005ab4 <cdcd_deinit+0x20>)
10005a96:	6a1a      	ldr	r2, [r3, #32]
10005a98:	6b19      	ldr	r1, [r3, #48]	; 0x30
10005a9a:	2a00      	cmp	r2, #0
10005a9c:	d002      	beq.n	10005aa4 <cdcd_deinit+0x10>
10005a9e:	2200      	movs	r2, #0
10005aa0:	61da      	str	r2, [r3, #28]
10005aa2:	621a      	str	r2, [r3, #32]
10005aa4:	2900      	cmp	r1, #0
10005aa6:	d002      	beq.n	10005aae <cdcd_deinit+0x1a>
10005aa8:	2200      	movs	r2, #0
10005aaa:	631a      	str	r2, [r3, #48]	; 0x30
10005aac:	635a      	str	r2, [r3, #52]	; 0x34
10005aae:	2001      	movs	r0, #1
10005ab0:	4770      	bx	lr
10005ab2:	46c0      	nop			; (mov r8, r8)
10005ab4:	20001434 	.word	0x20001434

10005ab8 <cdcd_reset>:
10005ab8:	b570      	push	{r4, r5, r6, lr}
10005aba:	4c0f      	ldr	r4, [pc, #60]	; (10005af8 <cdcd_reset+0x40>)
10005abc:	2205      	movs	r2, #5
10005abe:	2100      	movs	r1, #0
10005ac0:	0020      	movs	r0, r4
10005ac2:	f7fc fcd3 	bl	1000246c <__wrap_memset>
10005ac6:	4d0d      	ldr	r5, [pc, #52]	; (10005afc <cdcd_reset+0x44>)
10005ac8:	782b      	ldrb	r3, [r5, #0]
10005aca:	07da      	lsls	r2, r3, #31
10005acc:	d507      	bpl.n	10005ade <cdcd_reset+0x26>
10005ace:	4c0c      	ldr	r4, [pc, #48]	; (10005b00 <cdcd_reset+0x48>)
10005ad0:	079b      	lsls	r3, r3, #30
10005ad2:	d50c      	bpl.n	10005aee <cdcd_reset+0x36>
10005ad4:	2101      	movs	r1, #1
10005ad6:	0020      	movs	r0, r4
10005ad8:	f000 fe98 	bl	1000680c <tu_fifo_set_overwritable>
10005adc:	bd70      	pop	{r4, r5, r6, pc}
10005ade:	0020      	movs	r0, r4
10005ae0:	3010      	adds	r0, #16
10005ae2:	f000 fe73 	bl	100067cc <tu_fifo_clear>
10005ae6:	782b      	ldrb	r3, [r5, #0]
10005ae8:	4c05      	ldr	r4, [pc, #20]	; (10005b00 <cdcd_reset+0x48>)
10005aea:	079b      	lsls	r3, r3, #30
10005aec:	d4f2      	bmi.n	10005ad4 <cdcd_reset+0x1c>
10005aee:	0020      	movs	r0, r4
10005af0:	f000 fe6c 	bl	100067cc <tu_fifo_clear>
10005af4:	e7ee      	b.n	10005ad4 <cdcd_reset+0x1c>
10005af6:	46c0      	nop			; (mov r8, r8)
10005af8:	20001434 	.word	0x20001434
10005afc:	20001430 	.word	0x20001430
10005b00:	20001458 	.word	0x20001458

10005b04 <cdcd_open>:
10005b04:	b5f0      	push	{r4, r5, r6, r7, lr}
10005b06:	794b      	ldrb	r3, [r1, #5]
10005b08:	0006      	movs	r6, r0
10005b0a:	b083      	sub	sp, #12
10005b0c:	2b02      	cmp	r3, #2
10005b0e:	d102      	bne.n	10005b16 <cdcd_open+0x12>
10005b10:	798b      	ldrb	r3, [r1, #6]
10005b12:	2b02      	cmp	r3, #2
10005b14:	d003      	beq.n	10005b1e <cdcd_open+0x1a>
10005b16:	2500      	movs	r5, #0
10005b18:	0028      	movs	r0, r5
10005b1a:	b003      	add	sp, #12
10005b1c:	bdf0      	pop	{r4, r5, r6, r7, pc}
10005b1e:	4f21      	ldr	r7, [pc, #132]	; (10005ba4 <cdcd_open+0xa0>)
10005b20:	78bb      	ldrb	r3, [r7, #2]
10005b22:	2b00      	cmp	r3, #0
10005b24:	d1f7      	bne.n	10005b16 <cdcd_open+0x12>
10005b26:	788b      	ldrb	r3, [r1, #2]
10005b28:	2509      	movs	r5, #9
10005b2a:	703b      	strb	r3, [r7, #0]
10005b2c:	780c      	ldrb	r4, [r1, #0]
10005b2e:	190c      	adds	r4, r1, r4
10005b30:	7863      	ldrb	r3, [r4, #1]
10005b32:	2b24      	cmp	r3, #36	; 0x24
10005b34:	d10b      	bne.n	10005b4e <cdcd_open+0x4a>
10005b36:	2a08      	cmp	r2, #8
10005b38:	d802      	bhi.n	10005b40 <cdcd_open+0x3c>
10005b3a:	e00f      	b.n	10005b5c <cdcd_open+0x58>
10005b3c:	42aa      	cmp	r2, r5
10005b3e:	d30d      	bcc.n	10005b5c <cdcd_open+0x58>
10005b40:	7823      	ldrb	r3, [r4, #0]
10005b42:	18e4      	adds	r4, r4, r3
10005b44:	18ed      	adds	r5, r5, r3
10005b46:	7863      	ldrb	r3, [r4, #1]
10005b48:	b2ad      	uxth	r5, r5
10005b4a:	2b24      	cmp	r3, #36	; 0x24
10005b4c:	d0f6      	beq.n	10005b3c <cdcd_open+0x38>
10005b4e:	2b05      	cmp	r3, #5
10005b50:	d008      	beq.n	10005b64 <cdcd_open+0x60>
10005b52:	2b04      	cmp	r3, #4
10005b54:	d102      	bne.n	10005b5c <cdcd_open+0x58>
10005b56:	7963      	ldrb	r3, [r4, #5]
10005b58:	2b0a      	cmp	r3, #10
10005b5a:	d011      	beq.n	10005b80 <cdcd_open+0x7c>
10005b5c:	2000      	movs	r0, #0
10005b5e:	f7ff fe55 	bl	1000580c <_prep_out_transaction.isra.0>
10005b62:	e7d9      	b.n	10005b18 <cdcd_open+0x14>
10005b64:	0021      	movs	r1, r4
10005b66:	0030      	movs	r0, r6
10005b68:	f7ff fcdc 	bl	10005524 <usbd_edpt_open>
10005b6c:	2800      	cmp	r0, #0
10005b6e:	d0d2      	beq.n	10005b16 <cdcd_open+0x12>
10005b70:	78a3      	ldrb	r3, [r4, #2]
10005b72:	707b      	strb	r3, [r7, #1]
10005b74:	7823      	ldrb	r3, [r4, #0]
10005b76:	18ed      	adds	r5, r5, r3
10005b78:	18e4      	adds	r4, r4, r3
10005b7a:	7863      	ldrb	r3, [r4, #1]
10005b7c:	b2ad      	uxth	r5, r5
10005b7e:	e7e8      	b.n	10005b52 <cdcd_open+0x4e>
10005b80:	4b09      	ldr	r3, [pc, #36]	; (10005ba8 <cdcd_open+0xa4>)
10005b82:	7827      	ldrb	r7, [r4, #0]
10005b84:	9301      	str	r3, [sp, #4]
10005b86:	3301      	adds	r3, #1
10005b88:	9300      	str	r3, [sp, #0]
10005b8a:	2202      	movs	r2, #2
10005b8c:	2302      	movs	r3, #2
10005b8e:	0030      	movs	r0, r6
10005b90:	19e1      	adds	r1, r4, r7
10005b92:	f7ff fc79 	bl	10005488 <usbd_open_edpt_pair>
10005b96:	2800      	cmp	r0, #0
10005b98:	d0bd      	beq.n	10005b16 <cdcd_open+0x12>
10005b9a:	350e      	adds	r5, #14
10005b9c:	19ed      	adds	r5, r5, r7
10005b9e:	b2ad      	uxth	r5, r5
10005ba0:	e7dc      	b.n	10005b5c <cdcd_open+0x58>
10005ba2:	46c0      	nop			; (mov r8, r8)
10005ba4:	20001434 	.word	0x20001434
10005ba8:	20001436 	.word	0x20001436

10005bac <cdcd_control_xfer_cb>:
10005bac:	b5f8      	push	{r3, r4, r5, r6, r7, lr}
10005bae:	2360      	movs	r3, #96	; 0x60
10005bb0:	0014      	movs	r4, r2
10005bb2:	7812      	ldrb	r2, [r2, #0]
10005bb4:	0005      	movs	r5, r0
10005bb6:	4013      	ands	r3, r2
10005bb8:	2000      	movs	r0, #0
10005bba:	2b20      	cmp	r3, #32
10005bbc:	d107      	bne.n	10005bce <cdcd_control_xfer_cb+0x22>
10005bbe:	4a30      	ldr	r2, [pc, #192]	; (10005c80 <cdcd_control_xfer_cb+0xd4>)
10005bc0:	7963      	ldrb	r3, [r4, #5]
10005bc2:	7927      	ldrb	r7, [r4, #4]
10005bc4:	7816      	ldrb	r6, [r2, #0]
10005bc6:	021b      	lsls	r3, r3, #8
10005bc8:	433b      	orrs	r3, r7
10005bca:	429e      	cmp	r6, r3
10005bcc:	d000      	beq.n	10005bd0 <cdcd_control_xfer_cb+0x24>
10005bce:	bdf8      	pop	{r3, r4, r5, r6, r7, pc}
10005bd0:	7863      	ldrb	r3, [r4, #1]
10005bd2:	2b22      	cmp	r3, #34	; 0x22
10005bd4:	d028      	beq.n	10005c28 <cdcd_control_xfer_cb+0x7c>
10005bd6:	d807      	bhi.n	10005be8 <cdcd_control_xfer_cb+0x3c>
10005bd8:	2b20      	cmp	r3, #32
10005bda:	d017      	beq.n	10005c0c <cdcd_control_xfer_cb+0x60>
10005bdc:	2b21      	cmp	r3, #33	; 0x21
10005bde:	d1f6      	bne.n	10005bce <cdcd_control_xfer_cb+0x22>
10005be0:	2901      	cmp	r1, #1
10005be2:	d03e      	beq.n	10005c62 <cdcd_control_xfer_cb+0xb6>
10005be4:	2001      	movs	r0, #1
10005be6:	e7f2      	b.n	10005bce <cdcd_control_xfer_cb+0x22>
10005be8:	2b23      	cmp	r3, #35	; 0x23
10005bea:	d1f0      	bne.n	10005bce <cdcd_control_xfer_cb+0x22>
10005bec:	2901      	cmp	r1, #1
10005bee:	d040      	beq.n	10005c72 <cdcd_control_xfer_cb+0xc6>
10005bf0:	2903      	cmp	r1, #3
10005bf2:	d1f7      	bne.n	10005be4 <cdcd_control_xfer_cb+0x38>
10005bf4:	4b23      	ldr	r3, [pc, #140]	; (10005c84 <cdcd_control_xfer_cb+0xd8>)
10005bf6:	2b00      	cmp	r3, #0
10005bf8:	d0f4      	beq.n	10005be4 <cdcd_control_xfer_cb+0x38>
10005bfa:	78e1      	ldrb	r1, [r4, #3]
10005bfc:	78a3      	ldrb	r3, [r4, #2]
10005bfe:	0209      	lsls	r1, r1, #8
10005c00:	2000      	movs	r0, #0
10005c02:	4319      	orrs	r1, r3
10005c04:	e000      	b.n	10005c08 <cdcd_control_xfer_cb+0x5c>
10005c06:	bf00      	nop
10005c08:	2001      	movs	r0, #1
10005c0a:	e7e0      	b.n	10005bce <cdcd_control_xfer_cb+0x22>
10005c0c:	2901      	cmp	r1, #1
10005c0e:	d028      	beq.n	10005c62 <cdcd_control_xfer_cb+0xb6>
10005c10:	2903      	cmp	r1, #3
10005c12:	d1e7      	bne.n	10005be4 <cdcd_control_xfer_cb+0x38>
10005c14:	4b1c      	ldr	r3, [pc, #112]	; (10005c88 <cdcd_control_xfer_cb+0xdc>)
10005c16:	2b00      	cmp	r3, #0
10005c18:	d0e4      	beq.n	10005be4 <cdcd_control_xfer_cb+0x38>
10005c1a:	3208      	adds	r2, #8
10005c1c:	2000      	movs	r0, #0
10005c1e:	0011      	movs	r1, r2
10005c20:	f7fe faa8 	bl	10004174 <tud_cdc_line_coding_cb>
10005c24:	2001      	movs	r0, #1
10005c26:	e7d2      	b.n	10005bce <cdcd_control_xfer_cb+0x22>
10005c28:	2901      	cmp	r1, #1
10005c2a:	d022      	beq.n	10005c72 <cdcd_control_xfer_cb+0xc6>
10005c2c:	2903      	cmp	r1, #3
10005c2e:	d1d9      	bne.n	10005be4 <cdcd_control_xfer_cb+0x38>
10005c30:	2501      	movs	r5, #1
10005c32:	78a1      	ldrb	r1, [r4, #2]
10005c34:	78e4      	ldrb	r4, [r4, #3]
10005c36:	002e      	movs	r6, r5
10005c38:	0224      	lsls	r4, r4, #8
10005c3a:	430c      	orrs	r4, r1
10005c3c:	2101      	movs	r1, #1
10005c3e:	7114      	strb	r4, [r2, #4]
10005c40:	4026      	ands	r6, r4
10005c42:	3224      	adds	r2, #36	; 0x24
10005c44:	0010      	movs	r0, r2
10005c46:	4071      	eors	r1, r6
10005c48:	f000 fde0 	bl	1000680c <tu_fifo_set_overwritable>
10005c4c:	4b0f      	ldr	r3, [pc, #60]	; (10005c8c <cdcd_control_xfer_cb+0xe0>)
10005c4e:	2b00      	cmp	r3, #0
10005c50:	d0c8      	beq.n	10005be4 <cdcd_control_xfer_cb+0x38>
10005c52:	0862      	lsrs	r2, r4, #1
10005c54:	2000      	movs	r0, #0
10005c56:	0031      	movs	r1, r6
10005c58:	402a      	ands	r2, r5
10005c5a:	e000      	b.n	10005c5e <cdcd_control_xfer_cb+0xb2>
10005c5c:	bf00      	nop
10005c5e:	2001      	movs	r0, #1
10005c60:	e7b5      	b.n	10005bce <cdcd_control_xfer_cb+0x22>
10005c62:	2307      	movs	r3, #7
10005c64:	0021      	movs	r1, r4
10005c66:	0028      	movs	r0, r5
10005c68:	4a09      	ldr	r2, [pc, #36]	; (10005c90 <cdcd_control_xfer_cb+0xe4>)
10005c6a:	f7ff fcdb 	bl	10005624 <tud_control_xfer>
10005c6e:	2001      	movs	r0, #1
10005c70:	e7ad      	b.n	10005bce <cdcd_control_xfer_cb+0x22>
10005c72:	0021      	movs	r1, r4
10005c74:	0028      	movs	r0, r5
10005c76:	f7ff fcbd 	bl	100055f4 <tud_control_status>
10005c7a:	2001      	movs	r0, #1
10005c7c:	e7a7      	b.n	10005bce <cdcd_control_xfer_cb+0x22>
10005c7e:	46c0      	nop			; (mov r8, r8)
10005c80:	20001434 	.word	0x20001434
10005c84:	00000000 	.word	0x00000000
10005c88:	10004175 	.word	0x10004175
10005c8c:	00000000 	.word	0x00000000
10005c90:	2000143c 	.word	0x2000143c

10005c94 <cdcd_xfer_cb>:
10005c94:	b5f0      	push	{r4, r5, r6, r7, lr}
10005c96:	464f      	mov	r7, r9
10005c98:	4646      	mov	r6, r8
10005c9a:	46d6      	mov	lr, sl
10005c9c:	b5c0      	push	{r6, r7, lr}
10005c9e:	4d35      	ldr	r5, [pc, #212]	; (10005d74 <cdcd_xfer_cb+0xe0>)
10005ca0:	4680      	mov	r8, r0
10005ca2:	78ea      	ldrb	r2, [r5, #3]
10005ca4:	000c      	movs	r4, r1
10005ca6:	001f      	movs	r7, r3
10005ca8:	428a      	cmp	r2, r1
10005caa:	d15b      	bne.n	10005d64 <cdcd_xfer_cb+0xd0>
10005cac:	b29a      	uxth	r2, r3
10005cae:	2310      	movs	r3, #16
10005cb0:	469a      	mov	sl, r3
10005cb2:	4e31      	ldr	r6, [pc, #196]	; (10005d78 <cdcd_xfer_cb+0xe4>)
10005cb4:	44aa      	add	sl, r5
10005cb6:	0031      	movs	r1, r6
10005cb8:	4650      	mov	r0, sl
10005cba:	f000 fcd3 	bl	10006664 <tu_fifo_write_n>
10005cbe:	4b2f      	ldr	r3, [pc, #188]	; (10005d7c <cdcd_xfer_cb+0xe8>)
10005cc0:	2b00      	cmp	r3, #0
10005cc2:	d017      	beq.n	10005cf4 <cdcd_xfer_cb+0x60>
10005cc4:	796b      	ldrb	r3, [r5, #5]
10005cc6:	2bff      	cmp	r3, #255	; 0xff
10005cc8:	d014      	beq.n	10005cf4 <cdcd_xfer_cb+0x60>
10005cca:	2f00      	cmp	r7, #0
10005ccc:	d012      	beq.n	10005cf4 <cdcd_xfer_cb+0x60>
10005cce:	19f2      	adds	r2, r6, r7
10005cd0:	4691      	mov	r9, r2
10005cd2:	e003      	b.n	10005cdc <cdcd_xfer_cb+0x48>
10005cd4:	3601      	adds	r6, #1
10005cd6:	454e      	cmp	r6, r9
10005cd8:	d00c      	beq.n	10005cf4 <cdcd_xfer_cb+0x60>
10005cda:	796b      	ldrb	r3, [r5, #5]
10005cdc:	7832      	ldrb	r2, [r6, #0]
10005cde:	429a      	cmp	r2, r3
10005ce0:	d1f8      	bne.n	10005cd4 <cdcd_xfer_cb+0x40>
10005ce2:	4650      	mov	r0, sl
10005ce4:	f000 fb96 	bl	10006414 <tu_fifo_empty>
10005ce8:	2800      	cmp	r0, #0
10005cea:	d1f3      	bne.n	10005cd4 <cdcd_xfer_cb+0x40>
10005cec:	7969      	ldrb	r1, [r5, #5]
10005cee:	e000      	b.n	10005cf2 <cdcd_xfer_cb+0x5e>
10005cf0:	bf00      	nop
10005cf2:	e7ef      	b.n	10005cd4 <cdcd_xfer_cb+0x40>
10005cf4:	4b22      	ldr	r3, [pc, #136]	; (10005d80 <cdcd_xfer_cb+0xec>)
10005cf6:	2b00      	cmp	r3, #0
10005cf8:	d004      	beq.n	10005d04 <cdcd_xfer_cb+0x70>
10005cfa:	4822      	ldr	r0, [pc, #136]	; (10005d84 <cdcd_xfer_cb+0xf0>)
10005cfc:	f000 fb8a 	bl	10006414 <tu_fifo_empty>
10005d00:	2800      	cmp	r0, #0
10005d02:	d034      	beq.n	10005d6e <cdcd_xfer_cb+0xda>
10005d04:	2000      	movs	r0, #0
10005d06:	f7ff fd81 	bl	1000580c <_prep_out_transaction.isra.0>
10005d0a:	78ab      	ldrb	r3, [r5, #2]
10005d0c:	42a3      	cmp	r3, r4
10005d0e:	d006      	beq.n	10005d1e <cdcd_xfer_cb+0x8a>
10005d10:	2401      	movs	r4, #1
10005d12:	0020      	movs	r0, r4
10005d14:	bce0      	pop	{r5, r6, r7}
10005d16:	46ba      	mov	sl, r7
10005d18:	46b1      	mov	r9, r6
10005d1a:	46a8      	mov	r8, r5
10005d1c:	bdf0      	pop	{r4, r5, r6, r7, pc}
10005d1e:	4b1a      	ldr	r3, [pc, #104]	; (10005d88 <cdcd_xfer_cb+0xf4>)
10005d20:	2b00      	cmp	r3, #0
10005d22:	d002      	beq.n	10005d2a <cdcd_xfer_cb+0x96>
10005d24:	2000      	movs	r0, #0
10005d26:	e000      	b.n	10005d2a <cdcd_xfer_cb+0x96>
10005d28:	bf00      	nop
10005d2a:	2000      	movs	r0, #0
10005d2c:	f7ff fe10 	bl	10005950 <tud_cdc_n_write_flush>
10005d30:	2800      	cmp	r0, #0
10005d32:	d1ed      	bne.n	10005d10 <cdcd_xfer_cb+0x7c>
10005d34:	4d15      	ldr	r5, [pc, #84]	; (10005d8c <cdcd_xfer_cb+0xf8>)
10005d36:	0028      	movs	r0, r5
10005d38:	f000 fb56 	bl	100063e8 <tu_fifo_count>
10005d3c:	2800      	cmp	r0, #0
10005d3e:	d1e7      	bne.n	10005d10 <cdcd_xfer_cb+0x7c>
10005d40:	2f00      	cmp	r7, #0
10005d42:	d0e5      	beq.n	10005d10 <cdcd_xfer_cb+0x7c>
10005d44:	06bb      	lsls	r3, r7, #26
10005d46:	d1e3      	bne.n	10005d10 <cdcd_xfer_cb+0x7c>
10005d48:	3d24      	subs	r5, #36	; 0x24
10005d4a:	4640      	mov	r0, r8
10005d4c:	78a9      	ldrb	r1, [r5, #2]
10005d4e:	f7ff fc03 	bl	10005558 <usbd_edpt_claim>
10005d52:	1e04      	subs	r4, r0, #0
10005d54:	d0dc      	beq.n	10005d10 <cdcd_xfer_cb+0x7c>
10005d56:	2300      	movs	r3, #0
10005d58:	2200      	movs	r2, #0
10005d5a:	4640      	mov	r0, r8
10005d5c:	78a9      	ldrb	r1, [r5, #2]
10005d5e:	f7ff fc23 	bl	100055a8 <usbd_edpt_xfer>
10005d62:	e7d6      	b.n	10005d12 <cdcd_xfer_cb+0x7e>
10005d64:	78ab      	ldrb	r3, [r5, #2]
10005d66:	428b      	cmp	r3, r1
10005d68:	d0d9      	beq.n	10005d1e <cdcd_xfer_cb+0x8a>
10005d6a:	2400      	movs	r4, #0
10005d6c:	e7d1      	b.n	10005d12 <cdcd_xfer_cb+0x7e>
10005d6e:	e000      	b.n	10005d72 <cdcd_xfer_cb+0xde>
10005d70:	bf00      	nop
10005d72:	e7c7      	b.n	10005d04 <cdcd_xfer_cb+0x70>
10005d74:	20001434 	.word	0x20001434
10005d78:	200013b0 	.word	0x200013b0
	...
10005d84:	20001444 	.word	0x20001444
10005d88:	00000000 	.word	0x00000000
10005d8c:	20001458 	.word	0x20001458

10005d90 <vendord_init>:
10005d90:	2293      	movs	r2, #147	; 0x93
10005d92:	b5f0      	push	{r4, r5, r6, r7, lr}
10005d94:	4c13      	ldr	r4, [pc, #76]	; (10005de4 <vendord_init+0x54>)
10005d96:	b085      	sub	sp, #20
10005d98:	2100      	movs	r1, #0
10005d9a:	0020      	movs	r0, r4
10005d9c:	0092      	lsls	r2, r2, #2
10005d9e:	f7fc fb65 	bl	1000246c <__wrap_memset>
10005da2:	0023      	movs	r3, r4
10005da4:	0020      	movs	r0, r4
10005da6:	2680      	movs	r6, #128	; 0x80
10005da8:	2740      	movs	r7, #64	; 0x40
10005daa:	4d0f      	ldr	r5, [pc, #60]	; (10005de8 <vendord_init+0x58>)
10005dac:	334d      	adds	r3, #77	; 0x4d
10005dae:	0076      	lsls	r6, r6, #1
10005db0:	33ff      	adds	r3, #255	; 0xff
10005db2:	3029      	adds	r0, #41	; 0x29
10005db4:	9502      	str	r5, [sp, #8]
10005db6:	9300      	str	r3, [sp, #0]
10005db8:	2200      	movs	r2, #0
10005dba:	2300      	movs	r3, #0
10005dbc:	2100      	movs	r1, #0
10005dbe:	9703      	str	r7, [sp, #12]
10005dc0:	9601      	str	r6, [sp, #4]
10005dc2:	30ff      	adds	r0, #255	; 0xff
10005dc4:	f000 f9d4 	bl	10006170 <tu_edpt_stream_init>
10005dc8:	3540      	adds	r5, #64	; 0x40
10005dca:	1d20      	adds	r0, r4, #4
10005dcc:	3428      	adds	r4, #40	; 0x28
10005dce:	2300      	movs	r3, #0
10005dd0:	2201      	movs	r2, #1
10005dd2:	2100      	movs	r1, #0
10005dd4:	9703      	str	r7, [sp, #12]
10005dd6:	9502      	str	r5, [sp, #8]
10005dd8:	9601      	str	r6, [sp, #4]
10005dda:	9400      	str	r4, [sp, #0]
10005ddc:	f000 f9c8 	bl	10006170 <tu_edpt_stream_init>
10005de0:	b005      	add	sp, #20
10005de2:	bdf0      	pop	{r4, r5, r6, r7, pc}
10005de4:	200016f8 	.word	0x200016f8
10005de8:	20001678 	.word	0x20001678

10005dec <vendord_deinit>:
10005dec:	b510      	push	{r4, lr}
10005dee:	4c05      	ldr	r4, [pc, #20]	; (10005e04 <vendord_deinit+0x18>)
10005df0:	0020      	movs	r0, r4
10005df2:	f000 f9f3 	bl	100061dc <tu_edpt_stream_deinit>
10005df6:	0020      	movs	r0, r4
10005df8:	3825      	subs	r0, #37	; 0x25
10005dfa:	38ff      	subs	r0, #255	; 0xff
10005dfc:	f000 f9ee 	bl	100061dc <tu_edpt_stream_deinit>
10005e00:	2001      	movs	r0, #1
10005e02:	bd10      	pop	{r4, pc}
10005e04:	20001820 	.word	0x20001820

10005e08 <vendord_reset>:
10005e08:	b570      	push	{r4, r5, r6, lr}
10005e0a:	4c08      	ldr	r4, [pc, #32]	; (10005e2c <vendord_reset+0x24>)
10005e0c:	2500      	movs	r5, #0
10005e0e:	0020      	movs	r0, r4
10005e10:	3031      	adds	r0, #49	; 0x31
10005e12:	7025      	strb	r5, [r4, #0]
10005e14:	30ff      	adds	r0, #255	; 0xff
10005e16:	f000 fcd9 	bl	100067cc <tu_fifo_clear>
10005e1a:	0020      	movs	r0, r4
10005e1c:	300c      	adds	r0, #12
10005e1e:	f000 fcd5 	bl	100067cc <tu_fifo_clear>
10005e22:	232a      	movs	r3, #42	; 0x2a
10005e24:	33ff      	adds	r3, #255	; 0xff
10005e26:	54e5      	strb	r5, [r4, r3]
10005e28:	7165      	strb	r5, [r4, #5]
10005e2a:	bd70      	pop	{r4, r5, r6, pc}
10005e2c:	200016f8 	.word	0x200016f8

10005e30 <vendord_open>:
10005e30:	b5f8      	push	{r3, r4, r5, r6, r7, lr}
10005e32:	464e      	mov	r6, r9
10005e34:	4645      	mov	r5, r8
10005e36:	46de      	mov	lr, fp
10005e38:	4657      	mov	r7, sl
10005e3a:	b5e0      	push	{r5, r6, r7, lr}
10005e3c:	794b      	ldrb	r3, [r1, #5]
10005e3e:	4681      	mov	r9, r0
10005e40:	4688      	mov	r8, r1
10005e42:	2bff      	cmp	r3, #255	; 0xff
10005e44:	d125      	bne.n	10005e92 <vendord_open+0x62>
10005e46:	232a      	movs	r3, #42	; 0x2a
10005e48:	4f41      	ldr	r7, [pc, #260]	; (10005f50 <vendord_open+0x120>)
10005e4a:	33ff      	adds	r3, #255	; 0xff
10005e4c:	780c      	ldrb	r4, [r1, #0]
10005e4e:	5cfe      	ldrb	r6, [r7, r3]
10005e50:	797b      	ldrb	r3, [r7, #5]
10005e52:	4444      	add	r4, r8
10005e54:	18a5      	adds	r5, r4, r2
10005e56:	431e      	orrs	r6, r3
10005e58:	d11b      	bne.n	10005e92 <vendord_open+0x62>
10005e5a:	2298      	movs	r2, #152	; 0x98
10005e5c:	0052      	lsls	r2, r2, #1
10005e5e:	4692      	mov	sl, r2
10005e60:	3a25      	subs	r2, #37	; 0x25
10005e62:	3aff      	subs	r2, #255	; 0xff
10005e64:	4693      	mov	fp, r2
10005e66:	788b      	ldrb	r3, [r1, #2]
10005e68:	44ba      	add	sl, r7
10005e6a:	703b      	strb	r3, [r7, #0]
10005e6c:	790b      	ldrb	r3, [r1, #4]
10005e6e:	44bb      	add	fp, r7
10005e70:	2b00      	cmp	r3, #0
10005e72:	d00a      	beq.n	10005e8a <vendord_open+0x5a>
10005e74:	7863      	ldrb	r3, [r4, #1]
10005e76:	2b05      	cmp	r3, #5
10005e78:	d105      	bne.n	10005e86 <vendord_open+0x56>
10005e7a:	e011      	b.n	10005ea0 <vendord_open+0x70>
10005e7c:	7823      	ldrb	r3, [r4, #0]
10005e7e:	18e4      	adds	r4, r4, r3
10005e80:	7863      	ldrb	r3, [r4, #1]
10005e82:	2b05      	cmp	r3, #5
10005e84:	d00c      	beq.n	10005ea0 <vendord_open+0x70>
10005e86:	42a5      	cmp	r5, r4
10005e88:	d8f8      	bhi.n	10005e7c <vendord_open+0x4c>
10005e8a:	4643      	mov	r3, r8
10005e8c:	1ae0      	subs	r0, r4, r3
10005e8e:	b280      	uxth	r0, r0
10005e90:	e000      	b.n	10005e94 <vendord_open+0x64>
10005e92:	2000      	movs	r0, #0
10005e94:	bcf0      	pop	{r4, r5, r6, r7}
10005e96:	46bb      	mov	fp, r7
10005e98:	46b2      	mov	sl, r6
10005e9a:	46a9      	mov	r9, r5
10005e9c:	46a0      	mov	r8, r4
10005e9e:	bdf8      	pop	{r3, r4, r5, r6, r7, pc}
10005ea0:	42a5      	cmp	r5, r4
10005ea2:	d9f2      	bls.n	10005e8a <vendord_open+0x5a>
10005ea4:	0021      	movs	r1, r4
10005ea6:	4648      	mov	r0, r9
10005ea8:	f7ff fb3c 	bl	10005524 <usbd_edpt_open>
10005eac:	2800      	cmp	r0, #0
10005eae:	d0f0      	beq.n	10005e92 <vendord_open+0x62>
10005eb0:	78a3      	ldrb	r3, [r4, #2]
10005eb2:	3601      	adds	r6, #1
10005eb4:	b2f6      	uxtb	r6, r6
10005eb6:	09db      	lsrs	r3, r3, #7
10005eb8:	2b01      	cmp	r3, #1
10005eba:	d02a      	beq.n	10005f12 <vendord_open+0xe2>
10005ebc:	4650      	mov	r0, sl
10005ebe:	f000 fc85 	bl	100067cc <tu_fifo_clear>
10005ec2:	232a      	movs	r3, #42	; 0x2a
10005ec4:	78a2      	ldrb	r2, [r4, #2]
10005ec6:	33ff      	adds	r3, #255	; 0xff
10005ec8:	54fa      	strb	r2, [r7, r3]
10005eca:	4a22      	ldr	r2, [pc, #136]	; (10005f54 <vendord_open+0x124>)
10005ecc:	7963      	ldrb	r3, [r4, #5]
10005ece:	4694      	mov	ip, r2
10005ed0:	7921      	ldrb	r1, [r4, #4]
10005ed2:	021b      	lsls	r3, r3, #8
10005ed4:	430b      	orrs	r3, r1
10005ed6:	055b      	lsls	r3, r3, #21
10005ed8:	2194      	movs	r1, #148	; 0x94
10005eda:	0d5b      	lsrs	r3, r3, #21
10005edc:	4463      	add	r3, ip
10005ede:	425a      	negs	r2, r3
10005ee0:	4153      	adcs	r3, r2
10005ee2:	2002      	movs	r0, #2
10005ee4:	0049      	lsls	r1, r1, #1
10005ee6:	5c7a      	ldrb	r2, [r7, r1]
10005ee8:	005b      	lsls	r3, r3, #1
10005eea:	4382      	bics	r2, r0
10005eec:	4313      	orrs	r3, r2
10005eee:	547b      	strb	r3, [r7, r1]
10005ef0:	4651      	mov	r1, sl
10005ef2:	4648      	mov	r0, r9
10005ef4:	3908      	subs	r1, #8
10005ef6:	f000 f9d1 	bl	1000629c <tu_edpt_stream_read_xfer>
10005efa:	2800      	cmp	r0, #0
10005efc:	d0c9      	beq.n	10005e92 <vendord_open+0x62>
10005efe:	7823      	ldrb	r3, [r4, #0]
10005f00:	18e4      	adds	r4, r4, r3
10005f02:	4643      	mov	r3, r8
10005f04:	791b      	ldrb	r3, [r3, #4]
10005f06:	42b3      	cmp	r3, r6
10005f08:	d8b4      	bhi.n	10005e74 <vendord_open+0x44>
10005f0a:	4643      	mov	r3, r8
10005f0c:	1ae0      	subs	r0, r4, r3
10005f0e:	b280      	uxth	r0, r0
10005f10:	e7c0      	b.n	10005e94 <vendord_open+0x64>
10005f12:	4658      	mov	r0, fp
10005f14:	f000 fc5a 	bl	100067cc <tu_fifo_clear>
10005f18:	465a      	mov	r2, fp
10005f1a:	490e      	ldr	r1, [pc, #56]	; (10005f54 <vendord_open+0x124>)
10005f1c:	78a3      	ldrb	r3, [r4, #2]
10005f1e:	468c      	mov	ip, r1
10005f20:	3a0c      	subs	r2, #12
10005f22:	7153      	strb	r3, [r2, #5]
10005f24:	7963      	ldrb	r3, [r4, #5]
10005f26:	7920      	ldrb	r0, [r4, #4]
10005f28:	021b      	lsls	r3, r3, #8
10005f2a:	4303      	orrs	r3, r0
10005f2c:	055b      	lsls	r3, r3, #21
10005f2e:	0d5b      	lsrs	r3, r3, #21
10005f30:	4463      	add	r3, ip
10005f32:	4259      	negs	r1, r3
10005f34:	414b      	adcs	r3, r1
10005f36:	2002      	movs	r0, #2
10005f38:	7911      	ldrb	r1, [r2, #4]
10005f3a:	005b      	lsls	r3, r3, #1
10005f3c:	4381      	bics	r1, r0
10005f3e:	430b      	orrs	r3, r1
10005f40:	4659      	mov	r1, fp
10005f42:	7113      	strb	r3, [r2, #4]
10005f44:	3908      	subs	r1, #8
10005f46:	2000      	movs	r0, #0
10005f48:	f000 f976 	bl	10006238 <tu_edpt_stream_write_xfer>
10005f4c:	e7d7      	b.n	10005efe <vendord_open+0xce>
10005f4e:	46c0      	nop			; (mov r8, r8)
10005f50:	200016f8 	.word	0x200016f8
10005f54:	fffffe00 	.word	0xfffffe00

10005f58 <vendord_xfer_cb>:
10005f58:	b5f8      	push	{r3, r4, r5, r6, r7, lr}
10005f5a:	252a      	movs	r5, #42	; 0x2a
10005f5c:	4c1f      	ldr	r4, [pc, #124]	; (10005fdc <vendord_xfer_cb+0x84>)
10005f5e:	35ff      	adds	r5, #255	; 0xff
10005f60:	5d65      	ldrb	r5, [r4, r5]
10005f62:	0006      	movs	r6, r0
10005f64:	001f      	movs	r7, r3
10005f66:	428d      	cmp	r5, r1
10005f68:	d11d      	bne.n	10005fa6 <vendord_xfer_cb+0x4e>
10005f6a:	239a      	movs	r3, #154	; 0x9a
10005f6c:	005b      	lsls	r3, r3, #1
10005f6e:	5ae3      	ldrh	r3, [r4, r3]
10005f70:	2b00      	cmp	r3, #0
10005f72:	d10e      	bne.n	10005f92 <vendord_xfer_cb+0x3a>
10005f74:	4b1a      	ldr	r3, [pc, #104]	; (10005fe0 <vendord_xfer_cb+0x88>)
10005f76:	2b00      	cmp	r3, #0
10005f78:	d004      	beq.n	10005f84 <vendord_xfer_cb+0x2c>
10005f7a:	2000      	movs	r0, #0
10005f7c:	4919      	ldr	r1, [pc, #100]	; (10005fe4 <vendord_xfer_cb+0x8c>)
10005f7e:	b2ba      	uxth	r2, r7
10005f80:	e000      	b.n	10005f84 <vendord_xfer_cb+0x2c>
10005f82:	bf00      	nop
10005f84:	0030      	movs	r0, r6
10005f86:	4918      	ldr	r1, [pc, #96]	; (10005fe8 <vendord_xfer_cb+0x90>)
10005f88:	f000 f988 	bl	1000629c <tu_edpt_stream_read_xfer>
10005f8c:	2401      	movs	r4, #1
10005f8e:	0020      	movs	r0, r4
10005f90:	bdf8      	pop	{r3, r4, r5, r6, r7, pc}
10005f92:	0020      	movs	r0, r4
10005f94:	2396      	movs	r3, #150	; 0x96
10005f96:	3031      	adds	r0, #49	; 0x31
10005f98:	005b      	lsls	r3, r3, #1
10005f9a:	58e1      	ldr	r1, [r4, r3]
10005f9c:	b2ba      	uxth	r2, r7
10005f9e:	30ff      	adds	r0, #255	; 0xff
10005fa0:	f000 fb60 	bl	10006664 <tu_fifo_write_n>
10005fa4:	e7e6      	b.n	10005f74 <vendord_xfer_cb+0x1c>
10005fa6:	7963      	ldrb	r3, [r4, #5]
10005fa8:	428b      	cmp	r3, r1
10005faa:	d001      	beq.n	10005fb0 <vendord_xfer_cb+0x58>
10005fac:	2400      	movs	r4, #0
10005fae:	e7ee      	b.n	10005f8e <vendord_xfer_cb+0x36>
10005fb0:	4b0e      	ldr	r3, [pc, #56]	; (10005fec <vendord_xfer_cb+0x94>)
10005fb2:	2b00      	cmp	r3, #0
10005fb4:	d004      	beq.n	10005fc0 <vendord_xfer_cb+0x68>
10005fb6:	0439      	lsls	r1, r7, #16
10005fb8:	2000      	movs	r0, #0
10005fba:	0c09      	lsrs	r1, r1, #16
10005fbc:	e000      	b.n	10005fc0 <vendord_xfer_cb+0x68>
10005fbe:	bf00      	nop
10005fc0:	4d0b      	ldr	r5, [pc, #44]	; (10005ff0 <vendord_xfer_cb+0x98>)
10005fc2:	0030      	movs	r0, r6
10005fc4:	0029      	movs	r1, r5
10005fc6:	f000 f937 	bl	10006238 <tu_edpt_stream_write_xfer>
10005fca:	2401      	movs	r4, #1
10005fcc:	2800      	cmp	r0, #0
10005fce:	d1de      	bne.n	10005f8e <vendord_xfer_cb+0x36>
10005fd0:	003a      	movs	r2, r7
10005fd2:	0029      	movs	r1, r5
10005fd4:	0030      	movs	r0, r6
10005fd6:	f000 f903 	bl	100061e0 <tu_edpt_stream_write_zlp_if_needed>
10005fda:	e7d8      	b.n	10005f8e <vendord_xfer_cb+0x36>
10005fdc:	200016f8 	.word	0x200016f8
10005fe0:	00000000 	.word	0x00000000
10005fe4:	20001678 	.word	0x20001678
10005fe8:	20001820 	.word	0x20001820
10005fec:	00000000 	.word	0x00000000
10005ff0:	200016fc 	.word	0x200016fc

10005ff4 <tusb_rhport_init>:
10005ff4:	b500      	push	{lr}
10005ff6:	0003      	movs	r3, r0
10005ff8:	b083      	sub	sp, #12
10005ffa:	2900      	cmp	r1, #0
10005ffc:	d010      	beq.n	10006020 <tusb_rhport_init+0x2c>
10005ffe:	2000      	movs	r0, #0
10006000:	2b01      	cmp	r3, #1
10006002:	d807      	bhi.n	10006014 <tusb_rhport_init+0x20>
10006004:	780a      	ldrb	r2, [r1, #0]
10006006:	2a00      	cmp	r2, #0
10006008:	d004      	beq.n	10006014 <tusb_rhport_init+0x20>
1000600a:	480b      	ldr	r0, [pc, #44]	; (10006038 <tusb_rhport_init+0x44>)
1000600c:	54c2      	strb	r2, [r0, r3]
1000600e:	2001      	movs	r0, #1
10006010:	2a01      	cmp	r2, #1
10006012:	d001      	beq.n	10006018 <tusb_rhport_init+0x24>
10006014:	b003      	add	sp, #12
10006016:	bd00      	pop	{pc}
10006018:	0018      	movs	r0, r3
1000601a:	f7fe fdbb 	bl	10004b94 <tud_rhport_init>
1000601e:	e7f9      	b.n	10006014 <tusb_rhport_init+0x20>
10006020:	2301      	movs	r3, #1
10006022:	a901      	add	r1, sp, #4
10006024:	2000      	movs	r0, #0
10006026:	800b      	strh	r3, [r1, #0]
10006028:	f7fe fdb4 	bl	10004b94 <tud_rhport_init>
1000602c:	2800      	cmp	r0, #0
1000602e:	d0f1      	beq.n	10006014 <tusb_rhport_init+0x20>
10006030:	2201      	movs	r2, #1
10006032:	4b01      	ldr	r3, [pc, #4]	; (10006038 <tusb_rhport_init+0x44>)
10006034:	701a      	strb	r2, [r3, #0]
10006036:	e7ed      	b.n	10006014 <tusb_rhport_init+0x20>
10006038:	20001550 	.word	0x20001550

1000603c <tu_edpt_claim>:
1000603c:	7803      	ldrb	r3, [r0, #0]
1000603e:	b570      	push	{r4, r5, r6, lr}
10006040:	07db      	lsls	r3, r3, #31
10006042:	0004      	movs	r4, r0
10006044:	000e      	movs	r6, r1
10006046:	0fdd      	lsrs	r5, r3, #31
10006048:	2b00      	cmp	r3, #0
1000604a:	d117      	bne.n	1000607c <tu_edpt_claim+0x40>
1000604c:	7803      	ldrb	r3, [r0, #0]
1000604e:	075b      	lsls	r3, r3, #29
10006050:	d501      	bpl.n	10006056 <tu_edpt_claim+0x1a>
10006052:	0028      	movs	r0, r5
10006054:	bd70      	pop	{r4, r5, r6, pc}
10006056:	2101      	movs	r1, #1
10006058:	0030      	movs	r0, r6
1000605a:	4249      	negs	r1, r1
1000605c:	f000 fc5c 	bl	10006918 <__mutex_enter_timeout_ms_veneer>
10006060:	7823      	ldrb	r3, [r4, #0]
10006062:	07db      	lsls	r3, r3, #31
10006064:	0fdd      	lsrs	r5, r3, #31
10006066:	2b00      	cmp	r3, #0
10006068:	d10a      	bne.n	10006080 <tu_edpt_claim+0x44>
1000606a:	7823      	ldrb	r3, [r4, #0]
1000606c:	075b      	lsls	r3, r3, #29
1000606e:	d408      	bmi.n	10006082 <tu_edpt_claim+0x46>
10006070:	2204      	movs	r2, #4
10006072:	7823      	ldrb	r3, [r4, #0]
10006074:	2501      	movs	r5, #1
10006076:	4313      	orrs	r3, r2
10006078:	7023      	strb	r3, [r4, #0]
1000607a:	e002      	b.n	10006082 <tu_edpt_claim+0x46>
1000607c:	2500      	movs	r5, #0
1000607e:	e7e8      	b.n	10006052 <tu_edpt_claim+0x16>
10006080:	2500      	movs	r5, #0
10006082:	0030      	movs	r0, r6
10006084:	f000 fc28 	bl	100068d8 <__mutex_exit_veneer>
10006088:	e7e3      	b.n	10006052 <tu_edpt_claim+0x16>
1000608a:	46c0      	nop			; (mov r8, r8)

1000608c <tu_edpt_release>:
1000608c:	b570      	push	{r4, r5, r6, lr}
1000608e:	000d      	movs	r5, r1
10006090:	2101      	movs	r1, #1
10006092:	0004      	movs	r4, r0
10006094:	4249      	negs	r1, r1
10006096:	0028      	movs	r0, r5
10006098:	f000 fc3e 	bl	10006918 <__mutex_enter_timeout_ms_veneer>
1000609c:	7823      	ldrb	r3, [r4, #0]
1000609e:	075b      	lsls	r3, r3, #29
100060a0:	0fde      	lsrs	r6, r3, #31
100060a2:	2b00      	cmp	r3, #0
100060a4:	db04      	blt.n	100060b0 <tu_edpt_release+0x24>
100060a6:	0028      	movs	r0, r5
100060a8:	f000 fc16 	bl	100068d8 <__mutex_exit_veneer>
100060ac:	0030      	movs	r0, r6
100060ae:	bd70      	pop	{r4, r5, r6, pc}
100060b0:	7823      	ldrb	r3, [r4, #0]
100060b2:	07db      	lsls	r3, r3, #31
100060b4:	d404      	bmi.n	100060c0 <tu_edpt_release+0x34>
100060b6:	2204      	movs	r2, #4
100060b8:	7823      	ldrb	r3, [r4, #0]
100060ba:	4393      	bics	r3, r2
100060bc:	7023      	strb	r3, [r4, #0]
100060be:	e7f2      	b.n	100060a6 <tu_edpt_release+0x1a>
100060c0:	2600      	movs	r6, #0
100060c2:	e7f0      	b.n	100060a6 <tu_edpt_release+0x1a>

100060c4 <tu_edpt_validate>:
100060c4:	b510      	push	{r4, lr}
100060c6:	7943      	ldrb	r3, [r0, #5]
100060c8:	7904      	ldrb	r4, [r0, #4]
100060ca:	021b      	lsls	r3, r3, #8
100060cc:	4323      	orrs	r3, r4
100060ce:	055b      	lsls	r3, r3, #21
100060d0:	0d5a      	lsrs	r2, r3, #21
100060d2:	78c3      	ldrb	r3, [r0, #3]
100060d4:	079b      	lsls	r3, r3, #30
100060d6:	0f9b      	lsrs	r3, r3, #30
100060d8:	2b02      	cmp	r3, #2
100060da:	d005      	beq.n	100060e8 <tu_edpt_validate+0x24>
100060dc:	2b03      	cmp	r3, #3
100060de:	d015      	beq.n	1000610c <tu_edpt_validate+0x48>
100060e0:	2000      	movs	r0, #0
100060e2:	2b01      	cmp	r3, #1
100060e4:	d008      	beq.n	100060f8 <tu_edpt_validate+0x34>
100060e6:	bd10      	pop	{r4, pc}
100060e8:	2902      	cmp	r1, #2
100060ea:	d01c      	beq.n	10006126 <tu_edpt_validate+0x62>
100060ec:	2000      	movs	r0, #0
100060ee:	2340      	movs	r3, #64	; 0x40
100060f0:	4293      	cmp	r3, r2
100060f2:	4140      	adcs	r0, r0
100060f4:	b2c0      	uxtb	r0, r0
100060f6:	e7f6      	b.n	100060e6 <tu_edpt_validate+0x22>
100060f8:	3902      	subs	r1, #2
100060fa:	424b      	negs	r3, r1
100060fc:	4159      	adcs	r1, r3
100060fe:	4b0d      	ldr	r3, [pc, #52]	; (10006134 <tu_edpt_validate+0x70>)
10006100:	469c      	mov	ip, r3
10006102:	4461      	add	r1, ip
10006104:	4291      	cmp	r1, r2
10006106:	4140      	adcs	r0, r0
10006108:	b2c0      	uxtb	r0, r0
1000610a:	e7ec      	b.n	100060e6 <tu_edpt_validate+0x22>
1000610c:	3902      	subs	r1, #2
1000610e:	424b      	negs	r3, r1
10006110:	4159      	adcs	r1, r3
10006112:	23f0      	movs	r3, #240	; 0xf0
10006114:	2000      	movs	r0, #0
10006116:	4249      	negs	r1, r1
10006118:	009b      	lsls	r3, r3, #2
1000611a:	4019      	ands	r1, r3
1000611c:	3140      	adds	r1, #64	; 0x40
1000611e:	4291      	cmp	r1, r2
10006120:	4140      	adcs	r0, r0
10006122:	b2c0      	uxtb	r0, r0
10006124:	e7df      	b.n	100060e6 <tu_edpt_validate+0x22>
10006126:	4b04      	ldr	r3, [pc, #16]	; (10006138 <tu_edpt_validate+0x74>)
10006128:	18d3      	adds	r3, r2, r3
1000612a:	425a      	negs	r2, r3
1000612c:	4153      	adcs	r3, r2
1000612e:	b2d8      	uxtb	r0, r3
10006130:	e7d9      	b.n	100060e6 <tu_edpt_validate+0x22>
10006132:	46c0      	nop			; (mov r8, r8)
10006134:	000003ff 	.word	0x000003ff
10006138:	fffffe00 	.word	0xfffffe00

1000613c <tu_edpt_bind_driver>:
1000613c:	188a      	adds	r2, r1, r2
1000613e:	b570      	push	{r4, r5, r6, lr}
10006140:	4291      	cmp	r1, r2
10006142:	d207      	bcs.n	10006154 <tu_edpt_bind_driver+0x18>
10006144:	267f      	movs	r6, #127	; 0x7f
10006146:	784c      	ldrb	r4, [r1, #1]
10006148:	2c05      	cmp	r4, #5
1000614a:	d004      	beq.n	10006156 <tu_edpt_bind_driver+0x1a>
1000614c:	780c      	ldrb	r4, [r1, #0]
1000614e:	1909      	adds	r1, r1, r4
10006150:	428a      	cmp	r2, r1
10006152:	d8f8      	bhi.n	10006146 <tu_edpt_bind_driver+0xa>
10006154:	bd70      	pop	{r4, r5, r6, pc}
10006156:	0034      	movs	r4, r6
10006158:	788d      	ldrb	r5, [r1, #2]
1000615a:	402c      	ands	r4, r5
1000615c:	0064      	lsls	r4, r4, #1
1000615e:	1904      	adds	r4, r0, r4
10006160:	09ed      	lsrs	r5, r5, #7
10006162:	5563      	strb	r3, [r4, r5]
10006164:	780c      	ldrb	r4, [r1, #0]
10006166:	1909      	adds	r1, r1, r4
10006168:	428a      	cmp	r2, r1
1000616a:	d8ec      	bhi.n	10006146 <tu_edpt_bind_driver+0xa>
1000616c:	e7f2      	b.n	10006154 <tu_edpt_bind_driver+0x18>
1000616e:	46c0      	nop			; (mov r8, r8)

10006170 <tu_edpt_stream_init>:
10006170:	b5f0      	push	{r4, r5, r6, r7, lr}
10006172:	46c6      	mov	lr, r8
10006174:	b500      	push	{lr}
10006176:	b082      	sub	sp, #8
10006178:	0015      	movs	r5, r2
1000617a:	aa08      	add	r2, sp, #32
1000617c:	ca40      	ldmia	r2!, {r6}
1000617e:	0004      	movs	r4, r0
10006180:	8817      	ldrh	r7, [r2, #0]
10006182:	aa0b      	add	r2, sp, #44	; 0x2c
10006184:	8812      	ldrh	r2, [r2, #0]
10006186:	2001      	movs	r0, #1
10006188:	4690      	mov	r8, r2
1000618a:	000a      	movs	r2, r1
1000618c:	7821      	ldrb	r1, [r4, #0]
1000618e:	4002      	ands	r2, r0
10006190:	4381      	bics	r1, r0
10006192:	0020      	movs	r0, r4
10006194:	4311      	orrs	r1, r2
10006196:	7021      	strb	r1, [r4, #0]
10006198:	9300      	str	r3, [sp, #0]
1000619a:	003a      	movs	r2, r7
1000619c:	2301      	movs	r3, #1
1000619e:	0031      	movs	r1, r6
100061a0:	3008      	adds	r0, #8
100061a2:	f000 f8e9 	bl	10006378 <tu_fifo_config>
100061a6:	2e00      	cmp	r6, #0
100061a8:	d001      	beq.n	100061ae <tu_edpt_stream_init+0x3e>
100061aa:	2f00      	cmp	r7, #0
100061ac:	d108      	bne.n	100061c0 <tu_edpt_stream_init+0x50>
100061ae:	9b0a      	ldr	r3, [sp, #40]	; 0x28
100061b0:	2001      	movs	r0, #1
100061b2:	6063      	str	r3, [r4, #4]
100061b4:	4643      	mov	r3, r8
100061b6:	8063      	strh	r3, [r4, #2]
100061b8:	b002      	add	sp, #8
100061ba:	bc80      	pop	{r7}
100061bc:	46b8      	mov	r8, r7
100061be:	bdf0      	pop	{r4, r5, r6, r7, pc}
100061c0:	0026      	movs	r6, r4
100061c2:	361c      	adds	r6, #28
100061c4:	0030      	movs	r0, r6
100061c6:	f7fa fd17 	bl	10000bf8 <mutex_init>
100061ca:	2300      	movs	r3, #0
100061cc:	2d00      	cmp	r5, #0
100061ce:	d001      	beq.n	100061d4 <tu_edpt_stream_init+0x64>
100061d0:	0033      	movs	r3, r6
100061d2:	2600      	movs	r6, #0
100061d4:	6163      	str	r3, [r4, #20]
100061d6:	61a6      	str	r6, [r4, #24]
100061d8:	e7e9      	b.n	100061ae <tu_edpt_stream_init+0x3e>
100061da:	46c0      	nop			; (mov r8, r8)

100061dc <tu_edpt_stream_deinit>:
100061dc:	2001      	movs	r0, #1
100061de:	4770      	bx	lr

100061e0 <tu_edpt_stream_write_zlp_if_needed>:
100061e0:	b5f8      	push	{r3, r4, r5, r6, r7, lr}
100061e2:	23e0      	movs	r3, #224	; 0xe0
100061e4:	0007      	movs	r7, r0
100061e6:	0008      	movs	r0, r1
100061e8:	780c      	ldrb	r4, [r1, #0]
100061ea:	005b      	lsls	r3, r3, #1
100061ec:	07a4      	lsls	r4, r4, #30
100061ee:	17e4      	asrs	r4, r4, #31
100061f0:	401c      	ands	r4, r3
100061f2:	3008      	adds	r0, #8
100061f4:	000d      	movs	r5, r1
100061f6:	0016      	movs	r6, r2
100061f8:	343f      	adds	r4, #63	; 0x3f
100061fa:	f000 f8f5 	bl	100063e8 <tu_fifo_count>
100061fe:	2800      	cmp	r0, #0
10006200:	d107      	bne.n	10006212 <tu_edpt_stream_write_zlp_if_needed+0x32>
10006202:	2e00      	cmp	r6, #0
10006204:	d005      	beq.n	10006212 <tu_edpt_stream_write_zlp_if_needed+0x32>
10006206:	4234      	tst	r4, r6
10006208:	d103      	bne.n	10006212 <tu_edpt_stream_write_zlp_if_needed+0x32>
1000620a:	2401      	movs	r4, #1
1000620c:	782b      	ldrb	r3, [r5, #0]
1000620e:	421c      	tst	r4, r3
10006210:	d001      	beq.n	10006216 <tu_edpt_stream_write_zlp_if_needed+0x36>
10006212:	2000      	movs	r0, #0
10006214:	bdf8      	pop	{r3, r4, r5, r6, r7, pc}
10006216:	0038      	movs	r0, r7
10006218:	7869      	ldrb	r1, [r5, #1]
1000621a:	f7ff f99d 	bl	10005558 <usbd_edpt_claim>
1000621e:	2800      	cmp	r0, #0
10006220:	d0f7      	beq.n	10006212 <tu_edpt_stream_write_zlp_if_needed+0x32>
10006222:	782b      	ldrb	r3, [r5, #0]
10006224:	421c      	tst	r4, r3
10006226:	d1f4      	bne.n	10006212 <tu_edpt_stream_write_zlp_if_needed+0x32>
10006228:	2300      	movs	r3, #0
1000622a:	2200      	movs	r2, #0
1000622c:	0038      	movs	r0, r7
1000622e:	7869      	ldrb	r1, [r5, #1]
10006230:	f7ff f9ba 	bl	100055a8 <usbd_edpt_xfer>
10006234:	e7ee      	b.n	10006214 <tu_edpt_stream_write_zlp_if_needed+0x34>
10006236:	46c0      	nop			; (mov r8, r8)

10006238 <tu_edpt_stream_write_xfer>:
10006238:	b5f8      	push	{r3, r4, r5, r6, r7, lr}
1000623a:	000d      	movs	r5, r1
1000623c:	3508      	adds	r5, #8
1000623e:	0006      	movs	r6, r0
10006240:	0028      	movs	r0, r5
10006242:	000c      	movs	r4, r1
10006244:	f000 f8d0 	bl	100063e8 <tu_fifo_count>
10006248:	2800      	cmp	r0, #0
1000624a:	d003      	beq.n	10006254 <tu_edpt_stream_write_xfer+0x1c>
1000624c:	2701      	movs	r7, #1
1000624e:	7823      	ldrb	r3, [r4, #0]
10006250:	421f      	tst	r7, r3
10006252:	d001      	beq.n	10006258 <tu_edpt_stream_write_xfer+0x20>
10006254:	2000      	movs	r0, #0
10006256:	bdf8      	pop	{r3, r4, r5, r6, r7, pc}
10006258:	0030      	movs	r0, r6
1000625a:	7861      	ldrb	r1, [r4, #1]
1000625c:	f7ff f97c 	bl	10005558 <usbd_edpt_claim>
10006260:	2800      	cmp	r0, #0
10006262:	d0f7      	beq.n	10006254 <tu_edpt_stream_write_xfer+0x1c>
10006264:	0028      	movs	r0, r5
10006266:	8862      	ldrh	r2, [r4, #2]
10006268:	6861      	ldr	r1, [r4, #4]
1000626a:	f000 f941 	bl	100064f0 <tu_fifo_read_n>
1000626e:	7823      	ldrb	r3, [r4, #0]
10006270:	1e05      	subs	r5, r0, #0
10006272:	d00b      	beq.n	1000628c <tu_edpt_stream_write_xfer+0x54>
10006274:	421f      	tst	r7, r3
10006276:	d1ed      	bne.n	10006254 <tu_edpt_stream_write_xfer+0x1c>
10006278:	0003      	movs	r3, r0
1000627a:	6862      	ldr	r2, [r4, #4]
1000627c:	0030      	movs	r0, r6
1000627e:	7861      	ldrb	r1, [r4, #1]
10006280:	f7ff f992 	bl	100055a8 <usbd_edpt_xfer>
10006284:	2800      	cmp	r0, #0
10006286:	d0e5      	beq.n	10006254 <tu_edpt_stream_write_xfer+0x1c>
10006288:	0028      	movs	r0, r5
1000628a:	e7e4      	b.n	10006256 <tu_edpt_stream_write_xfer+0x1e>
1000628c:	421f      	tst	r7, r3
1000628e:	d1e1      	bne.n	10006254 <tu_edpt_stream_write_xfer+0x1c>
10006290:	0030      	movs	r0, r6
10006292:	7861      	ldrb	r1, [r4, #1]
10006294:	f7ff f974 	bl	10005580 <usbd_edpt_release>
10006298:	e7dc      	b.n	10006254 <tu_edpt_stream_write_xfer+0x1c>
1000629a:	46c0      	nop			; (mov r8, r8)

1000629c <tu_edpt_stream_read_xfer>:
1000629c:	b5f8      	push	{r3, r4, r5, r6, r7, lr}
1000629e:	46ce      	mov	lr, r9
100062a0:	4647      	mov	r7, r8
100062a2:	b580      	push	{r7, lr}
100062a4:	898b      	ldrh	r3, [r1, #12]
100062a6:	0006      	movs	r6, r0
100062a8:	000c      	movs	r4, r1
100062aa:	2b00      	cmp	r3, #0
100062ac:	d108      	bne.n	100062c0 <tu_edpt_stream_read_xfer+0x24>
100062ae:	2501      	movs	r5, #1
100062b0:	780b      	ldrb	r3, [r1, #0]
100062b2:	421d      	tst	r5, r3
100062b4:	d041      	beq.n	1000633a <tu_edpt_stream_read_xfer+0x9e>
100062b6:	2000      	movs	r0, #0
100062b8:	bcc0      	pop	{r6, r7}
100062ba:	46b9      	mov	r9, r7
100062bc:	46b0      	mov	r8, r6
100062be:	bdf8      	pop	{r3, r4, r5, r6, r7, pc}
100062c0:	780b      	ldrb	r3, [r1, #0]
100062c2:	079b      	lsls	r3, r3, #30
100062c4:	d434      	bmi.n	10006330 <tu_edpt_stream_read_xfer+0x94>
100062c6:	2340      	movs	r3, #64	; 0x40
100062c8:	425b      	negs	r3, r3
100062ca:	4699      	mov	r9, r3
100062cc:	2540      	movs	r5, #64	; 0x40
100062ce:	0027      	movs	r7, r4
100062d0:	3708      	adds	r7, #8
100062d2:	0038      	movs	r0, r7
100062d4:	f000 f8a6 	bl	10006424 <tu_fifo_remaining>
100062d8:	42a8      	cmp	r0, r5
100062da:	d3ec      	bcc.n	100062b6 <tu_edpt_stream_read_xfer+0x1a>
100062dc:	2201      	movs	r2, #1
100062de:	7823      	ldrb	r3, [r4, #0]
100062e0:	4690      	mov	r8, r2
100062e2:	421a      	tst	r2, r3
100062e4:	d1e7      	bne.n	100062b6 <tu_edpt_stream_read_xfer+0x1a>
100062e6:	0030      	movs	r0, r6
100062e8:	7861      	ldrb	r1, [r4, #1]
100062ea:	f7ff f935 	bl	10005558 <usbd_edpt_claim>
100062ee:	2800      	cmp	r0, #0
100062f0:	d0e1      	beq.n	100062b6 <tu_edpt_stream_read_xfer+0x1a>
100062f2:	0038      	movs	r0, r7
100062f4:	f000 f896 	bl	10006424 <tu_fifo_remaining>
100062f8:	4642      	mov	r2, r8
100062fa:	7823      	ldrb	r3, [r4, #0]
100062fc:	4285      	cmp	r5, r0
100062fe:	d831      	bhi.n	10006364 <tu_edpt_stream_read_xfer+0xc8>
10006300:	421a      	tst	r2, r3
10006302:	d1d8      	bne.n	100062b6 <tu_edpt_stream_read_xfer+0x1a>
10006304:	464b      	mov	r3, r9
10006306:	8862      	ldrh	r2, [r4, #2]
10006308:	4018      	ands	r0, r3
1000630a:	1c05      	adds	r5, r0, #0
1000630c:	b280      	uxth	r0, r0
1000630e:	4290      	cmp	r0, r2
10006310:	d900      	bls.n	10006314 <tu_edpt_stream_read_xfer+0x78>
10006312:	1c15      	adds	r5, r2, #0
10006314:	b2ad      	uxth	r5, r5
10006316:	2200      	movs	r2, #0
10006318:	7861      	ldrb	r1, [r4, #1]
1000631a:	2d00      	cmp	r5, #0
1000631c:	d000      	beq.n	10006320 <tu_edpt_stream_read_xfer+0x84>
1000631e:	6862      	ldr	r2, [r4, #4]
10006320:	002b      	movs	r3, r5
10006322:	0030      	movs	r0, r6
10006324:	f7ff f940 	bl	100055a8 <usbd_edpt_xfer>
10006328:	2800      	cmp	r0, #0
1000632a:	d0c4      	beq.n	100062b6 <tu_edpt_stream_read_xfer+0x1a>
1000632c:	0028      	movs	r0, r5
1000632e:	e7c3      	b.n	100062b8 <tu_edpt_stream_read_xfer+0x1c>
10006330:	2580      	movs	r5, #128	; 0x80
10006332:	4b10      	ldr	r3, [pc, #64]	; (10006374 <tu_edpt_stream_read_xfer+0xd8>)
10006334:	00ad      	lsls	r5, r5, #2
10006336:	4699      	mov	r9, r3
10006338:	e7c9      	b.n	100062ce <tu_edpt_stream_read_xfer+0x32>
1000633a:	7849      	ldrb	r1, [r1, #1]
1000633c:	f7ff f90c 	bl	10005558 <usbd_edpt_claim>
10006340:	2800      	cmp	r0, #0
10006342:	d0b8      	beq.n	100062b6 <tu_edpt_stream_read_xfer+0x1a>
10006344:	7823      	ldrb	r3, [r4, #0]
10006346:	421d      	tst	r5, r3
10006348:	d1b5      	bne.n	100062b6 <tu_edpt_stream_read_xfer+0x1a>
1000634a:	8863      	ldrh	r3, [r4, #2]
1000634c:	2200      	movs	r2, #0
1000634e:	7861      	ldrb	r1, [r4, #1]
10006350:	2b00      	cmp	r3, #0
10006352:	d000      	beq.n	10006356 <tu_edpt_stream_read_xfer+0xba>
10006354:	6862      	ldr	r2, [r4, #4]
10006356:	0030      	movs	r0, r6
10006358:	f7ff f926 	bl	100055a8 <usbd_edpt_xfer>
1000635c:	2800      	cmp	r0, #0
1000635e:	d0aa      	beq.n	100062b6 <tu_edpt_stream_read_xfer+0x1a>
10006360:	8860      	ldrh	r0, [r4, #2]
10006362:	e7a9      	b.n	100062b8 <tu_edpt_stream_read_xfer+0x1c>
10006364:	421a      	tst	r2, r3
10006366:	d1a6      	bne.n	100062b6 <tu_edpt_stream_read_xfer+0x1a>
10006368:	0030      	movs	r0, r6
1000636a:	7861      	ldrb	r1, [r4, #1]
1000636c:	f7ff f908 	bl	10005580 <usbd_edpt_release>
10006370:	e7a1      	b.n	100062b6 <tu_edpt_stream_read_xfer+0x1a>
10006372:	46c0      	nop			; (mov r8, r8)
10006374:	fffffe00 	.word	0xfffffe00

10006378 <tu_fifo_config>:
10006378:	b5f0      	push	{r4, r5, r6, r7, lr}
1000637a:	46c6      	mov	lr, r8
1000637c:	b500      	push	{lr}
1000637e:	0004      	movs	r4, r0
10006380:	a806      	add	r0, sp, #24
10006382:	7805      	ldrb	r5, [r0, #0]
10006384:	2080      	movs	r0, #128	; 0x80
10006386:	4688      	mov	r8, r1
10006388:	0017      	movs	r7, r2
1000638a:	001e      	movs	r6, r3
1000638c:	0200      	lsls	r0, r0, #8
1000638e:	4282      	cmp	r2, r0
10006390:	d827      	bhi.n	100063e2 <tu_fifo_config+0x6a>
10006392:	68e0      	ldr	r0, [r4, #12]
10006394:	2800      	cmp	r0, #0
10006396:	d003      	beq.n	100063a0 <tu_fifo_config+0x28>
10006398:	2101      	movs	r1, #1
1000639a:	4249      	negs	r1, r1
1000639c:	f000 fabc 	bl	10006918 <__mutex_enter_timeout_ms_veneer>
100063a0:	6920      	ldr	r0, [r4, #16]
100063a2:	2800      	cmp	r0, #0
100063a4:	d003      	beq.n	100063ae <tu_fifo_config+0x36>
100063a6:	2101      	movs	r1, #1
100063a8:	4249      	negs	r1, r1
100063aa:	f000 fab5 	bl	10006918 <__mutex_enter_timeout_ms_veneer>
100063ae:	4643      	mov	r3, r8
100063b0:	6023      	str	r3, [r4, #0]
100063b2:	0473      	lsls	r3, r6, #17
100063b4:	0c5b      	lsrs	r3, r3, #17
100063b6:	03ed      	lsls	r5, r5, #15
100063b8:	431d      	orrs	r5, r3
100063ba:	2300      	movs	r3, #0
100063bc:	68e0      	ldr	r0, [r4, #12]
100063be:	8163      	strh	r3, [r4, #10]
100063c0:	80a7      	strh	r7, [r4, #4]
100063c2:	80e5      	strh	r5, [r4, #6]
100063c4:	8123      	strh	r3, [r4, #8]
100063c6:	2800      	cmp	r0, #0
100063c8:	d001      	beq.n	100063ce <tu_fifo_config+0x56>
100063ca:	f000 fa85 	bl	100068d8 <__mutex_exit_veneer>
100063ce:	6920      	ldr	r0, [r4, #16]
100063d0:	2401      	movs	r4, #1
100063d2:	2800      	cmp	r0, #0
100063d4:	d001      	beq.n	100063da <tu_fifo_config+0x62>
100063d6:	f000 fa7f 	bl	100068d8 <__mutex_exit_veneer>
100063da:	0020      	movs	r0, r4
100063dc:	bc80      	pop	{r7}
100063de:	46b8      	mov	r8, r7
100063e0:	bdf0      	pop	{r4, r5, r6, r7, pc}
100063e2:	2400      	movs	r4, #0
100063e4:	e7f9      	b.n	100063da <tu_fifo_config+0x62>
100063e6:	46c0      	nop			; (mov r8, r8)

100063e8 <tu_fifo_count>:
100063e8:	b510      	push	{r4, lr}
100063ea:	8904      	ldrh	r4, [r0, #8]
100063ec:	8941      	ldrh	r1, [r0, #10]
100063ee:	8882      	ldrh	r2, [r0, #4]
100063f0:	b2a3      	uxth	r3, r4
100063f2:	b288      	uxth	r0, r1
100063f4:	428c      	cmp	r4, r1
100063f6:	d307      	bcc.n	10006408 <tu_fifo_count+0x20>
100063f8:	1a1b      	subs	r3, r3, r0
100063fa:	b29b      	uxth	r3, r3
100063fc:	1c10      	adds	r0, r2, #0
100063fe:	429a      	cmp	r2, r3
10006400:	d900      	bls.n	10006404 <tu_fifo_count+0x1c>
10006402:	1c18      	adds	r0, r3, #0
10006404:	b280      	uxth	r0, r0
10006406:	bd10      	pop	{r4, pc}
10006408:	0051      	lsls	r1, r2, #1
1000640a:	1a09      	subs	r1, r1, r0
1000640c:	185b      	adds	r3, r3, r1
1000640e:	b29b      	uxth	r3, r3
10006410:	e7f4      	b.n	100063fc <tu_fifo_count+0x14>
10006412:	46c0      	nop			; (mov r8, r8)

10006414 <tu_fifo_empty>:
10006414:	0003      	movs	r3, r0
10006416:	8900      	ldrh	r0, [r0, #8]
10006418:	895b      	ldrh	r3, [r3, #10]
1000641a:	1ac0      	subs	r0, r0, r3
1000641c:	4243      	negs	r3, r0
1000641e:	4158      	adcs	r0, r3
10006420:	b2c0      	uxtb	r0, r0
10006422:	4770      	bx	lr

10006424 <tu_fifo_remaining>:
10006424:	b510      	push	{r4, lr}
10006426:	8904      	ldrh	r4, [r0, #8]
10006428:	8941      	ldrh	r1, [r0, #10]
1000642a:	8882      	ldrh	r2, [r0, #4]
1000642c:	b2a3      	uxth	r3, r4
1000642e:	b288      	uxth	r0, r1
10006430:	428c      	cmp	r4, r1
10006432:	d307      	bcc.n	10006444 <tu_fifo_remaining+0x20>
10006434:	1a1b      	subs	r3, r3, r0
10006436:	b29b      	uxth	r3, r3
10006438:	2000      	movs	r0, #0
1000643a:	429a      	cmp	r2, r3
1000643c:	d901      	bls.n	10006442 <tu_fifo_remaining+0x1e>
1000643e:	1ad3      	subs	r3, r2, r3
10006440:	b298      	uxth	r0, r3
10006442:	bd10      	pop	{r4, pc}
10006444:	0051      	lsls	r1, r2, #1
10006446:	1a09      	subs	r1, r1, r0
10006448:	185b      	adds	r3, r3, r1
1000644a:	b29b      	uxth	r3, r3
1000644c:	e7f4      	b.n	10006438 <tu_fifo_remaining+0x14>
1000644e:	46c0      	nop			; (mov r8, r8)

10006450 <tu_fifo_read>:
10006450:	b570      	push	{r4, r5, r6, lr}
10006452:	0004      	movs	r4, r0
10006454:	6900      	ldr	r0, [r0, #16]
10006456:	000e      	movs	r6, r1
10006458:	2800      	cmp	r0, #0
1000645a:	d003      	beq.n	10006464 <tu_fifo_read+0x14>
1000645c:	2101      	movs	r1, #1
1000645e:	4249      	negs	r1, r1
10006460:	f000 fa5a 	bl	10006918 <__mutex_enter_timeout_ms_veneer>
10006464:	8925      	ldrh	r5, [r4, #8]
10006466:	8960      	ldrh	r0, [r4, #10]
10006468:	88a2      	ldrh	r2, [r4, #4]
1000646a:	b2a9      	uxth	r1, r5
1000646c:	b283      	uxth	r3, r0
1000646e:	4285      	cmp	r5, r0
10006470:	d32c      	bcc.n	100064cc <tu_fifo_read+0x7c>
10006472:	1acd      	subs	r5, r1, r3
10006474:	b2ad      	uxth	r5, r5
10006476:	2d00      	cmp	r5, #0
10006478:	d02e      	beq.n	100064d8 <tu_fifo_read+0x88>
1000647a:	42aa      	cmp	r2, r5
1000647c:	d208      	bcs.n	10006490 <tu_fifo_read+0x40>
1000647e:	4291      	cmp	r1, r2
10006480:	d331      	bcc.n	100064e6 <tu_fifo_read+0x96>
10006482:	1a8b      	subs	r3, r1, r2
10006484:	b29b      	uxth	r3, r3
10006486:	8163      	strh	r3, [r4, #10]
10006488:	429a      	cmp	r2, r3
1000648a:	d803      	bhi.n	10006494 <tu_fifo_read+0x44>
1000648c:	1a9b      	subs	r3, r3, r2
1000648e:	b29b      	uxth	r3, r3
10006490:	429a      	cmp	r2, r3
10006492:	d9fb      	bls.n	1000648c <tu_fifo_read+0x3c>
10006494:	88e2      	ldrh	r2, [r4, #6]
10006496:	6821      	ldr	r1, [r4, #0]
10006498:	0452      	lsls	r2, r2, #17
1000649a:	0c52      	lsrs	r2, r2, #17
1000649c:	4353      	muls	r3, r2
1000649e:	0030      	movs	r0, r6
100064a0:	18c9      	adds	r1, r1, r3
100064a2:	f7fb ffe9 	bl	10002478 <__wrap___aeabi_memcpy>
100064a6:	8961      	ldrh	r1, [r4, #10]
100064a8:	2501      	movs	r5, #1
100064aa:	1c4b      	adds	r3, r1, #1
100064ac:	b29b      	uxth	r3, r3
100064ae:	88a2      	ldrh	r2, [r4, #4]
100064b0:	4299      	cmp	r1, r3
100064b2:	d914      	bls.n	100064de <tu_fifo_read+0x8e>
100064b4:	2300      	movs	r3, #0
100064b6:	0052      	lsls	r2, r2, #1
100064b8:	1a9b      	subs	r3, r3, r2
100064ba:	b29b      	uxth	r3, r3
100064bc:	6920      	ldr	r0, [r4, #16]
100064be:	8163      	strh	r3, [r4, #10]
100064c0:	2800      	cmp	r0, #0
100064c2:	d001      	beq.n	100064c8 <tu_fifo_read+0x78>
100064c4:	f000 fa08 	bl	100068d8 <__mutex_exit_veneer>
100064c8:	0028      	movs	r0, r5
100064ca:	bd70      	pop	{r4, r5, r6, pc}
100064cc:	0055      	lsls	r5, r2, #1
100064ce:	1aed      	subs	r5, r5, r3
100064d0:	194d      	adds	r5, r1, r5
100064d2:	b2ad      	uxth	r5, r5
100064d4:	2d00      	cmp	r5, #0
100064d6:	d1d0      	bne.n	1000647a <tu_fifo_read+0x2a>
100064d8:	2500      	movs	r5, #0
100064da:	8963      	ldrh	r3, [r4, #10]
100064dc:	b29b      	uxth	r3, r3
100064de:	0052      	lsls	r2, r2, #1
100064e0:	4293      	cmp	r3, r2
100064e2:	dbeb      	blt.n	100064bc <tu_fifo_read+0x6c>
100064e4:	e7e8      	b.n	100064b8 <tu_fifo_read+0x68>
100064e6:	1889      	adds	r1, r1, r2
100064e8:	b28b      	uxth	r3, r1
100064ea:	8163      	strh	r3, [r4, #10]
100064ec:	e7cc      	b.n	10006488 <tu_fifo_read+0x38>
100064ee:	46c0      	nop			; (mov r8, r8)

100064f0 <tu_fifo_read_n>:
100064f0:	b5f0      	push	{r4, r5, r6, r7, lr}
100064f2:	4646      	mov	r6, r8
100064f4:	464f      	mov	r7, r9
100064f6:	46d6      	mov	lr, sl
100064f8:	b5c0      	push	{r6, r7, lr}
100064fa:	0006      	movs	r6, r0
100064fc:	6900      	ldr	r0, [r0, #16]
100064fe:	4689      	mov	r9, r1
10006500:	4690      	mov	r8, r2
10006502:	2800      	cmp	r0, #0
10006504:	d003      	beq.n	1000650e <tu_fifo_read_n+0x1e>
10006506:	2101      	movs	r1, #1
10006508:	4249      	negs	r1, r1
1000650a:	f000 fa05 	bl	10006918 <__mutex_enter_timeout_ms_veneer>
1000650e:	8931      	ldrh	r1, [r6, #8]
10006510:	8972      	ldrh	r2, [r6, #10]
10006512:	88b5      	ldrh	r5, [r6, #4]
10006514:	b28b      	uxth	r3, r1
10006516:	b294      	uxth	r4, r2
10006518:	4291      	cmp	r1, r2
1000651a:	d357      	bcc.n	100065cc <tu_fifo_read_n+0xdc>
1000651c:	1b1f      	subs	r7, r3, r4
1000651e:	b2bf      	uxth	r7, r7
10006520:	2f00      	cmp	r7, #0
10006522:	d04d      	beq.n	100065c0 <tu_fifo_read_n+0xd0>
10006524:	42bd      	cmp	r5, r7
10006526:	d205      	bcs.n	10006534 <tu_fifo_read_n+0x44>
10006528:	42ab      	cmp	r3, r5
1000652a:	d254      	bcs.n	100065d6 <tu_fifo_read_n+0xe6>
1000652c:	195b      	adds	r3, r3, r5
1000652e:	b29c      	uxth	r4, r3
10006530:	002f      	movs	r7, r5
10006532:	8174      	strh	r4, [r6, #10]
10006534:	4643      	mov	r3, r8
10006536:	45b8      	cmp	r8, r7
10006538:	d840      	bhi.n	100065bc <tu_fifo_read_n+0xcc>
1000653a:	b29f      	uxth	r7, r3
1000653c:	42a5      	cmp	r5, r4
1000653e:	d803      	bhi.n	10006548 <tu_fifo_read_n+0x58>
10006540:	1b64      	subs	r4, r4, r5
10006542:	b2a4      	uxth	r4, r4
10006544:	42a5      	cmp	r5, r4
10006546:	d9fb      	bls.n	10006540 <tu_fifo_read_n+0x50>
10006548:	88f2      	ldrh	r2, [r6, #6]
1000654a:	1b28      	subs	r0, r5, r4
1000654c:	0452      	lsls	r2, r2, #17
1000654e:	0c53      	lsrs	r3, r2, #17
10006550:	0019      	movs	r1, r3
10006552:	4698      	mov	r8, r3
10006554:	6833      	ldr	r3, [r6, #0]
10006556:	4361      	muls	r1, r4
10006558:	469c      	mov	ip, r3
1000655a:	b280      	uxth	r0, r0
1000655c:	4461      	add	r1, ip
1000655e:	4287      	cmp	r7, r0
10006560:	d926      	bls.n	100065b0 <tu_fifo_read_n+0xc0>
10006562:	4643      	mov	r3, r8
10006564:	4358      	muls	r0, r3
10006566:	b283      	uxth	r3, r0
10006568:	001a      	movs	r2, r3
1000656a:	4648      	mov	r0, r9
1000656c:	469a      	mov	sl, r3
1000656e:	f7fb ff83 	bl	10002478 <__wrap___aeabi_memcpy>
10006572:	4643      	mov	r3, r8
10006574:	4648      	mov	r0, r9
10006576:	1b7d      	subs	r5, r7, r5
10006578:	1964      	adds	r4, r4, r5
1000657a:	435c      	muls	r4, r3
1000657c:	6831      	ldr	r1, [r6, #0]
1000657e:	4450      	add	r0, sl
10006580:	b2a2      	uxth	r2, r4
10006582:	f7fb ff79 	bl	10002478 <__wrap___aeabi_memcpy>
10006586:	8971      	ldrh	r1, [r6, #10]
10006588:	88b5      	ldrh	r5, [r6, #4]
1000658a:	19cb      	adds	r3, r1, r7
1000658c:	b29b      	uxth	r3, r3
1000658e:	006a      	lsls	r2, r5, #1
10006590:	4299      	cmp	r1, r3
10006592:	d917      	bls.n	100065c4 <tu_fifo_read_n+0xd4>
10006594:	1a9b      	subs	r3, r3, r2
10006596:	b29b      	uxth	r3, r3
10006598:	6930      	ldr	r0, [r6, #16]
1000659a:	8173      	strh	r3, [r6, #10]
1000659c:	2800      	cmp	r0, #0
1000659e:	d001      	beq.n	100065a4 <tu_fifo_read_n+0xb4>
100065a0:	f000 f99a 	bl	100068d8 <__mutex_exit_veneer>
100065a4:	0038      	movs	r0, r7
100065a6:	bce0      	pop	{r5, r6, r7}
100065a8:	46ba      	mov	sl, r7
100065aa:	46b1      	mov	r9, r6
100065ac:	46a8      	mov	r8, r5
100065ae:	bdf0      	pop	{r4, r5, r6, r7, pc}
100065b0:	4642      	mov	r2, r8
100065b2:	4648      	mov	r0, r9
100065b4:	437a      	muls	r2, r7
100065b6:	f7fb ff5f 	bl	10002478 <__wrap___aeabi_memcpy>
100065ba:	e7e4      	b.n	10006586 <tu_fifo_read_n+0x96>
100065bc:	1c3b      	adds	r3, r7, #0
100065be:	e7bc      	b.n	1000653a <tu_fifo_read_n+0x4a>
100065c0:	8973      	ldrh	r3, [r6, #10]
100065c2:	b29b      	uxth	r3, r3
100065c4:	006a      	lsls	r2, r5, #1
100065c6:	4293      	cmp	r3, r2
100065c8:	dbe6      	blt.n	10006598 <tu_fifo_read_n+0xa8>
100065ca:	e7e3      	b.n	10006594 <tu_fifo_read_n+0xa4>
100065cc:	006f      	lsls	r7, r5, #1
100065ce:	1b3f      	subs	r7, r7, r4
100065d0:	19df      	adds	r7, r3, r7
100065d2:	b2bf      	uxth	r7, r7
100065d4:	e7a4      	b.n	10006520 <tu_fifo_read_n+0x30>
100065d6:	1b5b      	subs	r3, r3, r5
100065d8:	b29c      	uxth	r4, r3
100065da:	e7a9      	b.n	10006530 <tu_fifo_read_n+0x40>

100065dc <tu_fifo_write>:
100065dc:	b5f8      	push	{r3, r4, r5, r6, r7, lr}
100065de:	0004      	movs	r4, r0
100065e0:	68c0      	ldr	r0, [r0, #12]
100065e2:	000e      	movs	r6, r1
100065e4:	2800      	cmp	r0, #0
100065e6:	d003      	beq.n	100065f0 <tu_fifo_write+0x14>
100065e8:	2101      	movs	r1, #1
100065ea:	4249      	negs	r1, r1
100065ec:	f000 f994 	bl	10006918 <__mutex_enter_timeout_ms_veneer>
100065f0:	8925      	ldrh	r5, [r4, #8]
100065f2:	8920      	ldrh	r0, [r4, #8]
100065f4:	8961      	ldrh	r1, [r4, #10]
100065f6:	88a2      	ldrh	r2, [r4, #4]
100065f8:	b2ad      	uxth	r5, r5
100065fa:	b283      	uxth	r3, r0
100065fc:	b28f      	uxth	r7, r1
100065fe:	4288      	cmp	r0, r1
10006600:	d328      	bcc.n	10006654 <tu_fifo_write+0x78>
10006602:	1bdb      	subs	r3, r3, r7
10006604:	b29b      	uxth	r3, r3
10006606:	429a      	cmp	r2, r3
10006608:	d809      	bhi.n	1000661e <tu_fifo_write+0x42>
1000660a:	79e7      	ldrb	r7, [r4, #7]
1000660c:	09ff      	lsrs	r7, r7, #7
1000660e:	d106      	bne.n	1000661e <tu_fifo_write+0x42>
10006610:	68e0      	ldr	r0, [r4, #12]
10006612:	2800      	cmp	r0, #0
10006614:	d001      	beq.n	1000661a <tu_fifo_write+0x3e>
10006616:	f000 f95f 	bl	100068d8 <__mutex_exit_veneer>
1000661a:	0038      	movs	r0, r7
1000661c:	bdf8      	pop	{r3, r4, r5, r6, r7, pc}
1000661e:	002b      	movs	r3, r5
10006620:	4295      	cmp	r5, r2
10006622:	d303      	bcc.n	1000662c <tu_fifo_write+0x50>
10006624:	1a9b      	subs	r3, r3, r2
10006626:	b29b      	uxth	r3, r3
10006628:	4293      	cmp	r3, r2
1000662a:	d2fb      	bcs.n	10006624 <tu_fifo_write+0x48>
1000662c:	88e2      	ldrh	r2, [r4, #6]
1000662e:	6821      	ldr	r1, [r4, #0]
10006630:	0452      	lsls	r2, r2, #17
10006632:	0c52      	lsrs	r2, r2, #17
10006634:	4353      	muls	r3, r2
10006636:	18c8      	adds	r0, r1, r3
10006638:	0031      	movs	r1, r6
1000663a:	f7fb ff1d 	bl	10002478 <__wrap___aeabi_memcpy>
1000663e:	88a2      	ldrh	r2, [r4, #4]
10006640:	1c6b      	adds	r3, r5, #1
10006642:	b29b      	uxth	r3, r3
10006644:	0052      	lsls	r2, r2, #1
10006646:	429d      	cmp	r5, r3
10006648:	d909      	bls.n	1000665e <tu_fifo_write+0x82>
1000664a:	1a9b      	subs	r3, r3, r2
1000664c:	b29b      	uxth	r3, r3
1000664e:	2701      	movs	r7, #1
10006650:	8123      	strh	r3, [r4, #8]
10006652:	e7dd      	b.n	10006610 <tu_fifo_write+0x34>
10006654:	0051      	lsls	r1, r2, #1
10006656:	1bc9      	subs	r1, r1, r7
10006658:	185b      	adds	r3, r3, r1
1000665a:	b29b      	uxth	r3, r3
1000665c:	e7d3      	b.n	10006606 <tu_fifo_write+0x2a>
1000665e:	4293      	cmp	r3, r2
10006660:	dbf5      	blt.n	1000664e <tu_fifo_write+0x72>
10006662:	e7f2      	b.n	1000664a <tu_fifo_write+0x6e>

10006664 <tu_fifo_write_n>:
10006664:	b5f0      	push	{r4, r5, r6, r7, lr}
10006666:	464e      	mov	r6, r9
10006668:	4645      	mov	r5, r8
1000666a:	46de      	mov	lr, fp
1000666c:	4657      	mov	r7, sl
1000666e:	b5e0      	push	{r5, r6, r7, lr}
10006670:	4689      	mov	r9, r1
10006672:	0005      	movs	r5, r0
10006674:	0014      	movs	r4, r2
10006676:	b083      	sub	sp, #12
10006678:	2a00      	cmp	r2, #0
1000667a:	d06e      	beq.n	1000675a <tu_fifo_write_n+0xf6>
1000667c:	68c0      	ldr	r0, [r0, #12]
1000667e:	2800      	cmp	r0, #0
10006680:	d003      	beq.n	1000668a <tu_fifo_write_n+0x26>
10006682:	2101      	movs	r1, #1
10006684:	4249      	negs	r1, r1
10006686:	f000 f947 	bl	10006918 <__mutex_enter_timeout_ms_veneer>
1000668a:	892f      	ldrh	r7, [r5, #8]
1000668c:	79ea      	ldrb	r2, [r5, #7]
1000668e:	896b      	ldrh	r3, [r5, #10]
10006690:	b2bf      	uxth	r7, r7
10006692:	b29b      	uxth	r3, r3
10006694:	09d2      	lsrs	r2, r2, #7
10006696:	d142      	bne.n	1000671e <tu_fifo_write_n+0xba>
10006698:	88ae      	ldrh	r6, [r5, #4]
1000669a:	429f      	cmp	r7, r3
1000669c:	d267      	bcs.n	1000676e <tu_fifo_write_n+0x10a>
1000669e:	0072      	lsls	r2, r6, #1
100066a0:	1ad3      	subs	r3, r2, r3
100066a2:	18fb      	adds	r3, r7, r3
100066a4:	b29b      	uxth	r3, r3
100066a6:	2200      	movs	r2, #0
100066a8:	4690      	mov	r8, r2
100066aa:	429e      	cmp	r6, r3
100066ac:	d931      	bls.n	10006712 <tu_fifo_write_n+0xae>
100066ae:	1af3      	subs	r3, r6, r3
100066b0:	1c1a      	adds	r2, r3, #0
100066b2:	b29b      	uxth	r3, r3
100066b4:	42a3      	cmp	r3, r4
100066b6:	d900      	bls.n	100066ba <tu_fifo_write_n+0x56>
100066b8:	1c22      	adds	r2, r4, #0
100066ba:	b293      	uxth	r3, r2
100066bc:	4698      	mov	r8, r3
100066be:	88e8      	ldrh	r0, [r5, #6]
100066c0:	4643      	mov	r3, r8
100066c2:	19db      	adds	r3, r3, r7
100066c4:	b29b      	uxth	r3, r3
100066c6:	469b      	mov	fp, r3
100066c8:	003c      	movs	r4, r7
100066ca:	42be      	cmp	r6, r7
100066cc:	d803      	bhi.n	100066d6 <tu_fifo_write_n+0x72>
100066ce:	1ba4      	subs	r4, r4, r6
100066d0:	b2a4      	uxth	r4, r4
100066d2:	42b4      	cmp	r4, r6
100066d4:	d2fb      	bcs.n	100066ce <tu_fifo_write_n+0x6a>
100066d6:	0440      	lsls	r0, r0, #17
100066d8:	0c43      	lsrs	r3, r0, #17
100066da:	0018      	movs	r0, r3
100066dc:	469a      	mov	sl, r3
100066de:	682b      	ldr	r3, [r5, #0]
100066e0:	4360      	muls	r0, r4
100066e2:	469c      	mov	ip, r3
100066e4:	1b31      	subs	r1, r6, r4
100066e6:	b289      	uxth	r1, r1
100066e8:	4460      	add	r0, ip
100066ea:	4541      	cmp	r1, r8
100066ec:	d34e      	bcc.n	1000678c <tu_fifo_write_n+0x128>
100066ee:	4652      	mov	r2, sl
100066f0:	4643      	mov	r3, r8
100066f2:	4649      	mov	r1, r9
100066f4:	435a      	muls	r2, r3
100066f6:	f7fb febf 	bl	10002478 <__wrap___aeabi_memcpy>
100066fa:	88ab      	ldrh	r3, [r5, #4]
100066fc:	005b      	lsls	r3, r3, #1
100066fe:	45bb      	cmp	fp, r7
10006700:	d301      	bcc.n	10006706 <tu_fifo_write_n+0xa2>
10006702:	459b      	cmp	fp, r3
10006704:	db03      	blt.n	1000670e <tu_fifo_write_n+0xaa>
10006706:	465a      	mov	r2, fp
10006708:	1ad3      	subs	r3, r2, r3
1000670a:	b29b      	uxth	r3, r3
1000670c:	469b      	mov	fp, r3
1000670e:	465b      	mov	r3, fp
10006710:	812b      	strh	r3, [r5, #8]
10006712:	68e8      	ldr	r0, [r5, #12]
10006714:	2800      	cmp	r0, #0
10006716:	d022      	beq.n	1000675e <tu_fifo_write_n+0xfa>
10006718:	f000 f8de 	bl	100068d8 <__mutex_exit_veneer>
1000671c:	e01f      	b.n	1000675e <tu_fifo_write_n+0xfa>
1000671e:	88aa      	ldrh	r2, [r5, #4]
10006720:	4690      	mov	r8, r2
10006722:	4294      	cmp	r4, r2
10006724:	d226      	bcs.n	10006774 <tu_fifo_write_n+0x110>
10006726:	429f      	cmp	r7, r3
10006728:	d344      	bcc.n	100067b4 <tu_fifo_write_n+0x150>
1000672a:	4641      	mov	r1, r8
1000672c:	1afa      	subs	r2, r7, r3
1000672e:	b292      	uxth	r2, r2
10006730:	0049      	lsls	r1, r1, #1
10006732:	1912      	adds	r2, r2, r4
10006734:	428a      	cmp	r2, r1
10006736:	db09      	blt.n	1000674c <tu_fifo_write_n+0xe8>
10006738:	4642      	mov	r2, r8
1000673a:	189a      	adds	r2, r3, r2
1000673c:	b292      	uxth	r2, r2
1000673e:	1b17      	subs	r7, r2, r4
10006740:	b2bf      	uxth	r7, r7
10006742:	4693      	mov	fp, r2
10006744:	42bb      	cmp	r3, r7
10006746:	d93a      	bls.n	100067be <tu_fifo_write_n+0x15a>
10006748:	1a7f      	subs	r7, r7, r1
1000674a:	b2bf      	uxth	r7, r7
1000674c:	19e3      	adds	r3, r4, r7
1000674e:	b29b      	uxth	r3, r3
10006750:	4646      	mov	r6, r8
10006752:	469b      	mov	fp, r3
10006754:	46a0      	mov	r8, r4
10006756:	88e8      	ldrh	r0, [r5, #6]
10006758:	e7b6      	b.n	100066c8 <tu_fifo_write_n+0x64>
1000675a:	2300      	movs	r3, #0
1000675c:	4698      	mov	r8, r3
1000675e:	4640      	mov	r0, r8
10006760:	b003      	add	sp, #12
10006762:	bcf0      	pop	{r4, r5, r6, r7}
10006764:	46bb      	mov	fp, r7
10006766:	46b2      	mov	sl, r6
10006768:	46a9      	mov	r9, r5
1000676a:	46a0      	mov	r8, r4
1000676c:	bdf0      	pop	{r4, r5, r6, r7, pc}
1000676e:	1afb      	subs	r3, r7, r3
10006770:	b29b      	uxth	r3, r3
10006772:	e798      	b.n	100066a6 <tu_fifo_write_n+0x42>
10006774:	88e8      	ldrh	r0, [r5, #6]
10006776:	1aa2      	subs	r2, r4, r2
10006778:	0444      	lsls	r4, r0, #17
1000677a:	0c64      	lsrs	r4, r4, #17
1000677c:	4354      	muls	r4, r2
1000677e:	4642      	mov	r2, r8
10006780:	44a1      	add	r9, r4
10006782:	2a00      	cmp	r2, #0
10006784:	d0c5      	beq.n	10006712 <tu_fifo_write_n+0xae>
10006786:	4646      	mov	r6, r8
10006788:	001f      	movs	r7, r3
1000678a:	e799      	b.n	100066c0 <tu_fifo_write_n+0x5c>
1000678c:	4653      	mov	r3, sl
1000678e:	4359      	muls	r1, r3
10006790:	b289      	uxth	r1, r1
10006792:	000a      	movs	r2, r1
10006794:	9101      	str	r1, [sp, #4]
10006796:	4649      	mov	r1, r9
10006798:	f7fb fe6e 	bl	10002478 <__wrap___aeabi_memcpy>
1000679c:	4643      	mov	r3, r8
1000679e:	1b9a      	subs	r2, r3, r6
100067a0:	4653      	mov	r3, sl
100067a2:	18a2      	adds	r2, r4, r2
100067a4:	435a      	muls	r2, r3
100067a6:	9901      	ldr	r1, [sp, #4]
100067a8:	6828      	ldr	r0, [r5, #0]
100067aa:	b292      	uxth	r2, r2
100067ac:	4449      	add	r1, r9
100067ae:	f7fb fe63 	bl	10002478 <__wrap___aeabi_memcpy>
100067b2:	e7a2      	b.n	100066fa <tu_fifo_write_n+0x96>
100067b4:	0051      	lsls	r1, r2, #1
100067b6:	1aca      	subs	r2, r1, r3
100067b8:	18ba      	adds	r2, r7, r2
100067ba:	b292      	uxth	r2, r2
100067bc:	e7b9      	b.n	10006732 <tu_fifo_write_n+0xce>
100067be:	42b9      	cmp	r1, r7
100067c0:	ddc2      	ble.n	10006748 <tu_fifo_write_n+0xe4>
100067c2:	4646      	mov	r6, r8
100067c4:	88e8      	ldrh	r0, [r5, #6]
100067c6:	46a0      	mov	r8, r4
100067c8:	e77e      	b.n	100066c8 <tu_fifo_write_n+0x64>
100067ca:	46c0      	nop			; (mov r8, r8)

100067cc <tu_fifo_clear>:
100067cc:	b510      	push	{r4, lr}
100067ce:	0004      	movs	r4, r0
100067d0:	68c0      	ldr	r0, [r0, #12]
100067d2:	2800      	cmp	r0, #0
100067d4:	d003      	beq.n	100067de <tu_fifo_clear+0x12>
100067d6:	2101      	movs	r1, #1
100067d8:	4249      	negs	r1, r1
100067da:	f000 f89d 	bl	10006918 <__mutex_enter_timeout_ms_veneer>
100067de:	6920      	ldr	r0, [r4, #16]
100067e0:	2800      	cmp	r0, #0
100067e2:	d003      	beq.n	100067ec <tu_fifo_clear+0x20>
100067e4:	2101      	movs	r1, #1
100067e6:	4249      	negs	r1, r1
100067e8:	f000 f896 	bl	10006918 <__mutex_enter_timeout_ms_veneer>
100067ec:	2300      	movs	r3, #0
100067ee:	68e0      	ldr	r0, [r4, #12]
100067f0:	8163      	strh	r3, [r4, #10]
100067f2:	8123      	strh	r3, [r4, #8]
100067f4:	2800      	cmp	r0, #0
100067f6:	d001      	beq.n	100067fc <tu_fifo_clear+0x30>
100067f8:	f000 f86e 	bl	100068d8 <__mutex_exit_veneer>
100067fc:	6920      	ldr	r0, [r4, #16]
100067fe:	2800      	cmp	r0, #0
10006800:	d001      	beq.n	10006806 <tu_fifo_clear+0x3a>
10006802:	f000 f869 	bl	100068d8 <__mutex_exit_veneer>
10006806:	2001      	movs	r0, #1
10006808:	bd10      	pop	{r4, pc}
1000680a:	46c0      	nop			; (mov r8, r8)

1000680c <tu_fifo_set_overwritable>:
1000680c:	b570      	push	{r4, r5, r6, lr}
1000680e:	0004      	movs	r4, r0
10006810:	68c0      	ldr	r0, [r0, #12]
10006812:	000d      	movs	r5, r1
10006814:	2800      	cmp	r0, #0
10006816:	d003      	beq.n	10006820 <tu_fifo_set_overwritable+0x14>
10006818:	2101      	movs	r1, #1
1000681a:	4249      	negs	r1, r1
1000681c:	f000 f87c 	bl	10006918 <__mutex_enter_timeout_ms_veneer>
10006820:	6920      	ldr	r0, [r4, #16]
10006822:	2800      	cmp	r0, #0
10006824:	d003      	beq.n	1000682e <tu_fifo_set_overwritable+0x22>
10006826:	2101      	movs	r1, #1
10006828:	4249      	negs	r1, r1
1000682a:	f000 f875 	bl	10006918 <__mutex_enter_timeout_ms_veneer>
1000682e:	217f      	movs	r1, #127	; 0x7f
10006830:	79e3      	ldrb	r3, [r4, #7]
10006832:	01ed      	lsls	r5, r5, #7
10006834:	4019      	ands	r1, r3
10006836:	68e0      	ldr	r0, [r4, #12]
10006838:	4329      	orrs	r1, r5
1000683a:	71e1      	strb	r1, [r4, #7]
1000683c:	2800      	cmp	r0, #0
1000683e:	d001      	beq.n	10006844 <tu_fifo_set_overwritable+0x38>
10006840:	f000 f84a 	bl	100068d8 <__mutex_exit_veneer>
10006844:	6920      	ldr	r0, [r4, #16]
10006846:	2800      	cmp	r0, #0
10006848:	d001      	beq.n	1000684e <tu_fifo_set_overwritable+0x42>
1000684a:	f000 f845 	bl	100068d8 <__mutex_exit_veneer>
1000684e:	2001      	movs	r0, #1
10006850:	bd70      	pop	{r4, r5, r6, pc}
10006852:	46c0      	nop			; (mov r8, r8)

10006854 <strlen>:
10006854:	b510      	push	{r4, lr}
10006856:	0783      	lsls	r3, r0, #30
10006858:	d00a      	beq.n	10006870 <strlen+0x1c>
1000685a:	0003      	movs	r3, r0
1000685c:	2103      	movs	r1, #3
1000685e:	e002      	b.n	10006866 <strlen+0x12>
10006860:	3301      	adds	r3, #1
10006862:	420b      	tst	r3, r1
10006864:	d005      	beq.n	10006872 <strlen+0x1e>
10006866:	781a      	ldrb	r2, [r3, #0]
10006868:	2a00      	cmp	r2, #0
1000686a:	d1f9      	bne.n	10006860 <strlen+0xc>
1000686c:	1a18      	subs	r0, r3, r0
1000686e:	bd10      	pop	{r4, pc}
10006870:	0003      	movs	r3, r0
10006872:	6819      	ldr	r1, [r3, #0]
10006874:	4a0c      	ldr	r2, [pc, #48]	; (100068a8 <strlen+0x54>)
10006876:	4c0d      	ldr	r4, [pc, #52]	; (100068ac <strlen+0x58>)
10006878:	188a      	adds	r2, r1, r2
1000687a:	438a      	bics	r2, r1
1000687c:	4222      	tst	r2, r4
1000687e:	d10f      	bne.n	100068a0 <strlen+0x4c>
10006880:	6859      	ldr	r1, [r3, #4]
10006882:	4a09      	ldr	r2, [pc, #36]	; (100068a8 <strlen+0x54>)
10006884:	3304      	adds	r3, #4
10006886:	188a      	adds	r2, r1, r2
10006888:	438a      	bics	r2, r1
1000688a:	4222      	tst	r2, r4
1000688c:	d108      	bne.n	100068a0 <strlen+0x4c>
1000688e:	6859      	ldr	r1, [r3, #4]
10006890:	4a05      	ldr	r2, [pc, #20]	; (100068a8 <strlen+0x54>)
10006892:	3304      	adds	r3, #4
10006894:	188a      	adds	r2, r1, r2
10006896:	438a      	bics	r2, r1
10006898:	4222      	tst	r2, r4
1000689a:	d0f1      	beq.n	10006880 <strlen+0x2c>
1000689c:	e000      	b.n	100068a0 <strlen+0x4c>
1000689e:	3301      	adds	r3, #1
100068a0:	781a      	ldrb	r2, [r3, #0]
100068a2:	2a00      	cmp	r2, #0
100068a4:	d1fb      	bne.n	1000689e <strlen+0x4a>
100068a6:	e7e1      	b.n	1000686c <strlen+0x18>
100068a8:	fefefeff 	.word	0xfefefeff
100068ac:	80808080 	.word	0x80808080

100068b0 <_fini>:
100068b0:	b5f8      	push	{r3, r4, r5, r6, r7, lr}
100068b2:	46c0      	nop			; (mov r8, r8)
100068b4:	0000      	movs	r0, r0
	...

100068b8 <__e15_is_bulkin_ep_veneer>:
100068b8:	b401      	push	{r0}
100068ba:	4802      	ldr	r0, [pc, #8]	; (100068c4 <__e15_is_bulkin_ep_veneer+0xc>)
100068bc:	4684      	mov	ip, r0
100068be:	bc01      	pop	{r0}
100068c0:	4760      	bx	ip
100068c2:	bf00      	nop
100068c4:	20000c49 	.word	0x20000c49

100068c8 <__flash_do_cmd_veneer>:
100068c8:	b401      	push	{r0}
100068ca:	4802      	ldr	r0, [pc, #8]	; (100068d4 <__flash_do_cmd_veneer+0xc>)
100068cc:	4684      	mov	ip, r0
100068ce:	bc01      	pop	{r0}
100068d0:	4760      	bx	ip
100068d2:	bf00      	nop
100068d4:	20000321 	.word	0x20000321

100068d8 <__mutex_exit_veneer>:
100068d8:	b401      	push	{r0}
100068da:	4802      	ldr	r0, [pc, #8]	; (100068e4 <__mutex_exit_veneer+0xc>)
100068dc:	4684      	mov	ip, r0
100068de:	bc01      	pop	{r0}
100068e0:	4760      	bx	ip
100068e2:	bf00      	nop
100068e4:	20000231 	.word	0x20000231

100068e8 <____aeabi_ldiv0_veneer>:
100068e8:	b401      	push	{r0}
100068ea:	4802      	ldr	r0, [pc, #8]	; (100068f4 <____aeabi_ldiv0_veneer+0xc>)
100068ec:	4684      	mov	ip, r0
100068ee:	bc01      	pop	{r0}
100068f0:	4760      	bx	ip
100068f2:	bf00      	nop
100068f4:	20000f9d 	.word	0x20000f9d

100068f8 <____aeabi_idiv0_veneer>:
100068f8:	b401      	push	{r0}
100068fa:	4802      	ldr	r0, [pc, #8]	; (10006904 <____aeabi_idiv0_veneer+0xc>)
100068fc:	4684      	mov	ip, r0
100068fe:	bc01      	pop	{r0}
10006900:	4760      	bx	ip
10006902:	bf00      	nop
10006904:	20000f9d 	.word	0x20000f9d

10006908 <__mutex_try_enter_veneer>:
10006908:	b401      	push	{r0}
1000690a:	4802      	ldr	r0, [pc, #8]	; (10006914 <__mutex_try_enter_veneer+0xc>)
1000690c:	4684      	mov	ip, r0
1000690e:	bc01      	pop	{r0}
10006910:	4760      	bx	ip
10006912:	bf00      	nop
10006914:	200000c1 	.word	0x200000c1

10006918 <__mutex_enter_timeout_ms_veneer>:
10006918:	b401      	push	{r0}
1000691a:	4802      	ldr	r0, [pc, #8]	; (10006924 <__mutex_enter_timeout_ms_veneer+0xc>)
1000691c:	4684      	mov	ip, r0
1000691e:	bc01      	pop	{r0}
10006920:	4760      	bx	ip
10006922:	bf00      	nop
10006924:	200001a1 	.word	0x200001a1

10006928 <__mutex_try_enter_block_until_veneer>:
10006928:	b401      	push	{r0}
1000692a:	4802      	ldr	r0, [pc, #8]	; (10006934 <__mutex_try_enter_block_until_veneer+0xc>)
1000692c:	4684      	mov	ip, r0
1000692e:	bc01      	pop	{r0}
10006930:	4760      	bx	ip
10006932:	bf00      	nop
10006934:	20000105 	.word	0x20000105

10006938 <__hw_endpoint_start_next_buffer_veneer>:
10006938:	b401      	push	{r0}
1000693a:	4802      	ldr	r0, [pc, #8]	; (10006944 <__hw_endpoint_start_next_buffer_veneer+0xc>)
1000693c:	4684      	mov	ip, r0
1000693e:	bc01      	pop	{r0}
10006940:	4760      	bx	ip
10006942:	bf00      	nop
10006944:	20000d01 	.word	0x20000d01

10006948 <__e15_is_critical_frame_period_veneer>:
10006948:	b401      	push	{r0}
1000694a:	4802      	ldr	r0, [pc, #8]	; (10006954 <__e15_is_critical_frame_period_veneer+0xc>)
1000694c:	4684      	mov	ip, r0
1000694e:	bc01      	pop	{r0}
10006950:	4760      	bx	ip
10006952:	bf00      	nop
10006954:	20000c71 	.word	0x20000c71

10006958 <__hw_endpoint_reset_transfer_veneer>:
10006958:	b401      	push	{r0}
1000695a:	4802      	ldr	r0, [pc, #8]	; (10006964 <__hw_endpoint_reset_transfer_veneer+0xc>)
1000695c:	4684      	mov	ip, r0
1000695e:	bc01      	pop	{r0}
10006960:	4760      	bx	ip
10006962:	bf00      	nop
10006964:	20000ca5 	.word	0x20000ca5

10006968 <___hw_endpoint_buffer_control_update32_veneer>:
10006968:	b401      	push	{r0}
1000696a:	4802      	ldr	r0, [pc, #8]	; (10006974 <___hw_endpoint_buffer_control_update32_veneer+0xc>)
1000696c:	4684      	mov	ip, r0
1000696e:	bc01      	pop	{r0}
10006970:	4760      	bx	ip
10006972:	bf00      	nop
10006974:	20000cb1 	.word	0x20000cb1

10006978 <__reset_non_control_endpoints_veneer>:
10006978:	b401      	push	{r0}
1000697a:	4802      	ldr	r0, [pc, #8]	; (10006984 <__reset_non_control_endpoints_veneer+0xc>)
1000697c:	4684      	mov	ip, r0
1000697e:	bc01      	pop	{r0}
10006980:	4760      	bx	ip
10006982:	bf00      	nop
10006984:	200003f5 	.word	0x200003f5

10006988 <__pre_init_runtime_init_early_resets>:
10006988:	10001a41                                A...

1000698c <__pre_init_runtime_init_usb_power_down>:
1000698c:	10001a6d 10001c69 1000245d 100022f1     m...i...]$..."..
1000699c:	10002401                                .$..

100069a0 <__pre_init_runtime_init_clocks>:
100069a0:	10001b91                                ....

100069a4 <__pre_init_runtime_init_post_clock_resets>:
100069a4:	10001a89                                ....

100069a8 <__pre_init_runtime_init_rp2040_gpio_ie_disable>:
100069a8:	10001aa9                                ....

100069ac <__pre_init_runtime_init_spin_locks_reset>:
100069ac:	10001abd                                ....

100069b0 <__pre_init_runtime_init_mutex>:
100069b0:	10000ba1                                ....

100069b4 <__pre_init_runtime_init_install_ram_vector_table>:
100069b4:	10001ac5                                ....

100069b8 <__pre_init_runtime_init_default_alarm_pool>:
100069b8:	10000f81                                ....

100069bc <__pre_init_first_per_core_initializer>:
100069bc:	10001a09                                ....

100069c0 <__pre_init_runtime_init_per_core_irq_priorities>:
100069c0:	10000621                                !...

100069c4 <__init_array_start>:
100069c4:	1000463d 	.word	0x1000463d

100069c8 <__frame_dummy_init_array_entry>:
100069c8:	100002fd                                ....

Disassembly of section .data:

200000c0 <mutex_try_enter>:
200000c0:	0003      	movs	r3, r0
200000c2:	6800      	ldr	r0, [r0, #0]
200000c4:	f3ef 8c10 	mrs	ip, PRIMASK
200000c8:	b672      	cpsid	i
200000ca:	6802      	ldr	r2, [r0, #0]
200000cc:	2a00      	cmp	r2, #0
200000ce:	d0fc      	beq.n	200000ca <mutex_try_enter+0xa>
200000d0:	f3bf 8f5f 	dmb	sy
200000d4:	2204      	movs	r2, #4
200000d6:	569a      	ldrsb	r2, [r3, r2]
200000d8:	2a00      	cmp	r2, #0
200000da:	db0b      	blt.n	200000f4 <mutex_try_enter+0x34>
200000dc:	2900      	cmp	r1, #0
200000de:	d00f      	beq.n	20000100 <mutex_try_enter+0x40>
200000e0:	2000      	movs	r0, #0
200000e2:	600a      	str	r2, [r1, #0]
200000e4:	681b      	ldr	r3, [r3, #0]
200000e6:	f3bf 8f5f 	dmb	sy
200000ea:	2200      	movs	r2, #0
200000ec:	601a      	str	r2, [r3, #0]
200000ee:	f38c 8810 	msr	PRIMASK, ip
200000f2:	4770      	bx	lr
200000f4:	22d0      	movs	r2, #208	; 0xd0
200000f6:	0612      	lsls	r2, r2, #24
200000f8:	6812      	ldr	r2, [r2, #0]
200000fa:	2001      	movs	r0, #1
200000fc:	711a      	strb	r2, [r3, #4]
200000fe:	e7f1      	b.n	200000e4 <mutex_try_enter+0x24>
20000100:	2000      	movs	r0, #0
20000102:	e7ef      	b.n	200000e4 <mutex_try_enter+0x24>

20000104 <mutex_try_enter_block_until>:
20000104:	b5f0      	push	{r4, r5, r6, r7, lr}
20000106:	46c6      	mov	lr, r8
20000108:	0015      	movs	r5, r2
2000010a:	b500      	push	{lr}
2000010c:	0004      	movs	r4, r0
2000010e:	001e      	movs	r6, r3
20000110:	6802      	ldr	r2, [r0, #0]
20000112:	f3ef 8110 	mrs	r1, PRIMASK
20000116:	b672      	cpsid	i
20000118:	6813      	ldr	r3, [r2, #0]
2000011a:	2b00      	cmp	r3, #0
2000011c:	d0fc      	beq.n	20000118 <mutex_try_enter_block_until+0x14>
2000011e:	f3bf 8f5f 	dmb	sy
20000122:	2304      	movs	r3, #4
20000124:	56e3      	ldrsb	r3, [r4, r3]
20000126:	2b00      	cmp	r3, #0
20000128:	db2d      	blt.n	20000186 <mutex_try_enter_block_until+0x82>
2000012a:	6822      	ldr	r2, [r4, #0]
2000012c:	f3bf 8f5f 	dmb	sy
20000130:	2000      	movs	r0, #0
20000132:	6010      	str	r0, [r2, #0]
20000134:	f381 8810 	msr	PRIMASK, r1
20000138:	22d0      	movs	r2, #208	; 0xd0
2000013a:	0612      	lsls	r2, r2, #24
2000013c:	7812      	ldrb	r2, [r2, #0]
2000013e:	b252      	sxtb	r2, r2
20000140:	4690      	mov	r8, r2
20000142:	429a      	cmp	r2, r3
20000144:	d103      	bne.n	2000014e <mutex_try_enter_block_until+0x4a>
20000146:	2000      	movs	r0, #0
20000148:	bc80      	pop	{r7}
2000014a:	46b8      	mov	r8, r7
2000014c:	bdf0      	pop	{r4, r5, r6, r7, pc}
2000014e:	2700      	movs	r7, #0
20000150:	e00b      	b.n	2000016a <mutex_try_enter_block_until+0x66>
20000152:	6823      	ldr	r3, [r4, #0]
20000154:	f3bf 8f5f 	dmb	sy
20000158:	601f      	str	r7, [r3, #0]
2000015a:	f381 8810 	msr	PRIMASK, r1
2000015e:	0028      	movs	r0, r5
20000160:	0031      	movs	r1, r6
20000162:	f000 ff55 	bl	20001010 <__best_effort_wfe_or_timeout_veneer>
20000166:	2800      	cmp	r0, #0
20000168:	d1ed      	bne.n	20000146 <mutex_try_enter_block_until+0x42>
2000016a:	6822      	ldr	r2, [r4, #0]
2000016c:	f3ef 8110 	mrs	r1, PRIMASK
20000170:	b672      	cpsid	i
20000172:	6813      	ldr	r3, [r2, #0]
20000174:	2b00      	cmp	r3, #0
20000176:	d0fc      	beq.n	20000172 <mutex_try_enter_block_until+0x6e>
20000178:	f3bf 8f5f 	dmb	sy
2000017c:	7923      	ldrb	r3, [r4, #4]
2000017e:	2b7f      	cmp	r3, #127	; 0x7f
20000180:	d9e7      	bls.n	20000152 <mutex_try_enter_block_until+0x4e>
20000182:	4643      	mov	r3, r8
20000184:	e002      	b.n	2000018c <mutex_try_enter_block_until+0x88>
20000186:	23d0      	movs	r3, #208	; 0xd0
20000188:	061b      	lsls	r3, r3, #24
2000018a:	681b      	ldr	r3, [r3, #0]
2000018c:	7123      	strb	r3, [r4, #4]
2000018e:	6823      	ldr	r3, [r4, #0]
20000190:	f3bf 8f5f 	dmb	sy
20000194:	2200      	movs	r2, #0
20000196:	601a      	str	r2, [r3, #0]
20000198:	f381 8810 	msr	PRIMASK, r1
2000019c:	2001      	movs	r0, #1
2000019e:	e7d3      	b.n	20000148 <mutex_try_enter_block_until+0x44>

200001a0 <mutex_enter_timeout_ms>:
200001a0:	b5f0      	push	{r4, r5, r6, r7, lr}
200001a2:	46c6      	mov	lr, r8
200001a4:	b500      	push	{lr}
200001a6:	000d      	movs	r5, r1
200001a8:	0004      	movs	r4, r0
200001aa:	f000 ff09 	bl	20000fc0 <__time_us_64_veneer>
200001ae:	22fa      	movs	r2, #250	; 0xfa
200001b0:	0006      	movs	r6, r0
200001b2:	000f      	movs	r7, r1
200001b4:	2300      	movs	r3, #0
200001b6:	0028      	movs	r0, r5
200001b8:	2100      	movs	r1, #0
200001ba:	0092      	lsls	r2, r2, #2
200001bc:	f000 fef8 	bl	20000fb0 <____wrap___aeabi_lmul_veneer>
200001c0:	1836      	adds	r6, r6, r0
200001c2:	414f      	adcs	r7, r1
200001c4:	2f00      	cmp	r7, #0
200001c6:	db2c      	blt.n	20000222 <mutex_enter_timeout_ms+0x82>
200001c8:	23d0      	movs	r3, #208	; 0xd0
200001ca:	061b      	lsls	r3, r3, #24
200001cc:	681b      	ldr	r3, [r3, #0]
200001ce:	2500      	movs	r5, #0
200001d0:	4698      	mov	r8, r3
200001d2:	e00b      	b.n	200001ec <mutex_enter_timeout_ms+0x4c>
200001d4:	6823      	ldr	r3, [r4, #0]
200001d6:	f3bf 8f5f 	dmb	sy
200001da:	601d      	str	r5, [r3, #0]
200001dc:	f381 8810 	msr	PRIMASK, r1
200001e0:	0030      	movs	r0, r6
200001e2:	0039      	movs	r1, r7
200001e4:	f000 ff14 	bl	20001010 <__best_effort_wfe_or_timeout_veneer>
200001e8:	2800      	cmp	r0, #0
200001ea:	d118      	bne.n	2000021e <mutex_enter_timeout_ms+0x7e>
200001ec:	6822      	ldr	r2, [r4, #0]
200001ee:	f3ef 8110 	mrs	r1, PRIMASK
200001f2:	b672      	cpsid	i
200001f4:	6813      	ldr	r3, [r2, #0]
200001f6:	2b00      	cmp	r3, #0
200001f8:	d0fc      	beq.n	200001f4 <mutex_enter_timeout_ms+0x54>
200001fa:	f3bf 8f5f 	dmb	sy
200001fe:	7923      	ldrb	r3, [r4, #4]
20000200:	2b7f      	cmp	r3, #127	; 0x7f
20000202:	d9e7      	bls.n	200001d4 <mutex_enter_timeout_ms+0x34>
20000204:	4643      	mov	r3, r8
20000206:	7123      	strb	r3, [r4, #4]
20000208:	6823      	ldr	r3, [r4, #0]
2000020a:	f3bf 8f5f 	dmb	sy
2000020e:	2200      	movs	r2, #0
20000210:	601a      	str	r2, [r3, #0]
20000212:	f381 8810 	msr	PRIMASK, r1
20000216:	2001      	movs	r0, #1
20000218:	bc80      	pop	{r7}
2000021a:	46b8      	mov	r8, r7
2000021c:	bdf0      	pop	{r4, r5, r6, r7, pc}
2000021e:	2000      	movs	r0, #0
20000220:	e7fa      	b.n	20000218 <mutex_enter_timeout_ms+0x78>
20000222:	2601      	movs	r6, #1
20000224:	4f01      	ldr	r7, [pc, #4]	; (2000022c <mutex_enter_timeout_ms+0x8c>)
20000226:	4276      	negs	r6, r6
20000228:	e7ce      	b.n	200001c8 <mutex_enter_timeout_ms+0x28>
2000022a:	46c0      	nop			; (mov r8, r8)
2000022c:	7fffffff 	.word	0x7fffffff

20000230 <mutex_exit>:
20000230:	6802      	ldr	r2, [r0, #0]
20000232:	f3ef 8110 	mrs	r1, PRIMASK
20000236:	b672      	cpsid	i
20000238:	6813      	ldr	r3, [r2, #0]
2000023a:	2b00      	cmp	r3, #0
2000023c:	d0fc      	beq.n	20000238 <mutex_exit+0x8>
2000023e:	f3bf 8f5f 	dmb	sy
20000242:	23ff      	movs	r3, #255	; 0xff
20000244:	7103      	strb	r3, [r0, #4]
20000246:	6803      	ldr	r3, [r0, #0]
20000248:	f3bf 8f5f 	dmb	sy
2000024c:	2200      	movs	r2, #0
2000024e:	601a      	str	r2, [r3, #0]
20000250:	f381 8810 	msr	PRIMASK, r1
20000254:	bf40      	sev
20000256:	4770      	bx	lr

20000258 <flash_init_boot2_copyout>:
20000258:	b510      	push	{r4, lr}
2000025a:	4c08      	ldr	r4, [pc, #32]	; (2000027c <flash_init_boot2_copyout+0x24>)
2000025c:	7823      	ldrb	r3, [r4, #0]
2000025e:	2b00      	cmp	r3, #0
20000260:	d10a      	bne.n	20000278 <flash_init_boot2_copyout+0x20>
20000262:	2380      	movs	r3, #128	; 0x80
20000264:	4806      	ldr	r0, [pc, #24]	; (20000280 <flash_init_boot2_copyout+0x28>)
20000266:	4907      	ldr	r1, [pc, #28]	; (20000284 <flash_init_boot2_copyout+0x2c>)
20000268:	055b      	lsls	r3, r3, #21
2000026a:	681a      	ldr	r2, [r3, #0]
2000026c:	50c2      	str	r2, [r0, r3]
2000026e:	3304      	adds	r3, #4
20000270:	428b      	cmp	r3, r1
20000272:	d1fa      	bne.n	2000026a <flash_init_boot2_copyout+0x12>
20000274:	2301      	movs	r3, #1
20000276:	7023      	strb	r3, [r4, #0]
20000278:	bd10      	pop	{r4, pc}
2000027a:	46c0      	nop			; (mov r8, r8)
2000027c:	20002010 	.word	0x20002010
20000280:	10001944 	.word	0x10001944
20000284:	10000100 	.word	0x10000100

20000288 <flash_enable_xip_via_boot2>:
20000288:	b510      	push	{r4, lr}
2000028a:	4b02      	ldr	r3, [pc, #8]	; (20000294 <flash_enable_xip_via_boot2+0xc>)
2000028c:	3301      	adds	r3, #1
2000028e:	4798      	blx	r3
20000290:	bd10      	pop	{r4, pc}
20000292:	46c0      	nop			; (mov r8, r8)
20000294:	20001944 	.word	0x20001944

20000298 <flash_save_hardware_state>:
20000298:	4b07      	ldr	r3, [pc, #28]	; (200002b8 <flash_save_hardware_state+0x20>)
2000029a:	685b      	ldr	r3, [r3, #4]
2000029c:	6003      	str	r3, [r0, #0]
2000029e:	4b07      	ldr	r3, [pc, #28]	; (200002bc <flash_save_hardware_state+0x24>)
200002a0:	685a      	ldr	r2, [r3, #4]
200002a2:	6042      	str	r2, [r0, #4]
200002a4:	689a      	ldr	r2, [r3, #8]
200002a6:	6082      	str	r2, [r0, #8]
200002a8:	68da      	ldr	r2, [r3, #12]
200002aa:	60c2      	str	r2, [r0, #12]
200002ac:	691a      	ldr	r2, [r3, #16]
200002ae:	695b      	ldr	r3, [r3, #20]
200002b0:	6102      	str	r2, [r0, #16]
200002b2:	6143      	str	r3, [r0, #20]
200002b4:	4770      	bx	lr
200002b6:	46c0      	nop			; (mov r8, r8)
200002b8:	40020000 	.word	0x40020000
200002bc:	40020004 	.word	0x40020004

200002c0 <flash_restore_hardware_state>:
200002c0:	6802      	ldr	r2, [r0, #0]
200002c2:	4b07      	ldr	r3, [pc, #28]	; (200002e0 <flash_restore_hardware_state+0x20>)
200002c4:	605a      	str	r2, [r3, #4]
200002c6:	6842      	ldr	r2, [r0, #4]
200002c8:	4b06      	ldr	r3, [pc, #24]	; (200002e4 <flash_restore_hardware_state+0x24>)
200002ca:	605a      	str	r2, [r3, #4]
200002cc:	6882      	ldr	r2, [r0, #8]
200002ce:	609a      	str	r2, [r3, #8]
200002d0:	68c2      	ldr	r2, [r0, #12]
200002d2:	60da      	str	r2, [r3, #12]
200002d4:	6902      	ldr	r2, [r0, #16]
200002d6:	611a      	str	r2, [r3, #16]
200002d8:	6942      	ldr	r2, [r0, #20]
200002da:	615a      	str	r2, [r3, #20]
200002dc:	4770      	bx	lr
200002de:	46c0      	nop			; (mov r8, r8)
200002e0:	40020000 	.word	0x40020000
200002e4:	40020004 	.word	0x40020004

200002e8 <flash_cs_force.constprop.0>:
200002e8:	4b03      	ldr	r3, [pc, #12]	; (200002f8 <flash_cs_force.constprop.0+0x10>)
200002ea:	681a      	ldr	r2, [r3, #0]
200002ec:	23c0      	movs	r3, #192	; 0xc0
200002ee:	009b      	lsls	r3, r3, #2
200002f0:	4393      	bics	r3, r2
200002f2:	4a02      	ldr	r2, [pc, #8]	; (200002fc <flash_cs_force.constprop.0+0x14>)
200002f4:	6013      	str	r3, [r2, #0]
200002f6:	4770      	bx	lr
200002f8:	4001800c 	.word	0x4001800c
200002fc:	4001900c 	.word	0x4001900c

20000300 <flash_cs_force.constprop.1>:
20000300:	4b05      	ldr	r3, [pc, #20]	; (20000318 <flash_cs_force.constprop.1+0x18>)
20000302:	681a      	ldr	r2, [r3, #0]
20000304:	2380      	movs	r3, #128	; 0x80
20000306:	009b      	lsls	r3, r3, #2
20000308:	4053      	eors	r3, r2
2000030a:	22c0      	movs	r2, #192	; 0xc0
2000030c:	0092      	lsls	r2, r2, #2
2000030e:	4013      	ands	r3, r2
20000310:	4a02      	ldr	r2, [pc, #8]	; (2000031c <flash_cs_force.constprop.1+0x1c>)
20000312:	6013      	str	r3, [r2, #0]
20000314:	4770      	bx	lr
20000316:	46c0      	nop			; (mov r8, r8)
20000318:	4001800c 	.word	0x4001800c
2000031c:	4001900c 	.word	0x4001900c

20000320 <flash_do_cmd>:
20000320:	2314      	movs	r3, #20
20000322:	b5f0      	push	{r4, r5, r6, r7, lr}
20000324:	46d6      	mov	lr, sl
20000326:	464f      	mov	r7, r9
20000328:	4646      	mov	r6, r8
2000032a:	469a      	mov	sl, r3
2000032c:	b5c0      	push	{r6, r7, lr}
2000032e:	4681      	mov	r9, r0
20000330:	8818      	ldrh	r0, [r3, #0]
20000332:	3304      	adds	r3, #4
20000334:	b086      	sub	sp, #24
20000336:	4698      	mov	r8, r3
20000338:	000e      	movs	r6, r1
2000033a:	881b      	ldrh	r3, [r3, #0]
2000033c:	492a      	ldr	r1, [pc, #168]	; (200003e8 <flash_do_cmd+0xc8>)
2000033e:	0014      	movs	r4, r2
20000340:	4798      	blx	r3
20000342:	4653      	mov	r3, sl
20000344:	0007      	movs	r7, r0
20000346:	8818      	ldrh	r0, [r3, #0]
20000348:	4643      	mov	r3, r8
2000034a:	4928      	ldr	r1, [pc, #160]	; (200003ec <flash_do_cmd+0xcc>)
2000034c:	881b      	ldrh	r3, [r3, #0]
2000034e:	4798      	blx	r3
20000350:	4653      	mov	r3, sl
20000352:	0005      	movs	r5, r0
20000354:	8818      	ldrh	r0, [r3, #0]
20000356:	4643      	mov	r3, r8
20000358:	4925      	ldr	r1, [pc, #148]	; (200003f0 <flash_do_cmd+0xd0>)
2000035a:	881b      	ldrh	r3, [r3, #0]
2000035c:	4798      	blx	r3
2000035e:	4680      	mov	r8, r0
20000360:	f7ff ff7a 	bl	20000258 <flash_init_boot2_copyout>
20000364:	4668      	mov	r0, sp
20000366:	f7ff ff97 	bl	20000298 <flash_save_hardware_state>
2000036a:	47b8      	blx	r7
2000036c:	47a8      	blx	r5
2000036e:	f7ff ffc7 	bl	20000300 <flash_cs_force.constprop.1>
20000372:	2c00      	cmp	r4, #0
20000374:	d01b      	beq.n	200003ae <flash_do_cmd+0x8e>
20000376:	21c0      	movs	r1, #192	; 0xc0
20000378:	0022      	movs	r2, r4
2000037a:	2708      	movs	r7, #8
2000037c:	2002      	movs	r0, #2
2000037e:	0549      	lsls	r1, r1, #21
20000380:	003d      	movs	r5, r7
20000382:	6a8b      	ldr	r3, [r1, #40]	; 0x28
20000384:	401d      	ands	r5, r3
20000386:	4218      	tst	r0, r3
20000388:	d00b      	beq.n	200003a2 <flash_do_cmd+0x82>
2000038a:	2c00      	cmp	r4, #0
2000038c:	d009      	beq.n	200003a2 <flash_do_cmd+0x82>
2000038e:	1b13      	subs	r3, r2, r4
20000390:	2b0d      	cmp	r3, #13
20000392:	d823      	bhi.n	200003dc <flash_do_cmd+0xbc>
20000394:	464b      	mov	r3, r9
20000396:	781b      	ldrb	r3, [r3, #0]
20000398:	3c01      	subs	r4, #1
2000039a:	660b      	str	r3, [r1, #96]	; 0x60
2000039c:	2301      	movs	r3, #1
2000039e:	469c      	mov	ip, r3
200003a0:	44e1      	add	r9, ip
200003a2:	0023      	movs	r3, r4
200003a4:	2d00      	cmp	r5, #0
200003a6:	d110      	bne.n	200003ca <flash_do_cmd+0xaa>
200003a8:	4313      	orrs	r3, r2
200003aa:	2b00      	cmp	r3, #0
200003ac:	d1e8      	bne.n	20000380 <flash_do_cmd+0x60>
200003ae:	f7ff ff9b 	bl	200002e8 <flash_cs_force.constprop.0>
200003b2:	47c0      	blx	r8
200003b4:	f7ff ff68 	bl	20000288 <flash_enable_xip_via_boot2>
200003b8:	4668      	mov	r0, sp
200003ba:	f7ff ff81 	bl	200002c0 <flash_restore_hardware_state>
200003be:	b006      	add	sp, #24
200003c0:	bce0      	pop	{r5, r6, r7}
200003c2:	46ba      	mov	sl, r7
200003c4:	46b1      	mov	r9, r6
200003c6:	46a8      	mov	r8, r5
200003c8:	bdf0      	pop	{r4, r5, r6, r7, pc}
200003ca:	2a00      	cmp	r2, #0
200003cc:	d0ed      	beq.n	200003aa <flash_do_cmd+0x8a>
200003ce:	6e0b      	ldr	r3, [r1, #96]	; 0x60
200003d0:	3a01      	subs	r2, #1
200003d2:	7033      	strb	r3, [r6, #0]
200003d4:	0013      	movs	r3, r2
200003d6:	3601      	adds	r6, #1
200003d8:	4323      	orrs	r3, r4
200003da:	e7e6      	b.n	200003aa <flash_do_cmd+0x8a>
200003dc:	2d00      	cmp	r5, #0
200003de:	d0cf      	beq.n	20000380 <flash_do_cmd+0x60>
200003e0:	2a00      	cmp	r2, #0
200003e2:	d0cd      	beq.n	20000380 <flash_do_cmd+0x60>
200003e4:	e7f3      	b.n	200003ce <flash_do_cmd+0xae>
200003e6:	46c0      	nop			; (mov r8, r8)
200003e8:	00004649 	.word	0x00004649
200003ec:	00005845 	.word	0x00005845
200003f0:	00004346 	.word	0x00004346

200003f4 <reset_non_control_endpoints>:
200003f4:	2300      	movs	r3, #0
200003f6:	4a1c      	ldr	r2, [pc, #112]	; (20000468 <reset_non_control_endpoints+0x74>)
200003f8:	b510      	push	{r4, lr}
200003fa:	6093      	str	r3, [r2, #8]
200003fc:	60d3      	str	r3, [r2, #12]
200003fe:	4a1b      	ldr	r2, [pc, #108]	; (2000046c <reset_non_control_endpoints+0x78>)
20000400:	2100      	movs	r1, #0
20000402:	6093      	str	r3, [r2, #8]
20000404:	60d3      	str	r3, [r2, #12]
20000406:	4a1a      	ldr	r2, [pc, #104]	; (20000470 <reset_non_control_endpoints+0x7c>)
20000408:	481a      	ldr	r0, [pc, #104]	; (20000474 <reset_non_control_endpoints+0x80>)
2000040a:	6093      	str	r3, [r2, #8]
2000040c:	60d3      	str	r3, [r2, #12]
2000040e:	4a1a      	ldr	r2, [pc, #104]	; (20000478 <reset_non_control_endpoints+0x84>)
20000410:	6093      	str	r3, [r2, #8]
20000412:	60d3      	str	r3, [r2, #12]
20000414:	4a19      	ldr	r2, [pc, #100]	; (2000047c <reset_non_control_endpoints+0x88>)
20000416:	6093      	str	r3, [r2, #8]
20000418:	60d3      	str	r3, [r2, #12]
2000041a:	4a19      	ldr	r2, [pc, #100]	; (20000480 <reset_non_control_endpoints+0x8c>)
2000041c:	6093      	str	r3, [r2, #8]
2000041e:	60d3      	str	r3, [r2, #12]
20000420:	4a18      	ldr	r2, [pc, #96]	; (20000484 <reset_non_control_endpoints+0x90>)
20000422:	6093      	str	r3, [r2, #8]
20000424:	60d3      	str	r3, [r2, #12]
20000426:	4a18      	ldr	r2, [pc, #96]	; (20000488 <reset_non_control_endpoints+0x94>)
20000428:	6093      	str	r3, [r2, #8]
2000042a:	60d3      	str	r3, [r2, #12]
2000042c:	4a17      	ldr	r2, [pc, #92]	; (2000048c <reset_non_control_endpoints+0x98>)
2000042e:	6093      	str	r3, [r2, #8]
20000430:	60d3      	str	r3, [r2, #12]
20000432:	4a17      	ldr	r2, [pc, #92]	; (20000490 <reset_non_control_endpoints+0x9c>)
20000434:	6093      	str	r3, [r2, #8]
20000436:	60d3      	str	r3, [r2, #12]
20000438:	4a16      	ldr	r2, [pc, #88]	; (20000494 <reset_non_control_endpoints+0xa0>)
2000043a:	6093      	str	r3, [r2, #8]
2000043c:	60d3      	str	r3, [r2, #12]
2000043e:	4a16      	ldr	r2, [pc, #88]	; (20000498 <reset_non_control_endpoints+0xa4>)
20000440:	6093      	str	r3, [r2, #8]
20000442:	60d3      	str	r3, [r2, #12]
20000444:	4a15      	ldr	r2, [pc, #84]	; (2000049c <reset_non_control_endpoints+0xa8>)
20000446:	6093      	str	r3, [r2, #8]
20000448:	60d3      	str	r3, [r2, #12]
2000044a:	4a15      	ldr	r2, [pc, #84]	; (200004a0 <reset_non_control_endpoints+0xac>)
2000044c:	6093      	str	r3, [r2, #8]
2000044e:	60d3      	str	r3, [r2, #12]
20000450:	4a14      	ldr	r2, [pc, #80]	; (200004a4 <reset_non_control_endpoints+0xb0>)
20000452:	6093      	str	r3, [r2, #8]
20000454:	60d3      	str	r3, [r2, #12]
20000456:	22f0      	movs	r2, #240	; 0xf0
20000458:	0092      	lsls	r2, r2, #2
2000045a:	f000 fdb9 	bl	20000fd0 <____wrap_memset_veneer>
2000045e:	4b12      	ldr	r3, [pc, #72]	; (200004a8 <reset_non_control_endpoints+0xb4>)
20000460:	4a12      	ldr	r2, [pc, #72]	; (200004ac <reset_non_control_endpoints+0xb8>)
20000462:	601a      	str	r2, [r3, #0]
20000464:	bd10      	pop	{r4, pc}
20000466:	46c0      	nop			; (mov r8, r8)
20000468:	50100000 	.word	0x50100000
2000046c:	50100008 	.word	0x50100008
20000470:	50100010 	.word	0x50100010
20000474:	20001af8 	.word	0x20001af8
20000478:	50100018 	.word	0x50100018
2000047c:	50100020 	.word	0x50100020
20000480:	50100028 	.word	0x50100028
20000484:	50100030 	.word	0x50100030
20000488:	50100038 	.word	0x50100038
2000048c:	50100040 	.word	0x50100040
20000490:	50100048 	.word	0x50100048
20000494:	50100050 	.word	0x50100050
20000498:	50100058 	.word	0x50100058
2000049c:	50100060 	.word	0x50100060
200004a0:	50100068 	.word	0x50100068
200004a4:	50100070 	.word	0x50100070
200004a8:	20001ec0 	.word	0x20001ec0
200004ac:	50100180 	.word	0x50100180

200004b0 <hw_handle_buff_status>:
200004b0:	b5f0      	push	{r4, r5, r6, r7, lr}
200004b2:	464f      	mov	r7, r9
200004b4:	46d6      	mov	lr, sl
200004b6:	4646      	mov	r6, r8
200004b8:	b5c0      	push	{r6, r7, lr}
200004ba:	4b20      	ldr	r3, [pc, #128]	; (2000053c <hw_handle_buff_status+0x8c>)
200004bc:	b084      	sub	sp, #16
200004be:	6d9f      	ldr	r7, [r3, #88]	; 0x58
200004c0:	2f00      	cmp	r7, #0
200004c2:	d023      	beq.n	2000050c <hw_handle_buff_status+0x5c>
200004c4:	4b1e      	ldr	r3, [pc, #120]	; (20000540 <hw_handle_buff_status+0x90>)
200004c6:	2400      	movs	r4, #0
200004c8:	469a      	mov	sl, r3
200004ca:	2301      	movs	r3, #1
200004cc:	4699      	mov	r9, r3
200004ce:	4b1d      	ldr	r3, [pc, #116]	; (20000544 <hw_handle_buff_status+0x94>)
200004d0:	2601      	movs	r6, #1
200004d2:	4698      	mov	r8, r3
200004d4:	e004      	b.n	200004e0 <hw_handle_buff_status+0x30>
200004d6:	3401      	adds	r4, #1
200004d8:	0076      	lsls	r6, r6, #1
200004da:	b2e4      	uxtb	r4, r4
200004dc:	2c20      	cmp	r4, #32
200004de:	d015      	beq.n	2000050c <hw_handle_buff_status+0x5c>
200004e0:	423e      	tst	r6, r7
200004e2:	d0f8      	beq.n	200004d6 <hw_handle_buff_status+0x26>
200004e4:	4653      	mov	r3, sl
200004e6:	659e      	str	r6, [r3, #88]	; 0x58
200004e8:	464b      	mov	r3, r9
200004ea:	0865      	lsrs	r5, r4, #1
200004ec:	006d      	lsls	r5, r5, #1
200004ee:	43a3      	bics	r3, r4
200004f0:	18ed      	adds	r5, r5, r3
200004f2:	016d      	lsls	r5, r5, #5
200004f4:	4445      	add	r5, r8
200004f6:	0028      	movs	r0, r5
200004f8:	f000 fc38 	bl	20000d6c <hw_endpoint_xfer_continue>
200004fc:	2800      	cmp	r0, #0
200004fe:	d10b      	bne.n	20000518 <hw_handle_buff_status+0x68>
20000500:	3401      	adds	r4, #1
20000502:	43b7      	bics	r7, r6
20000504:	b2e4      	uxtb	r4, r4
20000506:	0076      	lsls	r6, r6, #1
20000508:	2f00      	cmp	r7, #0
2000050a:	d1e7      	bne.n	200004dc <hw_handle_buff_status+0x2c>
2000050c:	b004      	add	sp, #16
2000050e:	bce0      	pop	{r5, r6, r7}
20000510:	46ba      	mov	sl, r7
20000512:	46b1      	mov	r9, r6
20000514:	46a8      	mov	r8, r5
20000516:	bdf0      	pop	{r4, r5, r6, r7, pc}
20000518:	8aeb      	ldrh	r3, [r5, #22]
2000051a:	21e0      	movs	r1, #224	; 0xe0
2000051c:	9303      	str	r3, [sp, #12]
2000051e:	2300      	movs	r3, #0
20000520:	a801      	add	r0, sp, #4
20000522:	78aa      	ldrb	r2, [r5, #2]
20000524:	00c9      	lsls	r1, r1, #3
20000526:	8001      	strh	r1, [r0, #0]
20000528:	2101      	movs	r1, #1
2000052a:	7102      	strb	r2, [r0, #4]
2000052c:	7143      	strb	r3, [r0, #5]
2000052e:	f000 fc3d 	bl	20000dac <dcd_event_handler>
20000532:	0028      	movs	r0, r5
20000534:	f000 fbb6 	bl	20000ca4 <hw_endpoint_reset_transfer>
20000538:	e7e2      	b.n	20000500 <hw_handle_buff_status+0x50>
2000053a:	46c0      	nop			; (mov r8, r8)
2000053c:	50110000 	.word	0x50110000
20000540:	50113000 	.word	0x50113000
20000544:	20001ab8 	.word	0x20001ab8

20000548 <dcd_rp2040_irq>:
20000548:	2398      	movs	r3, #152	; 0x98
2000054a:	b5f0      	push	{r4, r5, r6, r7, lr}
2000054c:	4646      	mov	r6, r8
2000054e:	46d6      	mov	lr, sl
20000550:	464f      	mov	r7, r9
20000552:	4acd      	ldr	r2, [pc, #820]	; (20000888 <dcd_rp2040_irq+0x340>)
20000554:	b5c0      	push	{r6, r7, lr}
20000556:	58d5      	ldr	r5, [r2, r3]
20000558:	2380      	movs	r3, #128	; 0x80
2000055a:	002c      	movs	r4, r5
2000055c:	029b      	lsls	r3, r3, #10
2000055e:	2610      	movs	r6, #16
20000560:	b084      	sub	sp, #16
20000562:	401c      	ands	r4, r3
20000564:	421d      	tst	r5, r3
20000566:	d073      	beq.n	20000650 <dcd_rp2040_irq+0x108>
20000568:	4bc8      	ldr	r3, [pc, #800]	; (2000088c <dcd_rp2040_irq+0x344>)
2000056a:	4cc9      	ldr	r4, [pc, #804]	; (20000890 <dcd_rp2040_irq+0x348>)
2000056c:	6a9a      	ldr	r2, [r3, #40]	; 0x28
2000056e:	4bc9      	ldr	r3, [pc, #804]	; (20000894 <dcd_rp2040_irq+0x34c>)
20000570:	2600      	movs	r6, #0
20000572:	601a      	str	r2, [r3, #0]
20000574:	233b      	movs	r3, #59	; 0x3b
20000576:	5ce3      	ldrb	r3, [r4, r3]
20000578:	2b02      	cmp	r3, #2
2000057a:	d100      	bne.n	2000057e <dcd_rp2040_irq+0x36>
2000057c:	e0fe      	b.n	2000077c <dcd_rp2040_irq+0x234>
2000057e:	237b      	movs	r3, #123	; 0x7b
20000580:	5ce3      	ldrb	r3, [r4, r3]
20000582:	2b02      	cmp	r3, #2
20000584:	d100      	bne.n	20000588 <dcd_rp2040_irq+0x40>
20000586:	e11c      	b.n	200007c2 <dcd_rp2040_irq+0x27a>
20000588:	23bb      	movs	r3, #187	; 0xbb
2000058a:	5ce3      	ldrb	r3, [r4, r3]
2000058c:	2b02      	cmp	r3, #2
2000058e:	d100      	bne.n	20000592 <dcd_rp2040_irq+0x4a>
20000590:	e105      	b.n	2000079e <dcd_rp2040_irq+0x256>
20000592:	23fb      	movs	r3, #251	; 0xfb
20000594:	5ce3      	ldrb	r3, [r4, r3]
20000596:	2b02      	cmp	r3, #2
20000598:	d100      	bne.n	2000059c <dcd_rp2040_irq+0x54>
2000059a:	e163      	b.n	20000864 <dcd_rp2040_irq+0x31c>
2000059c:	233c      	movs	r3, #60	; 0x3c
2000059e:	33ff      	adds	r3, #255	; 0xff
200005a0:	5ce3      	ldrb	r3, [r4, r3]
200005a2:	2b02      	cmp	r3, #2
200005a4:	d100      	bne.n	200005a8 <dcd_rp2040_irq+0x60>
200005a6:	e148      	b.n	2000083a <dcd_rp2040_irq+0x2f2>
200005a8:	237c      	movs	r3, #124	; 0x7c
200005aa:	33ff      	adds	r3, #255	; 0xff
200005ac:	5ce3      	ldrb	r3, [r4, r3]
200005ae:	2b02      	cmp	r3, #2
200005b0:	d100      	bne.n	200005b4 <dcd_rp2040_irq+0x6c>
200005b2:	e12d      	b.n	20000810 <dcd_rp2040_irq+0x2c8>
200005b4:	23bc      	movs	r3, #188	; 0xbc
200005b6:	33ff      	adds	r3, #255	; 0xff
200005b8:	5ce3      	ldrb	r3, [r4, r3]
200005ba:	2b02      	cmp	r3, #2
200005bc:	d100      	bne.n	200005c0 <dcd_rp2040_irq+0x78>
200005be:	e112      	b.n	200007e6 <dcd_rp2040_irq+0x29e>
200005c0:	23fc      	movs	r3, #252	; 0xfc
200005c2:	33ff      	adds	r3, #255	; 0xff
200005c4:	5ce3      	ldrb	r3, [r4, r3]
200005c6:	2b02      	cmp	r3, #2
200005c8:	d100      	bne.n	200005cc <dcd_rp2040_irq+0x84>
200005ca:	e20d      	b.n	200009e8 <dcd_rp2040_irq+0x4a0>
200005cc:	4bb2      	ldr	r3, [pc, #712]	; (20000898 <dcd_rp2040_irq+0x350>)
200005ce:	5ce3      	ldrb	r3, [r4, r3]
200005d0:	2b02      	cmp	r3, #2
200005d2:	d100      	bne.n	200005d6 <dcd_rp2040_irq+0x8e>
200005d4:	e1f4      	b.n	200009c0 <dcd_rp2040_irq+0x478>
200005d6:	4bb1      	ldr	r3, [pc, #708]	; (2000089c <dcd_rp2040_irq+0x354>)
200005d8:	5ce3      	ldrb	r3, [r4, r3]
200005da:	2b02      	cmp	r3, #2
200005dc:	d100      	bne.n	200005e0 <dcd_rp2040_irq+0x98>
200005de:	e1db      	b.n	20000998 <dcd_rp2040_irq+0x450>
200005e0:	4baf      	ldr	r3, [pc, #700]	; (200008a0 <dcd_rp2040_irq+0x358>)
200005e2:	5ce3      	ldrb	r3, [r4, r3]
200005e4:	2b02      	cmp	r3, #2
200005e6:	d100      	bne.n	200005ea <dcd_rp2040_irq+0xa2>
200005e8:	e1c2      	b.n	20000970 <dcd_rp2040_irq+0x428>
200005ea:	4bae      	ldr	r3, [pc, #696]	; (200008a4 <dcd_rp2040_irq+0x35c>)
200005ec:	5ce3      	ldrb	r3, [r4, r3]
200005ee:	2b02      	cmp	r3, #2
200005f0:	d100      	bne.n	200005f4 <dcd_rp2040_irq+0xac>
200005f2:	e1a9      	b.n	20000948 <dcd_rp2040_irq+0x400>
200005f4:	4bac      	ldr	r3, [pc, #688]	; (200008a8 <dcd_rp2040_irq+0x360>)
200005f6:	5ce3      	ldrb	r3, [r4, r3]
200005f8:	2b02      	cmp	r3, #2
200005fa:	d100      	bne.n	200005fe <dcd_rp2040_irq+0xb6>
200005fc:	e190      	b.n	20000920 <dcd_rp2040_irq+0x3d8>
200005fe:	4bab      	ldr	r3, [pc, #684]	; (200008ac <dcd_rp2040_irq+0x364>)
20000600:	5ce3      	ldrb	r3, [r4, r3]
20000602:	2b02      	cmp	r3, #2
20000604:	d100      	bne.n	20000608 <dcd_rp2040_irq+0xc0>
20000606:	e177      	b.n	200008f8 <dcd_rp2040_irq+0x3b0>
20000608:	4ba9      	ldr	r3, [pc, #676]	; (200008b0 <dcd_rp2040_irq+0x368>)
2000060a:	5ce3      	ldrb	r3, [r4, r3]
2000060c:	2b02      	cmp	r3, #2
2000060e:	d100      	bne.n	20000612 <dcd_rp2040_irq+0xca>
20000610:	e15c      	b.n	200008cc <dcd_rp2040_irq+0x384>
20000612:	4ba8      	ldr	r3, [pc, #672]	; (200008b4 <dcd_rp2040_irq+0x36c>)
20000614:	5ce3      	ldrb	r3, [r4, r3]
20000616:	2b02      	cmp	r3, #2
20000618:	d100      	bne.n	2000061c <dcd_rp2040_irq+0xd4>
2000061a:	e1fa      	b.n	20000a12 <dcd_rp2040_irq+0x4ca>
2000061c:	2e00      	cmp	r6, #0
2000061e:	d108      	bne.n	20000632 <dcd_rp2040_irq+0xea>
20000620:	4ba5      	ldr	r3, [pc, #660]	; (200008b8 <dcd_rp2040_irq+0x370>)
20000622:	781b      	ldrb	r3, [r3, #0]
20000624:	2b00      	cmp	r3, #0
20000626:	d104      	bne.n	20000632 <dcd_rp2040_irq+0xea>
20000628:	2180      	movs	r1, #128	; 0x80
2000062a:	4aa4      	ldr	r2, [pc, #656]	; (200008bc <dcd_rp2040_irq+0x374>)
2000062c:	3390      	adds	r3, #144	; 0x90
2000062e:	0289      	lsls	r1, r1, #10
20000630:	50d1      	str	r1, [r2, r3]
20000632:	22c0      	movs	r2, #192	; 0xc0
20000634:	4b94      	ldr	r3, [pc, #592]	; (20000888 <dcd_rp2040_irq+0x340>)
20000636:	a801      	add	r0, sp, #4
20000638:	6c9b      	ldr	r3, [r3, #72]	; 0x48
2000063a:	0092      	lsls	r2, r2, #2
2000063c:	055b      	lsls	r3, r3, #21
2000063e:	0d5b      	lsrs	r3, r3, #21
20000640:	2101      	movs	r1, #1
20000642:	2480      	movs	r4, #128	; 0x80
20000644:	8002      	strh	r2, [r0, #0]
20000646:	6043      	str	r3, [r0, #4]
20000648:	f000 fbb0 	bl	20000dac <dcd_event_handler>
2000064c:	4e9c      	ldr	r6, [pc, #624]	; (200008c0 <dcd_rp2040_irq+0x378>)
2000064e:	02a4      	lsls	r4, r4, #10
20000650:	06eb      	lsls	r3, r5, #27
20000652:	d500      	bpl.n	20000656 <dcd_rp2040_irq+0x10e>
20000654:	e086      	b.n	20000764 <dcd_rp2040_irq+0x21c>
20000656:	2380      	movs	r3, #128	; 0x80
20000658:	025b      	lsls	r3, r3, #9
2000065a:	421d      	tst	r5, r3
2000065c:	d037      	beq.n	200006ce <dcd_rp2040_irq+0x186>
2000065e:	431c      	orrs	r4, r3
20000660:	2300      	movs	r3, #0
20000662:	4698      	mov	r8, r3
20000664:	3302      	adds	r3, #2
20000666:	4699      	mov	r9, r3
20000668:	4b96      	ldr	r3, [pc, #600]	; (200008c4 <dcd_rp2040_irq+0x37c>)
2000066a:	4e89      	ldr	r6, [pc, #548]	; (20000890 <dcd_rp2040_irq+0x348>)
2000066c:	469a      	mov	sl, r3
2000066e:	7eb3      	ldrb	r3, [r6, #26]
20000670:	2b00      	cmp	r3, #0
20000672:	d017      	beq.n	200006a4 <dcd_rp2040_irq+0x15c>
20000674:	464b      	mov	r3, r9
20000676:	4642      	mov	r2, r8
20000678:	1a9f      	subs	r7, r3, r2
2000067a:	f000 fcc1 	bl	20001000 <__rp2040_chip_version_veneer>
2000067e:	2801      	cmp	r0, #1
20000680:	d900      	bls.n	20000684 <dcd_rp2040_irq+0x13c>
20000682:	e073      	b.n	2000076c <dcd_rp2040_irq+0x224>
20000684:	22c0      	movs	r2, #192	; 0xc0
20000686:	2100      	movs	r1, #0
20000688:	0030      	movs	r0, r6
2000068a:	0192      	lsls	r2, r2, #6
2000068c:	f000 fb10 	bl	20000cb0 <_hw_endpoint_buffer_control_update32>
20000690:	0030      	movs	r0, r6
20000692:	f000 fb07 	bl	20000ca4 <hw_endpoint_reset_transfer>
20000696:	f000 fcb3 	bl	20001000 <__rp2040_chip_version_veneer>
2000069a:	2801      	cmp	r0, #1
2000069c:	d902      	bls.n	200006a4 <dcd_rp2040_irq+0x15c>
2000069e:	4b87      	ldr	r3, [pc, #540]	; (200008bc <dcd_rp2040_irq+0x374>)
200006a0:	665f      	str	r7, [r3, #100]	; 0x64
200006a2:	661f      	str	r7, [r3, #96]	; 0x60
200006a4:	2301      	movs	r3, #1
200006a6:	70f3      	strb	r3, [r6, #3]
200006a8:	4643      	mov	r3, r8
200006aa:	3620      	adds	r6, #32
200006ac:	2b01      	cmp	r3, #1
200006ae:	d123      	bne.n	200006f8 <dcd_rp2040_irq+0x1b0>
200006b0:	23c0      	movs	r3, #192	; 0xc0
200006b2:	a801      	add	r0, sp, #4
200006b4:	00db      	lsls	r3, r3, #3
200006b6:	4a84      	ldr	r2, [pc, #528]	; (200008c8 <dcd_rp2040_irq+0x380>)
200006b8:	8003      	strh	r3, [r0, #0]
200006ba:	ab02      	add	r3, sp, #8
200006bc:	ca42      	ldmia	r2!, {r1, r6}
200006be:	c342      	stmia	r3!, {r1, r6}
200006c0:	2101      	movs	r1, #1
200006c2:	f000 fb73 	bl	20000dac <dcd_event_handler>
200006c6:	2280      	movs	r2, #128	; 0x80
200006c8:	4b7c      	ldr	r3, [pc, #496]	; (200008bc <dcd_rp2040_irq+0x374>)
200006ca:	0292      	lsls	r2, r2, #10
200006cc:	651a      	str	r2, [r3, #80]	; 0x50
200006ce:	2380      	movs	r3, #128	; 0x80
200006d0:	015b      	lsls	r3, r3, #5
200006d2:	421d      	tst	r5, r3
200006d4:	d113      	bne.n	200006fe <dcd_rp2040_irq+0x1b6>
200006d6:	2380      	movs	r3, #128	; 0x80
200006d8:	01db      	lsls	r3, r3, #7
200006da:	421d      	tst	r5, r3
200006dc:	d126      	bne.n	2000072c <dcd_rp2040_irq+0x1e4>
200006de:	2380      	movs	r3, #128	; 0x80
200006e0:	021b      	lsls	r3, r3, #8
200006e2:	421d      	tst	r5, r3
200006e4:	d131      	bne.n	2000074a <dcd_rp2040_irq+0x202>
200006e6:	42ac      	cmp	r4, r5
200006e8:	d000      	beq.n	200006ec <dcd_rp2040_irq+0x1a4>
200006ea:	e1ac      	b.n	20000a46 <dcd_rp2040_irq+0x4fe>
200006ec:	b004      	add	sp, #16
200006ee:	bce0      	pop	{r5, r6, r7}
200006f0:	46ba      	mov	sl, r7
200006f2:	46b1      	mov	r9, r6
200006f4:	46a8      	mov	r8, r5
200006f6:	bdf0      	pop	{r4, r5, r6, r7, pc}
200006f8:	2301      	movs	r3, #1
200006fa:	4698      	mov	r8, r3
200006fc:	e7b7      	b.n	2000066e <dcd_rp2040_irq+0x126>
200006fe:	2600      	movs	r6, #0
20000700:	431c      	orrs	r4, r3
20000702:	4b61      	ldr	r3, [pc, #388]	; (20000888 <dcd_rp2040_irq+0x340>)
20000704:	601e      	str	r6, [r3, #0]
20000706:	f7ff fe75 	bl	200003f4 <reset_non_control_endpoints>
2000070a:	2380      	movs	r3, #128	; 0x80
2000070c:	466a      	mov	r2, sp
2000070e:	005b      	lsls	r3, r3, #1
20000710:	8093      	strh	r3, [r2, #4]
20000712:	7216      	strb	r6, [r2, #8]
20000714:	2101      	movs	r1, #1
20000716:	a801      	add	r0, sp, #4
20000718:	f000 fb48 	bl	20000dac <dcd_event_handler>
2000071c:	2280      	movs	r2, #128	; 0x80
2000071e:	4b67      	ldr	r3, [pc, #412]	; (200008bc <dcd_rp2040_irq+0x374>)
20000720:	0312      	lsls	r2, r2, #12
20000722:	651a      	str	r2, [r3, #80]	; 0x50
20000724:	2380      	movs	r3, #128	; 0x80
20000726:	01db      	lsls	r3, r3, #7
20000728:	421d      	tst	r5, r3
2000072a:	d0d8      	beq.n	200006de <dcd_rp2040_irq+0x196>
2000072c:	431c      	orrs	r4, r3
2000072e:	2380      	movs	r3, #128	; 0x80
20000730:	a801      	add	r0, sp, #4
20000732:	00db      	lsls	r3, r3, #3
20000734:	8003      	strh	r3, [r0, #0]
20000736:	2101      	movs	r1, #1
20000738:	f000 fb38 	bl	20000dac <dcd_event_handler>
2000073c:	2210      	movs	r2, #16
2000073e:	4b5f      	ldr	r3, [pc, #380]	; (200008bc <dcd_rp2040_irq+0x374>)
20000740:	651a      	str	r2, [r3, #80]	; 0x50
20000742:	2380      	movs	r3, #128	; 0x80
20000744:	021b      	lsls	r3, r3, #8
20000746:	421d      	tst	r5, r3
20000748:	d0cd      	beq.n	200006e6 <dcd_rp2040_irq+0x19e>
2000074a:	431c      	orrs	r4, r3
2000074c:	23a0      	movs	r3, #160	; 0xa0
2000074e:	a801      	add	r0, sp, #4
20000750:	00db      	lsls	r3, r3, #3
20000752:	8003      	strh	r3, [r0, #0]
20000754:	2101      	movs	r1, #1
20000756:	f000 fb29 	bl	20000dac <dcd_event_handler>
2000075a:	2280      	movs	r2, #128	; 0x80
2000075c:	4b57      	ldr	r3, [pc, #348]	; (200008bc <dcd_rp2040_irq+0x374>)
2000075e:	0112      	lsls	r2, r2, #4
20000760:	651a      	str	r2, [r3, #80]	; 0x50
20000762:	e7c0      	b.n	200006e6 <dcd_rp2040_irq+0x19e>
20000764:	f7ff fea4 	bl	200004b0 <hw_handle_buff_status>
20000768:	0034      	movs	r4, r6
2000076a:	e774      	b.n	20000656 <dcd_rp2040_irq+0x10e>
2000076c:	4653      	mov	r3, sl
2000076e:	4a46      	ldr	r2, [pc, #280]	; (20000888 <dcd_rp2040_irq+0x340>)
20000770:	661f      	str	r7, [r3, #96]	; 0x60
20000772:	6e53      	ldr	r3, [r2, #100]	; 0x64
20000774:	403b      	ands	r3, r7
20000776:	42bb      	cmp	r3, r7
20000778:	d1fb      	bne.n	20000772 <dcd_rp2040_irq+0x22a>
2000077a:	e783      	b.n	20000684 <dcd_rp2040_irq+0x13c>
2000077c:	3338      	adds	r3, #56	; 0x38
2000077e:	5ce6      	ldrb	r6, [r4, r3]
20000780:	2e00      	cmp	r6, #0
20000782:	d100      	bne.n	20000786 <dcd_rp2040_irq+0x23e>
20000784:	e6fb      	b.n	2000057e <dcd_rp2040_irq+0x36>
20000786:	3302      	adds	r3, #2
20000788:	5ce2      	ldrb	r2, [r4, r3]
2000078a:	2a00      	cmp	r2, #0
2000078c:	d100      	bne.n	20000790 <dcd_rp2040_irq+0x248>
2000078e:	e6f6      	b.n	2000057e <dcd_rp2040_irq+0x36>
20000790:	2200      	movs	r2, #0
20000792:	0020      	movs	r0, r4
20000794:	54e2      	strb	r2, [r4, r3]
20000796:	3020      	adds	r0, #32
20000798:	f000 fab2 	bl	20000d00 <hw_endpoint_start_next_buffer>
2000079c:	e6ef      	b.n	2000057e <dcd_rp2040_irq+0x36>
2000079e:	33b8      	adds	r3, #184	; 0xb8
200007a0:	5ce3      	ldrb	r3, [r4, r3]
200007a2:	2b00      	cmp	r3, #0
200007a4:	d100      	bne.n	200007a8 <dcd_rp2040_irq+0x260>
200007a6:	e6f4      	b.n	20000592 <dcd_rp2040_irq+0x4a>
200007a8:	22bc      	movs	r2, #188	; 0xbc
200007aa:	5ca1      	ldrb	r1, [r4, r2]
200007ac:	001e      	movs	r6, r3
200007ae:	2900      	cmp	r1, #0
200007b0:	d100      	bne.n	200007b4 <dcd_rp2040_irq+0x26c>
200007b2:	e6ee      	b.n	20000592 <dcd_rp2040_irq+0x4a>
200007b4:	2300      	movs	r3, #0
200007b6:	0020      	movs	r0, r4
200007b8:	54a3      	strb	r3, [r4, r2]
200007ba:	30a0      	adds	r0, #160	; 0xa0
200007bc:	f000 faa0 	bl	20000d00 <hw_endpoint_start_next_buffer>
200007c0:	e6e7      	b.n	20000592 <dcd_rp2040_irq+0x4a>
200007c2:	3378      	adds	r3, #120	; 0x78
200007c4:	5ce3      	ldrb	r3, [r4, r3]
200007c6:	2b00      	cmp	r3, #0
200007c8:	d100      	bne.n	200007cc <dcd_rp2040_irq+0x284>
200007ca:	e6dd      	b.n	20000588 <dcd_rp2040_irq+0x40>
200007cc:	227c      	movs	r2, #124	; 0x7c
200007ce:	5ca1      	ldrb	r1, [r4, r2]
200007d0:	001e      	movs	r6, r3
200007d2:	2900      	cmp	r1, #0
200007d4:	d100      	bne.n	200007d8 <dcd_rp2040_irq+0x290>
200007d6:	e6d7      	b.n	20000588 <dcd_rp2040_irq+0x40>
200007d8:	2300      	movs	r3, #0
200007da:	0020      	movs	r0, r4
200007dc:	54a3      	strb	r3, [r4, r2]
200007de:	3060      	adds	r0, #96	; 0x60
200007e0:	f000 fa8e 	bl	20000d00 <hw_endpoint_start_next_buffer>
200007e4:	e6d0      	b.n	20000588 <dcd_rp2040_irq+0x40>
200007e6:	33b9      	adds	r3, #185	; 0xb9
200007e8:	33ff      	adds	r3, #255	; 0xff
200007ea:	5ce3      	ldrb	r3, [r4, r3]
200007ec:	2b00      	cmp	r3, #0
200007ee:	d100      	bne.n	200007f2 <dcd_rp2040_irq+0x2aa>
200007f0:	e6e6      	b.n	200005c0 <dcd_rp2040_irq+0x78>
200007f2:	22de      	movs	r2, #222	; 0xde
200007f4:	0052      	lsls	r2, r2, #1
200007f6:	5ca1      	ldrb	r1, [r4, r2]
200007f8:	001e      	movs	r6, r3
200007fa:	2900      	cmp	r1, #0
200007fc:	d100      	bne.n	20000800 <dcd_rp2040_irq+0x2b8>
200007fe:	e6df      	b.n	200005c0 <dcd_rp2040_irq+0x78>
20000800:	0020      	movs	r0, r4
20000802:	2300      	movs	r3, #0
20000804:	30a1      	adds	r0, #161	; 0xa1
20000806:	54a3      	strb	r3, [r4, r2]
20000808:	30ff      	adds	r0, #255	; 0xff
2000080a:	f000 fa79 	bl	20000d00 <hw_endpoint_start_next_buffer>
2000080e:	e6d7      	b.n	200005c0 <dcd_rp2040_irq+0x78>
20000810:	3379      	adds	r3, #121	; 0x79
20000812:	33ff      	adds	r3, #255	; 0xff
20000814:	5ce3      	ldrb	r3, [r4, r3]
20000816:	2b00      	cmp	r3, #0
20000818:	d100      	bne.n	2000081c <dcd_rp2040_irq+0x2d4>
2000081a:	e6cb      	b.n	200005b4 <dcd_rp2040_irq+0x6c>
2000081c:	22be      	movs	r2, #190	; 0xbe
2000081e:	0052      	lsls	r2, r2, #1
20000820:	5ca1      	ldrb	r1, [r4, r2]
20000822:	001e      	movs	r6, r3
20000824:	2900      	cmp	r1, #0
20000826:	d100      	bne.n	2000082a <dcd_rp2040_irq+0x2e2>
20000828:	e6c4      	b.n	200005b4 <dcd_rp2040_irq+0x6c>
2000082a:	0020      	movs	r0, r4
2000082c:	2300      	movs	r3, #0
2000082e:	3061      	adds	r0, #97	; 0x61
20000830:	54a3      	strb	r3, [r4, r2]
20000832:	30ff      	adds	r0, #255	; 0xff
20000834:	f000 fa64 	bl	20000d00 <hw_endpoint_start_next_buffer>
20000838:	e6bc      	b.n	200005b4 <dcd_rp2040_irq+0x6c>
2000083a:	3339      	adds	r3, #57	; 0x39
2000083c:	33ff      	adds	r3, #255	; 0xff
2000083e:	5ce3      	ldrb	r3, [r4, r3]
20000840:	2b00      	cmp	r3, #0
20000842:	d100      	bne.n	20000846 <dcd_rp2040_irq+0x2fe>
20000844:	e6b0      	b.n	200005a8 <dcd_rp2040_irq+0x60>
20000846:	229e      	movs	r2, #158	; 0x9e
20000848:	0052      	lsls	r2, r2, #1
2000084a:	5ca1      	ldrb	r1, [r4, r2]
2000084c:	001e      	movs	r6, r3
2000084e:	2900      	cmp	r1, #0
20000850:	d100      	bne.n	20000854 <dcd_rp2040_irq+0x30c>
20000852:	e6a9      	b.n	200005a8 <dcd_rp2040_irq+0x60>
20000854:	0020      	movs	r0, r4
20000856:	2300      	movs	r3, #0
20000858:	3021      	adds	r0, #33	; 0x21
2000085a:	54a3      	strb	r3, [r4, r2]
2000085c:	30ff      	adds	r0, #255	; 0xff
2000085e:	f000 fa4f 	bl	20000d00 <hw_endpoint_start_next_buffer>
20000862:	e6a1      	b.n	200005a8 <dcd_rp2040_irq+0x60>
20000864:	33f8      	adds	r3, #248	; 0xf8
20000866:	5ce3      	ldrb	r3, [r4, r3]
20000868:	2b00      	cmp	r3, #0
2000086a:	d100      	bne.n	2000086e <dcd_rp2040_irq+0x326>
2000086c:	e696      	b.n	2000059c <dcd_rp2040_irq+0x54>
2000086e:	22fc      	movs	r2, #252	; 0xfc
20000870:	5ca1      	ldrb	r1, [r4, r2]
20000872:	001e      	movs	r6, r3
20000874:	2900      	cmp	r1, #0
20000876:	d100      	bne.n	2000087a <dcd_rp2040_irq+0x332>
20000878:	e690      	b.n	2000059c <dcd_rp2040_irq+0x54>
2000087a:	2300      	movs	r3, #0
2000087c:	0020      	movs	r0, r4
2000087e:	54a3      	strb	r3, [r4, r2]
20000880:	30e0      	adds	r0, #224	; 0xe0
20000882:	f000 fa3d 	bl	20000d00 <hw_endpoint_start_next_buffer>
20000886:	e689      	b.n	2000059c <dcd_rp2040_irq+0x54>
20000888:	50110000 	.word	0x50110000
2000088c:	40054000 	.word	0x40054000
20000890:	20001ab8 	.word	0x20001ab8
20000894:	20001ab0 	.word	0x20001ab0
20000898:	0000023b 	.word	0x0000023b
2000089c:	0000027b 	.word	0x0000027b
200008a0:	000002bb 	.word	0x000002bb
200008a4:	000002fb 	.word	0x000002fb
200008a8:	0000033b 	.word	0x0000033b
200008ac:	0000037b 	.word	0x0000037b
200008b0:	000003bb 	.word	0x000003bb
200008b4:	000003fb 	.word	0x000003fb
200008b8:	2000200e 	.word	0x2000200e
200008bc:	50113000 	.word	0x50113000
200008c0:	00020010 	.word	0x00020010
200008c4:	50112000 	.word	0x50112000
200008c8:	50100000 	.word	0x50100000
200008cc:	4b60      	ldr	r3, [pc, #384]	; (20000a50 <dcd_rp2040_irq+0x508>)
200008ce:	5ce3      	ldrb	r3, [r4, r3]
200008d0:	2b00      	cmp	r3, #0
200008d2:	d100      	bne.n	200008d6 <dcd_rp2040_irq+0x38e>
200008d4:	e69d      	b.n	20000612 <dcd_rp2040_irq+0xca>
200008d6:	23ef      	movs	r3, #239	; 0xef
200008d8:	009b      	lsls	r3, r3, #2
200008da:	5ce2      	ldrb	r2, [r4, r3]
200008dc:	2a00      	cmp	r2, #0
200008de:	d000      	beq.n	200008e2 <dcd_rp2040_irq+0x39a>
200008e0:	e0a9      	b.n	20000a36 <dcd_rp2040_irq+0x4ee>
200008e2:	4b5c      	ldr	r3, [pc, #368]	; (20000a54 <dcd_rp2040_irq+0x50c>)
200008e4:	5ce3      	ldrb	r3, [r4, r3]
200008e6:	2b02      	cmp	r3, #2
200008e8:	d000      	beq.n	200008ec <dcd_rp2040_irq+0x3a4>
200008ea:	e6a2      	b.n	20000632 <dcd_rp2040_irq+0xea>
200008ec:	4b5a      	ldr	r3, [pc, #360]	; (20000a58 <dcd_rp2040_irq+0x510>)
200008ee:	5ce3      	ldrb	r3, [r4, r3]
200008f0:	2b00      	cmp	r3, #0
200008f2:	d000      	beq.n	200008f6 <dcd_rp2040_irq+0x3ae>
200008f4:	e092      	b.n	20000a1c <dcd_rp2040_irq+0x4d4>
200008f6:	e69c      	b.n	20000632 <dcd_rp2040_irq+0xea>
200008f8:	4b58      	ldr	r3, [pc, #352]	; (20000a5c <dcd_rp2040_irq+0x514>)
200008fa:	5ce3      	ldrb	r3, [r4, r3]
200008fc:	2b00      	cmp	r3, #0
200008fe:	d100      	bne.n	20000902 <dcd_rp2040_irq+0x3ba>
20000900:	e682      	b.n	20000608 <dcd_rp2040_irq+0xc0>
20000902:	22df      	movs	r2, #223	; 0xdf
20000904:	0092      	lsls	r2, r2, #2
20000906:	5ca1      	ldrb	r1, [r4, r2]
20000908:	001e      	movs	r6, r3
2000090a:	2900      	cmp	r1, #0
2000090c:	d100      	bne.n	20000910 <dcd_rp2040_irq+0x3c8>
2000090e:	e67b      	b.n	20000608 <dcd_rp2040_irq+0xc0>
20000910:	2300      	movs	r3, #0
20000912:	54a3      	strb	r3, [r4, r2]
20000914:	23d8      	movs	r3, #216	; 0xd8
20000916:	009b      	lsls	r3, r3, #2
20000918:	18e0      	adds	r0, r4, r3
2000091a:	f000 f9f1 	bl	20000d00 <hw_endpoint_start_next_buffer>
2000091e:	e673      	b.n	20000608 <dcd_rp2040_irq+0xc0>
20000920:	4b4f      	ldr	r3, [pc, #316]	; (20000a60 <dcd_rp2040_irq+0x518>)
20000922:	5ce3      	ldrb	r3, [r4, r3]
20000924:	2b00      	cmp	r3, #0
20000926:	d100      	bne.n	2000092a <dcd_rp2040_irq+0x3e2>
20000928:	e669      	b.n	200005fe <dcd_rp2040_irq+0xb6>
2000092a:	22cf      	movs	r2, #207	; 0xcf
2000092c:	0092      	lsls	r2, r2, #2
2000092e:	5ca1      	ldrb	r1, [r4, r2]
20000930:	001e      	movs	r6, r3
20000932:	2900      	cmp	r1, #0
20000934:	d100      	bne.n	20000938 <dcd_rp2040_irq+0x3f0>
20000936:	e662      	b.n	200005fe <dcd_rp2040_irq+0xb6>
20000938:	2300      	movs	r3, #0
2000093a:	54a3      	strb	r3, [r4, r2]
2000093c:	23c8      	movs	r3, #200	; 0xc8
2000093e:	009b      	lsls	r3, r3, #2
20000940:	18e0      	adds	r0, r4, r3
20000942:	f000 f9dd 	bl	20000d00 <hw_endpoint_start_next_buffer>
20000946:	e65a      	b.n	200005fe <dcd_rp2040_irq+0xb6>
20000948:	4b46      	ldr	r3, [pc, #280]	; (20000a64 <dcd_rp2040_irq+0x51c>)
2000094a:	5ce3      	ldrb	r3, [r4, r3]
2000094c:	2b00      	cmp	r3, #0
2000094e:	d100      	bne.n	20000952 <dcd_rp2040_irq+0x40a>
20000950:	e650      	b.n	200005f4 <dcd_rp2040_irq+0xac>
20000952:	22bf      	movs	r2, #191	; 0xbf
20000954:	0092      	lsls	r2, r2, #2
20000956:	5ca1      	ldrb	r1, [r4, r2]
20000958:	001e      	movs	r6, r3
2000095a:	2900      	cmp	r1, #0
2000095c:	d100      	bne.n	20000960 <dcd_rp2040_irq+0x418>
2000095e:	e649      	b.n	200005f4 <dcd_rp2040_irq+0xac>
20000960:	2300      	movs	r3, #0
20000962:	54a3      	strb	r3, [r4, r2]
20000964:	23b8      	movs	r3, #184	; 0xb8
20000966:	009b      	lsls	r3, r3, #2
20000968:	18e0      	adds	r0, r4, r3
2000096a:	f000 f9c9 	bl	20000d00 <hw_endpoint_start_next_buffer>
2000096e:	e641      	b.n	200005f4 <dcd_rp2040_irq+0xac>
20000970:	4b3d      	ldr	r3, [pc, #244]	; (20000a68 <dcd_rp2040_irq+0x520>)
20000972:	5ce3      	ldrb	r3, [r4, r3]
20000974:	2b00      	cmp	r3, #0
20000976:	d100      	bne.n	2000097a <dcd_rp2040_irq+0x432>
20000978:	e637      	b.n	200005ea <dcd_rp2040_irq+0xa2>
2000097a:	22af      	movs	r2, #175	; 0xaf
2000097c:	0092      	lsls	r2, r2, #2
2000097e:	5ca1      	ldrb	r1, [r4, r2]
20000980:	001e      	movs	r6, r3
20000982:	2900      	cmp	r1, #0
20000984:	d100      	bne.n	20000988 <dcd_rp2040_irq+0x440>
20000986:	e630      	b.n	200005ea <dcd_rp2040_irq+0xa2>
20000988:	2300      	movs	r3, #0
2000098a:	54a3      	strb	r3, [r4, r2]
2000098c:	23a8      	movs	r3, #168	; 0xa8
2000098e:	009b      	lsls	r3, r3, #2
20000990:	18e0      	adds	r0, r4, r3
20000992:	f000 f9b5 	bl	20000d00 <hw_endpoint_start_next_buffer>
20000996:	e628      	b.n	200005ea <dcd_rp2040_irq+0xa2>
20000998:	4b34      	ldr	r3, [pc, #208]	; (20000a6c <dcd_rp2040_irq+0x524>)
2000099a:	5ce3      	ldrb	r3, [r4, r3]
2000099c:	2b00      	cmp	r3, #0
2000099e:	d100      	bne.n	200009a2 <dcd_rp2040_irq+0x45a>
200009a0:	e61e      	b.n	200005e0 <dcd_rp2040_irq+0x98>
200009a2:	229f      	movs	r2, #159	; 0x9f
200009a4:	0092      	lsls	r2, r2, #2
200009a6:	5ca1      	ldrb	r1, [r4, r2]
200009a8:	001e      	movs	r6, r3
200009aa:	2900      	cmp	r1, #0
200009ac:	d100      	bne.n	200009b0 <dcd_rp2040_irq+0x468>
200009ae:	e617      	b.n	200005e0 <dcd_rp2040_irq+0x98>
200009b0:	2300      	movs	r3, #0
200009b2:	54a3      	strb	r3, [r4, r2]
200009b4:	2398      	movs	r3, #152	; 0x98
200009b6:	009b      	lsls	r3, r3, #2
200009b8:	18e0      	adds	r0, r4, r3
200009ba:	f000 f9a1 	bl	20000d00 <hw_endpoint_start_next_buffer>
200009be:	e60f      	b.n	200005e0 <dcd_rp2040_irq+0x98>
200009c0:	4b2b      	ldr	r3, [pc, #172]	; (20000a70 <dcd_rp2040_irq+0x528>)
200009c2:	5ce3      	ldrb	r3, [r4, r3]
200009c4:	2b00      	cmp	r3, #0
200009c6:	d100      	bne.n	200009ca <dcd_rp2040_irq+0x482>
200009c8:	e605      	b.n	200005d6 <dcd_rp2040_irq+0x8e>
200009ca:	228f      	movs	r2, #143	; 0x8f
200009cc:	0092      	lsls	r2, r2, #2
200009ce:	5ca1      	ldrb	r1, [r4, r2]
200009d0:	001e      	movs	r6, r3
200009d2:	2900      	cmp	r1, #0
200009d4:	d100      	bne.n	200009d8 <dcd_rp2040_irq+0x490>
200009d6:	e5fe      	b.n	200005d6 <dcd_rp2040_irq+0x8e>
200009d8:	2300      	movs	r3, #0
200009da:	54a3      	strb	r3, [r4, r2]
200009dc:	2388      	movs	r3, #136	; 0x88
200009de:	009b      	lsls	r3, r3, #2
200009e0:	18e0      	adds	r0, r4, r3
200009e2:	f000 f98d 	bl	20000d00 <hw_endpoint_start_next_buffer>
200009e6:	e5f6      	b.n	200005d6 <dcd_rp2040_irq+0x8e>
200009e8:	33f9      	adds	r3, #249	; 0xf9
200009ea:	33ff      	adds	r3, #255	; 0xff
200009ec:	5ce3      	ldrb	r3, [r4, r3]
200009ee:	2b00      	cmp	r3, #0
200009f0:	d100      	bne.n	200009f4 <dcd_rp2040_irq+0x4ac>
200009f2:	e5eb      	b.n	200005cc <dcd_rp2040_irq+0x84>
200009f4:	22fe      	movs	r2, #254	; 0xfe
200009f6:	0052      	lsls	r2, r2, #1
200009f8:	5ca1      	ldrb	r1, [r4, r2]
200009fa:	001e      	movs	r6, r3
200009fc:	2900      	cmp	r1, #0
200009fe:	d100      	bne.n	20000a02 <dcd_rp2040_irq+0x4ba>
20000a00:	e5e4      	b.n	200005cc <dcd_rp2040_irq+0x84>
20000a02:	0020      	movs	r0, r4
20000a04:	2300      	movs	r3, #0
20000a06:	30e1      	adds	r0, #225	; 0xe1
20000a08:	54a3      	strb	r3, [r4, r2]
20000a0a:	30ff      	adds	r0, #255	; 0xff
20000a0c:	f000 f978 	bl	20000d00 <hw_endpoint_start_next_buffer>
20000a10:	e5dc      	b.n	200005cc <dcd_rp2040_irq+0x84>
20000a12:	4b11      	ldr	r3, [pc, #68]	; (20000a58 <dcd_rp2040_irq+0x510>)
20000a14:	5ce3      	ldrb	r3, [r4, r3]
20000a16:	2b00      	cmp	r3, #0
20000a18:	d100      	bne.n	20000a1c <dcd_rp2040_irq+0x4d4>
20000a1a:	e5ff      	b.n	2000061c <dcd_rp2040_irq+0xd4>
20000a1c:	23ff      	movs	r3, #255	; 0xff
20000a1e:	009b      	lsls	r3, r3, #2
20000a20:	5ce2      	ldrb	r2, [r4, r3]
20000a22:	2a00      	cmp	r2, #0
20000a24:	d100      	bne.n	20000a28 <dcd_rp2040_irq+0x4e0>
20000a26:	e604      	b.n	20000632 <dcd_rp2040_irq+0xea>
20000a28:	2200      	movs	r2, #0
20000a2a:	54e2      	strb	r2, [r4, r3]
20000a2c:	3b1c      	subs	r3, #28
20000a2e:	18e0      	adds	r0, r4, r3
20000a30:	f000 f966 	bl	20000d00 <hw_endpoint_start_next_buffer>
20000a34:	e5fd      	b.n	20000632 <dcd_rp2040_irq+0xea>
20000a36:	2200      	movs	r2, #0
20000a38:	54e2      	strb	r2, [r4, r3]
20000a3a:	23e8      	movs	r3, #232	; 0xe8
20000a3c:	009b      	lsls	r3, r3, #2
20000a3e:	18e0      	adds	r0, r4, r3
20000a40:	f000 f95e 	bl	20000d00 <hw_endpoint_start_next_buffer>
20000a44:	e74d      	b.n	200008e2 <dcd_rp2040_irq+0x39a>
20000a46:	0021      	movs	r1, r4
20000a48:	480a      	ldr	r0, [pc, #40]	; (20000a74 <dcd_rp2040_irq+0x52c>)
20000a4a:	4069      	eors	r1, r5
20000a4c:	f000 fac8 	bl	20000fe0 <__panic_veneer>
20000a50:	000003ba 	.word	0x000003ba
20000a54:	000003fb 	.word	0x000003fb
20000a58:	000003fa 	.word	0x000003fa
20000a5c:	0000037a 	.word	0x0000037a
20000a60:	0000033a 	.word	0x0000033a
20000a64:	000002fa 	.word	0x000002fa
20000a68:	000002ba 	.word	0x000002ba
20000a6c:	0000027a 	.word	0x0000027a
20000a70:	0000023a 	.word	0x0000023a
20000a74:	10006f7c 	.word	0x10006f7c

20000a78 <prepare_ep_buffer>:
20000a78:	b5f0      	push	{r4, r5, r6, r7, lr}
20000a7a:	46d6      	mov	lr, sl
20000a7c:	464f      	mov	r7, r9
20000a7e:	4646      	mov	r6, r8
20000a80:	0003      	movs	r3, r0
20000a82:	b5c0      	push	{r6, r7, lr}
20000a84:	8b1c      	ldrh	r4, [r3, #24]
20000a86:	8a80      	ldrh	r0, [r0, #20]
20000a88:	468a      	mov	sl, r1
20000a8a:	1c22      	adds	r2, r4, #0
20000a8c:	4284      	cmp	r4, r0
20000a8e:	d900      	bls.n	20000a92 <prepare_ep_buffer+0x1a>
20000a90:	1c02      	adds	r2, r0, #0
20000a92:	2680      	movs	r6, #128	; 0x80
20000a94:	b292      	uxth	r2, r2
20000a96:	1a80      	subs	r0, r0, r2
20000a98:	78dd      	ldrb	r5, [r3, #3]
20000a9a:	b284      	uxth	r4, r0
20000a9c:	00f6      	lsls	r6, r6, #3
20000a9e:	829c      	strh	r4, [r3, #20]
20000aa0:	4316      	orrs	r6, r2
20000aa2:	2d00      	cmp	r5, #0
20000aa4:	d002      	beq.n	20000aac <prepare_ep_buffer+0x34>
20000aa6:	2690      	movs	r6, #144	; 0x90
20000aa8:	01b6      	lsls	r6, r6, #6
20000aaa:	4316      	orrs	r6, r2
20000aac:	2701      	movs	r7, #1
20000aae:	407d      	eors	r5, r7
20000ab0:	70dd      	strb	r5, [r3, #3]
20000ab2:	785d      	ldrb	r5, [r3, #1]
20000ab4:	0030      	movs	r0, r6
20000ab6:	2d00      	cmp	r5, #0
20000ab8:	d141      	bne.n	20000b3e <prepare_ep_buffer+0xc6>
20000aba:	4651      	mov	r1, sl
20000abc:	0188      	lsls	r0, r1, #6
20000abe:	68d9      	ldr	r1, [r3, #12]
20000ac0:	691f      	ldr	r7, [r3, #16]
20000ac2:	468c      	mov	ip, r1
20000ac4:	1e51      	subs	r1, r2, #1
20000ac6:	4688      	mov	r8, r1
20000ac8:	4484      	add	ip, r0
20000aca:	2a00      	cmp	r2, #0
20000acc:	d032      	beq.n	20000b34 <prepare_ep_buffer+0xbc>
20000ace:	4661      	mov	r1, ip
20000ad0:	2002      	movs	r0, #2
20000ad2:	1c7c      	adds	r4, r7, #1
20000ad4:	1b0c      	subs	r4, r1, r4
20000ad6:	42a0      	cmp	r0, r4
20000ad8:	4180      	sbcs	r0, r0
20000ada:	2408      	movs	r4, #8
20000adc:	4544      	cmp	r4, r8
20000ade:	41a4      	sbcs	r4, r4
20000ae0:	4240      	negs	r0, r0
20000ae2:	4264      	negs	r4, r4
20000ae4:	4204      	tst	r4, r0
20000ae6:	d038      	beq.n	20000b5a <prepare_ep_buffer+0xe2>
20000ae8:	4660      	mov	r0, ip
20000aea:	4338      	orrs	r0, r7
20000aec:	0781      	lsls	r1, r0, #30
20000aee:	d134      	bne.n	20000b5a <prepare_ep_buffer+0xe2>
20000af0:	1f15      	subs	r5, r2, #4
20000af2:	08ad      	lsrs	r5, r5, #2
20000af4:	1c69      	adds	r1, r5, #1
20000af6:	4689      	mov	r9, r1
20000af8:	2000      	movs	r0, #0
20000afa:	2400      	movs	r4, #0
20000afc:	4661      	mov	r1, ip
20000afe:	583d      	ldr	r5, [r7, r0]
20000b00:	3401      	adds	r4, #1
20000b02:	500d      	str	r5, [r1, r0]
20000b04:	3004      	adds	r0, #4
20000b06:	45a1      	cmp	r9, r4
20000b08:	d8f8      	bhi.n	20000afc <prepare_ep_buffer+0x84>
20000b0a:	4649      	mov	r1, r9
20000b0c:	008d      	lsls	r5, r1, #2
20000b0e:	4661      	mov	r1, ip
20000b10:	194c      	adds	r4, r1, r5
20000b12:	4641      	mov	r1, r8
20000b14:	197f      	adds	r7, r7, r5
20000b16:	1b48      	subs	r0, r1, r5
20000b18:	42aa      	cmp	r2, r5
20000b1a:	d009      	beq.n	20000b30 <prepare_ep_buffer+0xb8>
20000b1c:	783d      	ldrb	r5, [r7, #0]
20000b1e:	7025      	strb	r5, [r4, #0]
20000b20:	2800      	cmp	r0, #0
20000b22:	d005      	beq.n	20000b30 <prepare_ep_buffer+0xb8>
20000b24:	787d      	ldrb	r5, [r7, #1]
20000b26:	7065      	strb	r5, [r4, #1]
20000b28:	2801      	cmp	r0, #1
20000b2a:	d001      	beq.n	20000b30 <prepare_ep_buffer+0xb8>
20000b2c:	78b8      	ldrb	r0, [r7, #2]
20000b2e:	70a0      	strb	r0, [r4, #2]
20000b30:	691f      	ldr	r7, [r3, #16]
20000b32:	8a9c      	ldrh	r4, [r3, #20]
20000b34:	2080      	movs	r0, #128	; 0x80
20000b36:	18ba      	adds	r2, r7, r2
20000b38:	0200      	lsls	r0, r0, #8
20000b3a:	611a      	str	r2, [r3, #16]
20000b3c:	4330      	orrs	r0, r6
20000b3e:	2c00      	cmp	r4, #0
20000b40:	d102      	bne.n	20000b48 <prepare_ep_buffer+0xd0>
20000b42:	2380      	movs	r3, #128	; 0x80
20000b44:	01db      	lsls	r3, r3, #7
20000b46:	4318      	orrs	r0, r3
20000b48:	4653      	mov	r3, sl
20000b4a:	2b00      	cmp	r3, #0
20000b4c:	d000      	beq.n	20000b50 <prepare_ep_buffer+0xd8>
20000b4e:	0400      	lsls	r0, r0, #16
20000b50:	bce0      	pop	{r5, r6, r7}
20000b52:	46ba      	mov	sl, r7
20000b54:	46b1      	mov	r9, r6
20000b56:	46a8      	mov	r8, r5
20000b58:	bdf0      	pop	{r4, r5, r6, r7, pc}
20000b5a:	2000      	movs	r0, #0
20000b5c:	4661      	mov	r1, ip
20000b5e:	5c3c      	ldrb	r4, [r7, r0]
20000b60:	540c      	strb	r4, [r1, r0]
20000b62:	3001      	adds	r0, #1
20000b64:	4282      	cmp	r2, r0
20000b66:	d1f9      	bne.n	20000b5c <prepare_ep_buffer+0xe4>
20000b68:	e7e2      	b.n	20000b30 <prepare_ep_buffer+0xb8>
20000b6a:	46c0      	nop			; (mov r8, r8)

20000b6c <sync_ep_buffer>:
20000b6c:	6882      	ldr	r2, [r0, #8]
20000b6e:	0003      	movs	r3, r0
20000b70:	b5f0      	push	{r4, r5, r6, r7, lr}
20000b72:	6810      	ldr	r0, [r2, #0]
20000b74:	2900      	cmp	r1, #0
20000b76:	d000      	beq.n	20000b7a <sync_ep_buffer+0xe>
20000b78:	0c00      	lsrs	r0, r0, #16
20000b7a:	785a      	ldrb	r2, [r3, #1]
20000b7c:	0580      	lsls	r0, r0, #22
20000b7e:	0d80      	lsrs	r0, r0, #22
20000b80:	2a00      	cmp	r2, #0
20000b82:	d108      	bne.n	20000b96 <sync_ep_buffer+0x2a>
20000b84:	8ada      	ldrh	r2, [r3, #22]
20000b86:	1882      	adds	r2, r0, r2
20000b88:	82da      	strh	r2, [r3, #22]
20000b8a:	8b1a      	ldrh	r2, [r3, #24]
20000b8c:	4282      	cmp	r2, r0
20000b8e:	d901      	bls.n	20000b94 <sync_ep_buffer+0x28>
20000b90:	2200      	movs	r2, #0
20000b92:	829a      	strh	r2, [r3, #20]
20000b94:	bdf0      	pop	{r4, r5, r6, r7, pc}
20000b96:	68da      	ldr	r2, [r3, #12]
20000b98:	0189      	lsls	r1, r1, #6
20000b9a:	1e45      	subs	r5, r0, #1
20000b9c:	46ac      	mov	ip, r5
20000b9e:	691c      	ldr	r4, [r3, #16]
20000ba0:	1856      	adds	r6, r2, r1
20000ba2:	2800      	cmp	r0, #0
20000ba4:	d02e      	beq.n	20000c04 <sync_ep_buffer+0x98>
20000ba6:	3101      	adds	r1, #1
20000ba8:	1851      	adds	r1, r2, r1
20000baa:	0025      	movs	r5, r4
20000bac:	2202      	movs	r2, #2
20000bae:	1a61      	subs	r1, r4, r1
20000bb0:	428a      	cmp	r2, r1
20000bb2:	4189      	sbcs	r1, r1
20000bb4:	4335      	orrs	r5, r6
20000bb6:	3201      	adds	r2, #1
20000bb8:	402a      	ands	r2, r5
20000bba:	4255      	negs	r5, r2
20000bbc:	416a      	adcs	r2, r5
20000bbe:	4249      	negs	r1, r1
20000bc0:	420a      	tst	r2, r1
20000bc2:	d025      	beq.n	20000c10 <sync_ep_buffer+0xa4>
20000bc4:	4662      	mov	r2, ip
20000bc6:	2a08      	cmp	r2, #8
20000bc8:	d922      	bls.n	20000c10 <sync_ep_buffer+0xa4>
20000bca:	2200      	movs	r2, #0
20000bcc:	2100      	movs	r1, #0
20000bce:	1f05      	subs	r5, r0, #4
20000bd0:	08ad      	lsrs	r5, r5, #2
20000bd2:	3501      	adds	r5, #1
20000bd4:	58b7      	ldr	r7, [r6, r2]
20000bd6:	3101      	adds	r1, #1
20000bd8:	50a7      	str	r7, [r4, r2]
20000bda:	3204      	adds	r2, #4
20000bdc:	428d      	cmp	r5, r1
20000bde:	d8f9      	bhi.n	20000bd4 <sync_ep_buffer+0x68>
20000be0:	4662      	mov	r2, ip
20000be2:	00ad      	lsls	r5, r5, #2
20000be4:	1976      	adds	r6, r6, r5
20000be6:	1964      	adds	r4, r4, r5
20000be8:	1b57      	subs	r7, r2, r5
20000bea:	42a8      	cmp	r0, r5
20000bec:	d009      	beq.n	20000c02 <sync_ep_buffer+0x96>
20000bee:	7832      	ldrb	r2, [r6, #0]
20000bf0:	7022      	strb	r2, [r4, #0]
20000bf2:	2f00      	cmp	r7, #0
20000bf4:	d005      	beq.n	20000c02 <sync_ep_buffer+0x96>
20000bf6:	7872      	ldrb	r2, [r6, #1]
20000bf8:	7062      	strb	r2, [r4, #1]
20000bfa:	2f01      	cmp	r7, #1
20000bfc:	d001      	beq.n	20000c02 <sync_ep_buffer+0x96>
20000bfe:	78b2      	ldrb	r2, [r6, #2]
20000c00:	70a2      	strb	r2, [r4, #2]
20000c02:	691c      	ldr	r4, [r3, #16]
20000c04:	8ada      	ldrh	r2, [r3, #22]
20000c06:	1824      	adds	r4, r4, r0
20000c08:	1882      	adds	r2, r0, r2
20000c0a:	82da      	strh	r2, [r3, #22]
20000c0c:	611c      	str	r4, [r3, #16]
20000c0e:	e7bc      	b.n	20000b8a <sync_ep_buffer+0x1e>
20000c10:	2200      	movs	r2, #0
20000c12:	5cb1      	ldrb	r1, [r6, r2]
20000c14:	54a1      	strb	r1, [r4, r2]
20000c16:	3201      	adds	r2, #1
20000c18:	4290      	cmp	r0, r2
20000c1a:	d1fa      	bne.n	20000c12 <sync_ep_buffer+0xa6>
20000c1c:	691c      	ldr	r4, [r3, #16]
20000c1e:	e7f1      	b.n	20000c04 <sync_ep_buffer+0x98>

20000c20 <_hw_endpoint_xfer_sync>:
20000c20:	b510      	push	{r4, lr}
20000c22:	0004      	movs	r4, r0
20000c24:	6883      	ldr	r3, [r0, #8]
20000c26:	2100      	movs	r1, #0
20000c28:	681b      	ldr	r3, [r3, #0]
20000c2a:	f7ff ff9f 	bl	20000b6c <sync_ep_buffer>
20000c2e:	6863      	ldr	r3, [r4, #4]
20000c30:	681b      	ldr	r3, [r3, #0]
20000c32:	005b      	lsls	r3, r3, #1
20000c34:	d502      	bpl.n	20000c3c <_hw_endpoint_xfer_sync+0x1c>
20000c36:	8b23      	ldrh	r3, [r4, #24]
20000c38:	4283      	cmp	r3, r0
20000c3a:	d000      	beq.n	20000c3e <_hw_endpoint_xfer_sync+0x1e>
20000c3c:	bd10      	pop	{r4, pc}
20000c3e:	2101      	movs	r1, #1
20000c40:	0020      	movs	r0, r4
20000c42:	f7ff ff93 	bl	20000b6c <sync_ep_buffer>
20000c46:	e7f9      	b.n	20000c3c <_hw_endpoint_xfer_sync+0x1c>

20000c48 <e15_is_bulkin_ep>:
20000c48:	4a08      	ldr	r2, [pc, #32]	; (20000c6c <e15_is_bulkin_ep+0x24>)
20000c4a:	0003      	movs	r3, r0
20000c4c:	6c12      	ldr	r2, [r2, #64]	; 0x40
20000c4e:	2000      	movs	r0, #0
20000c50:	0792      	lsls	r2, r2, #30
20000c52:	d403      	bmi.n	20000c5c <e15_is_bulkin_ep+0x14>
20000c54:	789a      	ldrb	r2, [r3, #2]
20000c56:	09d2      	lsrs	r2, r2, #7
20000c58:	2a01      	cmp	r2, #1
20000c5a:	d000      	beq.n	20000c5e <e15_is_bulkin_ep+0x16>
20000c5c:	4770      	bx	lr
20000c5e:	7ed8      	ldrb	r0, [r3, #27]
20000c60:	3802      	subs	r0, #2
20000c62:	4243      	negs	r3, r0
20000c64:	4158      	adcs	r0, r3
20000c66:	b2c0      	uxtb	r0, r0
20000c68:	e7f8      	b.n	20000c5c <e15_is_bulkin_ep+0x14>
20000c6a:	46c0      	nop			; (mov r8, r8)
20000c6c:	50110000 	.word	0x50110000

20000c70 <e15_is_critical_frame_period>:
20000c70:	b510      	push	{r4, lr}
20000c72:	f7ff ffe9 	bl	20000c48 <e15_is_bulkin_ep>
20000c76:	2800      	cmp	r0, #0
20000c78:	d00c      	beq.n	20000c94 <e15_is_critical_frame_period+0x24>
20000c7a:	4907      	ldr	r1, [pc, #28]	; (20000c98 <e15_is_critical_frame_period+0x28>)
20000c7c:	4b07      	ldr	r3, [pc, #28]	; (20000c9c <e15_is_critical_frame_period+0x2c>)
20000c7e:	468c      	mov	ip, r1
20000c80:	4a07      	ldr	r2, [pc, #28]	; (20000ca0 <e15_is_critical_frame_period+0x30>)
20000c82:	6a9b      	ldr	r3, [r3, #40]	; 0x28
20000c84:	6812      	ldr	r2, [r2, #0]
20000c86:	4463      	add	r3, ip
20000c88:	1a9b      	subs	r3, r3, r2
20000c8a:	2000      	movs	r0, #0
20000c8c:	22c6      	movs	r2, #198	; 0xc6
20000c8e:	429a      	cmp	r2, r3
20000c90:	4140      	adcs	r0, r0
20000c92:	b2c0      	uxtb	r0, r0
20000c94:	bd10      	pop	{r4, pc}
20000c96:	46c0      	nop			; (mov r8, r8)
20000c98:	fffffce0 	.word	0xfffffce0
20000c9c:	40054000 	.word	0x40054000
20000ca0:	20001ab0 	.word	0x20001ab0

20000ca4 <hw_endpoint_reset_transfer>:
20000ca4:	2300      	movs	r3, #0
20000ca6:	7683      	strb	r3, [r0, #26]
20000ca8:	6143      	str	r3, [r0, #20]
20000caa:	6103      	str	r3, [r0, #16]
20000cac:	4770      	bx	lr
20000cae:	46c0      	nop			; (mov r8, r8)

20000cb0 <_hw_endpoint_buffer_control_update32>:
20000cb0:	b510      	push	{r4, lr}
20000cb2:	6883      	ldr	r3, [r0, #8]
20000cb4:	2900      	cmp	r1, #0
20000cb6:	d001      	beq.n	20000cbc <_hw_endpoint_buffer_control_update32+0xc>
20000cb8:	681c      	ldr	r4, [r3, #0]
20000cba:	4021      	ands	r1, r4
20000cbc:	2a00      	cmp	r2, #0
20000cbe:	d012      	beq.n	20000ce6 <_hw_endpoint_buffer_control_update32+0x36>
20000cc0:	2480      	movs	r4, #128	; 0x80
20000cc2:	00e4      	lsls	r4, r4, #3
20000cc4:	4311      	orrs	r1, r2
20000cc6:	4222      	tst	r2, r4
20000cc8:	d00d      	beq.n	20000ce6 <_hw_endpoint_buffer_control_update32+0x36>
20000cca:	681a      	ldr	r2, [r3, #0]
20000ccc:	4222      	tst	r2, r4
20000cce:	d10c      	bne.n	20000cea <_hw_endpoint_buffer_control_update32+0x3a>
20000cd0:	4a08      	ldr	r2, [pc, #32]	; (20000cf4 <_hw_endpoint_buffer_control_update32+0x44>)
20000cd2:	400a      	ands	r2, r1
20000cd4:	601a      	str	r2, [r3, #0]
20000cd6:	4a08      	ldr	r2, [pc, #32]	; (20000cf8 <_hw_endpoint_buffer_control_update32+0x48>)
20000cd8:	6c12      	ldr	r2, [r2, #64]	; 0x40
20000cda:	0792      	lsls	r2, r2, #30
20000cdc:	d403      	bmi.n	20000ce6 <_hw_endpoint_buffer_control_update32+0x36>
20000cde:	230c      	movs	r3, #12
20000ce0:	3b03      	subs	r3, #3
20000ce2:	d2fd      	bcs.n	20000ce0 <_hw_endpoint_buffer_control_update32+0x30>
20000ce4:	6883      	ldr	r3, [r0, #8]
20000ce6:	6019      	str	r1, [r3, #0]
20000ce8:	bd10      	pop	{r4, pc}
20000cea:	7881      	ldrb	r1, [r0, #2]
20000cec:	4803      	ldr	r0, [pc, #12]	; (20000cfc <_hw_endpoint_buffer_control_update32+0x4c>)
20000cee:	f000 f977 	bl	20000fe0 <__panic_veneer>
20000cf2:	46c0      	nop			; (mov r8, r8)
20000cf4:	fffffbff 	.word	0xfffffbff
20000cf8:	50110000 	.word	0x50110000
20000cfc:	10006f90 	.word	0x10006f90

20000d00 <hw_endpoint_start_next_buffer>:
20000d00:	6843      	ldr	r3, [r0, #4]
20000d02:	b570      	push	{r4, r5, r6, lr}
20000d04:	2100      	movs	r1, #0
20000d06:	2580      	movs	r5, #128	; 0x80
20000d08:	681e      	ldr	r6, [r3, #0]
20000d0a:	0004      	movs	r4, r0
20000d0c:	f7ff feb4 	bl	20000a78 <prepare_ep_buffer>
20000d10:	4b13      	ldr	r3, [pc, #76]	; (20000d60 <hw_endpoint_start_next_buffer+0x60>)
20000d12:	016d      	lsls	r5, r5, #5
20000d14:	6c1b      	ldr	r3, [r3, #64]	; 0x40
20000d16:	4305      	orrs	r5, r0
20000d18:	079b      	lsls	r3, r3, #30
20000d1a:	d50f      	bpl.n	20000d3c <hw_endpoint_start_next_buffer+0x3c>
20000d1c:	78a3      	ldrb	r3, [r4, #2]
20000d1e:	065b      	lsls	r3, r3, #25
20000d20:	d00f      	beq.n	20000d42 <hw_endpoint_start_next_buffer+0x42>
20000d22:	4b10      	ldr	r3, [pc, #64]	; (20000d64 <hw_endpoint_start_next_buffer+0x64>)
20000d24:	401e      	ands	r6, r3
20000d26:	2380      	movs	r3, #128	; 0x80
20000d28:	059b      	lsls	r3, r3, #22
20000d2a:	4333      	orrs	r3, r6
20000d2c:	6862      	ldr	r2, [r4, #4]
20000d2e:	2100      	movs	r1, #0
20000d30:	6013      	str	r3, [r2, #0]
20000d32:	0020      	movs	r0, r4
20000d34:	002a      	movs	r2, r5
20000d36:	f7ff ffbb 	bl	20000cb0 <_hw_endpoint_buffer_control_update32>
20000d3a:	bd70      	pop	{r4, r5, r6, pc}
20000d3c:	78a3      	ldrb	r3, [r4, #2]
20000d3e:	09db      	lsrs	r3, r3, #7
20000d40:	d0ef      	beq.n	20000d22 <hw_endpoint_start_next_buffer+0x22>
20000d42:	8aa3      	ldrh	r3, [r4, #20]
20000d44:	2b00      	cmp	r3, #0
20000d46:	d0ec      	beq.n	20000d22 <hw_endpoint_start_next_buffer+0x22>
20000d48:	2101      	movs	r1, #1
20000d4a:	0020      	movs	r0, r4
20000d4c:	f7ff fe94 	bl	20000a78 <prepare_ep_buffer>
20000d50:	23a0      	movs	r3, #160	; 0xa0
20000d52:	4a05      	ldr	r2, [pc, #20]	; (20000d68 <hw_endpoint_start_next_buffer+0x68>)
20000d54:	05db      	lsls	r3, r3, #23
20000d56:	4032      	ands	r2, r6
20000d58:	4305      	orrs	r5, r0
20000d5a:	4313      	orrs	r3, r2
20000d5c:	e7e6      	b.n	20000d2c <hw_endpoint_start_next_buffer+0x2c>
20000d5e:	46c0      	nop			; (mov r8, r8)
20000d60:	50110000 	.word	0x50110000
20000d64:	afffffff 	.word	0xafffffff
20000d68:	dfffffff 	.word	0xdfffffff

20000d6c <hw_endpoint_xfer_continue>:
20000d6c:	b570      	push	{r4, r5, r6, lr}
20000d6e:	7e85      	ldrb	r5, [r0, #26]
20000d70:	0004      	movs	r4, r0
20000d72:	2d00      	cmp	r5, #0
20000d74:	d013      	beq.n	20000d9e <hw_endpoint_xfer_continue+0x32>
20000d76:	f7ff ff53 	bl	20000c20 <_hw_endpoint_xfer_sync>
20000d7a:	8aa3      	ldrh	r3, [r4, #20]
20000d7c:	2b00      	cmp	r3, #0
20000d7e:	d101      	bne.n	20000d84 <hw_endpoint_xfer_continue+0x18>
20000d80:	0028      	movs	r0, r5
20000d82:	bd70      	pop	{r4, r5, r6, pc}
20000d84:	0020      	movs	r0, r4
20000d86:	f7ff ff73 	bl	20000c70 <e15_is_critical_frame_period>
20000d8a:	1e05      	subs	r5, r0, #0
20000d8c:	d003      	beq.n	20000d96 <hw_endpoint_xfer_continue+0x2a>
20000d8e:	2301      	movs	r3, #1
20000d90:	2500      	movs	r5, #0
20000d92:	7723      	strb	r3, [r4, #28]
20000d94:	e7f4      	b.n	20000d80 <hw_endpoint_xfer_continue+0x14>
20000d96:	0020      	movs	r0, r4
20000d98:	f7ff ffb2 	bl	20000d00 <hw_endpoint_start_next_buffer>
20000d9c:	e7f0      	b.n	20000d80 <hw_endpoint_xfer_continue+0x14>
20000d9e:	7881      	ldrb	r1, [r0, #2]
20000da0:	4801      	ldr	r0, [pc, #4]	; (20000da8 <hw_endpoint_xfer_continue+0x3c>)
20000da2:	f000 f91d 	bl	20000fe0 <__panic_veneer>
20000da6:	46c0      	nop			; (mov r8, r8)
20000da8:	10006fb0 	.word	0x10006fb0

20000dac <dcd_event_handler>:
20000dac:	b5f0      	push	{r4, r5, r6, r7, lr}
20000dae:	46ce      	mov	lr, r9
20000db0:	4647      	mov	r7, r8
20000db2:	b580      	push	{r7, lr}
20000db4:	7843      	ldrb	r3, [r0, #1]
20000db6:	0005      	movs	r5, r0
20000db8:	000e      	movs	r6, r1
20000dba:	b085      	sub	sp, #20
20000dbc:	2b06      	cmp	r3, #6
20000dbe:	d812      	bhi.n	20000de6 <dcd_event_handler+0x3a>
20000dc0:	4a6f      	ldr	r2, [pc, #444]	; (20000f80 <dcd_event_handler+0x1d4>)
20000dc2:	009b      	lsls	r3, r3, #2
20000dc4:	58d3      	ldr	r3, [r2, r3]
20000dc6:	469f      	mov	pc, r3
20000dc8:	2101      	movs	r1, #1
20000dca:	4b6e      	ldr	r3, [pc, #440]	; (20000f84 <dcd_event_handler+0x1d8>)
20000dcc:	781a      	ldrb	r2, [r3, #0]
20000dce:	438a      	bics	r2, r1
20000dd0:	701a      	strb	r2, [r3, #0]
20000dd2:	781a      	ldrb	r2, [r3, #0]
20000dd4:	3101      	adds	r1, #1
20000dd6:	438a      	bics	r2, r1
20000dd8:	701a      	strb	r2, [r3, #0]
20000dda:	2200      	movs	r2, #0
20000ddc:	705a      	strb	r2, [r3, #1]
20000dde:	781a      	ldrb	r2, [r3, #0]
20000de0:	3102      	adds	r1, #2
20000de2:	438a      	bics	r2, r1
20000de4:	701a      	strb	r2, [r3, #0]
20000de6:	4b68      	ldr	r3, [pc, #416]	; (20000f88 <dcd_event_handler+0x1dc>)
20000de8:	681c      	ldr	r4, [r3, #0]
20000dea:	6962      	ldr	r2, [r4, #20]
20000dec:	f3ef 8110 	mrs	r1, PRIMASK
20000df0:	b672      	cpsid	i
20000df2:	6813      	ldr	r3, [r2, #0]
20000df4:	2b00      	cmp	r3, #0
20000df6:	d0fc      	beq.n	20000df2 <dcd_event_handler+0x46>
20000df8:	f3bf 8f5f 	dmb	sy
20000dfc:	61a1      	str	r1, [r4, #24]
20000dfe:	0020      	movs	r0, r4
20000e00:	0029      	movs	r1, r5
20000e02:	f000 f8f5 	bl	20000ff0 <__tu_fifo_write_veneer>
20000e06:	6962      	ldr	r2, [r4, #20]
20000e08:	69a3      	ldr	r3, [r4, #24]
20000e0a:	f3bf 8f5f 	dmb	sy
20000e0e:	2100      	movs	r1, #0
20000e10:	6011      	str	r1, [r2, #0]
20000e12:	f383 8810 	msr	PRIMASK, r3
20000e16:	2800      	cmp	r0, #0
20000e18:	d104      	bne.n	20000e24 <dcd_event_handler+0x78>
20000e1a:	b005      	add	sp, #20
20000e1c:	bcc0      	pop	{r6, r7}
20000e1e:	46b9      	mov	r9, r7
20000e20:	46b0      	mov	r8, r6
20000e22:	bdf0      	pop	{r4, r5, r6, r7, pc}
20000e24:	0032      	movs	r2, r6
20000e26:	7869      	ldrb	r1, [r5, #1]
20000e28:	7828      	ldrb	r0, [r5, #0]
20000e2a:	f000 f8b9 	bl	20000fa0 <__tud_event_hook_cb_veneer>
20000e2e:	e7f4      	b.n	20000e1a <dcd_event_handler+0x6e>
20000e30:	4a56      	ldr	r2, [pc, #344]	; (20000f8c <dcd_event_handler+0x1e0>)
20000e32:	7813      	ldrb	r3, [r2, #0]
20000e34:	3301      	adds	r3, #1
20000e36:	b2db      	uxtb	r3, r3
20000e38:	7013      	strb	r3, [r2, #0]
20000e3a:	e7d4      	b.n	20000de6 <dcd_event_handler+0x3a>
20000e3c:	4954      	ldr	r1, [pc, #336]	; (20000f90 <dcd_event_handler+0x1e4>)
20000e3e:	4f55      	ldr	r7, [pc, #340]	; (20000f94 <dcd_event_handler+0x1e8>)
20000e40:	4689      	mov	r9, r1
20000e42:	4955      	ldr	r1, [pc, #340]	; (20000f98 <dcd_event_handler+0x1ec>)
20000e44:	2400      	movs	r4, #0
20000e46:	2300      	movs	r3, #0
20000e48:	4688      	mov	r8, r1
20000e4a:	783a      	ldrb	r2, [r7, #0]
20000e4c:	e00c      	b.n	20000e68 <dcd_event_handler+0xbc>
20000e4e:	4641      	mov	r1, r8
20000e50:	6809      	ldr	r1, [r1, #0]
20000e52:	0163      	lsls	r3, r4, #5
20000e54:	468c      	mov	ip, r1
20000e56:	4463      	add	r3, ip
20000e58:	2b00      	cmp	r3, #0
20000e5a:	d10a      	bne.n	20000e72 <dcd_event_handler+0xc6>
20000e5c:	3401      	adds	r4, #1
20000e5e:	b2e4      	uxtb	r4, r4
20000e60:	1c51      	adds	r1, r2, #1
20000e62:	0023      	movs	r3, r4
20000e64:	42a1      	cmp	r1, r4
20000e66:	db11      	blt.n	20000e8c <dcd_event_handler+0xe0>
20000e68:	4294      	cmp	r4, r2
20000e6a:	d3f0      	bcc.n	20000e4e <dcd_event_handler+0xa2>
20000e6c:	1a9b      	subs	r3, r3, r2
20000e6e:	015b      	lsls	r3, r3, #5
20000e70:	444b      	add	r3, r9
20000e72:	69db      	ldr	r3, [r3, #28]
20000e74:	2b00      	cmp	r3, #0
20000e76:	d0f1      	beq.n	20000e5c <dcd_event_handler+0xb0>
20000e78:	6869      	ldr	r1, [r5, #4]
20000e7a:	7828      	ldrb	r0, [r5, #0]
20000e7c:	4798      	blx	r3
20000e7e:	783a      	ldrb	r2, [r7, #0]
20000e80:	3401      	adds	r4, #1
20000e82:	b2e4      	uxtb	r4, r4
20000e84:	1c51      	adds	r1, r2, #1
20000e86:	0023      	movs	r3, r4
20000e88:	42a1      	cmp	r1, r4
20000e8a:	daed      	bge.n	20000e68 <dcd_event_handler+0xbc>
20000e8c:	4f3d      	ldr	r7, [pc, #244]	; (20000f84 <dcd_event_handler+0x1d8>)
20000e8e:	783b      	ldrb	r3, [r7, #0]
20000e90:	075b      	lsls	r3, r3, #29
20000e92:	d52a      	bpl.n	20000eea <dcd_event_handler+0x13e>
20000e94:	2204      	movs	r2, #4
20000e96:	783b      	ldrb	r3, [r7, #0]
20000e98:	ac01      	add	r4, sp, #4
20000e9a:	4393      	bics	r3, r2
20000e9c:	2100      	movs	r1, #0
20000e9e:	0020      	movs	r0, r4
20000ea0:	3208      	adds	r2, #8
20000ea2:	703b      	strb	r3, [r7, #0]
20000ea4:	f000 f894 	bl	20000fd0 <____wrap_memset_veneer>
20000ea8:	782b      	ldrb	r3, [r5, #0]
20000eaa:	7023      	strb	r3, [r4, #0]
20000eac:	2305      	movs	r3, #5
20000eae:	7063      	strb	r3, [r4, #1]
20000eb0:	4b35      	ldr	r3, [pc, #212]	; (20000f88 <dcd_event_handler+0x1dc>)
20000eb2:	681b      	ldr	r3, [r3, #0]
20000eb4:	4698      	mov	r8, r3
20000eb6:	695a      	ldr	r2, [r3, #20]
20000eb8:	f3ef 8110 	mrs	r1, PRIMASK
20000ebc:	b672      	cpsid	i
20000ebe:	6813      	ldr	r3, [r2, #0]
20000ec0:	2b00      	cmp	r3, #0
20000ec2:	d0fc      	beq.n	20000ebe <dcd_event_handler+0x112>
20000ec4:	f3bf 8f5f 	dmb	sy
20000ec8:	4643      	mov	r3, r8
20000eca:	4640      	mov	r0, r8
20000ecc:	6199      	str	r1, [r3, #24]
20000ece:	0021      	movs	r1, r4
20000ed0:	f000 f88e 	bl	20000ff0 <__tu_fifo_write_veneer>
20000ed4:	4643      	mov	r3, r8
20000ed6:	695a      	ldr	r2, [r3, #20]
20000ed8:	699b      	ldr	r3, [r3, #24]
20000eda:	f3bf 8f5f 	dmb	sy
20000ede:	2100      	movs	r1, #0
20000ee0:	6011      	str	r1, [r2, #0]
20000ee2:	f383 8810 	msr	PRIMASK, r3
20000ee6:	2800      	cmp	r0, #0
20000ee8:	d144      	bne.n	20000f74 <dcd_event_handler+0x1c8>
20000eea:	78fb      	ldrb	r3, [r7, #3]
20000eec:	07db      	lsls	r3, r3, #31
20000eee:	d400      	bmi.n	20000ef2 <dcd_event_handler+0x146>
20000ef0:	e793      	b.n	20000e1a <dcd_event_handler+0x6e>
20000ef2:	ac01      	add	r4, sp, #4
20000ef4:	220c      	movs	r2, #12
20000ef6:	2100      	movs	r1, #0
20000ef8:	0020      	movs	r0, r4
20000efa:	f000 f869 	bl	20000fd0 <____wrap_memset_veneer>
20000efe:	782b      	ldrb	r3, [r5, #0]
20000f00:	7023      	strb	r3, [r4, #0]
20000f02:	2303      	movs	r3, #3
20000f04:	7063      	strb	r3, [r4, #1]
20000f06:	686b      	ldr	r3, [r5, #4]
20000f08:	6063      	str	r3, [r4, #4]
20000f0a:	4b1f      	ldr	r3, [pc, #124]	; (20000f88 <dcd_event_handler+0x1dc>)
20000f0c:	681d      	ldr	r5, [r3, #0]
20000f0e:	696a      	ldr	r2, [r5, #20]
20000f10:	f3ef 8110 	mrs	r1, PRIMASK
20000f14:	b672      	cpsid	i
20000f16:	6813      	ldr	r3, [r2, #0]
20000f18:	2b00      	cmp	r3, #0
20000f1a:	d0fc      	beq.n	20000f16 <dcd_event_handler+0x16a>
20000f1c:	f3bf 8f5f 	dmb	sy
20000f20:	61a9      	str	r1, [r5, #24]
20000f22:	0028      	movs	r0, r5
20000f24:	0021      	movs	r1, r4
20000f26:	f000 f863 	bl	20000ff0 <__tu_fifo_write_veneer>
20000f2a:	696a      	ldr	r2, [r5, #20]
20000f2c:	69ab      	ldr	r3, [r5, #24]
20000f2e:	f3bf 8f5f 	dmb	sy
20000f32:	2100      	movs	r1, #0
20000f34:	6011      	str	r1, [r2, #0]
20000f36:	f383 8810 	msr	PRIMASK, r3
20000f3a:	2800      	cmp	r0, #0
20000f3c:	d100      	bne.n	20000f40 <dcd_event_handler+0x194>
20000f3e:	e76c      	b.n	20000e1a <dcd_event_handler+0x6e>
20000f40:	0032      	movs	r2, r6
20000f42:	7861      	ldrb	r1, [r4, #1]
20000f44:	7820      	ldrb	r0, [r4, #0]
20000f46:	f000 f82b 	bl	20000fa0 <__tud_event_hook_cb_veneer>
20000f4a:	e766      	b.n	20000e1a <dcd_event_handler+0x6e>
20000f4c:	4b0d      	ldr	r3, [pc, #52]	; (20000f84 <dcd_event_handler+0x1d8>)
20000f4e:	781a      	ldrb	r2, [r3, #0]
20000f50:	07d2      	lsls	r2, r2, #31
20000f52:	d400      	bmi.n	20000f56 <dcd_event_handler+0x1aa>
20000f54:	e761      	b.n	20000e1a <dcd_event_handler+0x6e>
20000f56:	2104      	movs	r1, #4
20000f58:	781a      	ldrb	r2, [r3, #0]
20000f5a:	430a      	orrs	r2, r1
20000f5c:	701a      	strb	r2, [r3, #0]
20000f5e:	e742      	b.n	20000de6 <dcd_event_handler+0x3a>
20000f60:	4b08      	ldr	r3, [pc, #32]	; (20000f84 <dcd_event_handler+0x1d8>)
20000f62:	781a      	ldrb	r2, [r3, #0]
20000f64:	07d2      	lsls	r2, r2, #31
20000f66:	d400      	bmi.n	20000f6a <dcd_event_handler+0x1be>
20000f68:	e757      	b.n	20000e1a <dcd_event_handler+0x6e>
20000f6a:	2104      	movs	r1, #4
20000f6c:	781a      	ldrb	r2, [r3, #0]
20000f6e:	438a      	bics	r2, r1
20000f70:	701a      	strb	r2, [r3, #0]
20000f72:	e738      	b.n	20000de6 <dcd_event_handler+0x3a>
20000f74:	0032      	movs	r2, r6
20000f76:	7861      	ldrb	r1, [r4, #1]
20000f78:	7820      	ldrb	r0, [r4, #0]
20000f7a:	f000 f811 	bl	20000fa0 <__tud_event_hook_cb_veneer>
20000f7e:	e7b4      	b.n	20000eea <dcd_event_handler+0x13e>
20000f80:	10007064 	.word	0x10007064
20000f84:	2000155c 	.word	0x2000155c
20000f88:	200015b4 	.word	0x200015b4
20000f8c:	2000200f 	.word	0x2000200f
20000f90:	10007080 	.word	0x10007080
20000f94:	2000200d 	.word	0x2000200d
20000f98:	200013ac 	.word	0x200013ac

20000f9c <__aeabi_idiv0>:
20000f9c:	4770      	bx	lr
20000f9e:	46c0      	nop			; (mov r8, r8)

20000fa0 <__tud_event_hook_cb_veneer>:
20000fa0:	b401      	push	{r0}
20000fa2:	4802      	ldr	r0, [pc, #8]	; (20000fac <__tud_event_hook_cb_veneer+0xc>)
20000fa4:	4684      	mov	ip, r0
20000fa6:	bc01      	pop	{r0}
20000fa8:	4760      	bx	ip
20000faa:	bf00      	nop
20000fac:	10004b55 	.word	0x10004b55

20000fb0 <____wrap___aeabi_lmul_veneer>:
20000fb0:	b401      	push	{r0}
20000fb2:	4802      	ldr	r0, [pc, #8]	; (20000fbc <____wrap___aeabi_lmul_veneer+0xc>)
20000fb4:	4684      	mov	ip, r0
20000fb6:	bc01      	pop	{r0}
20000fb8:	4760      	bx	ip
20000fba:	bf00      	nop
20000fbc:	100023c1 	.word	0x100023c1

20000fc0 <__time_us_64_veneer>:
20000fc0:	b401      	push	{r0}
20000fc2:	4802      	ldr	r0, [pc, #8]	; (20000fcc <__time_us_64_veneer+0xc>)
20000fc4:	4684      	mov	ip, r0
20000fc6:	bc01      	pop	{r0}
20000fc8:	4760      	bx	ip
20000fca:	bf00      	nop
20000fcc:	10001481 	.word	0x10001481

20000fd0 <____wrap_memset_veneer>:
20000fd0:	b401      	push	{r0}
20000fd2:	4802      	ldr	r0, [pc, #8]	; (20000fdc <____wrap_memset_veneer+0xc>)
20000fd4:	4684      	mov	ip, r0
20000fd6:	bc01      	pop	{r0}
20000fd8:	4760      	bx	ip
20000fda:	bf00      	nop
20000fdc:	1000246d 	.word	0x1000246d

20000fe0 <__panic_veneer>:
20000fe0:	b401      	push	{r0}
20000fe2:	4802      	ldr	r0, [pc, #8]	; (20000fec <__panic_veneer+0xc>)
20000fe4:	4684      	mov	ip, r0
20000fe6:	bc01      	pop	{r0}
20000fe8:	4760      	bx	ip
20000fea:	bf00      	nop
20000fec:	100004bd 	.word	0x100004bd

20000ff0 <__tu_fifo_write_veneer>:
20000ff0:	b401      	push	{r0}
20000ff2:	4802      	ldr	r0, [pc, #8]	; (20000ffc <__tu_fifo_write_veneer+0xc>)
20000ff4:	4684      	mov	ip, r0
20000ff6:	bc01      	pop	{r0}
20000ff8:	4760      	bx	ip
20000ffa:	bf00      	nop
20000ffc:	100065dd 	.word	0x100065dd

20001000 <__rp2040_chip_version_veneer>:
20001000:	b401      	push	{r0}
20001002:	4802      	ldr	r0, [pc, #8]	; (2000100c <__rp2040_chip_version_veneer+0xc>)
20001004:	4684      	mov	ip, r0
20001006:	bc01      	pop	{r0}
20001008:	4760      	bx	ip
2000100a:	bf00      	nop
2000100c:	100004b1 	.word	0x100004b1

20001010 <__best_effort_wfe_or_timeout_veneer>:
20001010:	b401      	push	{r0}
20001012:	4802      	ldr	r0, [pc, #8]	; (2000101c <__best_effort_wfe_or_timeout_veneer+0xc>)
20001014:	4684      	mov	ip, r0
20001016:	bc01      	pop	{r0}
20001018:	4760      	bx	ip
2000101a:	bf00      	nop
2000101c:	10001361 	.word	0x10001361

20001020 <striped_spin_lock_num>:
20001020:	00000010                                ....

20001024 <irq_handler_chain_slots>:
20001024:	00000000 	.word	0x00000000
20001028:	00010000 	.word	0x00010000
	...
20001034:	00020000 	.word	0x00020000
	...
20001040:	00030000 	.word	0x00030000
	...
2000104c:	00ff0000 	.word	0x00ff0000
20001050:	00000000 	.word	0x00000000

20001054 <irq_handler_chain_first_slot>:
20001054:	b501      	push	{r0, lr}
20001056:	6848      	ldr	r0, [r1, #4]
20001058:	3101      	adds	r1, #1
2000105a:	468e      	mov	lr, r1
2000105c:	4700      	bx	r0

2000105e <irq_handler_chain_remove_tail>:
2000105e:	4670      	mov	r0, lr
20001060:	3809      	subs	r0, #9
20001062:	4901      	ldr	r1, [pc, #4]	; (20001068 <irq_handler_chain_remove_tail+0xa>)
20001064:	4788      	blx	r1
20001066:	bd01      	pop	{r0, pc}
20001068:	10000ab5 	.word	0x10000ab5

2000106c <default_alarm_pool>:
	...
20001080:	20001108 00000000 00000000 00000000     ... ............

20001090 <aeabi_bits_funcs>:
20001090:	00003350 	.word	0x00003350
20001094:	0000334c 	.word	0x0000334c
20001098:	00003354 	.word	0x00003354
2000109c:	00003352 	.word	0x00003352

200010a0 <aeabi_bits_funcs_end>:
200010a0:	0000534d 	.word	0x0000534d
200010a4:	0000434d 	.word	0x0000434d
200010a8:	00003453 	.word	0x00003453
200010ac:	00003443 	.word	0x00003443

200010b0 <stdio_uart>:
200010b0:	10003ead 10003fa5 10003ef9 10003fb9     .>...?...>...?..
200010c0:	00000000 00000100                       ........

200010c8 <stdio_usb>:
200010c8:	10004309 100042b9 10004229 100041a1     .C...B..)B...A..
200010d8:	00000000 00000100                       ........

200010e0 <_usbd_qdef>:
200010e0:	200015b8 000c0010 00000000 00000000     ... ............
	...

200010fc <_usbd_rhport>:
200010fc:	000000ff                                ....

20001100 <print_mutex>:
	...
