
/home/kwon/pico_ws/kvm/build/kvm.elf:     file format elf32-littlearm

Sections:
Idx Name          Size      VMA       LMA       File off  Algn
  0 .boot2        00000100  10000000  10000000  00001000  2**0
                  CONTENTS, ALLOC, LOAD, READONLY, CODE
  1 .text         00004eec  10000100  10000100  00001100  2**3
                  CONTENTS, ALLOC, LOAD, READONLY, CODE
  2 .rodata       00000478  10004fec  10004fec  00005fec  2**2
                  CONTENTS, ALLOC, LOAD, READONLY, DATA
  3 .binary_info  0000002c  10005464  10005464  00006464  2**2
                  CONTENTS, ALLOC, LOAD, READONLY, DATA
  4 .ram_vector_table 000000c0  20000000  20000000  00009000  2**2
                  ALLOC
  5 .uninitialized_data 00000000  200000c0  200000c0  00008108  2**0
                  CONTENTS
  6 .data         00001048  200000c0  10005490  000070c0  2**4
                  CONTENTS, ALLOC, LOAD, READONLY, CODE
  7 .tdata        00000000  20001108  20001108  00008108  2**0
                  CONTENTS, ALLOC, LOAD, DATA, THREAD_LOCAL
  8 .tbss         00000000  20001108  20001108  00000000  2**0
                  ALLOC, THREAD_LOCAL
  9 .bss          00000f10  20001108  100064d8  00008108  2**3
                  ALLOC
 10 .heap         00000800  20002018  100064d8  00009018  2**2
                  ALLOC, READONLY
 11 .scratch_x    00000000  20040000  20040000  00008108  2**0
                  CONTENTS
 12 .scratch_y    00000000  20041000  20041000  00008108  2**0
                  CONTENTS
 13 .stack_dummy  00000800  20041000  20041000  00009000  2**5
                  ALLOC, READONLY
 14 .ARM.attributes 00000028  00000000  00000000  00008108  2**0
                  CONTENTS, READONLY
 15 .comment      00000033  00000000  00000000  00008130  2**0
                  CONTENTS, READONLY
 16 .debug_info   00033eaa  00000000  00000000  00008163  2**0
                  CONTENTS, READONLY, DEBUGGING, OCTETS
 17 .debug_abbrev 0000894c  00000000  00000000  0003c00d  2**0
                  CONTENTS, READONLY, DEBUGGING, OCTETS
 18 .debug_loc    00028e4b  00000000  00000000  00044959  2**0
                  CONTENTS, READONLY, DEBUGGING, OCTETS
 19 .debug_aranges 00001668  00000000  00000000  0006d7a8  2**3
                  CONTENTS, READONLY, DEBUGGING, OCTETS
 20 .debug_ranges 0000d9c0  00000000  00000000  0006ee10  2**3
                  CONTENTS, READONLY, DEBUGGING, OCTETS
 21 .debug_line   00021efa  00000000  00000000  0007c7d0  2**0
                  CONTENTS, READONLY, DEBUGGING, OCTETS
 22 .debug_str    00008ddf  00000000  00000000  0009e6ca  2**0
                  CONTENTS, READONLY, DEBUGGING, OCTETS
 23 .debug_frame  00003140  00000000  00000000  000a74ac  2**2
                  CONTENTS, READONLY, DEBUGGING, OCTETS

/home/kwon/pico_ws/kvm/build/kvm.elf:     file format elf32-littlearm


Disassembly of section .boot2:

10000000 <__boot2_start__>:
10000000:	4b32b500 	.word	0x4b32b500
10000004:	60582021 	.word	0x60582021
10000008:	21026898 	.word	0x21026898
1000000c:	60984388 	.word	0x60984388
10000010:	611860d8 	.word	0x611860d8
10000014:	4b2e6158 	.word	0x4b2e6158
10000018:	60992100 	.word	0x60992100
1000001c:	61592102 	.word	0x61592102
10000020:	22f02101 	.word	0x22f02101
10000024:	492b5099 	.word	0x492b5099
10000028:	21016019 	.word	0x21016019
1000002c:	20356099 	.word	0x20356099
10000030:	f844f000 	.word	0xf844f000
10000034:	42902202 	.word	0x42902202
10000038:	2106d014 	.word	0x2106d014
1000003c:	f0006619 	.word	0xf0006619
10000040:	6e19f834 	.word	0x6e19f834
10000044:	66192101 	.word	0x66192101
10000048:	66182000 	.word	0x66182000
1000004c:	f000661a 	.word	0xf000661a
10000050:	6e19f82c 	.word	0x6e19f82c
10000054:	6e196e19 	.word	0x6e196e19
10000058:	f0002005 	.word	0xf0002005
1000005c:	2101f82f 	.word	0x2101f82f
10000060:	d1f94208 	.word	0xd1f94208
10000064:	60992100 	.word	0x60992100
10000068:	6019491b 	.word	0x6019491b
1000006c:	60592100 	.word	0x60592100
10000070:	481b491a 	.word	0x481b491a
10000074:	21016001 	.word	0x21016001
10000078:	21eb6099 	.word	0x21eb6099
1000007c:	21a06619 	.word	0x21a06619
10000080:	f0006619 	.word	0xf0006619
10000084:	2100f812 	.word	0x2100f812
10000088:	49166099 	.word	0x49166099
1000008c:	60014814 	.word	0x60014814
10000090:	60992101 	.word	0x60992101
10000094:	2800bc01 	.word	0x2800bc01
10000098:	4700d000 	.word	0x4700d000
1000009c:	49134812 	.word	0x49134812
100000a0:	c8036008 	.word	0xc8036008
100000a4:	8808f380 	.word	0x8808f380
100000a8:	b5034708 	.word	0xb5034708
100000ac:	20046a99 	.word	0x20046a99
100000b0:	d0fb4201 	.word	0xd0fb4201
100000b4:	42012001 	.word	0x42012001
100000b8:	bd03d1f8 	.word	0xbd03d1f8
100000bc:	6618b502 	.word	0x6618b502
100000c0:	f7ff6618 	.word	0xf7ff6618
100000c4:	6e18fff2 	.word	0x6e18fff2
100000c8:	bd026e18 	.word	0xbd026e18
100000cc:	40020000 	.word	0x40020000
100000d0:	18000000 	.word	0x18000000
100000d4:	00070000 	.word	0x00070000
100000d8:	005f0300 	.word	0x005f0300
100000dc:	00002221 	.word	0x00002221
100000e0:	180000f4 	.word	0x180000f4
100000e4:	a0002022 	.word	0xa0002022
100000e8:	10000100 	.word	0x10000100
100000ec:	e000ed08 	.word	0xe000ed08
	...
100000fc:	7a4eb274 	.word	0x7a4eb274

Disassembly of section .text:

10000100 <__VECTOR_TABLE>:
10000100:	20042000 	.word	0x20042000
10000104:	100001f7 	.word	0x100001f7
10000108:	100001cb 	.word	0x100001cb
1000010c:	100001cd 	.word	0x100001cd
10000110:	100001c9 	.word	0x100001c9
10000114:	100001c9 	.word	0x100001c9
10000118:	100001c9 	.word	0x100001c9
1000011c:	100001c9 	.word	0x100001c9
10000120:	100001c9 	.word	0x100001c9
10000124:	100001c9 	.word	0x100001c9
10000128:	100001c9 	.word	0x100001c9
1000012c:	100001cf 	.word	0x100001cf
10000130:	100001c9 	.word	0x100001c9
10000134:	100001c9 	.word	0x100001c9
10000138:	100001d1 	.word	0x100001d1
1000013c:	100001d3 	.word	0x100001d3
10000140:	100001c1 	.word	0x100001c1
10000144:	100001c1 	.word	0x100001c1
10000148:	100001c1 	.word	0x100001c1
1000014c:	100001c1 	.word	0x100001c1
10000150:	100001c1 	.word	0x100001c1
10000154:	100001c1 	.word	0x100001c1
10000158:	100001c1 	.word	0x100001c1
1000015c:	100001c1 	.word	0x100001c1
10000160:	100001c1 	.word	0x100001c1
10000164:	100001c1 	.word	0x100001c1
10000168:	100001c1 	.word	0x100001c1
1000016c:	100001c1 	.word	0x100001c1
10000170:	100001c1 	.word	0x100001c1
10000174:	100001c1 	.word	0x100001c1
10000178:	100001c1 	.word	0x100001c1
1000017c:	100001c1 	.word	0x100001c1
10000180:	100001c1 	.word	0x100001c1
10000184:	100001c1 	.word	0x100001c1
10000188:	100001c1 	.word	0x100001c1
1000018c:	100001c1 	.word	0x100001c1
10000190:	100001c1 	.word	0x100001c1
10000194:	100001c1 	.word	0x100001c1
10000198:	100001c1 	.word	0x100001c1
1000019c:	100001c1 	.word	0x100001c1
100001a0:	100001c1 	.word	0x100001c1
100001a4:	100001c1 	.word	0x100001c1
100001a8:	100001c1 	.word	0x100001c1
100001ac:	100001c1 	.word	0x100001c1
100001b0:	100001c1 	.word	0x100001c1
100001b4:	100001c1 	.word	0x100001c1
100001b8:	100001c1 	.word	0x100001c1
100001bc:	100001c1 	.word	0x100001c1

100001c0 <__unhandled_user_irq>:
100001c0:	f3ef 8005 	mrs	r0, IPSR
100001c4:	3810      	subs	r0, #16

100001c6 <unhandled_user_irq_num_in_r0>:
100001c6:	be00      	bkpt	0x0000

100001c8 <isr_invalid>:
100001c8:	be00      	bkpt	0x0000

100001ca <isr_nmi>:
100001ca:	be00      	bkpt	0x0000

100001cc <isr_hardfault>:
100001cc:	be00      	bkpt	0x0000

100001ce <isr_svcall>:
100001ce:	be00      	bkpt	0x0000

100001d0 <isr_pendsv>:
100001d0:	be00      	bkpt	0x0000

100001d2 <isr_systick>:
100001d2:	be00      	bkpt	0x0000

100001d4 <__default_isrs_end>:
100001d4:	7188ebf2 	.word	0x7188ebf2
100001d8:	10005464 	.word	0x10005464
100001dc:	10005490 	.word	0x10005490
100001e0:	10000238 	.word	0x10000238
100001e4:	e71aa390 	.word	0xe71aa390

100001e8 <_entry_point>:
100001e8:	481e      	ldr	r0, [pc, #120]	; (10000264 <data_cpy_table+0x2c>)

100001ea <_enter_vtable_in_r0>:
100001ea:	491f      	ldr	r1, [pc, #124]	; (10000268 <data_cpy_table+0x30>)
100001ec:	6008      	str	r0, [r1, #0]
100001ee:	c806      	ldmia	r0!, {r1, r2}
100001f0:	f381 8808 	msr	MSP, r1
100001f4:	4710      	bx	r2

100001f6 <_reset_handler>:
100001f6:	481d      	ldr	r0, [pc, #116]	; (1000026c <data_cpy_table+0x34>)
100001f8:	6800      	ldr	r0, [r0, #0]
100001fa:	2800      	cmp	r0, #0
100001fc:	d001      	beq.n	10000202 <hold_non_core0_in_bootrom+0x4>

100001fe <hold_non_core0_in_bootrom>:
100001fe:	4819      	ldr	r0, [pc, #100]	; (10000264 <data_cpy_table+0x2c>)
10000200:	e7f3      	b.n	100001ea <_enter_vtable_in_r0>
10000202:	a40d      	add	r4, pc, #52	; (adr r4, 10000238 <data_cpy_table>)
10000204:	cc0e      	ldmia	r4!, {r1, r2, r3}
10000206:	2900      	cmp	r1, #0
10000208:	d002      	beq.n	10000210 <hold_non_core0_in_bootrom+0x12>
1000020a:	f000 f812 	bl	10000232 <data_cpy>
1000020e:	e7f9      	b.n	10000204 <hold_non_core0_in_bootrom+0x6>
10000210:	4917      	ldr	r1, [pc, #92]	; (10000270 <data_cpy_table+0x38>)
10000212:	4a18      	ldr	r2, [pc, #96]	; (10000274 <data_cpy_table+0x3c>)
10000214:	2000      	movs	r0, #0
10000216:	e000      	b.n	1000021a <bss_fill_test>

10000218 <bss_fill_loop>:
10000218:	c101      	stmia	r1!, {r0}

1000021a <bss_fill_test>:
1000021a:	4291      	cmp	r1, r2
1000021c:	d1fc      	bne.n	10000218 <bss_fill_loop>

1000021e <platform_entry>:
1000021e:	4916      	ldr	r1, [pc, #88]	; (10000278 <data_cpy_table+0x40>)
10000220:	4788      	blx	r1
10000222:	4916      	ldr	r1, [pc, #88]	; (1000027c <data_cpy_table+0x44>)
10000224:	4788      	blx	r1
10000226:	4916      	ldr	r1, [pc, #88]	; (10000280 <data_cpy_table+0x48>)
10000228:	4788      	blx	r1
1000022a:	be00      	bkpt	0x0000
1000022c:	e7fd      	b.n	1000022a <platform_entry+0xc>

1000022e <data_cpy_loop>:
1000022e:	c901      	ldmia	r1!, {r0}
10000230:	c201      	stmia	r2!, {r0}

10000232 <data_cpy>:
10000232:	429a      	cmp	r2, r3
10000234:	d3fb      	bcc.n	1000022e <data_cpy_loop>
10000236:	4770      	bx	lr

10000238 <data_cpy_table>:
10000238:	10005490 	.word	0x10005490
1000023c:	200000c0 	.word	0x200000c0
10000240:	20001108 	.word	0x20001108
10000244:	100064d8 	.word	0x100064d8
10000248:	20040000 	.word	0x20040000
1000024c:	20040000 	.word	0x20040000
10000250:	100064d8 	.word	0x100064d8
10000254:	20041000 	.word	0x20041000
10000258:	20041000 	.word	0x20041000
1000025c:	00000000 	.word	0x00000000
10000260:	4770      	bx	lr
10000262:	0000      	.short	0x0000
10000264:	00000000 	.word	0x00000000
10000268:	e000ed08 	.word	0xe000ed08
1000026c:	d0000000 	.word	0xd0000000
10000270:	20001108 	.word	0x20001108
10000274:	20002018 	.word	0x20002018
10000278:	100021dd 	.word	0x100021dd
1000027c:	10000321 	.word	0x10000321
10000280:	100021d5 	.word	0x100021d5

10000284 <_init>:
10000284:	b5f8      	push	{r3, r4, r5, r6, r7, lr}
10000286:	46c0      	nop			; (mov r8, r8)

10000288 <deregister_tm_clones>:
10000288:	4804      	ldr	r0, [pc, #16]	; (1000029c <deregister_tm_clones+0x14>)
1000028a:	4b05      	ldr	r3, [pc, #20]	; (100002a0 <deregister_tm_clones+0x18>)
1000028c:	b510      	push	{r4, lr}
1000028e:	4283      	cmp	r3, r0
10000290:	d003      	beq.n	1000029a <deregister_tm_clones+0x12>
10000292:	4b04      	ldr	r3, [pc, #16]	; (100002a4 <deregister_tm_clones+0x1c>)
10000294:	2b00      	cmp	r3, #0
10000296:	d000      	beq.n	1000029a <deregister_tm_clones+0x12>
10000298:	4798      	blx	r3
1000029a:	bd10      	pop	{r4, pc}
1000029c:	20001108 	.word	0x20001108
100002a0:	20001108 	.word	0x20001108
100002a4:	00000000 	.word	0x00000000

100002a8 <register_tm_clones>:
100002a8:	4806      	ldr	r0, [pc, #24]	; (100002c4 <register_tm_clones+0x1c>)
100002aa:	4907      	ldr	r1, [pc, #28]	; (100002c8 <register_tm_clones+0x20>)
100002ac:	1a09      	subs	r1, r1, r0
100002ae:	108b      	asrs	r3, r1, #2
100002b0:	0fc9      	lsrs	r1, r1, #31
100002b2:	18c9      	adds	r1, r1, r3
100002b4:	b510      	push	{r4, lr}
100002b6:	1049      	asrs	r1, r1, #1
100002b8:	d003      	beq.n	100002c2 <register_tm_clones+0x1a>
100002ba:	4b04      	ldr	r3, [pc, #16]	; (100002cc <register_tm_clones+0x24>)
100002bc:	2b00      	cmp	r3, #0
100002be:	d000      	beq.n	100002c2 <register_tm_clones+0x1a>
100002c0:	4798      	blx	r3
100002c2:	bd10      	pop	{r4, pc}
100002c4:	20001108 	.word	0x20001108
100002c8:	20001108 	.word	0x20001108
100002cc:	00000000 	.word	0x00000000

100002d0 <__do_global_dtors_aux>:
100002d0:	b510      	push	{r4, lr}
100002d2:	4c07      	ldr	r4, [pc, #28]	; (100002f0 <__do_global_dtors_aux+0x20>)
100002d4:	7823      	ldrb	r3, [r4, #0]
100002d6:	2b00      	cmp	r3, #0
100002d8:	d109      	bne.n	100002ee <__do_global_dtors_aux+0x1e>
100002da:	f7ff ffd5 	bl	10000288 <deregister_tm_clones>
100002de:	4b05      	ldr	r3, [pc, #20]	; (100002f4 <__do_global_dtors_aux+0x24>)
100002e0:	2b00      	cmp	r3, #0
100002e2:	d002      	beq.n	100002ea <__do_global_dtors_aux+0x1a>
100002e4:	4804      	ldr	r0, [pc, #16]	; (100002f8 <__do_global_dtors_aux+0x28>)
100002e6:	e000      	b.n	100002ea <__do_global_dtors_aux+0x1a>
100002e8:	bf00      	nop
100002ea:	2301      	movs	r3, #1
100002ec:	7023      	strb	r3, [r4, #0]
100002ee:	bd10      	pop	{r4, pc}
100002f0:	20001390 	.word	0x20001390
100002f4:	00000000 	.word	0x00000000
100002f8:	10004fec 	.word	0x10004fec

100002fc <frame_dummy>:
100002fc:	4b05      	ldr	r3, [pc, #20]	; (10000314 <frame_dummy+0x18>)
100002fe:	b510      	push	{r4, lr}
10000300:	2b00      	cmp	r3, #0
10000302:	d003      	beq.n	1000030c <frame_dummy+0x10>
10000304:	4904      	ldr	r1, [pc, #16]	; (10000318 <frame_dummy+0x1c>)
10000306:	4805      	ldr	r0, [pc, #20]	; (1000031c <frame_dummy+0x20>)
10000308:	e000      	b.n	1000030c <frame_dummy+0x10>
1000030a:	bf00      	nop
1000030c:	f7ff ffcc 	bl	100002a8 <register_tm_clones>
10000310:	bd10      	pop	{r4, pc}
10000312:	46c0      	nop			; (mov r8, r8)
10000314:	00000000 	.word	0x00000000
10000318:	20001394 	.word	0x20001394
1000031c:	10004fec 	.word	0x10004fec

10000320 <main>:
10000320:	b5f0      	push	{r4, r5, r6, r7, lr}
10000322:	46de      	mov	lr, fp
10000324:	4657      	mov	r7, sl
10000326:	464e      	mov	r6, r9
10000328:	4645      	mov	r5, r8
1000032a:	b5e0      	push	{r5, r6, r7, lr}
1000032c:	b085      	sub	sp, #20
1000032e:	f002 f865 	bl	100023fc <stdio_init_all>
10000332:	2196      	movs	r1, #150	; 0x96
10000334:	48c4      	ldr	r0, [pc, #784]	; (10000648 <main+0x328>)
10000336:	01c9      	lsls	r1, r1, #7
10000338:	f001 fa10 	bl	1000175c <uart_init>
1000033c:	2102      	movs	r1, #2
1000033e:	2000      	movs	r0, #0
10000340:	f000 f98c 	bl	1000065c <gpio_set_function>
10000344:	2102      	movs	r1, #2
10000346:	2001      	movs	r0, #1
10000348:	f000 f988 	bl	1000065c <gpio_set_function>
1000034c:	2300      	movs	r3, #0
1000034e:	2201      	movs	r2, #1
10000350:	2108      	movs	r1, #8
10000352:	48bd      	ldr	r0, [pc, #756]	; (10000648 <main+0x328>)
10000354:	f001 fa90 	bl	10001878 <uart_set_format>
10000358:	2101      	movs	r1, #1
1000035a:	48bb      	ldr	r0, [pc, #748]	; (10000648 <main+0x328>)
1000035c:	f001 fac8 	bl	100018f0 <uart_set_fifo_enabled>
10000360:	2196      	movs	r1, #150	; 0x96
10000362:	48ba      	ldr	r0, [pc, #744]	; (1000064c <main+0x32c>)
10000364:	01c9      	lsls	r1, r1, #7
10000366:	f001 f9f9 	bl	1000175c <uart_init>
1000036a:	2102      	movs	r1, #2
1000036c:	2004      	movs	r0, #4
1000036e:	f000 f975 	bl	1000065c <gpio_set_function>
10000372:	2102      	movs	r1, #2
10000374:	2005      	movs	r0, #5
10000376:	f000 f971 	bl	1000065c <gpio_set_function>
1000037a:	2300      	movs	r3, #0
1000037c:	2201      	movs	r2, #1
1000037e:	2108      	movs	r1, #8
10000380:	48b2      	ldr	r0, [pc, #712]	; (1000064c <main+0x32c>)
10000382:	f001 fa79 	bl	10001878 <uart_set_format>
10000386:	2101      	movs	r1, #1
10000388:	48b0      	ldr	r0, [pc, #704]	; (1000064c <main+0x32c>)
1000038a:	f001 fab1 	bl	100018f0 <uart_set_fifo_enabled>
1000038e:	2002      	movs	r0, #2
10000390:	f000 f998 	bl	100006c4 <gpio_init>
10000394:	23d0      	movs	r3, #208	; 0xd0
10000396:	061b      	lsls	r3, r3, #24
10000398:	4698      	mov	r8, r3
1000039a:	2304      	movs	r3, #4
1000039c:	4642      	mov	r2, r8
1000039e:	2101      	movs	r1, #1
100003a0:	6293      	str	r3, [r2, #40]	; 0x28
100003a2:	2002      	movs	r0, #2
100003a4:	2200      	movs	r2, #0
100003a6:	f000 f973 	bl	10000690 <gpio_set_pulls>
100003aa:	2003      	movs	r0, #3
100003ac:	f000 f98a 	bl	100006c4 <gpio_init>
100003b0:	2308      	movs	r3, #8
100003b2:	4642      	mov	r2, r8
100003b4:	2101      	movs	r1, #1
100003b6:	6293      	str	r3, [r2, #40]	; 0x28
100003b8:	2003      	movs	r0, #3
100003ba:	2200      	movs	r2, #0
100003bc:	f000 f968 	bl	10000690 <gpio_set_pulls>
100003c0:	2780      	movs	r7, #128	; 0x80
100003c2:	2019      	movs	r0, #25
100003c4:	f000 f97e 	bl	100006c4 <gpio_init>
100003c8:	4643      	mov	r3, r8
100003ca:	04bf      	lsls	r7, r7, #18
100003cc:	200a      	movs	r0, #10
100003ce:	625f      	str	r7, [r3, #36]	; 0x24
100003d0:	2680      	movs	r6, #128	; 0x80
100003d2:	f000 f977 	bl	100006c4 <gpio_init>
100003d6:	4643      	mov	r3, r8
100003d8:	00f6      	lsls	r6, r6, #3
100003da:	200b      	movs	r0, #11
100003dc:	625e      	str	r6, [r3, #36]	; 0x24
100003de:	2580      	movs	r5, #128	; 0x80
100003e0:	f000 f970 	bl	100006c4 <gpio_init>
100003e4:	4643      	mov	r3, r8
100003e6:	012d      	lsls	r5, r5, #4
100003e8:	200c      	movs	r0, #12
100003ea:	625d      	str	r5, [r3, #36]	; 0x24
100003ec:	2480      	movs	r4, #128	; 0x80
100003ee:	f000 f969 	bl	100006c4 <gpio_init>
100003f2:	4643      	mov	r3, r8
100003f4:	0164      	lsls	r4, r4, #5
100003f6:	625c      	str	r4, [r3, #36]	; 0x24
100003f8:	200d      	movs	r0, #13
100003fa:	f000 f963 	bl	100006c4 <gpio_init>
100003fe:	2380      	movs	r3, #128	; 0x80
10000400:	4642      	mov	r2, r8
10000402:	019b      	lsls	r3, r3, #6
10000404:	6253      	str	r3, [r2, #36]	; 0x24
10000406:	6197      	str	r7, [r2, #24]
10000408:	6196      	str	r6, [r2, #24]
1000040a:	6155      	str	r5, [r2, #20]
1000040c:	6194      	str	r4, [r2, #24]
1000040e:	6153      	str	r3, [r2, #20]
10000410:	2301      	movs	r3, #1
10000412:	469b      	mov	fp, r3
10000414:	4699      	mov	r9, r3
10000416:	2300      	movs	r3, #0
10000418:	4c8c      	ldr	r4, [pc, #560]	; (1000064c <main+0x32c>)
1000041a:	469a      	mov	sl, r3
1000041c:	9302      	str	r3, [sp, #8]
1000041e:	e010      	b.n	10000442 <main+0x122>
10000420:	2b00      	cmp	r3, #0
10000422:	d033      	beq.n	1000048c <main+0x16c>
10000424:	465b      	mov	r3, fp
10000426:	2b00      	cmp	r3, #0
10000428:	d02d      	beq.n	10000486 <main+0x166>
1000042a:	2d00      	cmp	r5, #0
1000042c:	d063      	beq.n	100004f6 <main+0x1d6>
1000042e:	2380      	movs	r3, #128	; 0x80
10000430:	4642      	mov	r2, r8
10000432:	049b      	lsls	r3, r3, #18
10000434:	6193      	str	r3, [r2, #24]
10000436:	200a      	movs	r0, #10
10000438:	f001 f8a2 	bl	10001580 <sleep_ms>
1000043c:	9b01      	ldr	r3, [sp, #4]
1000043e:	46b3      	mov	fp, r6
10000440:	4699      	mov	r9, r3
10000442:	4643      	mov	r3, r8
10000444:	2704      	movs	r7, #4
10000446:	685b      	ldr	r3, [r3, #4]
10000448:	2508      	movs	r5, #8
1000044a:	403b      	ands	r3, r7
1000044c:	001a      	movs	r2, r3
1000044e:	1e51      	subs	r1, r2, #1
10000450:	418a      	sbcs	r2, r1
10000452:	b2d2      	uxtb	r2, r2
10000454:	9201      	str	r2, [sp, #4]
10000456:	4642      	mov	r2, r8
10000458:	6852      	ldr	r2, [r2, #4]
1000045a:	4015      	ands	r5, r2
1000045c:	002e      	movs	r6, r5
1000045e:	1e72      	subs	r2, r6, #1
10000460:	4196      	sbcs	r6, r2
10000462:	464a      	mov	r2, r9
10000464:	b2f6      	uxtb	r6, r6
10000466:	2a00      	cmp	r2, #0
10000468:	d1da      	bne.n	10000420 <main+0x100>
1000046a:	465a      	mov	r2, fp
1000046c:	2a00      	cmp	r2, #0
1000046e:	d008      	beq.n	10000482 <main+0x162>
10000470:	2d00      	cmp	r5, #0
10000472:	d040      	beq.n	100004f6 <main+0x1d6>
10000474:	2b00      	cmp	r3, #0
10000476:	d1da      	bne.n	1000042e <main+0x10e>
10000478:	2380      	movs	r3, #128	; 0x80
1000047a:	4642      	mov	r2, r8
1000047c:	049b      	lsls	r3, r3, #18
1000047e:	6153      	str	r3, [r2, #20]
10000480:	e7d9      	b.n	10000436 <main+0x116>
10000482:	2b00      	cmp	r3, #0
10000484:	d0f8      	beq.n	10000478 <main+0x158>
10000486:	2d00      	cmp	r5, #0
10000488:	d0f6      	beq.n	10000478 <main+0x158>
1000048a:	e7d0      	b.n	1000042e <main+0x10e>
1000048c:	2014      	movs	r0, #20
1000048e:	f001 f877 	bl	10001580 <sleep_ms>
10000492:	4643      	mov	r3, r8
10000494:	685b      	ldr	r3, [r3, #4]
10000496:	421f      	tst	r7, r3
10000498:	d128      	bne.n	100004ec <main+0x1cc>
1000049a:	4651      	mov	r1, sl
1000049c:	4b6c      	ldr	r3, [pc, #432]	; (10000650 <main+0x330>)
1000049e:	2200      	movs	r2, #0
100004a0:	5e9b      	ldrsh	r3, [r3, r2]
100004a2:	2900      	cmp	r1, #0
100004a4:	d16c      	bne.n	10000580 <main+0x260>
100004a6:	469a      	mov	sl, r3
100004a8:	2373      	movs	r3, #115	; 0x73
100004aa:	469c      	mov	ip, r3
100004ac:	2220      	movs	r2, #32
100004ae:	4667      	mov	r7, ip
100004b0:	46ac      	mov	ip, r5
100004b2:	4655      	mov	r5, sl
100004b4:	4867      	ldr	r0, [pc, #412]	; (10000654 <main+0x334>)
100004b6:	4b64      	ldr	r3, [pc, #400]	; (10000648 <main+0x328>)
100004b8:	2900      	cmp	r1, #0
100004ba:	d154      	bne.n	10000566 <main+0x246>
100004bc:	42bd      	cmp	r5, r7
100004be:	d059      	beq.n	10000574 <main+0x254>
100004c0:	6999      	ldr	r1, [r3, #24]
100004c2:	420a      	tst	r2, r1
100004c4:	d1fc      	bne.n	100004c0 <main+0x1a0>
100004c6:	601f      	str	r7, [r3, #0]
100004c8:	7801      	ldrb	r1, [r0, #0]
100004ca:	3001      	adds	r0, #1
100004cc:	390d      	subs	r1, #13
100004ce:	424f      	negs	r7, r1
100004d0:	4179      	adcs	r1, r7
100004d2:	7807      	ldrb	r7, [r0, #0]
100004d4:	b2c9      	uxtb	r1, r1
100004d6:	2f00      	cmp	r7, #0
100004d8:	d1ee      	bne.n	100004b8 <main+0x198>
100004da:	2380      	movs	r3, #128	; 0x80
100004dc:	4642      	mov	r2, r8
100004de:	00db      	lsls	r3, r3, #3
100004e0:	6153      	str	r3, [r2, #20]
100004e2:	2380      	movs	r3, #128	; 0x80
100004e4:	4665      	mov	r5, ip
100004e6:	46ca      	mov	sl, r9
100004e8:	011b      	lsls	r3, r3, #4
100004ea:	6193      	str	r3, [r2, #24]
100004ec:	465b      	mov	r3, fp
100004ee:	2b00      	cmp	r3, #0
100004f0:	d0c2      	beq.n	10000478 <main+0x158>
100004f2:	2d00      	cmp	r5, #0
100004f4:	d1c0      	bne.n	10000478 <main+0x158>
100004f6:	2014      	movs	r0, #20
100004f8:	f001 f842 	bl	10001580 <sleep_ms>
100004fc:	4643      	mov	r3, r8
100004fe:	685b      	ldr	r3, [r3, #4]
10000500:	071b      	lsls	r3, r3, #28
10000502:	d4b9      	bmi.n	10000478 <main+0x158>
10000504:	4b52      	ldr	r3, [pc, #328]	; (10000650 <main+0x330>)
10000506:	9a02      	ldr	r2, [sp, #8]
10000508:	2002      	movs	r0, #2
1000050a:	5e18      	ldrsh	r0, [r3, r0]
1000050c:	2a00      	cmp	r2, #0
1000050e:	d16e      	bne.n	100005ee <main+0x2ce>
10000510:	2573      	movs	r5, #115	; 0x73
10000512:	2320      	movs	r3, #32
10000514:	270d      	movs	r7, #13
10000516:	494f      	ldr	r1, [pc, #316]	; (10000654 <main+0x334>)
10000518:	2a00      	cmp	r2, #0
1000051a:	d118      	bne.n	1000054e <main+0x22e>
1000051c:	42a8      	cmp	r0, r5
1000051e:	d01d      	beq.n	1000055c <main+0x23c>
10000520:	69a2      	ldr	r2, [r4, #24]
10000522:	4213      	tst	r3, r2
10000524:	d1fc      	bne.n	10000520 <main+0x200>
10000526:	6025      	str	r5, [r4, #0]
10000528:	780a      	ldrb	r2, [r1, #0]
1000052a:	3101      	adds	r1, #1
1000052c:	3a0d      	subs	r2, #13
1000052e:	4255      	negs	r5, r2
10000530:	416a      	adcs	r2, r5
10000532:	780d      	ldrb	r5, [r1, #0]
10000534:	b2d2      	uxtb	r2, r2
10000536:	2d00      	cmp	r5, #0
10000538:	d1ee      	bne.n	10000518 <main+0x1f8>
1000053a:	2380      	movs	r3, #128	; 0x80
1000053c:	4642      	mov	r2, r8
1000053e:	015b      	lsls	r3, r3, #5
10000540:	6153      	str	r3, [r2, #20]
10000542:	2380      	movs	r3, #128	; 0x80
10000544:	019b      	lsls	r3, r3, #6
10000546:	6193      	str	r3, [r2, #24]
10000548:	2301      	movs	r3, #1
1000054a:	9302      	str	r3, [sp, #8]
1000054c:	e794      	b.n	10000478 <main+0x158>
1000054e:	69a2      	ldr	r2, [r4, #24]
10000550:	4213      	tst	r3, r2
10000552:	d0e8      	beq.n	10000526 <main+0x206>
10000554:	69a2      	ldr	r2, [r4, #24]
10000556:	4213      	tst	r3, r2
10000558:	d1f9      	bne.n	1000054e <main+0x22e>
1000055a:	e7e4      	b.n	10000526 <main+0x206>
1000055c:	69a2      	ldr	r2, [r4, #24]
1000055e:	4213      	tst	r3, r2
10000560:	d1fc      	bne.n	1000055c <main+0x23c>
10000562:	6027      	str	r7, [r4, #0]
10000564:	e7dc      	b.n	10000520 <main+0x200>
10000566:	6999      	ldr	r1, [r3, #24]
10000568:	420a      	tst	r2, r1
1000056a:	d0ac      	beq.n	100004c6 <main+0x1a6>
1000056c:	6999      	ldr	r1, [r3, #24]
1000056e:	420a      	tst	r2, r1
10000570:	d1f9      	bne.n	10000566 <main+0x246>
10000572:	e7a8      	b.n	100004c6 <main+0x1a6>
10000574:	6999      	ldr	r1, [r3, #24]
10000576:	420a      	tst	r2, r1
10000578:	d1fc      	bne.n	10000574 <main+0x254>
1000057a:	210d      	movs	r1, #13
1000057c:	6019      	str	r1, [r3, #0]
1000057e:	e79f      	b.n	100004c0 <main+0x1a0>
10000580:	469c      	mov	ip, r3
10000582:	210d      	movs	r1, #13
10000584:	2300      	movs	r3, #0
10000586:	4689      	mov	r9, r1
10000588:	469a      	mov	sl, r3
1000058a:	4661      	mov	r1, ip
1000058c:	2773      	movs	r7, #115	; 0x73
1000058e:	9103      	str	r1, [sp, #12]
10000590:	2220      	movs	r2, #32
10000592:	4651      	mov	r1, sl
10000594:	46ac      	mov	ip, r5
10000596:	4830      	ldr	r0, [pc, #192]	; (10000658 <main+0x338>)
10000598:	4b2b      	ldr	r3, [pc, #172]	; (10000648 <main+0x328>)
1000059a:	9d03      	ldr	r5, [sp, #12]
1000059c:	2900      	cmp	r1, #0
1000059e:	d119      	bne.n	100005d4 <main+0x2b4>
100005a0:	42bd      	cmp	r5, r7
100005a2:	d01e      	beq.n	100005e2 <main+0x2c2>
100005a4:	6999      	ldr	r1, [r3, #24]
100005a6:	420a      	tst	r2, r1
100005a8:	d1fc      	bne.n	100005a4 <main+0x284>
100005aa:	601f      	str	r7, [r3, #0]
100005ac:	7801      	ldrb	r1, [r0, #0]
100005ae:	3001      	adds	r0, #1
100005b0:	390d      	subs	r1, #13
100005b2:	424f      	negs	r7, r1
100005b4:	4179      	adcs	r1, r7
100005b6:	7807      	ldrb	r7, [r0, #0]
100005b8:	b2c9      	uxtb	r1, r1
100005ba:	2f00      	cmp	r7, #0
100005bc:	d1ee      	bne.n	1000059c <main+0x27c>
100005be:	2380      	movs	r3, #128	; 0x80
100005c0:	4642      	mov	r2, r8
100005c2:	00db      	lsls	r3, r3, #3
100005c4:	6193      	str	r3, [r2, #24]
100005c6:	2380      	movs	r3, #128	; 0x80
100005c8:	011b      	lsls	r3, r3, #4
100005ca:	6153      	str	r3, [r2, #20]
100005cc:	2300      	movs	r3, #0
100005ce:	4665      	mov	r5, ip
100005d0:	469a      	mov	sl, r3
100005d2:	e78b      	b.n	100004ec <main+0x1cc>
100005d4:	6999      	ldr	r1, [r3, #24]
100005d6:	420a      	tst	r2, r1
100005d8:	d0e7      	beq.n	100005aa <main+0x28a>
100005da:	6999      	ldr	r1, [r3, #24]
100005dc:	420a      	tst	r2, r1
100005de:	d1f9      	bne.n	100005d4 <main+0x2b4>
100005e0:	e7e3      	b.n	100005aa <main+0x28a>
100005e2:	6999      	ldr	r1, [r3, #24]
100005e4:	420a      	tst	r2, r1
100005e6:	d1fc      	bne.n	100005e2 <main+0x2c2>
100005e8:	4649      	mov	r1, r9
100005ea:	6019      	str	r1, [r3, #0]
100005ec:	e7da      	b.n	100005a4 <main+0x284>
100005ee:	2200      	movs	r2, #0
100005f0:	2573      	movs	r5, #115	; 0x73
100005f2:	2320      	movs	r3, #32
100005f4:	270d      	movs	r7, #13
100005f6:	4918      	ldr	r1, [pc, #96]	; (10000658 <main+0x338>)
100005f8:	2a00      	cmp	r2, #0
100005fa:	d118      	bne.n	1000062e <main+0x30e>
100005fc:	42a8      	cmp	r0, r5
100005fe:	d01d      	beq.n	1000063c <main+0x31c>
10000600:	69a2      	ldr	r2, [r4, #24]
10000602:	4213      	tst	r3, r2
10000604:	d1fc      	bne.n	10000600 <main+0x2e0>
10000606:	6025      	str	r5, [r4, #0]
10000608:	780a      	ldrb	r2, [r1, #0]
1000060a:	3101      	adds	r1, #1
1000060c:	3a0d      	subs	r2, #13
1000060e:	4255      	negs	r5, r2
10000610:	416a      	adcs	r2, r5
10000612:	780d      	ldrb	r5, [r1, #0]
10000614:	b2d2      	uxtb	r2, r2
10000616:	2d00      	cmp	r5, #0
10000618:	d1ee      	bne.n	100005f8 <main+0x2d8>
1000061a:	2380      	movs	r3, #128	; 0x80
1000061c:	4642      	mov	r2, r8
1000061e:	015b      	lsls	r3, r3, #5
10000620:	6193      	str	r3, [r2, #24]
10000622:	2380      	movs	r3, #128	; 0x80
10000624:	019b      	lsls	r3, r3, #6
10000626:	6153      	str	r3, [r2, #20]
10000628:	2300      	movs	r3, #0
1000062a:	9302      	str	r3, [sp, #8]
1000062c:	e724      	b.n	10000478 <main+0x158>
1000062e:	69a2      	ldr	r2, [r4, #24]
10000630:	4213      	tst	r3, r2
10000632:	d0e8      	beq.n	10000606 <main+0x2e6>
10000634:	69a2      	ldr	r2, [r4, #24]
10000636:	4213      	tst	r3, r2
10000638:	d1f9      	bne.n	1000062e <main+0x30e>
1000063a:	e7e4      	b.n	10000606 <main+0x2e6>
1000063c:	69a2      	ldr	r2, [r4, #24]
1000063e:	4213      	tst	r3, r2
10000640:	d1fc      	bne.n	1000063c <main+0x31c>
10000642:	6027      	str	r7, [r4, #0]
10000644:	e7dc      	b.n	10000600 <main+0x2e0>
10000646:	46c0      	nop			; (mov r8, r8)
10000648:	40034000 	.word	0x40034000
1000064c:	40038000 	.word	0x40038000
10000650:	20001ff4 	.word	0x20001ff4
10000654:	10004fec 	.word	0x10004fec
10000658:	10004ff4 	.word	0x10004ff4

1000065c <gpio_set_function>:
1000065c:	b510      	push	{r4, lr}
1000065e:	2440      	movs	r4, #64	; 0x40
10000660:	4a08      	ldr	r2, [pc, #32]	; (10000684 <gpio_set_function+0x28>)
10000662:	0083      	lsls	r3, r0, #2
10000664:	189a      	adds	r2, r3, r2
10000666:	6812      	ldr	r2, [r2, #0]
10000668:	00c0      	lsls	r0, r0, #3
1000066a:	4054      	eors	r4, r2
1000066c:	22c0      	movs	r2, #192	; 0xc0
1000066e:	4022      	ands	r2, r4
10000670:	4c05      	ldr	r4, [pc, #20]	; (10000688 <gpio_set_function+0x2c>)
10000672:	46a4      	mov	ip, r4
10000674:	4463      	add	r3, ip
10000676:	601a      	str	r2, [r3, #0]
10000678:	4b04      	ldr	r3, [pc, #16]	; (1000068c <gpio_set_function+0x30>)
1000067a:	469c      	mov	ip, r3
1000067c:	4460      	add	r0, ip
1000067e:	6041      	str	r1, [r0, #4]
10000680:	bd10      	pop	{r4, pc}
10000682:	46c0      	nop			; (mov r8, r8)
10000684:	4001c004 	.word	0x4001c004
10000688:	4001d004 	.word	0x4001d004
1000068c:	40014000 	.word	0x40014000

10000690 <gpio_set_pulls>:
10000690:	4b0b      	ldr	r3, [pc, #44]	; (100006c0 <gpio_set_pulls+0x30>)
10000692:	0080      	lsls	r0, r0, #2
10000694:	469c      	mov	ip, r3
10000696:	4460      	add	r0, ip
10000698:	2900      	cmp	r1, #0
1000069a:	d10e      	bne.n	100006ba <gpio_set_pulls+0x2a>
1000069c:	2300      	movs	r3, #0
1000069e:	3104      	adds	r1, #4
100006a0:	2a00      	cmp	r2, #0
100006a2:	d100      	bne.n	100006a6 <gpio_set_pulls+0x16>
100006a4:	0019      	movs	r1, r3
100006a6:	2280      	movs	r2, #128	; 0x80
100006a8:	6803      	ldr	r3, [r0, #0]
100006aa:	0152      	lsls	r2, r2, #5
100006ac:	4059      	eors	r1, r3
100006ae:	4694      	mov	ip, r2
100006b0:	230c      	movs	r3, #12
100006b2:	4460      	add	r0, ip
100006b4:	400b      	ands	r3, r1
100006b6:	6003      	str	r3, [r0, #0]
100006b8:	4770      	bx	lr
100006ba:	210c      	movs	r1, #12
100006bc:	2308      	movs	r3, #8
100006be:	e7ef      	b.n	100006a0 <gpio_set_pulls+0x10>
100006c0:	4001c004 	.word	0x4001c004

100006c4 <gpio_init>:
100006c4:	2301      	movs	r3, #1
100006c6:	22d0      	movs	r2, #208	; 0xd0
100006c8:	4083      	lsls	r3, r0
100006ca:	2140      	movs	r1, #64	; 0x40
100006cc:	0612      	lsls	r2, r2, #24
100006ce:	6293      	str	r3, [r2, #40]	; 0x28
100006d0:	6193      	str	r3, [r2, #24]
100006d2:	4a09      	ldr	r2, [pc, #36]	; (100006f8 <gpio_init+0x34>)
100006d4:	0083      	lsls	r3, r0, #2
100006d6:	189a      	adds	r2, r3, r2
100006d8:	6812      	ldr	r2, [r2, #0]
100006da:	00c0      	lsls	r0, r0, #3
100006dc:	4051      	eors	r1, r2
100006de:	22c0      	movs	r2, #192	; 0xc0
100006e0:	400a      	ands	r2, r1
100006e2:	4906      	ldr	r1, [pc, #24]	; (100006fc <gpio_init+0x38>)
100006e4:	468c      	mov	ip, r1
100006e6:	4463      	add	r3, ip
100006e8:	601a      	str	r2, [r3, #0]
100006ea:	4b05      	ldr	r3, [pc, #20]	; (10000700 <gpio_init+0x3c>)
100006ec:	469c      	mov	ip, r3
100006ee:	2305      	movs	r3, #5
100006f0:	4460      	add	r0, ip
100006f2:	6043      	str	r3, [r0, #4]
100006f4:	4770      	bx	lr
100006f6:	46c0      	nop			; (mov r8, r8)
100006f8:	4001c004 	.word	0x4001c004
100006fc:	4001d004 	.word	0x4001d004
10000700:	40014000 	.word	0x40014000

10000704 <rp2040_chip_version>:
10000704:	2380      	movs	r3, #128	; 0x80
10000706:	05db      	lsls	r3, r3, #23
10000708:	6818      	ldr	r0, [r3, #0]
1000070a:	0f00      	lsrs	r0, r0, #28
1000070c:	4770      	bx	lr
1000070e:	46c0      	nop			; (mov r8, r8)

10000710 <panic>:
10000710:	b40f      	push	{r0, r1, r2, r3}
10000712:	b500      	push	{lr}
10000714:	4808      	ldr	r0, [pc, #32]	; (10000738 <panic+0x28>)
10000716:	b083      	sub	sp, #12
10000718:	f001 fec4 	bl	100024a4 <__wrap_puts>
1000071c:	9b04      	ldr	r3, [sp, #16]
1000071e:	2b00      	cmp	r3, #0
10000720:	d007      	beq.n	10000732 <panic+0x22>
10000722:	a905      	add	r1, sp, #20
10000724:	0018      	movs	r0, r3
10000726:	9101      	str	r1, [sp, #4]
10000728:	f001 fd3a 	bl	100021a0 <weak_raw_vprintf>
1000072c:	4803      	ldr	r0, [pc, #12]	; (1000073c <panic+0x2c>)
1000072e:	f001 feb9 	bl	100024a4 <__wrap_puts>
10000732:	2001      	movs	r0, #1
10000734:	f001 fd4c 	bl	100021d0 <_exit>
10000738:	10004ffc 	.word	0x10004ffc
1000073c:	1000500c 	.word	0x1000500c

10000740 <hw_claim_or_assert>:
10000740:	b570      	push	{r4, r5, r6, lr}
10000742:	f3ef 8c10 	mrs	ip, PRIMASK
10000746:	b672      	cpsid	i
10000748:	4d0d      	ldr	r5, [pc, #52]	; (10000780 <hw_claim_or_assert+0x40>)
1000074a:	682b      	ldr	r3, [r5, #0]
1000074c:	2b00      	cmp	r3, #0
1000074e:	d0fc      	beq.n	1000074a <hw_claim_or_assert+0xa>
10000750:	f3bf 8f5f 	dmb	sy
10000754:	2407      	movs	r4, #7
10000756:	08cb      	lsrs	r3, r1, #3
10000758:	18c6      	adds	r6, r0, r3
1000075a:	5cc0      	ldrb	r0, [r0, r3]
1000075c:	2301      	movs	r3, #1
1000075e:	400c      	ands	r4, r1
10000760:	40a3      	lsls	r3, r4
10000762:	001c      	movs	r4, r3
10000764:	4004      	ands	r4, r0
10000766:	4203      	tst	r3, r0
10000768:	d107      	bne.n	1000077a <hw_claim_or_assert+0x3a>
1000076a:	4303      	orrs	r3, r0
1000076c:	7033      	strb	r3, [r6, #0]
1000076e:	f3bf 8f5f 	dmb	sy
10000772:	602c      	str	r4, [r5, #0]
10000774:	f38c 8810 	msr	PRIMASK, ip
10000778:	bd70      	pop	{r4, r5, r6, pc}
1000077a:	0010      	movs	r0, r2
1000077c:	f7ff ffc8 	bl	10000710 <panic>
10000780:	d000012c 	.word	0xd000012c

10000784 <hw_claim_unused_from_range>:
10000784:	b5f8      	push	{r3, r4, r5, r6, r7, lr}
10000786:	4647      	mov	r7, r8
10000788:	46ce      	mov	lr, r9
1000078a:	4688      	mov	r8, r1
1000078c:	b580      	push	{r7, lr}
1000078e:	f3ef 8c10 	mrs	ip, PRIMASK
10000792:	b672      	cpsid	i
10000794:	4d21      	ldr	r5, [pc, #132]	; (1000081c <hw_claim_unused_from_range+0x98>)
10000796:	682c      	ldr	r4, [r5, #0]
10000798:	2c00      	cmp	r4, #0
1000079a:	d0fc      	beq.n	10000796 <hw_claim_unused_from_range+0x12>
1000079c:	f3bf 8f5f 	dmb	sy
100007a0:	429a      	cmp	r2, r3
100007a2:	d82c      	bhi.n	100007fe <hw_claim_unused_from_range+0x7a>
100007a4:	08d4      	lsrs	r4, r2, #3
100007a6:	2707      	movs	r7, #7
100007a8:	5d05      	ldrb	r5, [r0, r4]
100007aa:	1906      	adds	r6, r0, r4
100007ac:	2401      	movs	r4, #1
100007ae:	4017      	ands	r7, r2
100007b0:	40bc      	lsls	r4, r7
100007b2:	422c      	tst	r4, r5
100007b4:	d01f      	beq.n	100007f6 <hw_claim_unused_from_range+0x72>
100007b6:	2107      	movs	r1, #7
100007b8:	2701      	movs	r7, #1
100007ba:	4689      	mov	r9, r1
100007bc:	e009      	b.n	100007d2 <hw_claim_unused_from_range+0x4e>
100007be:	08d4      	lsrs	r4, r2, #3
100007c0:	5d05      	ldrb	r5, [r0, r4]
100007c2:	1906      	adds	r6, r0, r4
100007c4:	464c      	mov	r4, r9
100007c6:	0039      	movs	r1, r7
100007c8:	4014      	ands	r4, r2
100007ca:	40a1      	lsls	r1, r4
100007cc:	000c      	movs	r4, r1
100007ce:	4229      	tst	r1, r5
100007d0:	d011      	beq.n	100007f6 <hw_claim_unused_from_range+0x72>
100007d2:	3201      	adds	r2, #1
100007d4:	4293      	cmp	r3, r2
100007d6:	d2f2      	bcs.n	100007be <hw_claim_unused_from_range+0x3a>
100007d8:	2001      	movs	r0, #1
100007da:	4240      	negs	r0, r0
100007dc:	f3bf 8f5f 	dmb	sy
100007e0:	2200      	movs	r2, #0
100007e2:	4b0e      	ldr	r3, [pc, #56]	; (1000081c <hw_claim_unused_from_range+0x98>)
100007e4:	601a      	str	r2, [r3, #0]
100007e6:	f38c 8810 	msr	PRIMASK, ip
100007ea:	2800      	cmp	r0, #0
100007ec:	db0f      	blt.n	1000080e <hw_claim_unused_from_range+0x8a>
100007ee:	bcc0      	pop	{r6, r7}
100007f0:	46b9      	mov	r9, r7
100007f2:	46b0      	mov	r8, r6
100007f4:	bdf8      	pop	{r3, r4, r5, r6, r7, pc}
100007f6:	432c      	orrs	r4, r5
100007f8:	0010      	movs	r0, r2
100007fa:	7034      	strb	r4, [r6, #0]
100007fc:	e7ee      	b.n	100007dc <hw_claim_unused_from_range+0x58>
100007fe:	f3bf 8f5f 	dmb	sy
10000802:	2300      	movs	r3, #0
10000804:	602b      	str	r3, [r5, #0]
10000806:	f38c 8810 	msr	PRIMASK, ip
1000080a:	2001      	movs	r0, #1
1000080c:	4240      	negs	r0, r0
1000080e:	4643      	mov	r3, r8
10000810:	2b00      	cmp	r3, #0
10000812:	d0ec      	beq.n	100007ee <hw_claim_unused_from_range+0x6a>
10000814:	9808      	ldr	r0, [sp, #32]
10000816:	f7ff ff7b 	bl	10000710 <panic>
1000081a:	46c0      	nop			; (mov r8, r8)
1000081c:	d000012c 	.word	0xd000012c

10000820 <next_striped_spin_lock_num>:
10000820:	4a04      	ldr	r2, [pc, #16]	; (10000834 <next_striped_spin_lock_num+0x14>)
10000822:	7810      	ldrb	r0, [r2, #0]
10000824:	1c43      	adds	r3, r0, #1
10000826:	b2db      	uxtb	r3, r3
10000828:	2b17      	cmp	r3, #23
1000082a:	d900      	bls.n	1000082e <next_striped_spin_lock_num+0xe>
1000082c:	2310      	movs	r3, #16
1000082e:	7013      	strb	r3, [r2, #0]
10000830:	4770      	bx	lr
10000832:	46c0      	nop			; (mov r8, r8)
10000834:	20001020 	.word	0x20001020

10000838 <spin_lock_claim_unused>:
10000838:	b500      	push	{lr}
1000083a:	4b05      	ldr	r3, [pc, #20]	; (10000850 <spin_lock_claim_unused+0x18>)
1000083c:	b083      	sub	sp, #12
1000083e:	0001      	movs	r1, r0
10000840:	9300      	str	r3, [sp, #0]
10000842:	2218      	movs	r2, #24
10000844:	231f      	movs	r3, #31
10000846:	4803      	ldr	r0, [pc, #12]	; (10000854 <spin_lock_claim_unused+0x1c>)
10000848:	f7ff ff9c 	bl	10000784 <hw_claim_unused_from_range>
1000084c:	b003      	add	sp, #12
1000084e:	bd00      	pop	{pc}
10000850:	10005010 	.word	0x10005010
10000854:	20001a54 	.word	0x20001a54

10000858 <spin_locks_reset>:
10000858:	2100      	movs	r1, #0
1000085a:	4b04      	ldr	r3, [pc, #16]	; (1000086c <spin_locks_reset+0x14>)
1000085c:	4a04      	ldr	r2, [pc, #16]	; (10000870 <spin_locks_reset+0x18>)
1000085e:	f3bf 8f5f 	dmb	sy
10000862:	c302      	stmia	r3!, {r1}
10000864:	4293      	cmp	r3, r2
10000866:	d1fa      	bne.n	1000085e <spin_locks_reset+0x6>
10000868:	4770      	bx	lr
1000086a:	46c0      	nop			; (mov r8, r8)
1000086c:	d0000100 	.word	0xd0000100
10000870:	d0000180 	.word	0xd0000180

10000874 <runtime_init_per_core_irq_priorities>:
10000874:	4b05      	ldr	r3, [pc, #20]	; (1000088c <runtime_init_per_core_irq_priorities+0x18>)
10000876:	4a06      	ldr	r2, [pc, #24]	; (10000890 <runtime_init_per_core_irq_priorities+0x1c>)
10000878:	6013      	str	r3, [r2, #0]
1000087a:	4a06      	ldr	r2, [pc, #24]	; (10000894 <runtime_init_per_core_irq_priorities+0x20>)
1000087c:	6013      	str	r3, [r2, #0]
1000087e:	6053      	str	r3, [r2, #4]
10000880:	6093      	str	r3, [r2, #8]
10000882:	60d3      	str	r3, [r2, #12]
10000884:	6113      	str	r3, [r2, #16]
10000886:	6153      	str	r3, [r2, #20]
10000888:	6193      	str	r3, [r2, #24]
1000088a:	4770      	bx	lr
1000088c:	80808080 	.word	0x80808080
10000890:	e000e400 	.word	0xe000e400
10000894:	e000e404 	.word	0xe000e404

10000898 <irq_set_enabled>:
10000898:	231f      	movs	r3, #31
1000089a:	4018      	ands	r0, r3
1000089c:	3b1e      	subs	r3, #30
1000089e:	4083      	lsls	r3, r0
100008a0:	2900      	cmp	r1, #0
100008a2:	d005      	beq.n	100008b0 <irq_set_enabled+0x18>
100008a4:	21c0      	movs	r1, #192	; 0xc0
100008a6:	4a04      	ldr	r2, [pc, #16]	; (100008b8 <irq_set_enabled+0x20>)
100008a8:	0049      	lsls	r1, r1, #1
100008aa:	5053      	str	r3, [r2, r1]
100008ac:	6013      	str	r3, [r2, #0]
100008ae:	4770      	bx	lr
100008b0:	2280      	movs	r2, #128	; 0x80
100008b2:	4901      	ldr	r1, [pc, #4]	; (100008b8 <irq_set_enabled+0x20>)
100008b4:	508b      	str	r3, [r1, r2]
100008b6:	e7fa      	b.n	100008ae <irq_set_enabled+0x16>
100008b8:	e000e100 	.word	0xe000e100

100008bc <irq_is_enabled>:
100008bc:	2201      	movs	r2, #1
100008be:	4082      	lsls	r2, r0
100008c0:	4b03      	ldr	r3, [pc, #12]	; (100008d0 <irq_is_enabled+0x14>)
100008c2:	681b      	ldr	r3, [r3, #0]
100008c4:	4013      	ands	r3, r2
100008c6:	1e5a      	subs	r2, r3, #1
100008c8:	4193      	sbcs	r3, r2
100008ca:	b2d8      	uxtb	r0, r3
100008cc:	4770      	bx	lr
100008ce:	46c0      	nop			; (mov r8, r8)
100008d0:	e000e100 	.word	0xe000e100

100008d4 <irq_set_pending>:
100008d4:	2301      	movs	r3, #1
100008d6:	4083      	lsls	r3, r0
100008d8:	4a01      	ldr	r2, [pc, #4]	; (100008e0 <irq_set_pending+0xc>)
100008da:	6013      	str	r3, [r2, #0]
100008dc:	4770      	bx	lr
100008de:	46c0      	nop			; (mov r8, r8)
100008e0:	e000e200 	.word	0xe000e200

100008e4 <irq_has_shared_handler>:
100008e4:	4b06      	ldr	r3, [pc, #24]	; (10000900 <irq_has_shared_handler+0x1c>)
100008e6:	3010      	adds	r0, #16
100008e8:	689b      	ldr	r3, [r3, #8]
100008ea:	0080      	lsls	r0, r0, #2
100008ec:	58c3      	ldr	r3, [r0, r3]
100008ee:	4a05      	ldr	r2, [pc, #20]	; (10000904 <irq_has_shared_handler+0x20>)
100008f0:	2000      	movs	r0, #0
100008f2:	1a9b      	subs	r3, r3, r2
100008f4:	222f      	movs	r2, #47	; 0x2f
100008f6:	429a      	cmp	r2, r3
100008f8:	4140      	adcs	r0, r0
100008fa:	b2c0      	uxtb	r0, r0
100008fc:	4770      	bx	lr
100008fe:	46c0      	nop			; (mov r8, r8)
10000900:	e000ed00 	.word	0xe000ed00
10000904:	20001024 	.word	0x20001024

10000908 <irq_set_exclusive_handler>:
10000908:	b570      	push	{r4, r5, r6, lr}
1000090a:	000d      	movs	r5, r1
1000090c:	f3ef 8610 	mrs	r6, PRIMASK
10000910:	b672      	cpsid	i
10000912:	4a0f      	ldr	r2, [pc, #60]	; (10000950 <irq_set_exclusive_handler+0x48>)
10000914:	6813      	ldr	r3, [r2, #0]
10000916:	2b00      	cmp	r3, #0
10000918:	d0fc      	beq.n	10000914 <irq_set_exclusive_handler+0xc>
1000091a:	f3bf 8f5f 	dmb	sy
1000091e:	4b0d      	ldr	r3, [pc, #52]	; (10000954 <irq_set_exclusive_handler+0x4c>)
10000920:	3010      	adds	r0, #16
10000922:	689b      	ldr	r3, [r3, #8]
10000924:	0084      	lsls	r4, r0, #2
10000926:	591b      	ldr	r3, [r3, r4]
10000928:	4a0b      	ldr	r2, [pc, #44]	; (10000958 <irq_set_exclusive_handler+0x50>)
1000092a:	4293      	cmp	r3, r2
1000092c:	d003      	beq.n	10000936 <irq_set_exclusive_handler+0x2e>
1000092e:	429d      	cmp	r5, r3
10000930:	d001      	beq.n	10000936 <irq_set_exclusive_handler+0x2e>
10000932:	f001 fa01 	bl	10001d38 <hard_assertion_failure>
10000936:	4b07      	ldr	r3, [pc, #28]	; (10000954 <irq_set_exclusive_handler+0x4c>)
10000938:	689b      	ldr	r3, [r3, #8]
1000093a:	511d      	str	r5, [r3, r4]
1000093c:	f3bf 8f5f 	dmb	sy
10000940:	f3bf 8f5f 	dmb	sy
10000944:	2200      	movs	r2, #0
10000946:	4b02      	ldr	r3, [pc, #8]	; (10000950 <irq_set_exclusive_handler+0x48>)
10000948:	601a      	str	r2, [r3, #0]
1000094a:	f386 8810 	msr	PRIMASK, r6
1000094e:	bd70      	pop	{r4, r5, r6, pc}
10000950:	d0000124 	.word	0xd0000124
10000954:	e000ed00 	.word	0xe000ed00
10000958:	100001c1 	.word	0x100001c1

1000095c <irq_add_shared_handler>:
1000095c:	b5f0      	push	{r4, r5, r6, r7, lr}
1000095e:	4657      	mov	r7, sl
10000960:	464e      	mov	r6, r9
10000962:	46de      	mov	lr, fp
10000964:	4645      	mov	r5, r8
10000966:	b5e0      	push	{r5, r6, r7, lr}
10000968:	b085      	sub	sp, #20
1000096a:	0006      	movs	r6, r0
1000096c:	9102      	str	r1, [sp, #8]
1000096e:	0017      	movs	r7, r2
10000970:	f3ef 8b10 	mrs	fp, PRIMASK
10000974:	b672      	cpsid	i
10000976:	4a67      	ldr	r2, [pc, #412]	; (10000b14 <irq_add_shared_handler+0x1b8>)
10000978:	6813      	ldr	r3, [r2, #0]
1000097a:	2b00      	cmp	r3, #0
1000097c:	d0fc      	beq.n	10000978 <irq_add_shared_handler+0x1c>
1000097e:	f3bf 8f5f 	dmb	sy
10000982:	2500      	movs	r5, #0
10000984:	4b64      	ldr	r3, [pc, #400]	; (10000b18 <irq_add_shared_handler+0x1bc>)
10000986:	575d      	ldrsb	r5, [r3, r5]
10000988:	469a      	mov	sl, r3
1000098a:	2d00      	cmp	r5, #0
1000098c:	da00      	bge.n	10000990 <irq_add_shared_handler+0x34>
1000098e:	e0a4      	b.n	10000ada <irq_add_shared_handler+0x17e>
10000990:	006b      	lsls	r3, r5, #1
10000992:	4c62      	ldr	r4, [pc, #392]	; (10000b1c <irq_add_shared_handler+0x1c0>)
10000994:	9303      	str	r3, [sp, #12]
10000996:	195b      	adds	r3, r3, r5
10000998:	009b      	lsls	r3, r3, #2
1000099a:	4698      	mov	r8, r3
1000099c:	46a1      	mov	r9, r4
1000099e:	44c1      	add	r9, r8
100009a0:	464b      	mov	r3, r9
100009a2:	4652      	mov	r2, sl
100009a4:	799b      	ldrb	r3, [r3, #6]
100009a6:	3610      	adds	r6, #16
100009a8:	7013      	strb	r3, [r2, #0]
100009aa:	4b5d      	ldr	r3, [pc, #372]	; (10000b20 <irq_add_shared_handler+0x1c4>)
100009ac:	00b2      	lsls	r2, r6, #2
100009ae:	689b      	ldr	r3, [r3, #8]
100009b0:	9201      	str	r2, [sp, #4]
100009b2:	5899      	ldr	r1, [r3, r2]
100009b4:	1b0b      	subs	r3, r1, r4
100009b6:	2b2f      	cmp	r3, #47	; 0x2f
100009b8:	d934      	bls.n	10000a24 <irq_add_shared_handler+0xc8>
100009ba:	4b5a      	ldr	r3, [pc, #360]	; (10000b24 <irq_add_shared_handler+0x1c8>)
100009bc:	4299      	cmp	r1, r3
100009be:	d000      	beq.n	100009c2 <irq_add_shared_handler+0x66>
100009c0:	e0a4      	b.n	10000b0c <irq_add_shared_handler+0x1b0>
100009c2:	9b03      	ldr	r3, [sp, #12]
100009c4:	4a58      	ldr	r2, [pc, #352]	; (10000b28 <irq_add_shared_handler+0x1cc>)
100009c6:	469c      	mov	ip, r3
100009c8:	4b58      	ldr	r3, [pc, #352]	; (10000b2c <irq_add_shared_handler+0x1d0>)
100009ca:	4465      	add	r5, ip
100009cc:	00ad      	lsls	r5, r5, #2
100009ce:	5363      	strh	r3, [r4, r5]
100009d0:	4643      	mov	r3, r8
100009d2:	3302      	adds	r3, #2
100009d4:	1965      	adds	r5, r4, r5
100009d6:	18e4      	adds	r4, r4, r3
100009d8:	4b55      	ldr	r3, [pc, #340]	; (10000b30 <irq_add_shared_handler+0x1d4>)
100009da:	2101      	movs	r1, #1
100009dc:	3b04      	subs	r3, #4
100009de:	1b1b      	subs	r3, r3, r4
100009e0:	051b      	lsls	r3, r3, #20
100009e2:	0d5b      	lsrs	r3, r3, #21
100009e4:	4313      	orrs	r3, r2
100009e6:	806b      	strh	r3, [r5, #2]
100009e8:	4b52      	ldr	r3, [pc, #328]	; (10000b34 <irq_add_shared_handler+0x1d8>)
100009ea:	71ef      	strb	r7, [r5, #7]
100009ec:	80ab      	strh	r3, [r5, #4]
100009ee:	23ff      	movs	r3, #255	; 0xff
100009f0:	71ab      	strb	r3, [r5, #6]
100009f2:	9b02      	ldr	r3, [sp, #8]
100009f4:	60ab      	str	r3, [r5, #8]
100009f6:	464b      	mov	r3, r9
100009f8:	430b      	orrs	r3, r1
100009fa:	0019      	movs	r1, r3
100009fc:	4b48      	ldr	r3, [pc, #288]	; (10000b20 <irq_add_shared_handler+0x1c4>)
100009fe:	9a01      	ldr	r2, [sp, #4]
10000a00:	689b      	ldr	r3, [r3, #8]
10000a02:	5099      	str	r1, [r3, r2]
10000a04:	f3bf 8f5f 	dmb	sy
10000a08:	f3bf 8f5f 	dmb	sy
10000a0c:	2200      	movs	r2, #0
10000a0e:	4b41      	ldr	r3, [pc, #260]	; (10000b14 <irq_add_shared_handler+0x1b8>)
10000a10:	601a      	str	r2, [r3, #0]
10000a12:	f38b 8810 	msr	PRIMASK, fp
10000a16:	b005      	add	sp, #20
10000a18:	bcf0      	pop	{r4, r5, r6, r7}
10000a1a:	46bb      	mov	fp, r7
10000a1c:	46b2      	mov	sl, r6
10000a1e:	46a9      	mov	r9, r5
10000a20:	46a0      	mov	r8, r4
10000a22:	bdf0      	pop	{r4, r5, r6, r7, pc}
10000a24:	2001      	movs	r0, #1
10000a26:	000a      	movs	r2, r1
10000a28:	4382      	bics	r2, r0
10000a2a:	79d3      	ldrb	r3, [r2, #7]
10000a2c:	42bb      	cmp	r3, r7
10000a2e:	d82f      	bhi.n	10000a90 <irq_add_shared_handler+0x134>
10000a30:	4645      	mov	r5, r8
10000a32:	464e      	mov	r6, r9
10000a34:	0013      	movs	r3, r2
10000a36:	4940      	ldr	r1, [pc, #256]	; (10000b38 <irq_add_shared_handler+0x1dc>)
10000a38:	1b1b      	subs	r3, r3, r4
10000a3a:	415b      	adcs	r3, r3
10000a3c:	4359      	muls	r1, r3
10000a3e:	0d09      	lsrs	r1, r1, #20
10000a40:	4b3a      	ldr	r3, [pc, #232]	; (10000b2c <irq_add_shared_handler+0x1d0>)
10000a42:	5363      	strh	r3, [r4, r5]
10000a44:	4b3a      	ldr	r3, [pc, #232]	; (10000b30 <irq_add_shared_handler+0x1d4>)
10000a46:	3502      	adds	r5, #2
10000a48:	1965      	adds	r5, r4, r5
10000a4a:	3b04      	subs	r3, #4
10000a4c:	1b5b      	subs	r3, r3, r5
10000a4e:	051b      	lsls	r3, r3, #20
10000a50:	4d35      	ldr	r5, [pc, #212]	; (10000b28 <irq_add_shared_handler+0x1cc>)
10000a52:	0d5b      	lsrs	r3, r3, #21
10000a54:	432b      	orrs	r3, r5
10000a56:	8073      	strh	r3, [r6, #2]
10000a58:	2604      	movs	r6, #4
10000a5a:	46b4      	mov	ip, r6
10000a5c:	44e0      	add	r8, ip
10000a5e:	4444      	add	r4, r8
10000a60:	1f13      	subs	r3, r2, #4
10000a62:	1b1b      	subs	r3, r3, r4
10000a64:	464c      	mov	r4, r9
10000a66:	71a1      	strb	r1, [r4, #6]
10000a68:	9902      	ldr	r1, [sp, #8]
10000a6a:	051b      	lsls	r3, r3, #20
10000a6c:	60a1      	str	r1, [r4, #8]
10000a6e:	4649      	mov	r1, r9
10000a70:	0d5b      	lsrs	r3, r3, #21
10000a72:	432b      	orrs	r3, r5
10000a74:	80a3      	strh	r3, [r4, #4]
10000a76:	4b31      	ldr	r3, [pc, #196]	; (10000b3c <irq_add_shared_handler+0x1e0>)
10000a78:	71e7      	strb	r7, [r4, #7]
10000a7a:	4301      	orrs	r1, r0
10000a7c:	6013      	str	r3, [r2, #0]
10000a7e:	e7bd      	b.n	100009fc <irq_add_shared_handler+0xa0>
10000a80:	0058      	lsls	r0, r3, #1
10000a82:	18c0      	adds	r0, r0, r3
10000a84:	0080      	lsls	r0, r0, #2
10000a86:	1820      	adds	r0, r4, r0
10000a88:	79c6      	ldrb	r6, [r0, #7]
10000a8a:	42be      	cmp	r6, r7
10000a8c:	d92b      	bls.n	10000ae6 <irq_add_shared_handler+0x18a>
10000a8e:	0002      	movs	r2, r0
10000a90:	2306      	movs	r3, #6
10000a92:	56d3      	ldrsb	r3, [r2, r3]
10000a94:	2b00      	cmp	r3, #0
10000a96:	daf3      	bge.n	10000a80 <irq_add_shared_handler+0x124>
10000a98:	1d10      	adds	r0, r2, #4
10000a9a:	4682      	mov	sl, r0
10000a9c:	4828      	ldr	r0, [pc, #160]	; (10000b40 <irq_add_shared_handler+0x1e4>)
10000a9e:	4680      	mov	r8, r0
10000aa0:	2604      	movs	r6, #4
10000aa2:	4276      	negs	r6, r6
10000aa4:	46b4      	mov	ip, r6
10000aa6:	44e1      	add	r9, ip
10000aa8:	4650      	mov	r0, sl
10000aaa:	464e      	mov	r6, r9
10000aac:	1a36      	subs	r6, r6, r0
10000aae:	0530      	lsls	r0, r6, #20
10000ab0:	0d40      	lsrs	r0, r0, #21
10000ab2:	4682      	mov	sl, r0
10000ab4:	4656      	mov	r6, sl
10000ab6:	481c      	ldr	r0, [pc, #112]	; (10000b28 <irq_add_shared_handler+0x1cc>)
10000ab8:	7195      	strb	r5, [r2, #6]
10000aba:	4306      	orrs	r6, r0
10000abc:	8096      	strh	r6, [r2, #4]
10000abe:	9a03      	ldr	r2, [sp, #12]
10000ac0:	4694      	mov	ip, r2
10000ac2:	4465      	add	r5, ip
10000ac4:	4a1d      	ldr	r2, [pc, #116]	; (10000b3c <irq_add_shared_handler+0x1e0>)
10000ac6:	00ad      	lsls	r5, r5, #2
10000ac8:	1964      	adds	r4, r4, r5
10000aca:	6022      	str	r2, [r4, #0]
10000acc:	4642      	mov	r2, r8
10000ace:	71a3      	strb	r3, [r4, #6]
10000ad0:	9b02      	ldr	r3, [sp, #8]
10000ad2:	80a2      	strh	r2, [r4, #4]
10000ad4:	71e7      	strb	r7, [r4, #7]
10000ad6:	60a3      	str	r3, [r4, #8]
10000ad8:	e790      	b.n	100009fc <irq_add_shared_handler+0xa0>
10000ada:	f001 f92d 	bl	10001d38 <hard_assertion_failure>
10000ade:	2500      	movs	r5, #0
10000ae0:	4653      	mov	r3, sl
10000ae2:	575d      	ldrsb	r5, [r3, r5]
10000ae4:	e754      	b.n	10000990 <irq_add_shared_handler+0x34>
10000ae6:	1d10      	adds	r0, r2, #4
10000ae8:	4682      	mov	sl, r0
10000aea:	8890      	ldrh	r0, [r2, #4]
10000aec:	0540      	lsls	r0, r0, #21
10000aee:	1500      	asrs	r0, r0, #20
10000af0:	4684      	mov	ip, r0
10000af2:	4640      	mov	r0, r8
10000af4:	44d4      	add	ip, sl
10000af6:	4666      	mov	r6, ip
10000af8:	3004      	adds	r0, #4
10000afa:	1820      	adds	r0, r4, r0
10000afc:	1a30      	subs	r0, r6, r0
10000afe:	26e0      	movs	r6, #224	; 0xe0
10000b00:	0500      	lsls	r0, r0, #20
10000b02:	0d40      	lsrs	r0, r0, #21
10000b04:	0236      	lsls	r6, r6, #8
10000b06:	4330      	orrs	r0, r6
10000b08:	4680      	mov	r8, r0
10000b0a:	e7c9      	b.n	10000aa0 <irq_add_shared_handler+0x144>
10000b0c:	f001 f914 	bl	10001d38 <hard_assertion_failure>
10000b10:	e757      	b.n	100009c2 <irq_add_shared_handler+0x66>
10000b12:	46c0      	nop			; (mov r8, r8)
10000b14:	d0000124 	.word	0xd0000124
10000b18:	20002011 	.word	0x20002011
10000b1c:	20001024 	.word	0x20001024
10000b20:	e000ed00 	.word	0xe000ed00
10000b24:	100001c1 	.word	0x100001c1
10000b28:	ffffe000 	.word	0xffffe000
10000b2c:	ffffa100 	.word	0xffffa100
10000b30:	20001054 	.word	0x20001054
10000b34:	ffffbd01 	.word	0xffffbd01
10000b38:	0000aaaa 	.word	0x0000aaaa
10000b3c:	47804801 	.word	0x47804801
10000b40:	0000bd01 	.word	0x0000bd01

10000b44 <irq_remove_handler>:
10000b44:	b5f0      	push	{r4, r5, r6, r7, lr}
10000b46:	46de      	mov	lr, fp
10000b48:	4657      	mov	r7, sl
10000b4a:	464e      	mov	r6, r9
10000b4c:	4645      	mov	r5, r8
10000b4e:	b5e0      	push	{r5, r6, r7, lr}
10000b50:	000c      	movs	r4, r1
10000b52:	b083      	sub	sp, #12
10000b54:	f3ef 8910 	mrs	r9, PRIMASK
10000b58:	b672      	cpsid	i
10000b5a:	4a5f      	ldr	r2, [pc, #380]	; (10000cd8 <irq_remove_handler+0x194>)
10000b5c:	6813      	ldr	r3, [r2, #0]
10000b5e:	2b00      	cmp	r3, #0
10000b60:	d0fc      	beq.n	10000b5c <irq_remove_handler+0x18>
10000b62:	f3bf 8f5f 	dmb	sy
10000b66:	4b5d      	ldr	r3, [pc, #372]	; (10000cdc <irq_remove_handler+0x198>)
10000b68:	689a      	ldr	r2, [r3, #8]
10000b6a:	0003      	movs	r3, r0
10000b6c:	3310      	adds	r3, #16
10000b6e:	009f      	lsls	r7, r3, #2
10000b70:	59d5      	ldr	r5, [r2, r7]
10000b72:	4a5b      	ldr	r2, [pc, #364]	; (10000ce0 <irq_remove_handler+0x19c>)
10000b74:	4690      	mov	r8, r2
10000b76:	4295      	cmp	r5, r2
10000b78:	d03d      	beq.n	10000bf6 <irq_remove_handler+0xb2>
10000b7a:	42a5      	cmp	r5, r4
10000b7c:	d04e      	beq.n	10000c1c <irq_remove_handler+0xd8>
10000b7e:	4e59      	ldr	r6, [pc, #356]	; (10000ce4 <irq_remove_handler+0x1a0>)
10000b80:	1baa      	subs	r2, r5, r6
10000b82:	2a2f      	cmp	r2, #47	; 0x2f
10000b84:	d837      	bhi.n	10000bf6 <irq_remove_handler+0xb2>
10000b86:	4a58      	ldr	r2, [pc, #352]	; (10000ce8 <irq_remove_handler+0x1a4>)
10000b88:	4693      	mov	fp, r2
10000b8a:	6812      	ldr	r2, [r2, #0]
10000b8c:	4694      	mov	ip, r2
10000b8e:	2201      	movs	r2, #1
10000b90:	4661      	mov	r1, ip
10000b92:	4692      	mov	sl, r2
10000b94:	4082      	lsls	r2, r0
10000b96:	4011      	ands	r1, r2
10000b98:	221f      	movs	r2, #31
10000b9a:	4010      	ands	r0, r2
10000b9c:	4652      	mov	r2, sl
10000b9e:	4082      	lsls	r2, r0
10000ba0:	4692      	mov	sl, r2
10000ba2:	9101      	str	r1, [sp, #4]
10000ba4:	2280      	movs	r2, #128	; 0x80
10000ba6:	4651      	mov	r1, sl
10000ba8:	4658      	mov	r0, fp
10000baa:	5081      	str	r1, [r0, r2]
10000bac:	f3bf 8f5f 	dmb	sy
10000bb0:	f3ef 8205 	mrs	r2, IPSR
10000bb4:	4693      	mov	fp, r2
10000bb6:	2a00      	cmp	r2, #0
10000bb8:	d132      	bne.n	10000c20 <irq_remove_handler+0xdc>
10000bba:	2301      	movs	r3, #1
10000bbc:	002a      	movs	r2, r5
10000bbe:	439a      	bics	r2, r3
10000bc0:	6890      	ldr	r0, [r2, #8]
10000bc2:	4284      	cmp	r4, r0
10000bc4:	d108      	bne.n	10000bd8 <irq_remove_handler+0x94>
10000bc6:	e07c      	b.n	10000cc2 <irq_remove_handler+0x17e>
10000bc8:	004b      	lsls	r3, r1, #1
10000bca:	185b      	adds	r3, r3, r1
10000bcc:	009b      	lsls	r3, r3, #2
10000bce:	18f3      	adds	r3, r6, r3
10000bd0:	6898      	ldr	r0, [r3, #8]
10000bd2:	4284      	cmp	r4, r0
10000bd4:	d02e      	beq.n	10000c34 <irq_remove_handler+0xf0>
10000bd6:	001a      	movs	r2, r3
10000bd8:	2106      	movs	r1, #6
10000bda:	5651      	ldrsb	r1, [r2, r1]
10000bdc:	2900      	cmp	r1, #0
10000bde:	daf3      	bge.n	10000bc8 <irq_remove_handler+0x84>
10000be0:	4284      	cmp	r4, r0
10000be2:	d04d      	beq.n	10000c80 <irq_remove_handler+0x13c>
10000be4:	9b01      	ldr	r3, [sp, #4]
10000be6:	2b00      	cmp	r3, #0
10000be8:	d01f      	beq.n	10000c2a <irq_remove_handler+0xe6>
10000bea:	22c0      	movs	r2, #192	; 0xc0
10000bec:	4651      	mov	r1, sl
10000bee:	4b3e      	ldr	r3, [pc, #248]	; (10000ce8 <irq_remove_handler+0x1a4>)
10000bf0:	0052      	lsls	r2, r2, #1
10000bf2:	5099      	str	r1, [r3, r2]
10000bf4:	6019      	str	r1, [r3, #0]
10000bf6:	4b39      	ldr	r3, [pc, #228]	; (10000cdc <irq_remove_handler+0x198>)
10000bf8:	689b      	ldr	r3, [r3, #8]
10000bfa:	51dd      	str	r5, [r3, r7]
10000bfc:	f3bf 8f5f 	dmb	sy
10000c00:	f3bf 8f5f 	dmb	sy
10000c04:	2200      	movs	r2, #0
10000c06:	4b34      	ldr	r3, [pc, #208]	; (10000cd8 <irq_remove_handler+0x194>)
10000c08:	601a      	str	r2, [r3, #0]
10000c0a:	f389 8810 	msr	PRIMASK, r9
10000c0e:	b003      	add	sp, #12
10000c10:	bcf0      	pop	{r4, r5, r6, r7}
10000c12:	46bb      	mov	fp, r7
10000c14:	46b2      	mov	sl, r6
10000c16:	46a9      	mov	r9, r5
10000c18:	46a0      	mov	r8, r4
10000c1a:	bdf0      	pop	{r4, r5, r6, r7, pc}
10000c1c:	0015      	movs	r5, r2
10000c1e:	e7ea      	b.n	10000bf6 <irq_remove_handler+0xb2>
10000c20:	4293      	cmp	r3, r2
10000c22:	d0ca      	beq.n	10000bba <irq_remove_handler+0x76>
10000c24:	f001 f888 	bl	10001d38 <hard_assertion_failure>
10000c28:	e7c7      	b.n	10000bba <irq_remove_handler+0x76>
10000c2a:	2380      	movs	r3, #128	; 0x80
10000c2c:	4651      	mov	r1, sl
10000c2e:	4a2e      	ldr	r2, [pc, #184]	; (10000ce8 <irq_remove_handler+0x1a4>)
10000c30:	50d1      	str	r1, [r2, r3]
10000c32:	e7e0      	b.n	10000bf6 <irq_remove_handler+0xb2>
10000c34:	2106      	movs	r1, #6
10000c36:	5659      	ldrsb	r1, [r3, r1]
10000c38:	2900      	cmp	r1, #0
10000c3a:	db22      	blt.n	10000c82 <irq_remove_handler+0x13e>
10000c3c:	004a      	lsls	r2, r1, #1
10000c3e:	1850      	adds	r0, r2, r1
10000c40:	0080      	lsls	r0, r0, #2
10000c42:	1834      	adds	r4, r6, r0
10000c44:	4680      	mov	r8, r0
10000c46:	68a0      	ldr	r0, [r4, #8]
10000c48:	6098      	str	r0, [r3, #8]
10000c4a:	79e0      	ldrb	r0, [r4, #7]
10000c4c:	71d8      	strb	r0, [r3, #7]
10000c4e:	2006      	movs	r0, #6
10000c50:	5620      	ldrsb	r0, [r4, r0]
10000c52:	7198      	strb	r0, [r3, #6]
10000c54:	2800      	cmp	r0, #0
10000c56:	db25      	blt.n	10000ca4 <irq_remove_handler+0x160>
10000c58:	88a4      	ldrh	r4, [r4, #4]
10000c5a:	1af0      	subs	r0, r6, r3
10000c5c:	0564      	lsls	r4, r4, #21
10000c5e:	1524      	asrs	r4, r4, #20
10000c60:	4444      	add	r4, r8
10000c62:	1900      	adds	r0, r0, r4
10000c64:	24e0      	movs	r4, #224	; 0xe0
10000c66:	0500      	lsls	r0, r0, #20
10000c68:	0d40      	lsrs	r0, r0, #21
10000c6a:	0224      	lsls	r4, r4, #8
10000c6c:	4320      	orrs	r0, r4
10000c6e:	8098      	strh	r0, [r3, #4]
10000c70:	1852      	adds	r2, r2, r1
10000c72:	4b1e      	ldr	r3, [pc, #120]	; (10000cec <irq_remove_handler+0x1a8>)
10000c74:	0092      	lsls	r2, r2, #2
10000c76:	18b6      	adds	r6, r6, r2
10000c78:	781a      	ldrb	r2, [r3, #0]
10000c7a:	7019      	strb	r1, [r3, #0]
10000c7c:	71b2      	strb	r2, [r6, #6]
10000c7e:	e7b1      	b.n	10000be4 <irq_remove_handler+0xa0>
10000c80:	0013      	movs	r3, r2
10000c82:	4659      	mov	r1, fp
10000c84:	2900      	cmp	r1, #0
10000c86:	d10f      	bne.n	10000ca8 <irq_remove_handler+0x164>
10000c88:	31ff      	adds	r1, #255	; 0xff
10000c8a:	7191      	strb	r1, [r2, #6]
10000c8c:	4918      	ldr	r1, [pc, #96]	; (10000cf0 <irq_remove_handler+0x1ac>)
10000c8e:	8091      	strh	r1, [r2, #4]
10000c90:	4916      	ldr	r1, [pc, #88]	; (10000cec <irq_remove_handler+0x1a8>)
10000c92:	780a      	ldrb	r2, [r1, #0]
10000c94:	719a      	strb	r2, [r3, #6]
10000c96:	4a17      	ldr	r2, [pc, #92]	; (10000cf4 <irq_remove_handler+0x1b0>)
10000c98:	1b9b      	subs	r3, r3, r6
10000c9a:	415b      	adcs	r3, r3
10000c9c:	435a      	muls	r2, r3
10000c9e:	0d12      	lsrs	r2, r2, #20
10000ca0:	700a      	strb	r2, [r1, #0]
10000ca2:	e79f      	b.n	10000be4 <irq_remove_handler+0xa0>
10000ca4:	4814      	ldr	r0, [pc, #80]	; (10000cf8 <irq_remove_handler+0x1b4>)
10000ca6:	e7e2      	b.n	10000c6e <irq_remove_handler+0x12a>
10000ca8:	4a14      	ldr	r2, [pc, #80]	; (10000cfc <irq_remove_handler+0x1b8>)
10000caa:	4915      	ldr	r1, [pc, #84]	; (10000d00 <irq_remove_handler+0x1bc>)
10000cac:	1ad2      	subs	r2, r2, r3
10000cae:	3a08      	subs	r2, #8
10000cb0:	0250      	lsls	r0, r2, #9
10000cb2:	0d40      	lsrs	r0, r0, #21
10000cb4:	4301      	orrs	r1, r0
10000cb6:	8099      	strh	r1, [r3, #4]
10000cb8:	4912      	ldr	r1, [pc, #72]	; (10000d04 <irq_remove_handler+0x1c0>)
10000cba:	0852      	lsrs	r2, r2, #1
10000cbc:	430a      	orrs	r2, r1
10000cbe:	80da      	strh	r2, [r3, #6]
10000cc0:	e790      	b.n	10000be4 <irq_remove_handler+0xa0>
10000cc2:	2106      	movs	r1, #6
10000cc4:	5651      	ldrsb	r1, [r2, r1]
10000cc6:	0013      	movs	r3, r2
10000cc8:	2900      	cmp	r1, #0
10000cca:	dab7      	bge.n	10000c3c <irq_remove_handler+0xf8>
10000ccc:	465a      	mov	r2, fp
10000cce:	2a00      	cmp	r2, #0
10000cd0:	d1ea      	bne.n	10000ca8 <irq_remove_handler+0x164>
10000cd2:	4645      	mov	r5, r8
10000cd4:	e7dc      	b.n	10000c90 <irq_remove_handler+0x14c>
10000cd6:	46c0      	nop			; (mov r8, r8)
10000cd8:	d0000124 	.word	0xd0000124
10000cdc:	e000ed00 	.word	0xe000ed00
10000ce0:	100001c1 	.word	0x100001c1
10000ce4:	20001024 	.word	0x20001024
10000ce8:	e000e100 	.word	0xe000e100
10000cec:	20002011 	.word	0x20002011
10000cf0:	ffffbd01 	.word	0xffffbd01
10000cf4:	0000aaaa 	.word	0x0000aaaa
10000cf8:	0000bd01 	.word	0x0000bd01
10000cfc:	2000105e 	.word	0x2000105e
10000d00:	fffff000 	.word	0xfffff000
10000d04:	fffff800 	.word	0xfffff800

10000d08 <irq_add_tail_to_free_list>:
10000d08:	b570      	push	{r4, r5, r6, lr}
10000d0a:	2401      	movs	r4, #1
10000d0c:	4304      	orrs	r4, r0
10000d0e:	f3ef 8105 	mrs	r1, IPSR
10000d12:	f3ef 8c10 	mrs	ip, PRIMASK
10000d16:	b672      	cpsid	i
10000d18:	4a21      	ldr	r2, [pc, #132]	; (10000da0 <irq_add_tail_to_free_list+0x98>)
10000d1a:	6813      	ldr	r3, [r2, #0]
10000d1c:	2b00      	cmp	r3, #0
10000d1e:	d0fc      	beq.n	10000d1a <irq_add_tail_to_free_list+0x12>
10000d20:	f3bf 8f5f 	dmb	sy
10000d24:	4b1f      	ldr	r3, [pc, #124]	; (10000da4 <irq_add_tail_to_free_list+0x9c>)
10000d26:	0005      	movs	r5, r0
10000d28:	4a1f      	ldr	r2, [pc, #124]	; (10000da8 <irq_add_tail_to_free_list+0xa0>)
10000d2a:	1aed      	subs	r5, r5, r3
10000d2c:	416d      	adcs	r5, r5
10000d2e:	436a      	muls	r2, r5
10000d30:	0d12      	lsrs	r2, r2, #20
10000d32:	4d1e      	ldr	r5, [pc, #120]	; (10000dac <irq_add_tail_to_free_list+0xa4>)
10000d34:	0089      	lsls	r1, r1, #2
10000d36:	68ae      	ldr	r6, [r5, #8]
10000d38:	b252      	sxtb	r2, r2
10000d3a:	5876      	ldr	r6, [r6, r1]
10000d3c:	42a6      	cmp	r6, r4
10000d3e:	d01c      	beq.n	10000d7a <irq_add_tail_to_free_list+0x72>
10000d40:	2106      	movs	r1, #6
10000d42:	5659      	ldrsb	r1, [r3, r1]
10000d44:	4291      	cmp	r1, r2
10000d46:	d01c      	beq.n	10000d82 <irq_add_tail_to_free_list+0x7a>
10000d48:	2112      	movs	r1, #18
10000d4a:	5659      	ldrsb	r1, [r3, r1]
10000d4c:	4291      	cmp	r1, r2
10000d4e:	d022      	beq.n	10000d96 <irq_add_tail_to_free_list+0x8e>
10000d50:	211e      	movs	r1, #30
10000d52:	5659      	ldrsb	r1, [r3, r1]
10000d54:	4291      	cmp	r1, r2
10000d56:	d020      	beq.n	10000d9a <irq_add_tail_to_free_list+0x92>
10000d58:	212a      	movs	r1, #42	; 0x2a
10000d5a:	5659      	ldrsb	r1, [r3, r1]
10000d5c:	2403      	movs	r4, #3
10000d5e:	4291      	cmp	r1, r2
10000d60:	d010      	beq.n	10000d84 <irq_add_tail_to_free_list+0x7c>
10000d62:	4b13      	ldr	r3, [pc, #76]	; (10000db0 <irq_add_tail_to_free_list+0xa8>)
10000d64:	7819      	ldrb	r1, [r3, #0]
10000d66:	701a      	strb	r2, [r3, #0]
10000d68:	7181      	strb	r1, [r0, #6]
10000d6a:	f3bf 8f5f 	dmb	sy
10000d6e:	2200      	movs	r2, #0
10000d70:	4b0b      	ldr	r3, [pc, #44]	; (10000da0 <irq_add_tail_to_free_list+0x98>)
10000d72:	601a      	str	r2, [r3, #0]
10000d74:	f38c 8810 	msr	PRIMASK, ip
10000d78:	bd70      	pop	{r4, r5, r6, pc}
10000d7a:	68ab      	ldr	r3, [r5, #8]
10000d7c:	4c0d      	ldr	r4, [pc, #52]	; (10000db4 <irq_add_tail_to_free_list+0xac>)
10000d7e:	505c      	str	r4, [r3, r1]
10000d80:	e7ef      	b.n	10000d62 <irq_add_tail_to_free_list+0x5a>
10000d82:	2400      	movs	r4, #0
10000d84:	0061      	lsls	r1, r4, #1
10000d86:	1909      	adds	r1, r1, r4
10000d88:	0089      	lsls	r1, r1, #2
10000d8a:	185b      	adds	r3, r3, r1
10000d8c:	21ff      	movs	r1, #255	; 0xff
10000d8e:	7199      	strb	r1, [r3, #6]
10000d90:	4909      	ldr	r1, [pc, #36]	; (10000db8 <irq_add_tail_to_free_list+0xb0>)
10000d92:	8099      	strh	r1, [r3, #4]
10000d94:	e7e5      	b.n	10000d62 <irq_add_tail_to_free_list+0x5a>
10000d96:	2401      	movs	r4, #1
10000d98:	e7f4      	b.n	10000d84 <irq_add_tail_to_free_list+0x7c>
10000d9a:	2402      	movs	r4, #2
10000d9c:	e7f2      	b.n	10000d84 <irq_add_tail_to_free_list+0x7c>
10000d9e:	46c0      	nop			; (mov r8, r8)
10000da0:	d0000124 	.word	0xd0000124
10000da4:	20001024 	.word	0x20001024
10000da8:	0000aaaa 	.word	0x0000aaaa
10000dac:	e000ed00 	.word	0xe000ed00
10000db0:	20002011 	.word	0x20002011
10000db4:	100001c1 	.word	0x100001c1
10000db8:	ffffbd01 	.word	0xffffbd01

10000dbc <user_irq_claim_unused>:
10000dbc:	b500      	push	{lr}
10000dbe:	4b07      	ldr	r3, [pc, #28]	; (10000ddc <user_irq_claim_unused+0x20>)
10000dc0:	b083      	sub	sp, #12
10000dc2:	0001      	movs	r1, r0
10000dc4:	9300      	str	r3, [sp, #0]
10000dc6:	2200      	movs	r2, #0
10000dc8:	2305      	movs	r3, #5
10000dca:	4805      	ldr	r0, [pc, #20]	; (10000de0 <user_irq_claim_unused+0x24>)
10000dcc:	f7ff fcda 	bl	10000784 <hw_claim_unused_from_range>
10000dd0:	2800      	cmp	r0, #0
10000dd2:	db01      	blt.n	10000dd8 <user_irq_claim_unused+0x1c>
10000dd4:	231f      	movs	r3, #31
10000dd6:	1a18      	subs	r0, r3, r0
10000dd8:	b003      	add	sp, #12
10000dda:	bd00      	pop	{pc}
10000ddc:	1000502c 	.word	0x1000502c
10000de0:	20002015 	.word	0x20002015

10000de4 <lock_init>:
10000de4:	4b02      	ldr	r3, [pc, #8]	; (10000df0 <lock_init+0xc>)
10000de6:	469c      	mov	ip, r3
10000de8:	4461      	add	r1, ip
10000dea:	0089      	lsls	r1, r1, #2
10000dec:	6001      	str	r1, [r0, #0]
10000dee:	4770      	bx	lr
10000df0:	34000040 	.word	0x34000040

10000df4 <runtime_init_mutex>:
10000df4:	b5f8      	push	{r3, r4, r5, r6, r7, lr}
10000df6:	4d13      	ldr	r5, [pc, #76]	; (10000e44 <runtime_init_mutex+0x50>)
10000df8:	4e13      	ldr	r6, [pc, #76]	; (10000e48 <runtime_init_mutex+0x54>)
10000dfa:	002c      	movs	r4, r5
10000dfc:	27ff      	movs	r7, #255	; 0xff
10000dfe:	42b5      	cmp	r5, r6
10000e00:	d21e      	bcs.n	10000e40 <runtime_init_mutex+0x4c>
10000e02:	6823      	ldr	r3, [r4, #0]
10000e04:	2b00      	cmp	r3, #0
10000e06:	d00f      	beq.n	10000e28 <runtime_init_mutex+0x34>
10000e08:	f7ff fd0a 	bl	10000820 <next_striped_spin_lock_num>
10000e0c:	0001      	movs	r1, r0
10000e0e:	0028      	movs	r0, r5
10000e10:	f7ff ffe8 	bl	10000de4 <lock_init>
10000e14:	80a7      	strh	r7, [r4, #4]
10000e16:	f3bf 8f5f 	dmb	sy
10000e1a:	3408      	adds	r4, #8
10000e1c:	42b4      	cmp	r4, r6
10000e1e:	d20f      	bcs.n	10000e40 <runtime_init_mutex+0x4c>
10000e20:	6823      	ldr	r3, [r4, #0]
10000e22:	0025      	movs	r5, r4
10000e24:	2b00      	cmp	r3, #0
10000e26:	d1ef      	bne.n	10000e08 <runtime_init_mutex+0x14>
10000e28:	f7ff fcfa 	bl	10000820 <next_striped_spin_lock_num>
10000e2c:	0001      	movs	r1, r0
10000e2e:	0028      	movs	r0, r5
10000e30:	f7ff ffd8 	bl	10000de4 <lock_init>
10000e34:	7127      	strb	r7, [r4, #4]
10000e36:	f3bf 8f5f 	dmb	sy
10000e3a:	3408      	adds	r4, #8
10000e3c:	42b4      	cmp	r4, r6
10000e3e:	d3ef      	bcc.n	10000e20 <runtime_init_mutex+0x2c>
10000e40:	bdf8      	pop	{r3, r4, r5, r6, r7, pc}
10000e42:	46c0      	nop			; (mov r8, r8)
10000e44:	20001100 	.word	0x20001100
10000e48:	20001108 	.word	0x20001108

10000e4c <mutex_init>:
10000e4c:	b510      	push	{r4, lr}
10000e4e:	0004      	movs	r4, r0
10000e50:	f7ff fce6 	bl	10000820 <next_striped_spin_lock_num>
10000e54:	0001      	movs	r1, r0
10000e56:	0020      	movs	r0, r4
10000e58:	f7ff ffc4 	bl	10000de4 <lock_init>
10000e5c:	23ff      	movs	r3, #255	; 0xff
10000e5e:	7123      	strb	r3, [r4, #4]
10000e60:	f3bf 8f5f 	dmb	sy
10000e64:	bd10      	pop	{r4, pc}
10000e66:	46c0      	nop			; (mov r8, r8)

10000e68 <critical_section_init>:
10000e68:	b510      	push	{r4, lr}
10000e6a:	0004      	movs	r4, r0
10000e6c:	2001      	movs	r0, #1
10000e6e:	f7ff fce3 	bl	10000838 <spin_lock_claim_unused>
10000e72:	4b04      	ldr	r3, [pc, #16]	; (10000e84 <critical_section_init+0x1c>)
10000e74:	469c      	mov	ip, r3
10000e76:	4460      	add	r0, ip
10000e78:	0080      	lsls	r0, r0, #2
10000e7a:	6020      	str	r0, [r4, #0]
10000e7c:	f3bf 8f5f 	dmb	sy
10000e80:	bd10      	pop	{r4, pc}
10000e82:	46c0      	nop			; (mov r8, r8)
10000e84:	34000040 	.word	0x34000040

10000e88 <critical_section_init_with_lock_num>:
10000e88:	4b03      	ldr	r3, [pc, #12]	; (10000e98 <critical_section_init_with_lock_num+0x10>)
10000e8a:	469c      	mov	ip, r3
10000e8c:	4461      	add	r1, ip
10000e8e:	0089      	lsls	r1, r1, #2
10000e90:	6001      	str	r1, [r0, #0]
10000e92:	f3bf 8f5f 	dmb	sy
10000e96:	4770      	bx	lr
10000e98:	34000040 	.word	0x34000040

10000e9c <sleep_until_callback>:
10000e9c:	4b0a      	ldr	r3, [pc, #40]	; (10000ec8 <sleep_until_callback+0x2c>)
10000e9e:	6819      	ldr	r1, [r3, #0]
10000ea0:	f3ef 8010 	mrs	r0, PRIMASK
10000ea4:	b672      	cpsid	i
10000ea6:	680a      	ldr	r2, [r1, #0]
10000ea8:	2a00      	cmp	r2, #0
10000eaa:	d0fc      	beq.n	10000ea6 <sleep_until_callback+0xa>
10000eac:	f3bf 8f5f 	dmb	sy
10000eb0:	681b      	ldr	r3, [r3, #0]
10000eb2:	f3bf 8f5f 	dmb	sy
10000eb6:	2200      	movs	r2, #0
10000eb8:	601a      	str	r2, [r3, #0]
10000eba:	f380 8810 	msr	PRIMASK, r0
10000ebe:	bf40      	sev
10000ec0:	2000      	movs	r0, #0
10000ec2:	2100      	movs	r1, #0
10000ec4:	4770      	bx	lr
10000ec6:	46c0      	nop			; (mov r8, r8)
10000ec8:	20001fe8 	.word	0x20001fe8

10000ecc <alarm_pool_irq_handler>:
10000ecc:	b5f0      	push	{r4, r5, r6, r7, lr}
10000ece:	46de      	mov	lr, fp
10000ed0:	4657      	mov	r7, sl
10000ed2:	464e      	mov	r6, r9
10000ed4:	4645      	mov	r5, r8
10000ed6:	b5e0      	push	{r5, r6, r7, lr}
10000ed8:	b085      	sub	sp, #20
10000eda:	f3ef 8205 	mrs	r2, IPSR
10000ede:	2303      	movs	r3, #3
10000ee0:	4013      	ands	r3, r2
10000ee2:	009a      	lsls	r2, r3, #2
10000ee4:	0011      	movs	r1, r2
10000ee6:	9203      	str	r2, [sp, #12]
10000ee8:	4ab6      	ldr	r2, [pc, #728]	; (100011c4 <alarm_pool_irq_handler+0x2f8>)
10000eea:	5852      	ldr	r2, [r2, r1]
10000eec:	4690      	mov	r8, r2
10000eee:	2201      	movs	r2, #1
10000ef0:	409a      	lsls	r2, r3
10000ef2:	4691      	mov	r9, r2
10000ef4:	4bb4      	ldr	r3, [pc, #720]	; (100011c8 <alarm_pool_irq_handler+0x2fc>)
10000ef6:	601a      	str	r2, [r3, #0]
10000ef8:	464b      	mov	r3, r9
10000efa:	48b4      	ldr	r0, [pc, #720]	; (100011cc <alarm_pool_irq_handler+0x300>)
10000efc:	6343      	str	r3, [r0, #52]	; 0x34
10000efe:	4643      	mov	r3, r8
10000f00:	2208      	movs	r2, #8
10000f02:	5e9b      	ldrsh	r3, [r3, r2]
10000f04:	469a      	mov	sl, r3
10000f06:	2b00      	cmp	r3, #0
10000f08:	da3d      	bge.n	10000f86 <alarm_pool_irq_handler+0xba>
10000f0a:	4643      	mov	r3, r8
10000f0c:	889b      	ldrh	r3, [r3, #4]
10000f0e:	b21b      	sxth	r3, r3
10000f10:	2b00      	cmp	r3, #0
10000f12:	db00      	blt.n	10000f16 <alarm_pool_irq_handler+0x4a>
10000f14:	e0a1      	b.n	1000105a <alarm_pool_irq_handler+0x18e>
10000f16:	4643      	mov	r3, r8
10000f18:	799b      	ldrb	r3, [r3, #6]
10000f1a:	2b00      	cmp	r3, #0
10000f1c:	d000      	beq.n	10000f20 <alarm_pool_irq_handler+0x54>
10000f1e:	e0f3      	b.n	10001108 <alarm_pool_irq_handler+0x23c>
10000f20:	4643      	mov	r3, r8
10000f22:	2408      	movs	r4, #8
10000f24:	5f1c      	ldrsh	r4, [r3, r4]
10000f26:	2c00      	cmp	r4, #0
10000f28:	db23      	blt.n	10000f72 <alarm_pool_irq_handler+0xa6>
10000f2a:	4642      	mov	r2, r8
10000f2c:	6952      	ldr	r2, [r2, #20]
10000f2e:	0063      	lsls	r3, r4, #1
10000f30:	4694      	mov	ip, r2
10000f32:	191b      	adds	r3, r3, r4
10000f34:	00db      	lsls	r3, r3, #3
10000f36:	4463      	add	r3, ip
10000f38:	689c      	ldr	r4, [r3, #8]
10000f3a:	68dd      	ldr	r5, [r3, #12]
10000f3c:	1c63      	adds	r3, r4, #1
10000f3e:	d100      	bne.n	10000f42 <alarm_pool_irq_handler+0x76>
10000f40:	e10f      	b.n	10001162 <alarm_pool_irq_handler+0x296>
10000f42:	48a2      	ldr	r0, [pc, #648]	; (100011cc <alarm_pool_irq_handler+0x300>)
10000f44:	9903      	ldr	r1, [sp, #12]
10000f46:	4684      	mov	ip, r0
10000f48:	4461      	add	r1, ip
10000f4a:	6a82      	ldr	r2, [r0, #40]	; 0x28
10000f4c:	690b      	ldr	r3, [r1, #16]
10000f4e:	1aa6      	subs	r6, r4, r2
10000f50:	1a9b      	subs	r3, r3, r2
10000f52:	429e      	cmp	r6, r3
10000f54:	d315      	bcc.n	10000f82 <alarm_pool_irq_handler+0xb6>
10000f56:	464a      	mov	r2, r9
10000f58:	6a03      	ldr	r3, [r0, #32]
10000f5a:	421a      	tst	r2, r3
10000f5c:	d011      	beq.n	10000f82 <alarm_pool_irq_handler+0xb6>
10000f5e:	489b      	ldr	r0, [pc, #620]	; (100011cc <alarm_pool_irq_handler+0x300>)
10000f60:	f000 fbb0 	bl	100016c4 <timer_time_us_64>
10000f64:	1a24      	subs	r4, r4, r0
10000f66:	418d      	sbcs	r5, r1
10000f68:	2d00      	cmp	r5, #0
10000f6a:	dc02      	bgt.n	10000f72 <alarm_pool_irq_handler+0xa6>
10000f6c:	d1c4      	bne.n	10000ef8 <alarm_pool_irq_handler+0x2c>
10000f6e:	2c00      	cmp	r4, #0
10000f70:	d0c2      	beq.n	10000ef8 <alarm_pool_irq_handler+0x2c>
10000f72:	bf40      	sev
10000f74:	b005      	add	sp, #20
10000f76:	bcf0      	pop	{r4, r5, r6, r7}
10000f78:	46bb      	mov	fp, r7
10000f7a:	46b2      	mov	sl, r6
10000f7c:	46a9      	mov	r9, r5
10000f7e:	46a0      	mov	r8, r4
10000f80:	bdf0      	pop	{r4, r5, r6, r7, pc}
10000f82:	610c      	str	r4, [r1, #16]
10000f84:	e7eb      	b.n	10000f5e <alarm_pool_irq_handler+0x92>
10000f86:	4642      	mov	r2, r8
10000f88:	6952      	ldr	r2, [r2, #20]
10000f8a:	005b      	lsls	r3, r3, #1
10000f8c:	4693      	mov	fp, r2
10000f8e:	4453      	add	r3, sl
10000f90:	00db      	lsls	r3, r3, #3
10000f92:	449b      	add	fp, r3
10000f94:	465b      	mov	r3, fp
10000f96:	689e      	ldr	r6, [r3, #8]
10000f98:	68df      	ldr	r7, [r3, #12]
10000f9a:	f000 fb93 	bl	100016c4 <timer_time_us_64>
10000f9e:	1b80      	subs	r0, r0, r6
10000fa0:	41b9      	sbcs	r1, r7
10000fa2:	2900      	cmp	r1, #0
10000fa4:	dbb1      	blt.n	10000f0a <alarm_pool_irq_handler+0x3e>
10000fa6:	2f00      	cmp	r7, #0
10000fa8:	da00      	bge.n	10000fac <alarm_pool_irq_handler+0xe0>
10000faa:	e0e5      	b.n	10001178 <alarm_pool_irq_handler+0x2ac>
10000fac:	465b      	mov	r3, fp
10000fae:	4a88      	ldr	r2, [pc, #544]	; (100011d0 <alarm_pool_irq_handler+0x304>)
10000fb0:	691b      	ldr	r3, [r3, #16]
10000fb2:	4293      	cmp	r3, r2
10000fb4:	d100      	bne.n	10000fb8 <alarm_pool_irq_handler+0xec>
10000fb6:	e0d8      	b.n	1000116a <alarm_pool_irq_handler+0x29e>
10000fb8:	4641      	mov	r1, r8
10000fba:	465a      	mov	r2, fp
10000fbc:	2008      	movs	r0, #8
10000fbe:	5e08      	ldrsh	r0, [r1, r0]
10000fc0:	8852      	ldrh	r2, [r2, #2]
10000fc2:	0400      	lsls	r0, r0, #16
10000fc4:	4310      	orrs	r0, r2
10000fc6:	465a      	mov	r2, fp
10000fc8:	6951      	ldr	r1, [r2, #20]
10000fca:	4798      	blx	r3
10000fcc:	0004      	movs	r4, r0
10000fce:	000d      	movs	r5, r1
10000fd0:	0023      	movs	r3, r4
10000fd2:	432b      	orrs	r3, r5
10000fd4:	d100      	bne.n	10000fd8 <alarm_pool_irq_handler+0x10c>
10000fd6:	e0cf      	b.n	10001178 <alarm_pool_irq_handler+0x2ac>
10000fd8:	2d00      	cmp	r5, #0
10000fda:	db00      	blt.n	10000fde <alarm_pool_irq_handler+0x112>
10000fdc:	e0e8      	b.n	100011b0 <alarm_pool_irq_handler+0x2e4>
10000fde:	1b36      	subs	r6, r6, r4
10000fe0:	41af      	sbcs	r7, r5
10000fe2:	0034      	movs	r4, r6
10000fe4:	003d      	movs	r5, r7
10000fe6:	465b      	mov	r3, fp
10000fe8:	609c      	str	r4, [r3, #8]
10000fea:	60dd      	str	r5, [r3, #12]
10000fec:	2100      	movs	r1, #0
10000fee:	5e59      	ldrsh	r1, [r3, r1]
10000ff0:	2900      	cmp	r1, #0
10000ff2:	da00      	bge.n	10000ff6 <alarm_pool_irq_handler+0x12a>
10000ff4:	e789      	b.n	10000f0a <alarm_pool_irq_handler+0x3e>
10000ff6:	4643      	mov	r3, r8
10000ff8:	695b      	ldr	r3, [r3, #20]
10000ffa:	0022      	movs	r2, r4
10000ffc:	469c      	mov	ip, r3
10000ffe:	002b      	movs	r3, r5
10001000:	0048      	lsls	r0, r1, #1
10001002:	1840      	adds	r0, r0, r1
10001004:	00c0      	lsls	r0, r0, #3
10001006:	4460      	add	r0, ip
10001008:	6886      	ldr	r6, [r0, #8]
1000100a:	68c7      	ldr	r7, [r0, #12]
1000100c:	1b92      	subs	r2, r2, r6
1000100e:	41bb      	sbcs	r3, r7
10001010:	2b00      	cmp	r3, #0
10001012:	da00      	bge.n	10001016 <alarm_pool_irq_handler+0x14a>
10001014:	e779      	b.n	10000f0a <alarm_pool_irq_handler+0x3e>
10001016:	4643      	mov	r3, r8
10001018:	4666      	mov	r6, ip
1000101a:	0002      	movs	r2, r0
1000101c:	9400      	str	r4, [sp, #0]
1000101e:	9501      	str	r5, [sp, #4]
10001020:	8119      	strh	r1, [r3, #8]
10001022:	e00c      	b.n	1000103e <alarm_pool_irq_handler+0x172>
10001024:	007b      	lsls	r3, r7, #1
10001026:	19db      	adds	r3, r3, r7
10001028:	00db      	lsls	r3, r3, #3
1000102a:	18f3      	adds	r3, r6, r3
1000102c:	9800      	ldr	r0, [sp, #0]
1000102e:	9901      	ldr	r1, [sp, #4]
10001030:	689c      	ldr	r4, [r3, #8]
10001032:	68dd      	ldr	r5, [r3, #12]
10001034:	1b00      	subs	r0, r0, r4
10001036:	41a9      	sbcs	r1, r5
10001038:	2900      	cmp	r1, #0
1000103a:	db04      	blt.n	10001046 <alarm_pool_irq_handler+0x17a>
1000103c:	001a      	movs	r2, r3
1000103e:	2300      	movs	r3, #0
10001040:	5ed7      	ldrsh	r7, [r2, r3]
10001042:	2f00      	cmp	r7, #0
10001044:	daee      	bge.n	10001024 <alarm_pool_irq_handler+0x158>
10001046:	465b      	mov	r3, fp
10001048:	801f      	strh	r7, [r3, #0]
1000104a:	4653      	mov	r3, sl
1000104c:	8013      	strh	r3, [r2, #0]
1000104e:	4643      	mov	r3, r8
10001050:	889b      	ldrh	r3, [r3, #4]
10001052:	b21b      	sxth	r3, r3
10001054:	2b00      	cmp	r3, #0
10001056:	da00      	bge.n	1000105a <alarm_pool_irq_handler+0x18e>
10001058:	e75d      	b.n	10000f16 <alarm_pool_irq_handler+0x4a>
1000105a:	4643      	mov	r3, r8
1000105c:	691a      	ldr	r2, [r3, #16]
1000105e:	f3ef 8110 	mrs	r1, PRIMASK
10001062:	b672      	cpsid	i
10001064:	6813      	ldr	r3, [r2, #0]
10001066:	2b00      	cmp	r3, #0
10001068:	d0fc      	beq.n	10001064 <alarm_pool_irq_handler+0x198>
1000106a:	f3bf 8f5f 	dmb	sy
1000106e:	4643      	mov	r3, r8
10001070:	889b      	ldrh	r3, [r3, #4]
10001072:	4642      	mov	r2, r8
10001074:	b21b      	sxth	r3, r3
10001076:	469a      	mov	sl, r3
10001078:	2301      	movs	r3, #1
1000107a:	425b      	negs	r3, r3
1000107c:	8093      	strh	r3, [r2, #4]
1000107e:	6913      	ldr	r3, [r2, #16]
10001080:	f3bf 8f5f 	dmb	sy
10001084:	2200      	movs	r2, #0
10001086:	601a      	str	r2, [r3, #0]
10001088:	f381 8810 	msr	PRIMASK, r1
1000108c:	4653      	mov	r3, sl
1000108e:	2b00      	cmp	r3, #0
10001090:	da00      	bge.n	10001094 <alarm_pool_irq_handler+0x1c8>
10001092:	e740      	b.n	10000f16 <alarm_pool_irq_handler+0x4a>
10001094:	4643      	mov	r3, r8
10001096:	695b      	ldr	r3, [r3, #20]
10001098:	469c      	mov	ip, r3
1000109a:	2308      	movs	r3, #8
1000109c:	4443      	add	r3, r8
1000109e:	469b      	mov	fp, r3
100010a0:	4653      	mov	r3, sl
100010a2:	005f      	lsls	r7, r3, #1
100010a4:	4643      	mov	r3, r8
100010a6:	4457      	add	r7, sl
100010a8:	00ff      	lsls	r7, r7, #3
100010aa:	2208      	movs	r2, #8
100010ac:	5e9a      	ldrsh	r2, [r3, r2]
100010ae:	4467      	add	r7, ip
100010b0:	465e      	mov	r6, fp
100010b2:	68bc      	ldr	r4, [r7, #8]
100010b4:	68fd      	ldr	r5, [r7, #12]
100010b6:	2a00      	cmp	r2, #0
100010b8:	db19      	blt.n	100010ee <alarm_pool_irq_handler+0x222>
100010ba:	003b      	movs	r3, r7
100010bc:	9400      	str	r4, [sp, #0]
100010be:	9501      	str	r5, [sp, #4]
100010c0:	4667      	mov	r7, ip
100010c2:	469c      	mov	ip, r3
100010c4:	e004      	b.n	100010d0 <alarm_pool_irq_handler+0x204>
100010c6:	001e      	movs	r6, r3
100010c8:	2300      	movs	r3, #0
100010ca:	5ef2      	ldrsh	r2, [r6, r3]
100010cc:	2a00      	cmp	r2, #0
100010ce:	db0b      	blt.n	100010e8 <alarm_pool_irq_handler+0x21c>
100010d0:	9800      	ldr	r0, [sp, #0]
100010d2:	9901      	ldr	r1, [sp, #4]
100010d4:	0053      	lsls	r3, r2, #1
100010d6:	189b      	adds	r3, r3, r2
100010d8:	00db      	lsls	r3, r3, #3
100010da:	18fb      	adds	r3, r7, r3
100010dc:	689c      	ldr	r4, [r3, #8]
100010de:	68dd      	ldr	r5, [r3, #12]
100010e0:	1b00      	subs	r0, r0, r4
100010e2:	41a9      	sbcs	r1, r5
100010e4:	2900      	cmp	r1, #0
100010e6:	daee      	bge.n	100010c6 <alarm_pool_irq_handler+0x1fa>
100010e8:	4663      	mov	r3, ip
100010ea:	46bc      	mov	ip, r7
100010ec:	001f      	movs	r7, r3
100010ee:	4653      	mov	r3, sl
100010f0:	8033      	strh	r3, [r6, #0]
100010f2:	2100      	movs	r1, #0
100010f4:	5e7b      	ldrsh	r3, [r7, r1]
100010f6:	803a      	strh	r2, [r7, #0]
100010f8:	469a      	mov	sl, r3
100010fa:	2b00      	cmp	r3, #0
100010fc:	dad0      	bge.n	100010a0 <alarm_pool_irq_handler+0x1d4>
100010fe:	4643      	mov	r3, r8
10001100:	799b      	ldrb	r3, [r3, #6]
10001102:	2b00      	cmp	r3, #0
10001104:	d100      	bne.n	10001108 <alarm_pool_irq_handler+0x23c>
10001106:	e70b      	b.n	10000f20 <alarm_pool_irq_handler+0x54>
10001108:	2300      	movs	r3, #0
1000110a:	4642      	mov	r2, r8
1000110c:	7193      	strb	r3, [r2, #6]
1000110e:	4643      	mov	r3, r8
10001110:	4646      	mov	r6, r8
10001112:	2108      	movs	r1, #8
10001114:	5e59      	ldrsh	r1, [r3, r1]
10001116:	3608      	adds	r6, #8
10001118:	1c4b      	adds	r3, r1, #1
1000111a:	d100      	bne.n	1000111e <alarm_pool_irq_handler+0x252>
1000111c:	e729      	b.n	10000f72 <alarm_pool_irq_handler+0xa6>
1000111e:	4647      	mov	r7, r8
10001120:	468c      	mov	ip, r1
10001122:	6955      	ldr	r5, [r2, #20]
10001124:	e002      	b.n	1000112c <alarm_pool_irq_handler+0x260>
10001126:	0006      	movs	r6, r0
10001128:	1c4b      	adds	r3, r1, #1
1000112a:	d017      	beq.n	1000115c <alarm_pool_irq_handler+0x290>
1000112c:	004b      	lsls	r3, r1, #1
1000112e:	185b      	adds	r3, r3, r1
10001130:	00db      	lsls	r3, r3, #3
10001132:	18e8      	adds	r0, r5, r3
10001134:	000a      	movs	r2, r1
10001136:	5ee9      	ldrsh	r1, [r5, r3]
10001138:	8843      	ldrh	r3, [r0, #2]
1000113a:	b21b      	sxth	r3, r3
1000113c:	2b00      	cmp	r3, #0
1000113e:	daf2      	bge.n	10001126 <alarm_pool_irq_handler+0x25a>
10001140:	2301      	movs	r3, #1
10001142:	425b      	negs	r3, r3
10001144:	17dc      	asrs	r4, r3, #31
10001146:	6083      	str	r3, [r0, #8]
10001148:	60c4      	str	r4, [r0, #12]
1000114a:	4562      	cmp	r2, ip
1000114c:	d0ec      	beq.n	10001128 <alarm_pool_irq_handler+0x25c>
1000114e:	8031      	strh	r1, [r6, #0]
10001150:	893b      	ldrh	r3, [r7, #8]
10001152:	4694      	mov	ip, r2
10001154:	8003      	strh	r3, [r0, #0]
10001156:	813a      	strh	r2, [r7, #8]
10001158:	1c4b      	adds	r3, r1, #1
1000115a:	d1e7      	bne.n	1000112c <alarm_pool_irq_handler+0x260>
1000115c:	46b8      	mov	r8, r7
1000115e:	4664      	mov	r4, ip
10001160:	e6e1      	b.n	10000f26 <alarm_pool_irq_handler+0x5a>
10001162:	1c6b      	adds	r3, r5, #1
10001164:	d000      	beq.n	10001168 <alarm_pool_irq_handler+0x29c>
10001166:	e6ec      	b.n	10000f42 <alarm_pool_irq_handler+0x76>
10001168:	e6f9      	b.n	10000f5e <alarm_pool_irq_handler+0x92>
1000116a:	465b      	mov	r3, fp
1000116c:	695c      	ldr	r4, [r3, #20]
1000116e:	0020      	movs	r0, r4
10001170:	6923      	ldr	r3, [r4, #16]
10001172:	4798      	blx	r3
10001174:	2800      	cmp	r0, #0
10001176:	d121      	bne.n	100011bc <alarm_pool_irq_handler+0x2f0>
10001178:	465b      	mov	r3, fp
1000117a:	4642      	mov	r2, r8
1000117c:	881b      	ldrh	r3, [r3, #0]
1000117e:	8113      	strh	r3, [r2, #8]
10001180:	6912      	ldr	r2, [r2, #16]
10001182:	f3ef 8310 	mrs	r3, PRIMASK
10001186:	b672      	cpsid	i
10001188:	6811      	ldr	r1, [r2, #0]
1000118a:	2900      	cmp	r1, #0
1000118c:	d0fc      	beq.n	10001188 <alarm_pool_irq_handler+0x2bc>
1000118e:	f3bf 8f5f 	dmb	sy
10001192:	4642      	mov	r2, r8
10001194:	4659      	mov	r1, fp
10001196:	8852      	ldrh	r2, [r2, #2]
10001198:	800a      	strh	r2, [r1, #0]
1000119a:	4642      	mov	r2, r8
1000119c:	4651      	mov	r1, sl
1000119e:	8051      	strh	r1, [r2, #2]
100011a0:	6912      	ldr	r2, [r2, #16]
100011a2:	f3bf 8f5f 	dmb	sy
100011a6:	2100      	movs	r1, #0
100011a8:	6011      	str	r1, [r2, #0]
100011aa:	f383 8810 	msr	PRIMASK, r3
100011ae:	e6ac      	b.n	10000f0a <alarm_pool_irq_handler+0x3e>
100011b0:	4806      	ldr	r0, [pc, #24]	; (100011cc <alarm_pool_irq_handler+0x300>)
100011b2:	f000 fa87 	bl	100016c4 <timer_time_us_64>
100011b6:	1824      	adds	r4, r4, r0
100011b8:	414d      	adcs	r5, r1
100011ba:	e714      	b.n	10000fe6 <alarm_pool_irq_handler+0x11a>
100011bc:	6865      	ldr	r5, [r4, #4]
100011be:	6824      	ldr	r4, [r4, #0]
100011c0:	e706      	b.n	10000fd0 <alarm_pool_irq_handler+0x104>
100011c2:	46c0      	nop			; (mov r8, r8)
100011c4:	20001ecc 	.word	0x20001ecc
100011c8:	4005703c 	.word	0x4005703c
100011cc:	40054000 	.word	0x40054000
100011d0:	10000ecd 	.word	0x10000ecd

100011d4 <runtime_init_default_alarm_pool>:
100011d4:	b570      	push	{r4, r5, r6, lr}
100011d6:	4c2e      	ldr	r4, [pc, #184]	; (10001290 <runtime_init_default_alarm_pool+0xbc>)
100011d8:	6925      	ldr	r5, [r4, #16]
100011da:	2d00      	cmp	r5, #0
100011dc:	d004      	beq.n	100011e8 <runtime_init_default_alarm_pool+0x14>
100011de:	210a      	movs	r1, #10
100011e0:	482c      	ldr	r0, [pc, #176]	; (10001294 <runtime_init_default_alarm_pool+0xc0>)
100011e2:	f7ff fdff 	bl	10000de4 <lock_init>
100011e6:	bd70      	pop	{r4, r5, r6, pc}
100011e8:	4e2b      	ldr	r6, [pc, #172]	; (10001298 <runtime_init_default_alarm_pool+0xc4>)
100011ea:	2103      	movs	r1, #3
100011ec:	0030      	movs	r0, r6
100011ee:	f000 fa5f 	bl	100016b0 <timer_hardware_alarm_claim>
100011f2:	60e6      	str	r6, [r4, #12]
100011f4:	f7ff fb14 	bl	10000820 <next_striped_spin_lock_num>
100011f8:	4b28      	ldr	r3, [pc, #160]	; (1000129c <runtime_init_default_alarm_pool+0xc8>)
100011fa:	2203      	movs	r2, #3
100011fc:	469c      	mov	ip, r3
100011fe:	23d0      	movs	r3, #208	; 0xd0
10001200:	7022      	strb	r2, [r4, #0]
10001202:	061b      	lsls	r3, r3, #24
10001204:	681b      	ldr	r3, [r3, #0]
10001206:	2101      	movs	r1, #1
10001208:	7063      	strb	r3, [r4, #1]
1000120a:	4b25      	ldr	r3, [pc, #148]	; (100012a0 <runtime_init_default_alarm_pool+0xcc>)
1000120c:	4460      	add	r0, ip
1000120e:	60a3      	str	r3, [r4, #8]
10001210:	230f      	movs	r3, #15
10001212:	0080      	lsls	r0, r0, #2
10001214:	6120      	str	r0, [r4, #16]
10001216:	2002      	movs	r0, #2
10001218:	8063      	strh	r3, [r4, #2]
1000121a:	6963      	ldr	r3, [r4, #20]
1000121c:	4249      	negs	r1, r1
1000121e:	80a1      	strh	r1, [r4, #4]
10001220:	8019      	strh	r1, [r3, #0]
10001222:	3102      	adds	r1, #2
10001224:	8619      	strh	r1, [r3, #48]	; 0x30
10001226:	3147      	adds	r1, #71	; 0x47
10001228:	831d      	strh	r5, [r3, #24]
1000122a:	5258      	strh	r0, [r3, r1]
1000122c:	3118      	adds	r1, #24
1000122e:	525a      	strh	r2, [r3, r1]
10001230:	3275      	adds	r2, #117	; 0x75
10001232:	395c      	subs	r1, #92	; 0x5c
10001234:	5299      	strh	r1, [r3, r2]
10001236:	3218      	adds	r2, #24
10001238:	3101      	adds	r1, #1
1000123a:	5299      	strh	r1, [r3, r2]
1000123c:	3218      	adds	r2, #24
1000123e:	3101      	adds	r1, #1
10001240:	5299      	strh	r1, [r3, r2]
10001242:	3218      	adds	r2, #24
10001244:	3101      	adds	r1, #1
10001246:	5299      	strh	r1, [r3, r2]
10001248:	3508      	adds	r5, #8
1000124a:	3218      	adds	r2, #24
1000124c:	529d      	strh	r5, [r3, r2]
1000124e:	3102      	adds	r1, #2
10001250:	3218      	adds	r2, #24
10001252:	5299      	strh	r1, [r3, r2]
10001254:	3218      	adds	r2, #24
10001256:	3101      	adds	r1, #1
10001258:	5299      	strh	r1, [r3, r2]
1000125a:	3218      	adds	r2, #24
1000125c:	3101      	adds	r1, #1
1000125e:	5299      	strh	r1, [r3, r2]
10001260:	3218      	adds	r2, #24
10001262:	3101      	adds	r1, #1
10001264:	5299      	strh	r1, [r3, r2]
10001266:	3218      	adds	r2, #24
10001268:	3101      	adds	r1, #1
1000126a:	5299      	strh	r1, [r3, r2]
1000126c:	3218      	adds	r2, #24
1000126e:	3101      	adds	r1, #1
10001270:	5299      	strh	r1, [r3, r2]
10001272:	4b0c      	ldr	r3, [pc, #48]	; (100012a4 <runtime_init_default_alarm_pool+0xd0>)
10001274:	490c      	ldr	r1, [pc, #48]	; (100012a8 <runtime_init_default_alarm_pool+0xd4>)
10001276:	60dc      	str	r4, [r3, #12]
10001278:	3001      	adds	r0, #1
1000127a:	6235      	str	r5, [r6, #32]
1000127c:	f7ff fb44 	bl	10000908 <irq_set_exclusive_handler>
10001280:	2101      	movs	r1, #1
10001282:	2003      	movs	r0, #3
10001284:	f7ff fb08 	bl	10000898 <irq_set_enabled>
10001288:	4b08      	ldr	r3, [pc, #32]	; (100012ac <runtime_init_default_alarm_pool+0xd8>)
1000128a:	601d      	str	r5, [r3, #0]
1000128c:	e7a7      	b.n	100011de <runtime_init_default_alarm_pool+0xa>
1000128e:	46c0      	nop			; (mov r8, r8)
10001290:	2000106c 	.word	0x2000106c
10001294:	20001fe8 	.word	0x20001fe8
10001298:	40054000 	.word	0x40054000
1000129c:	34000040 	.word	0x34000040
100012a0:	0010ffff 	.word	0x0010ffff
100012a4:	20001ecc 	.word	0x20001ecc
100012a8:	10000ecd 	.word	0x10000ecd
100012ac:	40056038 	.word	0x40056038

100012b0 <alarm_pool_get_default>:
100012b0:	4800      	ldr	r0, [pc, #0]	; (100012b4 <alarm_pool_get_default+0x4>)
100012b2:	4770      	bx	lr
100012b4:	2000106c 	.word	0x2000106c

100012b8 <alarm_pool_add_alarm_at>:
100012b8:	b5f8      	push	{r3, r4, r5, r6, r7, lr}
100012ba:	001f      	movs	r7, r3
100012bc:	ab08      	add	r3, sp, #32
100012be:	781b      	ldrb	r3, [r3, #0]
100012c0:	0004      	movs	r4, r0
100012c2:	0016      	movs	r6, r2
100012c4:	2b00      	cmp	r3, #0
100012c6:	d107      	bne.n	100012d8 <alarm_pool_add_alarm_at+0x20>
100012c8:	f000 fa04 	bl	100016d4 <time_us_64>
100012cc:	0032      	movs	r2, r6
100012ce:	003b      	movs	r3, r7
100012d0:	1a12      	subs	r2, r2, r0
100012d2:	418b      	sbcs	r3, r1
100012d4:	2b00      	cmp	r3, #0
100012d6:	db4c      	blt.n	10001372 <alarm_pool_add_alarm_at+0xba>
100012d8:	6922      	ldr	r2, [r4, #16]
100012da:	f3ef 8010 	mrs	r0, PRIMASK
100012de:	b672      	cpsid	i
100012e0:	6813      	ldr	r3, [r2, #0]
100012e2:	2b00      	cmp	r3, #0
100012e4:	d0fc      	beq.n	100012e0 <alarm_pool_add_alarm_at+0x28>
100012e6:	f3bf 8f5f 	dmb	sy
100012ea:	6962      	ldr	r2, [r4, #20]
100012ec:	2302      	movs	r3, #2
100012ee:	5ee1      	ldrsh	r1, [r4, r3]
100012f0:	4694      	mov	ip, r2
100012f2:	004b      	lsls	r3, r1, #1
100012f4:	185b      	adds	r3, r3, r1
100012f6:	00db      	lsls	r3, r3, #3
100012f8:	4463      	add	r3, ip
100012fa:	2900      	cmp	r1, #0
100012fc:	db01      	blt.n	10001302 <alarm_pool_add_alarm_at+0x4a>
100012fe:	881a      	ldrh	r2, [r3, #0]
10001300:	8062      	strh	r2, [r4, #2]
10001302:	6922      	ldr	r2, [r4, #16]
10001304:	f3bf 8f5f 	dmb	sy
10001308:	2500      	movs	r5, #0
1000130a:	6015      	str	r5, [r2, #0]
1000130c:	f380 8810 	msr	PRIMASK, r0
10001310:	2900      	cmp	r1, #0
10001312:	db30      	blt.n	10001376 <alarm_pool_add_alarm_at+0xbe>
10001314:	9a06      	ldr	r2, [sp, #24]
10001316:	609e      	str	r6, [r3, #8]
10001318:	60df      	str	r7, [r3, #12]
1000131a:	611a      	str	r2, [r3, #16]
1000131c:	9a07      	ldr	r2, [sp, #28]
1000131e:	615a      	str	r2, [r3, #20]
10001320:	885a      	ldrh	r2, [r3, #2]
10001322:	3201      	adds	r2, #1
10001324:	0452      	lsls	r2, r2, #17
10001326:	0c52      	lsrs	r2, r2, #17
10001328:	1c16      	adds	r6, r2, #0
1000132a:	2a00      	cmp	r2, #0
1000132c:	d01f      	beq.n	1000136e <alarm_pool_add_alarm_at+0xb6>
1000132e:	b2b0      	uxth	r0, r6
10001330:	040a      	lsls	r2, r1, #16
10001332:	805e      	strh	r6, [r3, #2]
10001334:	4310      	orrs	r0, r2
10001336:	6926      	ldr	r6, [r4, #16]
10001338:	f3ef 8510 	mrs	r5, PRIMASK
1000133c:	b672      	cpsid	i
1000133e:	6832      	ldr	r2, [r6, #0]
10001340:	2a00      	cmp	r2, #0
10001342:	d0fc      	beq.n	1000133e <alarm_pool_add_alarm_at+0x86>
10001344:	f3bf 8f5f 	dmb	sy
10001348:	88a2      	ldrh	r2, [r4, #4]
1000134a:	801a      	strh	r2, [r3, #0]
1000134c:	80a1      	strh	r1, [r4, #4]
1000134e:	6923      	ldr	r3, [r4, #16]
10001350:	f3bf 8f5f 	dmb	sy
10001354:	2200      	movs	r2, #0
10001356:	601a      	str	r2, [r3, #0]
10001358:	f385 8810 	msr	PRIMASK, r5
1000135c:	4907      	ldr	r1, [pc, #28]	; (1000137c <alarm_pool_add_alarm_at+0xc4>)
1000135e:	7823      	ldrb	r3, [r4, #0]
10001360:	468c      	mov	ip, r1
10001362:	3201      	adds	r2, #1
10001364:	409a      	lsls	r2, r3
10001366:	68e3      	ldr	r3, [r4, #12]
10001368:	4463      	add	r3, ip
1000136a:	601a      	str	r2, [r3, #0]
1000136c:	bdf8      	pop	{r3, r4, r5, r6, r7, pc}
1000136e:	2601      	movs	r6, #1
10001370:	e7dd      	b.n	1000132e <alarm_pool_add_alarm_at+0x76>
10001372:	2000      	movs	r0, #0
10001374:	e7fa      	b.n	1000136c <alarm_pool_add_alarm_at+0xb4>
10001376:	2001      	movs	r0, #1
10001378:	4240      	negs	r0, r0
1000137a:	e7f7      	b.n	1000136c <alarm_pool_add_alarm_at+0xb4>
1000137c:	0000203c 	.word	0x0000203c

10001380 <alarm_pool_add_alarm_at_force_in_context>:
10001380:	b570      	push	{r4, r5, r6, lr}
10001382:	46c6      	mov	lr, r8
10001384:	0001      	movs	r1, r0
10001386:	b500      	push	{lr}
10001388:	6904      	ldr	r4, [r0, #16]
1000138a:	f3ef 8c10 	mrs	ip, PRIMASK
1000138e:	b672      	cpsid	i
10001390:	6820      	ldr	r0, [r4, #0]
10001392:	2800      	cmp	r0, #0
10001394:	d0fc      	beq.n	10001390 <alarm_pool_add_alarm_at_force_in_context+0x10>
10001396:	f3bf 8f5f 	dmb	sy
1000139a:	2002      	movs	r0, #2
1000139c:	5e0d      	ldrsh	r5, [r1, r0]
1000139e:	6948      	ldr	r0, [r1, #20]
100013a0:	006c      	lsls	r4, r5, #1
100013a2:	4680      	mov	r8, r0
100013a4:	1964      	adds	r4, r4, r5
100013a6:	00e4      	lsls	r4, r4, #3
100013a8:	4444      	add	r4, r8
100013aa:	2d00      	cmp	r5, #0
100013ac:	db01      	blt.n	100013b2 <alarm_pool_add_alarm_at_force_in_context+0x32>
100013ae:	8820      	ldrh	r0, [r4, #0]
100013b0:	8048      	strh	r0, [r1, #2]
100013b2:	6908      	ldr	r0, [r1, #16]
100013b4:	f3bf 8f5f 	dmb	sy
100013b8:	2600      	movs	r6, #0
100013ba:	6006      	str	r6, [r0, #0]
100013bc:	f38c 8810 	msr	PRIMASK, ip
100013c0:	2d00      	cmp	r5, #0
100013c2:	db30      	blt.n	10001426 <alarm_pool_add_alarm_at_force_in_context+0xa6>
100013c4:	60e3      	str	r3, [r4, #12]
100013c6:	8863      	ldrh	r3, [r4, #2]
100013c8:	9805      	ldr	r0, [sp, #20]
100013ca:	3301      	adds	r3, #1
100013cc:	6120      	str	r0, [r4, #16]
100013ce:	045b      	lsls	r3, r3, #17
100013d0:	9806      	ldr	r0, [sp, #24]
100013d2:	0c5b      	lsrs	r3, r3, #17
100013d4:	60a2      	str	r2, [r4, #8]
100013d6:	6160      	str	r0, [r4, #20]
100013d8:	1c1a      	adds	r2, r3, #0
100013da:	2b00      	cmp	r3, #0
100013dc:	d021      	beq.n	10001422 <alarm_pool_add_alarm_at_force_in_context+0xa2>
100013de:	b290      	uxth	r0, r2
100013e0:	042b      	lsls	r3, r5, #16
100013e2:	8062      	strh	r2, [r4, #2]
100013e4:	4318      	orrs	r0, r3
100013e6:	690a      	ldr	r2, [r1, #16]
100013e8:	f3ef 8610 	mrs	r6, PRIMASK
100013ec:	b672      	cpsid	i
100013ee:	6813      	ldr	r3, [r2, #0]
100013f0:	2b00      	cmp	r3, #0
100013f2:	d0fc      	beq.n	100013ee <alarm_pool_add_alarm_at_force_in_context+0x6e>
100013f4:	f3bf 8f5f 	dmb	sy
100013f8:	888b      	ldrh	r3, [r1, #4]
100013fa:	8023      	strh	r3, [r4, #0]
100013fc:	808d      	strh	r5, [r1, #4]
100013fe:	690b      	ldr	r3, [r1, #16]
10001400:	f3bf 8f5f 	dmb	sy
10001404:	2200      	movs	r2, #0
10001406:	601a      	str	r2, [r3, #0]
10001408:	f386 8810 	msr	PRIMASK, r6
1000140c:	780b      	ldrb	r3, [r1, #0]
1000140e:	3201      	adds	r2, #1
10001410:	409a      	lsls	r2, r3
10001412:	68cb      	ldr	r3, [r1, #12]
10001414:	4905      	ldr	r1, [pc, #20]	; (1000142c <alarm_pool_add_alarm_at_force_in_context+0xac>)
10001416:	468c      	mov	ip, r1
10001418:	4463      	add	r3, ip
1000141a:	601a      	str	r2, [r3, #0]
1000141c:	bc40      	pop	{r6}
1000141e:	46b0      	mov	r8, r6
10001420:	bd70      	pop	{r4, r5, r6, pc}
10001422:	2201      	movs	r2, #1
10001424:	e7db      	b.n	100013de <alarm_pool_add_alarm_at_force_in_context+0x5e>
10001426:	2001      	movs	r0, #1
10001428:	4240      	negs	r0, r0
1000142a:	e7f7      	b.n	1000141c <alarm_pool_add_alarm_at_force_in_context+0x9c>
1000142c:	0000203c 	.word	0x0000203c

10001430 <alarm_pool_cancel_alarm>:
10001430:	b510      	push	{r4, lr}
10001432:	8943      	ldrh	r3, [r0, #10]
10001434:	140a      	asrs	r2, r1, #16
10001436:	4293      	cmp	r3, r2
10001438:	dd33      	ble.n	100014a2 <alarm_pool_cancel_alarm+0x72>
1000143a:	0053      	lsls	r3, r2, #1
1000143c:	189b      	adds	r3, r3, r2
1000143e:	6942      	ldr	r2, [r0, #20]
10001440:	00db      	lsls	r3, r3, #3
10001442:	4694      	mov	ip, r2
10001444:	6904      	ldr	r4, [r0, #16]
10001446:	4463      	add	r3, ip
10001448:	f3ef 8c10 	mrs	ip, PRIMASK
1000144c:	b672      	cpsid	i
1000144e:	6822      	ldr	r2, [r4, #0]
10001450:	2a00      	cmp	r2, #0
10001452:	d0fc      	beq.n	1000144e <alarm_pool_cancel_alarm+0x1e>
10001454:	f3bf 8f5f 	dmb	sy
10001458:	885a      	ldrh	r2, [r3, #2]
1000145a:	0409      	lsls	r1, r1, #16
1000145c:	b294      	uxth	r4, r2
1000145e:	0c09      	lsrs	r1, r1, #16
10001460:	428a      	cmp	r2, r1
10001462:	d008      	beq.n	10001476 <alarm_pool_cancel_alarm+0x46>
10001464:	6903      	ldr	r3, [r0, #16]
10001466:	f3bf 8f5f 	dmb	sy
1000146a:	2200      	movs	r2, #0
1000146c:	601a      	str	r2, [r3, #0]
1000146e:	f38c 8810 	msr	PRIMASK, ip
10001472:	2000      	movs	r0, #0
10001474:	bd10      	pop	{r4, pc}
10001476:	2280      	movs	r2, #128	; 0x80
10001478:	0212      	lsls	r2, r2, #8
1000147a:	4314      	orrs	r4, r2
1000147c:	805c      	strh	r4, [r3, #2]
1000147e:	2301      	movs	r3, #1
10001480:	6902      	ldr	r2, [r0, #16]
10001482:	7183      	strb	r3, [r0, #6]
10001484:	f3bf 8f5f 	dmb	sy
10001488:	2100      	movs	r1, #0
1000148a:	6011      	str	r1, [r2, #0]
1000148c:	f38c 8810 	msr	PRIMASK, ip
10001490:	4905      	ldr	r1, [pc, #20]	; (100014a8 <alarm_pool_cancel_alarm+0x78>)
10001492:	7802      	ldrb	r2, [r0, #0]
10001494:	468c      	mov	ip, r1
10001496:	4093      	lsls	r3, r2
10001498:	68c2      	ldr	r2, [r0, #12]
1000149a:	2001      	movs	r0, #1
1000149c:	4462      	add	r2, ip
1000149e:	6013      	str	r3, [r2, #0]
100014a0:	e7e8      	b.n	10001474 <alarm_pool_cancel_alarm+0x44>
100014a2:	2000      	movs	r0, #0
100014a4:	e7e6      	b.n	10001474 <alarm_pool_cancel_alarm+0x44>
100014a6:	46c0      	nop			; (mov r8, r8)
100014a8:	0000203c 	.word	0x0000203c

100014ac <alarm_pool_core_num>:
100014ac:	7840      	ldrb	r0, [r0, #1]
100014ae:	4770      	bx	lr

100014b0 <sleep_until>:
100014b0:	b5f0      	push	{r4, r5, r6, r7, lr}
100014b2:	0004      	movs	r4, r0
100014b4:	000d      	movs	r5, r1
100014b6:	2606      	movs	r6, #6
100014b8:	4276      	negs	r6, r6
100014ba:	17f7      	asrs	r7, r6, #31
100014bc:	46c6      	mov	lr, r8
100014be:	1936      	adds	r6, r6, r4
100014c0:	416f      	adcs	r7, r5
100014c2:	b500      	push	{lr}
100014c4:	b082      	sub	sp, #8
100014c6:	428f      	cmp	r7, r1
100014c8:	d814      	bhi.n	100014f4 <sleep_until+0x44>
100014ca:	d011      	beq.n	100014f0 <sleep_until+0x40>
100014cc:	f000 f902 	bl	100016d4 <time_us_64>
100014d0:	0032      	movs	r2, r6
100014d2:	003b      	movs	r3, r7
100014d4:	1a12      	subs	r2, r2, r0
100014d6:	418b      	sbcs	r3, r1
100014d8:	2b00      	cmp	r3, #0
100014da:	dc15      	bgt.n	10001508 <sleep_until+0x58>
100014dc:	2b00      	cmp	r3, #0
100014de:	d044      	beq.n	1000156a <sleep_until+0xba>
100014e0:	0020      	movs	r0, r4
100014e2:	0029      	movs	r1, r5
100014e4:	f000 f92a 	bl	1000173c <busy_wait_until>
100014e8:	b002      	add	sp, #8
100014ea:	bc80      	pop	{r7}
100014ec:	46b8      	mov	r8, r7
100014ee:	bdf0      	pop	{r4, r5, r6, r7, pc}
100014f0:	4286      	cmp	r6, r0
100014f2:	d9eb      	bls.n	100014cc <sleep_until+0x1c>
100014f4:	2600      	movs	r6, #0
100014f6:	2700      	movs	r7, #0
100014f8:	f000 f8ec 	bl	100016d4 <time_us_64>
100014fc:	0032      	movs	r2, r6
100014fe:	003b      	movs	r3, r7
10001500:	1a12      	subs	r2, r2, r0
10001502:	418b      	sbcs	r3, r1
10001504:	2b00      	cmp	r3, #0
10001506:	dde9      	ble.n	100014dc <sleep_until+0x2c>
10001508:	f000 f8e4 	bl	100016d4 <time_us_64>
1000150c:	0032      	movs	r2, r6
1000150e:	003b      	movs	r3, r7
10001510:	1a12      	subs	r2, r2, r0
10001512:	418b      	sbcs	r3, r1
10001514:	2b00      	cmp	r3, #0
10001516:	db0a      	blt.n	1000152e <sleep_until+0x7e>
10001518:	2300      	movs	r3, #0
1000151a:	9301      	str	r3, [sp, #4]
1000151c:	4b14      	ldr	r3, [pc, #80]	; (10001570 <sleep_until+0xc0>)
1000151e:	0032      	movs	r2, r6
10001520:	9300      	str	r3, [sp, #0]
10001522:	4814      	ldr	r0, [pc, #80]	; (10001574 <sleep_until+0xc4>)
10001524:	003b      	movs	r3, r7
10001526:	f7ff ff2b 	bl	10001380 <alarm_pool_add_alarm_at_force_in_context>
1000152a:	2800      	cmp	r0, #0
1000152c:	dbd8      	blt.n	100014e0 <sleep_until+0x30>
1000152e:	46b0      	mov	r8, r6
10001530:	2600      	movs	r6, #0
10001532:	46bc      	mov	ip, r7
10001534:	4a10      	ldr	r2, [pc, #64]	; (10001578 <sleep_until+0xc8>)
10001536:	4f11      	ldr	r7, [pc, #68]	; (1000157c <sleep_until+0xcc>)
10001538:	6a7b      	ldr	r3, [r7, #36]	; 0x24
1000153a:	459c      	cmp	ip, r3
1000153c:	d804      	bhi.n	10001548 <sleep_until+0x98>
1000153e:	6ab9      	ldr	r1, [r7, #40]	; 0x28
10001540:	4588      	cmp	r8, r1
10001542:	d9cd      	bls.n	100014e0 <sleep_until+0x30>
10001544:	459c      	cmp	ip, r3
10001546:	d1cb      	bne.n	100014e0 <sleep_until+0x30>
10001548:	6811      	ldr	r1, [r2, #0]
1000154a:	f3ef 8010 	mrs	r0, PRIMASK
1000154e:	b672      	cpsid	i
10001550:	680b      	ldr	r3, [r1, #0]
10001552:	2b00      	cmp	r3, #0
10001554:	d0fc      	beq.n	10001550 <sleep_until+0xa0>
10001556:	f3bf 8f5f 	dmb	sy
1000155a:	6813      	ldr	r3, [r2, #0]
1000155c:	f3bf 8f5f 	dmb	sy
10001560:	601e      	str	r6, [r3, #0]
10001562:	f380 8810 	msr	PRIMASK, r0
10001566:	bf20      	wfe
10001568:	e7e6      	b.n	10001538 <sleep_until+0x88>
1000156a:	2a00      	cmp	r2, #0
1000156c:	d0b8      	beq.n	100014e0 <sleep_until+0x30>
1000156e:	e7cb      	b.n	10001508 <sleep_until+0x58>
10001570:	10000e9d 	.word	0x10000e9d
10001574:	2000106c 	.word	0x2000106c
10001578:	20001fe8 	.word	0x20001fe8
1000157c:	40054000 	.word	0x40054000

10001580 <sleep_ms>:
10001580:	b570      	push	{r4, r5, r6, lr}
10001582:	0006      	movs	r6, r0
10001584:	f000 f8a6 	bl	100016d4 <time_us_64>
10001588:	22fa      	movs	r2, #250	; 0xfa
1000158a:	0004      	movs	r4, r0
1000158c:	000d      	movs	r5, r1
1000158e:	2300      	movs	r3, #0
10001590:	0030      	movs	r0, r6
10001592:	2100      	movs	r1, #0
10001594:	0092      	lsls	r2, r2, #2
10001596:	f000 fd99 	bl	100020cc <__wrap___aeabi_lmul>
1000159a:	1900      	adds	r0, r0, r4
1000159c:	4169      	adcs	r1, r5
1000159e:	2900      	cmp	r1, #0
100015a0:	db02      	blt.n	100015a8 <sleep_ms+0x28>
100015a2:	f7ff ff85 	bl	100014b0 <sleep_until>
100015a6:	bd70      	pop	{r4, r5, r6, pc}
100015a8:	2001      	movs	r0, #1
100015aa:	4901      	ldr	r1, [pc, #4]	; (100015b0 <sleep_ms+0x30>)
100015ac:	4240      	negs	r0, r0
100015ae:	e7f8      	b.n	100015a2 <sleep_ms+0x22>
100015b0:	7fffffff 	.word	0x7fffffff

100015b4 <best_effort_wfe_or_timeout>:
100015b4:	b5f0      	push	{r4, r5, r6, r7, lr}
100015b6:	46ce      	mov	lr, r9
100015b8:	4647      	mov	r7, r8
100015ba:	b580      	push	{r7, lr}
100015bc:	0004      	movs	r4, r0
100015be:	000d      	movs	r5, r1
100015c0:	b083      	sub	sp, #12
100015c2:	f3ef 8705 	mrs	r7, IPSR
100015c6:	2f00      	cmp	r7, #0
100015c8:	d00d      	beq.n	100015e6 <best_effort_wfe_or_timeout+0x32>
100015ca:	4a36      	ldr	r2, [pc, #216]	; (100016a4 <best_effort_wfe_or_timeout+0xf0>)
100015cc:	2000      	movs	r0, #0
100015ce:	6a53      	ldr	r3, [r2, #36]	; 0x24
100015d0:	428b      	cmp	r3, r1
100015d2:	d303      	bcc.n	100015dc <best_effort_wfe_or_timeout+0x28>
100015d4:	6a92      	ldr	r2, [r2, #40]	; 0x28
100015d6:	3001      	adds	r0, #1
100015d8:	42a2      	cmp	r2, r4
100015da:	d350      	bcc.n	1000167e <best_effort_wfe_or_timeout+0xca>
100015dc:	b003      	add	sp, #12
100015de:	bcc0      	pop	{r6, r7}
100015e0:	46b9      	mov	r9, r7
100015e2:	46b0      	mov	r8, r6
100015e4:	bdf0      	pop	{r4, r5, r6, r7, pc}
100015e6:	4b30      	ldr	r3, [pc, #192]	; (100016a8 <best_effort_wfe_or_timeout+0xf4>)
100015e8:	4698      	mov	r8, r3
100015ea:	68db      	ldr	r3, [r3, #12]
100015ec:	4699      	mov	r9, r3
100015ee:	4643      	mov	r3, r8
100015f0:	4648      	mov	r0, r9
100015f2:	781e      	ldrb	r6, [r3, #0]
100015f4:	f000 f866 	bl	100016c4 <timer_time_us_64>
100015f8:	000b      	movs	r3, r1
100015fa:	4649      	mov	r1, r9
100015fc:	0002      	movs	r2, r0
100015fe:	3604      	adds	r6, #4
10001600:	00b6      	lsls	r6, r6, #2
10001602:	5871      	ldr	r1, [r6, r1]
10001604:	0020      	movs	r0, r4
10001606:	1a8e      	subs	r6, r1, r2
10001608:	0029      	movs	r1, r5
1000160a:	1a80      	subs	r0, r0, r2
1000160c:	4199      	sbcs	r1, r3
1000160e:	428f      	cmp	r7, r1
10001610:	dc11      	bgt.n	10001636 <best_effort_wfe_or_timeout+0x82>
10001612:	d00e      	beq.n	10001632 <best_effort_wfe_or_timeout+0x7e>
10001614:	bf20      	wfe
10001616:	4a23      	ldr	r2, [pc, #140]	; (100016a4 <best_effort_wfe_or_timeout+0xf0>)
10001618:	2000      	movs	r0, #0
1000161a:	6a53      	ldr	r3, [r2, #36]	; 0x24
1000161c:	42ab      	cmp	r3, r5
1000161e:	d3dd      	bcc.n	100015dc <best_effort_wfe_or_timeout+0x28>
10001620:	6a92      	ldr	r2, [r2, #40]	; 0x28
10001622:	3001      	adds	r0, #1
10001624:	42a2      	cmp	r2, r4
10001626:	d2d9      	bcs.n	100015dc <best_effort_wfe_or_timeout+0x28>
10001628:	1ae8      	subs	r0, r5, r3
1000162a:	1e42      	subs	r2, r0, #1
1000162c:	4190      	sbcs	r0, r2
1000162e:	b2c0      	uxtb	r0, r0
10001630:	e7d4      	b.n	100015dc <best_effort_wfe_or_timeout+0x28>
10001632:	4286      	cmp	r6, r0
10001634:	d9ee      	bls.n	10001614 <best_effort_wfe_or_timeout+0x60>
10001636:	f000 f84d 	bl	100016d4 <time_us_64>
1000163a:	0022      	movs	r2, r4
1000163c:	002b      	movs	r3, r5
1000163e:	1a12      	subs	r2, r2, r0
10001640:	418b      	sbcs	r3, r1
10001642:	2b00      	cmp	r3, #0
10001644:	db20      	blt.n	10001688 <best_effort_wfe_or_timeout+0xd4>
10001646:	2300      	movs	r3, #0
10001648:	9301      	str	r3, [sp, #4]
1000164a:	4b18      	ldr	r3, [pc, #96]	; (100016ac <best_effort_wfe_or_timeout+0xf8>)
1000164c:	0022      	movs	r2, r4
1000164e:	9300      	str	r3, [sp, #0]
10001650:	4640      	mov	r0, r8
10001652:	002b      	movs	r3, r5
10001654:	f7ff fe94 	bl	10001380 <alarm_pool_add_alarm_at_force_in_context>
10001658:	1e01      	subs	r1, r0, #0
1000165a:	dd15      	ble.n	10001688 <best_effort_wfe_or_timeout+0xd4>
1000165c:	4b11      	ldr	r3, [pc, #68]	; (100016a4 <best_effort_wfe_or_timeout+0xf0>)
1000165e:	002e      	movs	r6, r5
10001660:	6a5a      	ldr	r2, [r3, #36]	; 0x24
10001662:	4295      	cmp	r5, r2
10001664:	d81c      	bhi.n	100016a0 <best_effort_wfe_or_timeout+0xec>
10001666:	6a9b      	ldr	r3, [r3, #40]	; 0x28
10001668:	42a3      	cmp	r3, r4
1000166a:	d317      	bcc.n	1000169c <best_effort_wfe_or_timeout+0xe8>
1000166c:	4640      	mov	r0, r8
1000166e:	f7ff fedf 	bl	10001430 <alarm_pool_cancel_alarm>
10001672:	4a0c      	ldr	r2, [pc, #48]	; (100016a4 <best_effort_wfe_or_timeout+0xf0>)
10001674:	2000      	movs	r0, #0
10001676:	6a53      	ldr	r3, [r2, #36]	; 0x24
10001678:	429e      	cmp	r6, r3
1000167a:	d8af      	bhi.n	100015dc <best_effort_wfe_or_timeout+0x28>
1000167c:	e7d0      	b.n	10001620 <best_effort_wfe_or_timeout+0x6c>
1000167e:	1a58      	subs	r0, r3, r1
10001680:	1e42      	subs	r2, r0, #1
10001682:	4190      	sbcs	r0, r2
10001684:	b2c0      	uxtb	r0, r0
10001686:	e7a9      	b.n	100015dc <best_effort_wfe_or_timeout+0x28>
10001688:	4a06      	ldr	r2, [pc, #24]	; (100016a4 <best_effort_wfe_or_timeout+0xf0>)
1000168a:	2000      	movs	r0, #0
1000168c:	6a53      	ldr	r3, [r2, #36]	; 0x24
1000168e:	42ab      	cmp	r3, r5
10001690:	d3a4      	bcc.n	100015dc <best_effort_wfe_or_timeout+0x28>
10001692:	6a92      	ldr	r2, [r2, #40]	; 0x28
10001694:	2001      	movs	r0, #1
10001696:	42a2      	cmp	r2, r4
10001698:	d2a0      	bcs.n	100015dc <best_effort_wfe_or_timeout+0x28>
1000169a:	e7c5      	b.n	10001628 <best_effort_wfe_or_timeout+0x74>
1000169c:	4295      	cmp	r5, r2
1000169e:	d1e5      	bne.n	1000166c <best_effort_wfe_or_timeout+0xb8>
100016a0:	bf20      	wfe
100016a2:	e7e3      	b.n	1000166c <best_effort_wfe_or_timeout+0xb8>
100016a4:	40054000 	.word	0x40054000
100016a8:	2000106c 	.word	0x2000106c
100016ac:	10000e9d 	.word	0x10000e9d

100016b0 <timer_hardware_alarm_claim>:
100016b0:	b510      	push	{r4, lr}
100016b2:	4a02      	ldr	r2, [pc, #8]	; (100016bc <timer_hardware_alarm_claim+0xc>)
100016b4:	4802      	ldr	r0, [pc, #8]	; (100016c0 <timer_hardware_alarm_claim+0x10>)
100016b6:	f7ff f843 	bl	10000740 <hw_claim_or_assert>
100016ba:	bd10      	pop	{r4, pc}
100016bc:	10005048 	.word	0x10005048
100016c0:	20001a58 	.word	0x20001a58

100016c4 <timer_time_us_64>:
100016c4:	0003      	movs	r3, r0
100016c6:	6a41      	ldr	r1, [r0, #36]	; 0x24
100016c8:	000a      	movs	r2, r1
100016ca:	6a98      	ldr	r0, [r3, #40]	; 0x28
100016cc:	6a59      	ldr	r1, [r3, #36]	; 0x24
100016ce:	428a      	cmp	r2, r1
100016d0:	d1fa      	bne.n	100016c8 <timer_time_us_64+0x4>
100016d2:	4770      	bx	lr

100016d4 <time_us_64>:
100016d4:	4b03      	ldr	r3, [pc, #12]	; (100016e4 <time_us_64+0x10>)
100016d6:	6a59      	ldr	r1, [r3, #36]	; 0x24
100016d8:	000a      	movs	r2, r1
100016da:	6a98      	ldr	r0, [r3, #40]	; 0x28
100016dc:	6a59      	ldr	r1, [r3, #36]	; 0x24
100016de:	4291      	cmp	r1, r2
100016e0:	d1fa      	bne.n	100016d8 <time_us_64+0x4>
100016e2:	4770      	bx	lr
100016e4:	40054000 	.word	0x40054000

100016e8 <busy_wait_us>:
100016e8:	b570      	push	{r4, r5, r6, lr}
100016ea:	0004      	movs	r4, r0
100016ec:	000d      	movs	r5, r1
100016ee:	4a12      	ldr	r2, [pc, #72]	; (10001738 <busy_wait_us+0x50>)
100016f0:	6a53      	ldr	r3, [r2, #36]	; 0x24
100016f2:	0019      	movs	r1, r3
100016f4:	6a96      	ldr	r6, [r2, #40]	; 0x28
100016f6:	6a53      	ldr	r3, [r2, #36]	; 0x24
100016f8:	428b      	cmp	r3, r1
100016fa:	d1fa      	bne.n	100016f2 <busy_wait_us+0xa>
100016fc:	0030      	movs	r0, r6
100016fe:	0019      	movs	r1, r3
10001700:	1824      	adds	r4, r4, r0
10001702:	414d      	adcs	r5, r1
10001704:	42ab      	cmp	r3, r5
10001706:	d811      	bhi.n	1000172c <busy_wait_us+0x44>
10001708:	d00e      	beq.n	10001728 <busy_wait_us+0x40>
1000170a:	002b      	movs	r3, r5
1000170c:	490a      	ldr	r1, [pc, #40]	; (10001738 <busy_wait_us+0x50>)
1000170e:	6a4a      	ldr	r2, [r1, #36]	; 0x24
10001710:	429a      	cmp	r2, r3
10001712:	d3fc      	bcc.n	1000170e <busy_wait_us+0x26>
10001714:	d107      	bne.n	10001726 <busy_wait_us+0x3e>
10001716:	4a08      	ldr	r2, [pc, #32]	; (10001738 <busy_wait_us+0x50>)
10001718:	e002      	b.n	10001720 <busy_wait_us+0x38>
1000171a:	6a51      	ldr	r1, [r2, #36]	; 0x24
1000171c:	4299      	cmp	r1, r3
1000171e:	d102      	bne.n	10001726 <busy_wait_us+0x3e>
10001720:	6a91      	ldr	r1, [r2, #40]	; 0x28
10001722:	42a1      	cmp	r1, r4
10001724:	d3f9      	bcc.n	1000171a <busy_wait_us+0x32>
10001726:	bd70      	pop	{r4, r5, r6, pc}
10001728:	42a6      	cmp	r6, r4
1000172a:	d9ee      	bls.n	1000170a <busy_wait_us+0x22>
1000172c:	2301      	movs	r3, #1
1000172e:	2401      	movs	r4, #1
10001730:	4264      	negs	r4, r4
10001732:	17e5      	asrs	r5, r4, #31
10001734:	425b      	negs	r3, r3
10001736:	e7e9      	b.n	1000170c <busy_wait_us+0x24>
10001738:	40054000 	.word	0x40054000

1000173c <busy_wait_until>:
1000173c:	4a06      	ldr	r2, [pc, #24]	; (10001758 <busy_wait_until+0x1c>)
1000173e:	6a53      	ldr	r3, [r2, #36]	; 0x24
10001740:	4299      	cmp	r1, r3
10001742:	d8fc      	bhi.n	1000173e <busy_wait_until+0x2>
10001744:	d107      	bne.n	10001756 <busy_wait_until+0x1a>
10001746:	4b04      	ldr	r3, [pc, #16]	; (10001758 <busy_wait_until+0x1c>)
10001748:	e002      	b.n	10001750 <busy_wait_until+0x14>
1000174a:	6a5a      	ldr	r2, [r3, #36]	; 0x24
1000174c:	4291      	cmp	r1, r2
1000174e:	d102      	bne.n	10001756 <busy_wait_until+0x1a>
10001750:	6a9a      	ldr	r2, [r3, #40]	; 0x28
10001752:	4282      	cmp	r2, r0
10001754:	d3f9      	bcc.n	1000174a <busy_wait_until+0xe>
10001756:	4770      	bx	lr
10001758:	40054000 	.word	0x40054000

1000175c <uart_init>:
1000175c:	b5f8      	push	{r3, r4, r5, r6, r7, lr}
1000175e:	0004      	movs	r4, r0
10001760:	2006      	movs	r0, #6
10001762:	000d      	movs	r5, r1
10001764:	f000 f9e2 	bl	10001b2c <clock_get_hz>
10001768:	2800      	cmp	r0, #0
1000176a:	d042      	beq.n	100017f2 <uart_init+0x96>
1000176c:	4b36      	ldr	r3, [pc, #216]	; (10001848 <uart_init+0xec>)
1000176e:	4937      	ldr	r1, [pc, #220]	; (1000184c <uart_init+0xf0>)
10001770:	18e2      	adds	r2, r4, r3
10001772:	4253      	negs	r3, r2
10001774:	415a      	adcs	r2, r3
10001776:	2380      	movs	r3, #128	; 0x80
10001778:	03db      	lsls	r3, r3, #15
1000177a:	469c      	mov	ip, r3
1000177c:	0592      	lsls	r2, r2, #22
1000177e:	4b34      	ldr	r3, [pc, #208]	; (10001850 <uart_init+0xf4>)
10001780:	4462      	add	r2, ip
10001782:	601a      	str	r2, [r3, #0]
10001784:	4b33      	ldr	r3, [pc, #204]	; (10001854 <uart_init+0xf8>)
10001786:	601a      	str	r2, [r3, #0]
10001788:	0010      	movs	r0, r2
1000178a:	680b      	ldr	r3, [r1, #0]
1000178c:	4398      	bics	r0, r3
1000178e:	d1fb      	bne.n	10001788 <uart_init+0x2c>
10001790:	4b2d      	ldr	r3, [pc, #180]	; (10001848 <uart_init+0xec>)
10001792:	2180      	movs	r1, #128	; 0x80
10001794:	18e3      	adds	r3, r4, r3
10001796:	425a      	negs	r2, r3
10001798:	4153      	adcs	r3, r2
1000179a:	4a2f      	ldr	r2, [pc, #188]	; (10001858 <uart_init+0xfc>)
1000179c:	005b      	lsls	r3, r3, #1
1000179e:	0049      	lsls	r1, r1, #1
100017a0:	5299      	strh	r1, [r3, r2]
100017a2:	2006      	movs	r0, #6
100017a4:	f000 f9c2 	bl	10001b2c <clock_get_hz>
100017a8:	0029      	movs	r1, r5
100017aa:	00c0      	lsls	r0, r0, #3
100017ac:	f000 fbfa 	bl	10001fa4 <__wrap___aeabi_uidiv>
100017b0:	3001      	adds	r0, #1
100017b2:	09c3      	lsrs	r3, r0, #7
100017b4:	d11e      	bne.n	100017f4 <uart_init+0x98>
100017b6:	2740      	movs	r7, #64	; 0x40
100017b8:	2201      	movs	r2, #1
100017ba:	6262      	str	r2, [r4, #36]	; 0x24
100017bc:	62a3      	str	r3, [r4, #40]	; 0x28
100017be:	6b26      	ldr	r6, [r4, #48]	; 0x30
100017c0:	07f3      	lsls	r3, r6, #31
100017c2:	d422      	bmi.n	1000180a <uart_init+0xae>
100017c4:	6ae3      	ldr	r3, [r4, #44]	; 0x2c
100017c6:	4b25      	ldr	r3, [pc, #148]	; (1000185c <uart_init+0x100>)
100017c8:	2006      	movs	r0, #6
100017ca:	18e5      	adds	r5, r4, r3
100017cc:	2300      	movs	r3, #0
100017ce:	602b      	str	r3, [r5, #0]
100017d0:	6326      	str	r6, [r4, #48]	; 0x30
100017d2:	f000 f9ab 	bl	10001b2c <clock_get_hz>
100017d6:	0039      	movs	r1, r7
100017d8:	0080      	lsls	r0, r0, #2
100017da:	f000 fbe3 	bl	10001fa4 <__wrap___aeabi_uidiv>
100017de:	2270      	movs	r2, #112	; 0x70
100017e0:	6ae3      	ldr	r3, [r4, #44]	; 0x2c
100017e2:	405a      	eors	r2, r3
100017e4:	237e      	movs	r3, #126	; 0x7e
100017e6:	4013      	ands	r3, r2
100017e8:	602b      	str	r3, [r5, #0]
100017ea:	4b1d      	ldr	r3, [pc, #116]	; (10001860 <uart_init+0x104>)
100017ec:	6323      	str	r3, [r4, #48]	; 0x30
100017ee:	2303      	movs	r3, #3
100017f0:	64a3      	str	r3, [r4, #72]	; 0x48
100017f2:	bdf8      	pop	{r3, r4, r5, r6, r7, pc}
100017f4:	4a1b      	ldr	r2, [pc, #108]	; (10001864 <uart_init+0x108>)
100017f6:	4293      	cmp	r3, r2
100017f8:	d91e      	bls.n	10001838 <uart_init+0xdc>
100017fa:	2300      	movs	r3, #0
100017fc:	4a1a      	ldr	r2, [pc, #104]	; (10001868 <uart_init+0x10c>)
100017fe:	4f1b      	ldr	r7, [pc, #108]	; (1000186c <uart_init+0x110>)
10001800:	6262      	str	r2, [r4, #36]	; 0x24
10001802:	62a3      	str	r3, [r4, #40]	; 0x28
10001804:	6b26      	ldr	r6, [r4, #48]	; 0x30
10001806:	07f3      	lsls	r3, r6, #31
10001808:	d5dc      	bpl.n	100017c4 <uart_init+0x68>
1000180a:	4b19      	ldr	r3, [pc, #100]	; (10001870 <uart_init+0x114>)
1000180c:	4a14      	ldr	r2, [pc, #80]	; (10001860 <uart_init+0x104>)
1000180e:	18e3      	adds	r3, r4, r3
10001810:	601a      	str	r2, [r3, #0]
10001812:	6a65      	ldr	r5, [r4, #36]	; 0x24
10001814:	6aa2      	ldr	r2, [r4, #40]	; 0x28
10001816:	2006      	movs	r0, #6
10001818:	01ad      	lsls	r5, r5, #6
1000181a:	18ad      	adds	r5, r5, r2
1000181c:	f000 f986 	bl	10001b2c <clock_get_hz>
10001820:	4914      	ldr	r1, [pc, #80]	; (10001874 <uart_init+0x118>)
10001822:	f000 fbbf 	bl	10001fa4 <__wrap___aeabi_uidiv>
10001826:	02ad      	lsls	r5, r5, #10
10001828:	0001      	movs	r1, r0
1000182a:	0028      	movs	r0, r5
1000182c:	f000 fbba 	bl	10001fa4 <__wrap___aeabi_uidiv>
10001830:	2100      	movs	r1, #0
10001832:	f7ff ff59 	bl	100016e8 <busy_wait_us>
10001836:	e7c5      	b.n	100017c4 <uart_init+0x68>
10001838:	0640      	lsls	r0, r0, #25
1000183a:	0e80      	lsrs	r0, r0, #26
1000183c:	019f      	lsls	r7, r3, #6
1000183e:	001a      	movs	r2, r3
10001840:	183f      	adds	r7, r7, r0
10001842:	0003      	movs	r3, r0
10001844:	e7b9      	b.n	100017ba <uart_init+0x5e>
10001846:	46c0      	nop			; (mov r8, r8)
10001848:	bffc8000 	.word	0xbffc8000
1000184c:	4000c008 	.word	0x4000c008
10001850:	4000e000 	.word	0x4000e000
10001854:	4000f000 	.word	0x4000f000
10001858:	20001ff4 	.word	0x20001ff4
1000185c:	0000102c 	.word	0x0000102c
10001860:	00000301 	.word	0x00000301
10001864:	0000fffe 	.word	0x0000fffe
10001868:	0000ffff 	.word	0x0000ffff
1000186c:	003fffc0 	.word	0x003fffc0
10001870:	00003030 	.word	0x00003030
10001874:	00000e4e 	.word	0x00000e4e

10001878 <uart_set_format>:
10001878:	3905      	subs	r1, #5
1000187a:	3a01      	subs	r2, #1
1000187c:	b5f8      	push	{r3, r4, r5, r6, r7, lr}
1000187e:	00d2      	lsls	r2, r2, #3
10001880:	014c      	lsls	r4, r1, #5
10001882:	0005      	movs	r5, r0
10001884:	4314      	orrs	r4, r2
10001886:	2b00      	cmp	r3, #0
10001888:	d005      	beq.n	10001896 <uart_set_format+0x1e>
1000188a:	2202      	movs	r2, #2
1000188c:	4322      	orrs	r2, r4
1000188e:	2b01      	cmp	r3, #1
10001890:	d124      	bne.n	100018dc <uart_set_format+0x64>
10001892:	3305      	adds	r3, #5
10001894:	431c      	orrs	r4, r3
10001896:	6b2e      	ldr	r6, [r5, #48]	; 0x30
10001898:	07f3      	lsls	r3, r6, #31
1000189a:	d408      	bmi.n	100018ae <uart_set_format+0x36>
1000189c:	6aea      	ldr	r2, [r5, #44]	; 0x2c
1000189e:	4b10      	ldr	r3, [pc, #64]	; (100018e0 <uart_set_format+0x68>)
100018a0:	4062      	eors	r2, r4
100018a2:	246e      	movs	r4, #110	; 0x6e
100018a4:	18eb      	adds	r3, r5, r3
100018a6:	4014      	ands	r4, r2
100018a8:	601c      	str	r4, [r3, #0]
100018aa:	632e      	str	r6, [r5, #48]	; 0x30
100018ac:	bdf8      	pop	{r3, r4, r5, r6, r7, pc}
100018ae:	4b0d      	ldr	r3, [pc, #52]	; (100018e4 <uart_set_format+0x6c>)
100018b0:	4a0d      	ldr	r2, [pc, #52]	; (100018e8 <uart_set_format+0x70>)
100018b2:	18eb      	adds	r3, r5, r3
100018b4:	601a      	str	r2, [r3, #0]
100018b6:	6a6f      	ldr	r7, [r5, #36]	; 0x24
100018b8:	6aaa      	ldr	r2, [r5, #40]	; 0x28
100018ba:	2006      	movs	r0, #6
100018bc:	01bf      	lsls	r7, r7, #6
100018be:	18bf      	adds	r7, r7, r2
100018c0:	f000 f934 	bl	10001b2c <clock_get_hz>
100018c4:	4909      	ldr	r1, [pc, #36]	; (100018ec <uart_set_format+0x74>)
100018c6:	f000 fb6d 	bl	10001fa4 <__wrap___aeabi_uidiv>
100018ca:	02bf      	lsls	r7, r7, #10
100018cc:	0001      	movs	r1, r0
100018ce:	0038      	movs	r0, r7
100018d0:	f000 fb68 	bl	10001fa4 <__wrap___aeabi_uidiv>
100018d4:	2100      	movs	r1, #0
100018d6:	f7ff ff07 	bl	100016e8 <busy_wait_us>
100018da:	e7df      	b.n	1000189c <uart_set_format+0x24>
100018dc:	0014      	movs	r4, r2
100018de:	e7da      	b.n	10001896 <uart_set_format+0x1e>
100018e0:	0000102c 	.word	0x0000102c
100018e4:	00003030 	.word	0x00003030
100018e8:	00000301 	.word	0x00000301
100018ec:	00000e4e 	.word	0x00000e4e

100018f0 <uart_set_fifo_enabled>:
100018f0:	b5f8      	push	{r3, r4, r5, r6, r7, lr}
100018f2:	1e4b      	subs	r3, r1, #1
100018f4:	4199      	sbcs	r1, r3
100018f6:	6b06      	ldr	r6, [r0, #48]	; 0x30
100018f8:	0005      	movs	r5, r0
100018fa:	010c      	lsls	r4, r1, #4
100018fc:	07f3      	lsls	r3, r6, #31
100018fe:	d408      	bmi.n	10001912 <uart_set_fifo_enabled+0x22>
10001900:	2310      	movs	r3, #16
10001902:	6ae9      	ldr	r1, [r5, #44]	; 0x2c
10001904:	404c      	eors	r4, r1
10001906:	401c      	ands	r4, r3
10001908:	4b0d      	ldr	r3, [pc, #52]	; (10001940 <uart_set_fifo_enabled+0x50>)
1000190a:	18eb      	adds	r3, r5, r3
1000190c:	601c      	str	r4, [r3, #0]
1000190e:	632e      	str	r6, [r5, #48]	; 0x30
10001910:	bdf8      	pop	{r3, r4, r5, r6, r7, pc}
10001912:	4b0c      	ldr	r3, [pc, #48]	; (10001944 <uart_set_fifo_enabled+0x54>)
10001914:	4a0c      	ldr	r2, [pc, #48]	; (10001948 <uart_set_fifo_enabled+0x58>)
10001916:	18c3      	adds	r3, r0, r3
10001918:	601a      	str	r2, [r3, #0]
1000191a:	6a47      	ldr	r7, [r0, #36]	; 0x24
1000191c:	6a82      	ldr	r2, [r0, #40]	; 0x28
1000191e:	01bf      	lsls	r7, r7, #6
10001920:	2006      	movs	r0, #6
10001922:	18bf      	adds	r7, r7, r2
10001924:	f000 f902 	bl	10001b2c <clock_get_hz>
10001928:	4908      	ldr	r1, [pc, #32]	; (1000194c <uart_set_fifo_enabled+0x5c>)
1000192a:	f000 fb3b 	bl	10001fa4 <__wrap___aeabi_uidiv>
1000192e:	02bf      	lsls	r7, r7, #10
10001930:	0001      	movs	r1, r0
10001932:	0038      	movs	r0, r7
10001934:	f000 fb36 	bl	10001fa4 <__wrap___aeabi_uidiv>
10001938:	2100      	movs	r1, #0
1000193a:	f7ff fed5 	bl	100016e8 <busy_wait_us>
1000193e:	e7df      	b.n	10001900 <uart_set_fifo_enabled+0x10>
10001940:	0000102c 	.word	0x0000102c
10001944:	00003030 	.word	0x00003030
10001948:	00000301 	.word	0x00000301
1000194c:	00000e4e 	.word	0x00000e4e

10001950 <clock_configure_int_divider>:
10001950:	b5f8      	push	{r3, r4, r5, r6, r7, lr}
10001952:	46de      	mov	lr, fp
10001954:	464e      	mov	r6, r9
10001956:	4657      	mov	r7, sl
10001958:	4645      	mov	r5, r8
1000195a:	b5e0      	push	{r5, r6, r7, lr}
1000195c:	468b      	mov	fp, r1
1000195e:	0005      	movs	r5, r0
10001960:	990a      	ldr	r1, [sp, #40]	; 0x28
10001962:	0018      	movs	r0, r3
10001964:	0016      	movs	r6, r2
10001966:	f000 fb1d 	bl	10001fa4 <__wrap___aeabi_uidiv>
1000196a:	9b0a      	ldr	r3, [sp, #40]	; 0x28
1000196c:	006c      	lsls	r4, r5, #1
1000196e:	021f      	lsls	r7, r3, #8
10001970:	4b32      	ldr	r3, [pc, #200]	; (10001a3c <clock_configure_int_divider+0xec>)
10001972:	1964      	adds	r4, r4, r5
10001974:	469c      	mov	ip, r3
10001976:	00a4      	lsls	r4, r4, #2
10001978:	4464      	add	r4, ip
1000197a:	6863      	ldr	r3, [r4, #4]
1000197c:	4681      	mov	r9, r0
1000197e:	429f      	cmp	r7, r3
10001980:	d900      	bls.n	10001984 <clock_configure_int_divider+0x34>
10001982:	6067      	str	r7, [r4, #4]
10001984:	1f2b      	subs	r3, r5, #4
10001986:	b2db      	uxtb	r3, r3
10001988:	4698      	mov	r8, r3
1000198a:	2b01      	cmp	r3, #1
1000198c:	d930      	bls.n	100019f0 <clock_configure_int_divider+0xa0>
1000198e:	23c0      	movs	r3, #192	; 0xc0
10001990:	2280      	movs	r2, #128	; 0x80
10001992:	019b      	lsls	r3, r3, #6
10001994:	18e3      	adds	r3, r4, r3
10001996:	0112      	lsls	r2, r2, #4
10001998:	601a      	str	r2, [r3, #0]
1000199a:	4b29      	ldr	r3, [pc, #164]	; (10001a40 <clock_configure_int_divider+0xf0>)
1000199c:	00ad      	lsls	r5, r5, #2
1000199e:	5959      	ldr	r1, [r3, r5]
100019a0:	469a      	mov	sl, r3
100019a2:	2900      	cmp	r1, #0
100019a4:	d11b      	bne.n	100019de <clock_configure_int_divider+0x8e>
100019a6:	6822      	ldr	r2, [r4, #0]
100019a8:	0176      	lsls	r6, r6, #5
100019aa:	4072      	eors	r2, r6
100019ac:	26e0      	movs	r6, #224	; 0xe0
100019ae:	2380      	movs	r3, #128	; 0x80
100019b0:	4016      	ands	r6, r2
100019b2:	4642      	mov	r2, r8
100019b4:	015b      	lsls	r3, r3, #5
100019b6:	18e3      	adds	r3, r4, r3
100019b8:	601e      	str	r6, [r3, #0]
100019ba:	2a01      	cmp	r2, #1
100019bc:	d930      	bls.n	10001a20 <clock_configure_int_divider+0xd0>
100019be:	2380      	movs	r3, #128	; 0x80
100019c0:	2280      	movs	r2, #128	; 0x80
100019c2:	019b      	lsls	r3, r3, #6
100019c4:	18e3      	adds	r3, r4, r3
100019c6:	0112      	lsls	r2, r2, #4
100019c8:	601a      	str	r2, [r3, #0]
100019ca:	4653      	mov	r3, sl
100019cc:	464a      	mov	r2, r9
100019ce:	6067      	str	r7, [r4, #4]
100019d0:	515a      	str	r2, [r3, r5]
100019d2:	bcf0      	pop	{r4, r5, r6, r7}
100019d4:	46bb      	mov	fp, r7
100019d6:	46b2      	mov	sl, r6
100019d8:	46a9      	mov	r9, r5
100019da:	46a0      	mov	r8, r4
100019dc:	bdf8      	pop	{r3, r4, r5, r6, r7, pc}
100019de:	6958      	ldr	r0, [r3, #20]
100019e0:	f000 fae0 	bl	10001fa4 <__wrap___aeabi_uidiv>
100019e4:	1c43      	adds	r3, r0, #1
100019e6:	0058      	lsls	r0, r3, #1
100019e8:	18c0      	adds	r0, r0, r3
100019ea:	3803      	subs	r0, #3
100019ec:	d2fd      	bcs.n	100019ea <clock_configure_int_divider+0x9a>
100019ee:	e7da      	b.n	100019a6 <clock_configure_int_divider+0x56>
100019f0:	465b      	mov	r3, fp
100019f2:	2b01      	cmp	r3, #1
100019f4:	d1cb      	bne.n	1000198e <clock_configure_int_divider+0x3e>
100019f6:	23c0      	movs	r3, #192	; 0xc0
100019f8:	2203      	movs	r2, #3
100019fa:	019b      	lsls	r3, r3, #6
100019fc:	18e3      	adds	r3, r4, r3
100019fe:	601a      	str	r2, [r3, #0]
10001a00:	3a02      	subs	r2, #2
10001a02:	68a3      	ldr	r3, [r4, #8]
10001a04:	421a      	tst	r2, r3
10001a06:	d0fc      	beq.n	10001a02 <clock_configure_int_divider+0xb2>
10001a08:	23e0      	movs	r3, #224	; 0xe0
10001a0a:	6822      	ldr	r2, [r4, #0]
10001a0c:	0176      	lsls	r6, r6, #5
10001a0e:	4056      	eors	r6, r2
10001a10:	401e      	ands	r6, r3
10001a12:	2380      	movs	r3, #128	; 0x80
10001a14:	4a0a      	ldr	r2, [pc, #40]	; (10001a40 <clock_configure_int_divider+0xf0>)
10001a16:	015b      	lsls	r3, r3, #5
10001a18:	4692      	mov	sl, r2
10001a1a:	18e3      	adds	r3, r4, r3
10001a1c:	601e      	str	r6, [r3, #0]
10001a1e:	00ad      	lsls	r5, r5, #2
10001a20:	465a      	mov	r2, fp
10001a22:	6821      	ldr	r1, [r4, #0]
10001a24:	4051      	eors	r1, r2
10001a26:	2203      	movs	r2, #3
10001a28:	400a      	ands	r2, r1
10001a2a:	601a      	str	r2, [r3, #0]
10001a2c:	2201      	movs	r2, #1
10001a2e:	465b      	mov	r3, fp
10001a30:	409a      	lsls	r2, r3
10001a32:	68a3      	ldr	r3, [r4, #8]
10001a34:	421a      	tst	r2, r3
10001a36:	d0fc      	beq.n	10001a32 <clock_configure_int_divider+0xe2>
10001a38:	e7c1      	b.n	100019be <clock_configure_int_divider+0x6e>
10001a3a:	46c0      	nop			; (mov r8, r8)
10001a3c:	40008000 	.word	0x40008000
10001a40:	20001a5c 	.word	0x20001a5c

10001a44 <clock_configure_undivided>:
10001a44:	b5f0      	push	{r4, r5, r6, r7, lr}
10001a46:	4646      	mov	r6, r8
10001a48:	464f      	mov	r7, r9
10001a4a:	46d6      	mov	lr, sl
10001a4c:	b5c0      	push	{r6, r7, lr}
10001a4e:	001f      	movs	r7, r3
10001a50:	4b34      	ldr	r3, [pc, #208]	; (10001b24 <clock_configure_undivided+0xe0>)
10001a52:	0044      	lsls	r4, r0, #1
10001a54:	469c      	mov	ip, r3
10001a56:	1824      	adds	r4, r4, r0
10001a58:	00a4      	lsls	r4, r4, #2
10001a5a:	4464      	add	r4, ip
10001a5c:	6863      	ldr	r3, [r4, #4]
10001a5e:	4688      	mov	r8, r1
10001a60:	0016      	movs	r6, r2
10001a62:	2bff      	cmp	r3, #255	; 0xff
10001a64:	d802      	bhi.n	10001a6c <clock_configure_undivided+0x28>
10001a66:	2380      	movs	r3, #128	; 0x80
10001a68:	005b      	lsls	r3, r3, #1
10001a6a:	6063      	str	r3, [r4, #4]
10001a6c:	1f03      	subs	r3, r0, #4
10001a6e:	b2db      	uxtb	r3, r3
10001a70:	469a      	mov	sl, r3
10001a72:	2b01      	cmp	r3, #1
10001a74:	d930      	bls.n	10001ad8 <clock_configure_undivided+0x94>
10001a76:	23c0      	movs	r3, #192	; 0xc0
10001a78:	2280      	movs	r2, #128	; 0x80
10001a7a:	019b      	lsls	r3, r3, #6
10001a7c:	18e3      	adds	r3, r4, r3
10001a7e:	0112      	lsls	r2, r2, #4
10001a80:	601a      	str	r2, [r3, #0]
10001a82:	4b29      	ldr	r3, [pc, #164]	; (10001b28 <clock_configure_undivided+0xe4>)
10001a84:	0085      	lsls	r5, r0, #2
10001a86:	5959      	ldr	r1, [r3, r5]
10001a88:	4699      	mov	r9, r3
10001a8a:	2900      	cmp	r1, #0
10001a8c:	d11b      	bne.n	10001ac6 <clock_configure_undivided+0x82>
10001a8e:	6822      	ldr	r2, [r4, #0]
10001a90:	0176      	lsls	r6, r6, #5
10001a92:	4072      	eors	r2, r6
10001a94:	26e0      	movs	r6, #224	; 0xe0
10001a96:	2380      	movs	r3, #128	; 0x80
10001a98:	4016      	ands	r6, r2
10001a9a:	4652      	mov	r2, sl
10001a9c:	015b      	lsls	r3, r3, #5
10001a9e:	18e3      	adds	r3, r4, r3
10001aa0:	601e      	str	r6, [r3, #0]
10001aa2:	2a01      	cmp	r2, #1
10001aa4:	d930      	bls.n	10001b08 <clock_configure_undivided+0xc4>
10001aa6:	2380      	movs	r3, #128	; 0x80
10001aa8:	2280      	movs	r2, #128	; 0x80
10001aaa:	019b      	lsls	r3, r3, #6
10001aac:	18e3      	adds	r3, r4, r3
10001aae:	0112      	lsls	r2, r2, #4
10001ab0:	601a      	str	r2, [r3, #0]
10001ab2:	2380      	movs	r3, #128	; 0x80
10001ab4:	005b      	lsls	r3, r3, #1
10001ab6:	6063      	str	r3, [r4, #4]
10001ab8:	464b      	mov	r3, r9
10001aba:	515f      	str	r7, [r3, r5]
10001abc:	bce0      	pop	{r5, r6, r7}
10001abe:	46ba      	mov	sl, r7
10001ac0:	46b1      	mov	r9, r6
10001ac2:	46a8      	mov	r8, r5
10001ac4:	bdf0      	pop	{r4, r5, r6, r7, pc}
10001ac6:	6958      	ldr	r0, [r3, #20]
10001ac8:	f000 fa6c 	bl	10001fa4 <__wrap___aeabi_uidiv>
10001acc:	1c43      	adds	r3, r0, #1
10001ace:	0058      	lsls	r0, r3, #1
10001ad0:	18c0      	adds	r0, r0, r3
10001ad2:	3803      	subs	r0, #3
10001ad4:	d2fd      	bcs.n	10001ad2 <clock_configure_undivided+0x8e>
10001ad6:	e7da      	b.n	10001a8e <clock_configure_undivided+0x4a>
10001ad8:	4643      	mov	r3, r8
10001ada:	2b01      	cmp	r3, #1
10001adc:	d1cb      	bne.n	10001a76 <clock_configure_undivided+0x32>
10001ade:	23c0      	movs	r3, #192	; 0xc0
10001ae0:	2203      	movs	r2, #3
10001ae2:	019b      	lsls	r3, r3, #6
10001ae4:	18e3      	adds	r3, r4, r3
10001ae6:	601a      	str	r2, [r3, #0]
10001ae8:	3a02      	subs	r2, #2
10001aea:	68a3      	ldr	r3, [r4, #8]
10001aec:	421a      	tst	r2, r3
10001aee:	d0fc      	beq.n	10001aea <clock_configure_undivided+0xa6>
10001af0:	23e0      	movs	r3, #224	; 0xe0
10001af2:	6822      	ldr	r2, [r4, #0]
10001af4:	0176      	lsls	r6, r6, #5
10001af6:	4056      	eors	r6, r2
10001af8:	401e      	ands	r6, r3
10001afa:	2380      	movs	r3, #128	; 0x80
10001afc:	4a0a      	ldr	r2, [pc, #40]	; (10001b28 <clock_configure_undivided+0xe4>)
10001afe:	015b      	lsls	r3, r3, #5
10001b00:	4691      	mov	r9, r2
10001b02:	18e3      	adds	r3, r4, r3
10001b04:	601e      	str	r6, [r3, #0]
10001b06:	0085      	lsls	r5, r0, #2
10001b08:	4642      	mov	r2, r8
10001b0a:	6821      	ldr	r1, [r4, #0]
10001b0c:	4051      	eors	r1, r2
10001b0e:	2203      	movs	r2, #3
10001b10:	400a      	ands	r2, r1
10001b12:	601a      	str	r2, [r3, #0]
10001b14:	2301      	movs	r3, #1
10001b16:	4642      	mov	r2, r8
10001b18:	4093      	lsls	r3, r2
10001b1a:	68a2      	ldr	r2, [r4, #8]
10001b1c:	4213      	tst	r3, r2
10001b1e:	d0fc      	beq.n	10001b1a <clock_configure_undivided+0xd6>
10001b20:	e7c1      	b.n	10001aa6 <clock_configure_undivided+0x62>
10001b22:	46c0      	nop			; (mov r8, r8)
10001b24:	40008000 	.word	0x40008000
10001b28:	20001a5c 	.word	0x20001a5c

10001b2c <clock_get_hz>:
10001b2c:	4b01      	ldr	r3, [pc, #4]	; (10001b34 <clock_get_hz+0x8>)
10001b2e:	0080      	lsls	r0, r0, #2
10001b30:	58c0      	ldr	r0, [r0, r3]
10001b32:	4770      	bx	lr
10001b34:	20001a5c 	.word	0x20001a5c

10001b38 <pll_init>:
10001b38:	b5f8      	push	{r3, r4, r5, r6, r7, lr}
10001b3a:	0004      	movs	r4, r0
10001b3c:	4820      	ldr	r0, [pc, #128]	; (10001bc0 <pll_init+0x88>)
10001b3e:	001d      	movs	r5, r3
10001b40:	0017      	movs	r7, r2
10001b42:	000e      	movs	r6, r1
10001b44:	f000 fa2e 	bl	10001fa4 <__wrap___aeabi_uidiv>
10001b48:	0001      	movs	r1, r0
10001b4a:	0038      	movs	r0, r7
10001b4c:	f000 fa2a 	bl	10001fa4 <__wrap___aeabi_uidiv>
10001b50:	9b06      	ldr	r3, [sp, #24]
10001b52:	0429      	lsls	r1, r5, #16
10001b54:	031b      	lsls	r3, r3, #12
10001b56:	4319      	orrs	r1, r3
10001b58:	6823      	ldr	r3, [r4, #0]
10001b5a:	2b00      	cmp	r3, #0
10001b5c:	db1e      	blt.n	10001b9c <pll_init+0x64>
10001b5e:	4b19      	ldr	r3, [pc, #100]	; (10001bc4 <pll_init+0x8c>)
10001b60:	4d19      	ldr	r5, [pc, #100]	; (10001bc8 <pll_init+0x90>)
10001b62:	18e2      	adds	r2, r4, r3
10001b64:	4253      	negs	r3, r2
10001b66:	415a      	adcs	r2, r3
10001b68:	2380      	movs	r3, #128	; 0x80
10001b6a:	015b      	lsls	r3, r3, #5
10001b6c:	469c      	mov	ip, r3
10001b6e:	0312      	lsls	r2, r2, #12
10001b70:	4b16      	ldr	r3, [pc, #88]	; (10001bcc <pll_init+0x94>)
10001b72:	4462      	add	r2, ip
10001b74:	601a      	str	r2, [r3, #0]
10001b76:	4b16      	ldr	r3, [pc, #88]	; (10001bd0 <pll_init+0x98>)
10001b78:	601a      	str	r2, [r3, #0]
10001b7a:	0017      	movs	r7, r2
10001b7c:	682b      	ldr	r3, [r5, #0]
10001b7e:	439f      	bics	r7, r3
10001b80:	d1fb      	bne.n	10001b7a <pll_init+0x42>
10001b82:	4b14      	ldr	r3, [pc, #80]	; (10001bd4 <pll_init+0x9c>)
10001b84:	6026      	str	r6, [r4, #0]
10001b86:	18e2      	adds	r2, r4, r3
10001b88:	2321      	movs	r3, #33	; 0x21
10001b8a:	60a0      	str	r0, [r4, #8]
10001b8c:	6013      	str	r3, [r2, #0]
10001b8e:	6823      	ldr	r3, [r4, #0]
10001b90:	2b00      	cmp	r3, #0
10001b92:	dafc      	bge.n	10001b8e <pll_init+0x56>
10001b94:	2308      	movs	r3, #8
10001b96:	60e1      	str	r1, [r4, #12]
10001b98:	6013      	str	r3, [r2, #0]
10001b9a:	bdf8      	pop	{r3, r4, r5, r6, r7, pc}
10001b9c:	233f      	movs	r3, #63	; 0x3f
10001b9e:	6822      	ldr	r2, [r4, #0]
10001ba0:	4013      	ands	r3, r2
10001ba2:	42b3      	cmp	r3, r6
10001ba4:	d1db      	bne.n	10001b5e <pll_init+0x26>
10001ba6:	68a3      	ldr	r3, [r4, #8]
10001ba8:	051b      	lsls	r3, r3, #20
10001baa:	0d1b      	lsrs	r3, r3, #20
10001bac:	4283      	cmp	r3, r0
10001bae:	d1d6      	bne.n	10001b5e <pll_init+0x26>
10001bb0:	22ee      	movs	r2, #238	; 0xee
10001bb2:	68e3      	ldr	r3, [r4, #12]
10001bb4:	02d2      	lsls	r2, r2, #11
10001bb6:	4013      	ands	r3, r2
10001bb8:	428b      	cmp	r3, r1
10001bba:	d1d0      	bne.n	10001b5e <pll_init+0x26>
10001bbc:	e7ed      	b.n	10001b9a <pll_init+0x62>
10001bbe:	46c0      	nop			; (mov r8, r8)
10001bc0:	00b71b00 	.word	0x00b71b00
10001bc4:	bffd4000 	.word	0xbffd4000
10001bc8:	4000c008 	.word	0x4000c008
10001bcc:	4000e000 	.word	0x4000e000
10001bd0:	4000f000 	.word	0x4000f000
10001bd4:	00003004 	.word	0x00003004

10001bd8 <watchdog_reboot>:
10001bd8:	b510      	push	{r4, lr}
10001bda:	0014      	movs	r4, r2
10001bdc:	2280      	movs	r2, #128	; 0x80
10001bde:	4b1b      	ldr	r3, [pc, #108]	; (10001c4c <watchdog_reboot+0x74>)
10001be0:	05d2      	lsls	r2, r2, #23
10001be2:	601a      	str	r2, [r3, #0]
10001be4:	2800      	cmp	r0, #0
10001be6:	d01a      	beq.n	10001c1e <watchdog_reboot+0x46>
10001be8:	2301      	movs	r3, #1
10001bea:	4a19      	ldr	r2, [pc, #100]	; (10001c50 <watchdog_reboot+0x78>)
10001bec:	4318      	orrs	r0, r3
10001bee:	4b19      	ldr	r3, [pc, #100]	; (10001c54 <watchdog_reboot+0x7c>)
10001bf0:	61da      	str	r2, [r3, #28]
10001bf2:	4a19      	ldr	r2, [pc, #100]	; (10001c58 <watchdog_reboot+0x80>)
10001bf4:	4042      	eors	r2, r0
10001bf6:	621a      	str	r2, [r3, #32]
10001bf8:	6259      	str	r1, [r3, #36]	; 0x24
10001bfa:	6298      	str	r0, [r3, #40]	; 0x28
10001bfc:	2280      	movs	r2, #128	; 0x80
10001bfe:	4b13      	ldr	r3, [pc, #76]	; (10001c4c <watchdog_reboot+0x74>)
10001c00:	05d2      	lsls	r2, r2, #23
10001c02:	601a      	str	r2, [r3, #0]
10001c04:	4915      	ldr	r1, [pc, #84]	; (10001c5c <watchdog_reboot+0x84>)
10001c06:	4a16      	ldr	r2, [pc, #88]	; (10001c60 <watchdog_reboot+0x88>)
10001c08:	6011      	str	r1, [r2, #0]
10001c0a:	22e0      	movs	r2, #224	; 0xe0
10001c0c:	04d2      	lsls	r2, r2, #19
10001c0e:	601a      	str	r2, [r3, #0]
10001c10:	2c00      	cmp	r4, #0
10001c12:	d107      	bne.n	10001c24 <watchdog_reboot+0x4c>
10001c14:	2280      	movs	r2, #128	; 0x80
10001c16:	4b13      	ldr	r3, [pc, #76]	; (10001c64 <watchdog_reboot+0x8c>)
10001c18:	0612      	lsls	r2, r2, #24
10001c1a:	601a      	str	r2, [r3, #0]
10001c1c:	bd10      	pop	{r4, pc}
10001c1e:	4b0d      	ldr	r3, [pc, #52]	; (10001c54 <watchdog_reboot+0x7c>)
10001c20:	61d8      	str	r0, [r3, #28]
10001c22:	e7eb      	b.n	10001bfc <watchdog_reboot+0x24>
10001c24:	0163      	lsls	r3, r4, #5
10001c26:	1b1b      	subs	r3, r3, r4
10001c28:	009a      	lsls	r2, r3, #2
10001c2a:	2380      	movs	r3, #128	; 0x80
10001c2c:	1912      	adds	r2, r2, r4
10001c2e:	0112      	lsls	r2, r2, #4
10001c30:	045b      	lsls	r3, r3, #17
10001c32:	429a      	cmp	r2, r3
10001c34:	d300      	bcc.n	10001c38 <watchdog_reboot+0x60>
10001c36:	4a0c      	ldr	r2, [pc, #48]	; (10001c68 <watchdog_reboot+0x90>)
10001c38:	4b0c      	ldr	r3, [pc, #48]	; (10001c6c <watchdog_reboot+0x94>)
10001c3a:	601a      	str	r2, [r3, #0]
10001c3c:	4b05      	ldr	r3, [pc, #20]	; (10001c54 <watchdog_reboot+0x7c>)
10001c3e:	605a      	str	r2, [r3, #4]
10001c40:	2280      	movs	r2, #128	; 0x80
10001c42:	4b08      	ldr	r3, [pc, #32]	; (10001c64 <watchdog_reboot+0x8c>)
10001c44:	05d2      	lsls	r2, r2, #23
10001c46:	601a      	str	r2, [r3, #0]
10001c48:	e7e8      	b.n	10001c1c <watchdog_reboot+0x44>
10001c4a:	46c0      	nop			; (mov r8, r8)
10001c4c:	4005b000 	.word	0x4005b000
10001c50:	b007c0d3 	.word	0xb007c0d3
10001c54:	40058000 	.word	0x40058000
10001c58:	4ff83f2d 	.word	0x4ff83f2d
10001c5c:	0001fffc 	.word	0x0001fffc
10001c60:	40012008 	.word	0x40012008
10001c64:	4005a000 	.word	0x4005a000
10001c68:	00ffffff 	.word	0x00ffffff
10001c6c:	20001ebc 	.word	0x20001ebc

10001c70 <tick_start>:
10001c70:	2380      	movs	r3, #128	; 0x80
10001c72:	4a02      	ldr	r2, [pc, #8]	; (10001c7c <tick_start+0xc>)
10001c74:	009b      	lsls	r3, r3, #2
10001c76:	430b      	orrs	r3, r1
10001c78:	62d3      	str	r3, [r2, #44]	; 0x2c
10001c7a:	4770      	bx	lr
10001c7c:	40058000 	.word	0x40058000

10001c80 <rom_func_lookup>:
10001c80:	2314      	movs	r3, #20
10001c82:	b510      	push	{r4, lr}
10001c84:	0001      	movs	r1, r0
10001c86:	8818      	ldrh	r0, [r3, #0]
10001c88:	3304      	adds	r3, #4
10001c8a:	881b      	ldrh	r3, [r3, #0]
10001c8c:	4798      	blx	r3
10001c8e:	bd10      	pop	{r4, pc}

10001c90 <rom_data_lookup>:
10001c90:	2316      	movs	r3, #22
10001c92:	b510      	push	{r4, lr}
10001c94:	0001      	movs	r1, r0
10001c96:	8818      	ldrh	r0, [r3, #0]
10001c98:	3302      	adds	r3, #2
10001c9a:	881b      	ldrh	r3, [r3, #0]
10001c9c:	4798      	blx	r3
10001c9e:	bd10      	pop	{r4, pc}

10001ca0 <rom_funcs_lookup>:
10001ca0:	b5f8      	push	{r3, r4, r5, r6, r7, lr}
10001ca2:	4647      	mov	r7, r8
10001ca4:	46ce      	mov	lr, r9
10001ca6:	b580      	push	{r7, lr}
10001ca8:	1e0f      	subs	r7, r1, #0
10001caa:	d019      	beq.n	10001ce0 <rom_funcs_lookup+0x40>
10001cac:	2314      	movs	r3, #20
10001cae:	4699      	mov	r9, r3
10001cb0:	3304      	adds	r3, #4
10001cb2:	0004      	movs	r4, r0
10001cb4:	2500      	movs	r5, #0
10001cb6:	2601      	movs	r6, #1
10001cb8:	4698      	mov	r8, r3
10001cba:	464b      	mov	r3, r9
10001cbc:	8818      	ldrh	r0, [r3, #0]
10001cbe:	4643      	mov	r3, r8
10001cc0:	6821      	ldr	r1, [r4, #0]
10001cc2:	881b      	ldrh	r3, [r3, #0]
10001cc4:	4798      	blx	r3
10001cc6:	c401      	stmia	r4!, {r0}
10001cc8:	1e43      	subs	r3, r0, #1
10001cca:	4198      	sbcs	r0, r3
10001ccc:	3501      	adds	r5, #1
10001cce:	4240      	negs	r0, r0
10001cd0:	4006      	ands	r6, r0
10001cd2:	42af      	cmp	r7, r5
10001cd4:	d1f1      	bne.n	10001cba <rom_funcs_lookup+0x1a>
10001cd6:	0030      	movs	r0, r6
10001cd8:	bcc0      	pop	{r6, r7}
10001cda:	46b9      	mov	r9, r7
10001cdc:	46b0      	mov	r8, r6
10001cde:	bdf8      	pop	{r3, r4, r5, r6, r7, pc}
10001ce0:	2601      	movs	r6, #1
10001ce2:	e7f8      	b.n	10001cd6 <rom_funcs_lookup+0x36>

10001ce4 <rom_reset_usb_boot_extra>:
10001ce4:	2314      	movs	r3, #20
10001ce6:	b570      	push	{r4, r5, r6, lr}
10001ce8:	0004      	movs	r4, r0
10001cea:	8818      	ldrh	r0, [r3, #0]
10001cec:	3304      	adds	r3, #4
10001cee:	881b      	ldrh	r3, [r3, #0]
10001cf0:	000d      	movs	r5, r1
10001cf2:	4905      	ldr	r1, [pc, #20]	; (10001d08 <rom_reset_usb_boot_extra+0x24>)
10001cf4:	4798      	blx	r3
10001cf6:	0003      	movs	r3, r0
10001cf8:	2000      	movs	r0, #0
10001cfa:	2c00      	cmp	r4, #0
10001cfc:	db01      	blt.n	10001d02 <rom_reset_usb_boot_extra+0x1e>
10001cfe:	3001      	adds	r0, #1
10001d00:	40a0      	lsls	r0, r4
10001d02:	0029      	movs	r1, r5
10001d04:	4798      	blx	r3
10001d06:	46c0      	nop			; (mov r8, r8)
10001d08:	00004255 	.word	0x00004255

10001d0c <xosc_init>:
10001d0c:	23aa      	movs	r3, #170	; 0xaa
10001d0e:	4a06      	ldr	r2, [pc, #24]	; (10001d28 <xosc_init+0x1c>)
10001d10:	011b      	lsls	r3, r3, #4
10001d12:	6013      	str	r3, [r2, #0]
10001d14:	238d      	movs	r3, #141	; 0x8d
10001d16:	005b      	lsls	r3, r3, #1
10001d18:	60d3      	str	r3, [r2, #12]
10001d1a:	4904      	ldr	r1, [pc, #16]	; (10001d2c <xosc_init+0x20>)
10001d1c:	4b04      	ldr	r3, [pc, #16]	; (10001d30 <xosc_init+0x24>)
10001d1e:	6019      	str	r1, [r3, #0]
10001d20:	6853      	ldr	r3, [r2, #4]
10001d22:	2b00      	cmp	r3, #0
10001d24:	dafc      	bge.n	10001d20 <xosc_init+0x14>
10001d26:	4770      	bx	lr
10001d28:	40024000 	.word	0x40024000
10001d2c:	00fab000 	.word	0x00fab000
10001d30:	40026000 	.word	0x40026000

10001d34 <first_per_core_initializer>:
10001d34:	4770      	bx	lr
10001d36:	46c0      	nop			; (mov r8, r8)

10001d38 <hard_assertion_failure>:
10001d38:	b510      	push	{r4, lr}
10001d3a:	4801      	ldr	r0, [pc, #4]	; (10001d40 <hard_assertion_failure+0x8>)
10001d3c:	f7fe fce8 	bl	10000710 <panic>
10001d40:	1000506c 	.word	0x1000506c

10001d44 <runtime_run_initializers>:
10001d44:	b570      	push	{r4, r5, r6, lr}
10001d46:	4d07      	ldr	r5, [pc, #28]	; (10001d64 <runtime_run_initializers+0x20>)
10001d48:	4e07      	ldr	r6, [pc, #28]	; (10001d68 <runtime_run_initializers+0x24>)
10001d4a:	42b5      	cmp	r5, r6
10001d4c:	d209      	bcs.n	10001d62 <runtime_run_initializers+0x1e>
10001d4e:	2400      	movs	r4, #0
10001d50:	3e01      	subs	r6, #1
10001d52:	1b76      	subs	r6, r6, r5
10001d54:	08b6      	lsrs	r6, r6, #2
10001d56:	cd08      	ldmia	r5!, {r3}
10001d58:	4798      	blx	r3
10001d5a:	0023      	movs	r3, r4
10001d5c:	3401      	adds	r4, #1
10001d5e:	42b3      	cmp	r3, r6
10001d60:	d1f9      	bne.n	10001d56 <runtime_run_initializers+0x12>
10001d62:	bd70      	pop	{r4, r5, r6, pc}
10001d64:	10004fa8 	.word	0x10004fa8
10001d68:	10004fe4 	.word	0x10004fe4

10001d6c <runtime_init_early_resets>:
10001d6c:	4b05      	ldr	r3, [pc, #20]	; (10001d84 <runtime_init_early_resets+0x18>)
10001d6e:	4a06      	ldr	r2, [pc, #24]	; (10001d88 <runtime_init_early_resets+0x1c>)
10001d70:	4906      	ldr	r1, [pc, #24]	; (10001d8c <runtime_init_early_resets+0x20>)
10001d72:	601a      	str	r2, [r3, #0]
10001d74:	4a06      	ldr	r2, [pc, #24]	; (10001d90 <runtime_init_early_resets+0x24>)
10001d76:	4b07      	ldr	r3, [pc, #28]	; (10001d94 <runtime_init_early_resets+0x28>)
10001d78:	601a      	str	r2, [r3, #0]
10001d7a:	0010      	movs	r0, r2
10001d7c:	680b      	ldr	r3, [r1, #0]
10001d7e:	4398      	bics	r0, r3
10001d80:	d1fb      	bne.n	10001d7a <runtime_init_early_resets+0xe>
10001d82:	4770      	bx	lr
10001d84:	4000e000 	.word	0x4000e000
10001d88:	fefbcdbf 	.word	0xfefbcdbf
10001d8c:	4000c008 	.word	0x4000c008
10001d90:	003c7ffe 	.word	0x003c7ffe
10001d94:	4000f000 	.word	0x4000f000

10001d98 <runtime_init_usb_power_down>:
10001d98:	4b04      	ldr	r3, [pc, #16]	; (10001dac <runtime_init_usb_power_down+0x14>)
10001d9a:	6cdb      	ldr	r3, [r3, #76]	; 0x4c
10001d9c:	2b00      	cmp	r3, #0
10001d9e:	d103      	bne.n	10001da8 <runtime_init_usb_power_down+0x10>
10001da0:	2280      	movs	r2, #128	; 0x80
10001da2:	4b03      	ldr	r3, [pc, #12]	; (10001db0 <runtime_init_usb_power_down+0x18>)
10001da4:	02d2      	lsls	r2, r2, #11
10001da6:	601a      	str	r2, [r3, #0]
10001da8:	4770      	bx	lr
10001daa:	46c0      	nop			; (mov r8, r8)
10001dac:	50110000 	.word	0x50110000
10001db0:	5011204c 	.word	0x5011204c

10001db4 <runtime_init_post_clock_resets>:
10001db4:	4a04      	ldr	r2, [pc, #16]	; (10001dc8 <runtime_init_post_clock_resets+0x14>)
10001db6:	4b05      	ldr	r3, [pc, #20]	; (10001dcc <runtime_init_post_clock_resets+0x18>)
10001db8:	601a      	str	r2, [r3, #0]
10001dba:	4a05      	ldr	r2, [pc, #20]	; (10001dd0 <runtime_init_post_clock_resets+0x1c>)
10001dbc:	6813      	ldr	r3, [r2, #0]
10001dbe:	01db      	lsls	r3, r3, #7
10001dc0:	3380      	adds	r3, #128	; 0x80
10001dc2:	d1fb      	bne.n	10001dbc <runtime_init_post_clock_resets+0x8>
10001dc4:	4770      	bx	lr
10001dc6:	46c0      	nop			; (mov r8, r8)
10001dc8:	01ffffff 	.word	0x01ffffff
10001dcc:	4000f000 	.word	0x4000f000
10001dd0:	4000c008 	.word	0x4000c008

10001dd4 <runtime_init_rp2040_gpio_ie_disable>:
10001dd4:	2240      	movs	r2, #64	; 0x40
10001dd6:	4b03      	ldr	r3, [pc, #12]	; (10001de4 <runtime_init_rp2040_gpio_ie_disable+0x10>)
10001dd8:	679a      	str	r2, [r3, #120]	; 0x78
10001dda:	675a      	str	r2, [r3, #116]	; 0x74
10001ddc:	671a      	str	r2, [r3, #112]	; 0x70
10001dde:	66da      	str	r2, [r3, #108]	; 0x6c
10001de0:	4770      	bx	lr
10001de2:	46c0      	nop			; (mov r8, r8)
10001de4:	4001f000 	.word	0x4001f000

10001de8 <runtime_init_spin_locks_reset>:
10001de8:	b510      	push	{r4, lr}
10001dea:	f7fe fd35 	bl	10000858 <spin_locks_reset>
10001dee:	bd10      	pop	{r4, pc}

10001df0 <runtime_init_install_ram_vector_table>:
10001df0:	b5f8      	push	{r3, r4, r5, r6, r7, lr}
10001df2:	492d      	ldr	r1, [pc, #180]	; (10001ea8 <runtime_init_install_ram_vector_table+0xb8>)
10001df4:	4c2d      	ldr	r4, [pc, #180]	; (10001eac <runtime_init_install_ram_vector_table+0xbc>)
10001df6:	4d2e      	ldr	r5, [pc, #184]	; (10001eb0 <runtime_init_install_ram_vector_table+0xc0>)
10001df8:	1a64      	subs	r4, r4, r1
10001dfa:	10a6      	asrs	r6, r4, #2
10001dfc:	0032      	movs	r2, r6
10001dfe:	2e30      	cmp	r6, #48	; 0x30
10001e00:	d900      	bls.n	10001e04 <runtime_init_install_ram_vector_table+0x14>
10001e02:	2230      	movs	r2, #48	; 0x30
10001e04:	0028      	movs	r0, r5
10001e06:	0092      	lsls	r2, r2, #2
10001e08:	f000 f9bc 	bl	10002184 <__wrap___aeabi_memcpy>
10001e0c:	2cbc      	cmp	r4, #188	; 0xbc
10001e0e:	d841      	bhi.n	10001e94 <runtime_init_install_ram_vector_table+0xa4>
10001e10:	2301      	movs	r3, #1
10001e12:	1c71      	adds	r1, r6, #1
10001e14:	0008      	movs	r0, r1
10001e16:	469c      	mov	ip, r3
10001e18:	4a26      	ldr	r2, [pc, #152]	; (10001eb4 <runtime_init_install_ram_vector_table+0xc4>)
10001e1a:	2930      	cmp	r1, #48	; 0x30
10001e1c:	d93d      	bls.n	10001e9a <runtime_init_install_ram_vector_table+0xaa>
10001e1e:	272f      	movs	r7, #47	; 0x2f
10001e20:	192c      	adds	r4, r5, r4
10001e22:	0764      	lsls	r4, r4, #29
10001e24:	0fe3      	lsrs	r3, r4, #31
10001e26:	1bbf      	subs	r7, r7, r6
10001e28:	2f05      	cmp	r7, #5
10001e2a:	d919      	bls.n	10001e60 <runtime_init_install_ram_vector_table+0x70>
10001e2c:	2930      	cmp	r1, #48	; 0x30
10001e2e:	d817      	bhi.n	10001e60 <runtime_init_install_ram_vector_table+0x70>
10001e30:	2b00      	cmp	r3, #0
10001e32:	d036      	beq.n	10001ea2 <runtime_init_install_ram_vector_table+0xb2>
10001e34:	00b1      	lsls	r1, r6, #2
10001e36:	506a      	str	r2, [r5, r1]
10001e38:	4661      	mov	r1, ip
10001e3a:	1acc      	subs	r4, r1, r3
10001e3c:	18f3      	adds	r3, r6, r3
10001e3e:	009b      	lsls	r3, r3, #2
10001e40:	0861      	lsrs	r1, r4, #1
10001e42:	18eb      	adds	r3, r5, r3
10001e44:	00c9      	lsls	r1, r1, #3
10001e46:	18c9      	adds	r1, r1, r3
10001e48:	601a      	str	r2, [r3, #0]
10001e4a:	605a      	str	r2, [r3, #4]
10001e4c:	3308      	adds	r3, #8
10001e4e:	428b      	cmp	r3, r1
10001e50:	d1fa      	bne.n	10001e48 <runtime_init_install_ram_vector_table+0x58>
10001e52:	2301      	movs	r3, #1
10001e54:	0021      	movs	r1, r4
10001e56:	4399      	bics	r1, r3
10001e58:	1846      	adds	r6, r0, r1
10001e5a:	428c      	cmp	r4, r1
10001e5c:	d01a      	beq.n	10001e94 <runtime_init_install_ram_vector_table+0xa4>
10001e5e:	1c71      	adds	r1, r6, #1
10001e60:	00b3      	lsls	r3, r6, #2
10001e62:	50ea      	str	r2, [r5, r3]
10001e64:	2930      	cmp	r1, #48	; 0x30
10001e66:	d015      	beq.n	10001e94 <runtime_init_install_ram_vector_table+0xa4>
10001e68:	0089      	lsls	r1, r1, #2
10001e6a:	506a      	str	r2, [r5, r1]
10001e6c:	1cb3      	adds	r3, r6, #2
10001e6e:	2e2e      	cmp	r6, #46	; 0x2e
10001e70:	d010      	beq.n	10001e94 <runtime_init_install_ram_vector_table+0xa4>
10001e72:	009b      	lsls	r3, r3, #2
10001e74:	50ea      	str	r2, [r5, r3]
10001e76:	1cf3      	adds	r3, r6, #3
10001e78:	2e2d      	cmp	r6, #45	; 0x2d
10001e7a:	d00b      	beq.n	10001e94 <runtime_init_install_ram_vector_table+0xa4>
10001e7c:	009b      	lsls	r3, r3, #2
10001e7e:	50ea      	str	r2, [r5, r3]
10001e80:	1d33      	adds	r3, r6, #4
10001e82:	2e2c      	cmp	r6, #44	; 0x2c
10001e84:	d006      	beq.n	10001e94 <runtime_init_install_ram_vector_table+0xa4>
10001e86:	009b      	lsls	r3, r3, #2
10001e88:	50ea      	str	r2, [r5, r3]
10001e8a:	1d73      	adds	r3, r6, #5
10001e8c:	2e2b      	cmp	r6, #43	; 0x2b
10001e8e:	d001      	beq.n	10001e94 <runtime_init_install_ram_vector_table+0xa4>
10001e90:	009b      	lsls	r3, r3, #2
10001e92:	50ea      	str	r2, [r5, r3]
10001e94:	4b08      	ldr	r3, [pc, #32]	; (10001eb8 <runtime_init_install_ram_vector_table+0xc8>)
10001e96:	609d      	str	r5, [r3, #8]
10001e98:	bdf8      	pop	{r3, r4, r5, r6, r7, pc}
10001e9a:	332f      	adds	r3, #47	; 0x2f
10001e9c:	1b9b      	subs	r3, r3, r6
10001e9e:	469c      	mov	ip, r3
10001ea0:	e7bd      	b.n	10001e1e <runtime_init_install_ram_vector_table+0x2e>
10001ea2:	0030      	movs	r0, r6
10001ea4:	e7c8      	b.n	10001e38 <runtime_init_install_ram_vector_table+0x48>
10001ea6:	46c0      	nop			; (mov r8, r8)
10001ea8:	10000100 	.word	0x10000100
10001eac:	100001c0 	.word	0x100001c0
10001eb0:	20000000 	.word	0x20000000
10001eb4:	100001c1 	.word	0x100001c1
10001eb8:	e000ed00 	.word	0xe000ed00

10001ebc <runtime_init_clocks>:
10001ebc:	2300      	movs	r3, #0
10001ebe:	b510      	push	{r4, lr}
10001ec0:	4c29      	ldr	r4, [pc, #164]	; (10001f68 <runtime_init_clocks+0xac>)
10001ec2:	b082      	sub	sp, #8
10001ec4:	67a3      	str	r3, [r4, #120]	; 0x78
10001ec6:	f7ff ff21 	bl	10001d0c <xosc_init>
10001eca:	2201      	movs	r2, #1
10001ecc:	4b27      	ldr	r3, [pc, #156]	; (10001f6c <runtime_init_clocks+0xb0>)
10001ece:	601a      	str	r2, [r3, #0]
10001ed0:	6c63      	ldr	r3, [r4, #68]	; 0x44
10001ed2:	2b01      	cmp	r3, #1
10001ed4:	d1fc      	bne.n	10001ed0 <runtime_init_clocks+0x14>
10001ed6:	2203      	movs	r2, #3
10001ed8:	4b25      	ldr	r3, [pc, #148]	; (10001f70 <runtime_init_clocks+0xb4>)
10001eda:	601a      	str	r2, [r3, #0]
10001edc:	4a22      	ldr	r2, [pc, #136]	; (10001f68 <runtime_init_clocks+0xac>)
10001ede:	6b93      	ldr	r3, [r2, #56]	; 0x38
10001ee0:	2b01      	cmp	r3, #1
10001ee2:	d1fc      	bne.n	10001ede <runtime_init_clocks+0x22>
10001ee4:	3301      	adds	r3, #1
10001ee6:	9300      	str	r3, [sp, #0]
10001ee8:	2101      	movs	r1, #1
10001eea:	4a22      	ldr	r2, [pc, #136]	; (10001f74 <runtime_init_clocks+0xb8>)
10001eec:	4822      	ldr	r0, [pc, #136]	; (10001f78 <runtime_init_clocks+0xbc>)
10001eee:	3304      	adds	r3, #4
10001ef0:	f7ff fe22 	bl	10001b38 <pll_init>
10001ef4:	2305      	movs	r3, #5
10001ef6:	2101      	movs	r1, #1
10001ef8:	9300      	str	r3, [sp, #0]
10001efa:	4a20      	ldr	r2, [pc, #128]	; (10001f7c <runtime_init_clocks+0xc0>)
10001efc:	4820      	ldr	r0, [pc, #128]	; (10001f80 <runtime_init_clocks+0xc4>)
10001efe:	f7ff fe1b 	bl	10001b38 <pll_init>
10001f02:	2200      	movs	r2, #0
10001f04:	2102      	movs	r1, #2
10001f06:	2004      	movs	r0, #4
10001f08:	4b1e      	ldr	r3, [pc, #120]	; (10001f84 <runtime_init_clocks+0xc8>)
10001f0a:	f7ff fd9b 	bl	10001a44 <clock_configure_undivided>
10001f0e:	2200      	movs	r2, #0
10001f10:	2101      	movs	r1, #1
10001f12:	2005      	movs	r0, #5
10001f14:	4b1c      	ldr	r3, [pc, #112]	; (10001f88 <runtime_init_clocks+0xcc>)
10001f16:	f7ff fd95 	bl	10001a44 <clock_configure_undivided>
10001f1a:	2200      	movs	r2, #0
10001f1c:	2100      	movs	r1, #0
10001f1e:	2007      	movs	r0, #7
10001f20:	4b1a      	ldr	r3, [pc, #104]	; (10001f8c <runtime_init_clocks+0xd0>)
10001f22:	f7ff fd8f 	bl	10001a44 <clock_configure_undivided>
10001f26:	2200      	movs	r2, #0
10001f28:	2100      	movs	r1, #0
10001f2a:	2008      	movs	r0, #8
10001f2c:	4b17      	ldr	r3, [pc, #92]	; (10001f8c <runtime_init_clocks+0xd0>)
10001f2e:	f7ff fd89 	bl	10001a44 <clock_configure_undivided>
10001f32:	2380      	movs	r3, #128	; 0x80
10001f34:	00db      	lsls	r3, r3, #3
10001f36:	9300      	str	r3, [sp, #0]
10001f38:	2200      	movs	r2, #0
10001f3a:	2100      	movs	r1, #0
10001f3c:	2009      	movs	r0, #9
10001f3e:	4b13      	ldr	r3, [pc, #76]	; (10001f8c <runtime_init_clocks+0xd0>)
10001f40:	f7ff fd06 	bl	10001950 <clock_configure_int_divider>
10001f44:	2200      	movs	r2, #0
10001f46:	4b10      	ldr	r3, [pc, #64]	; (10001f88 <runtime_init_clocks+0xcc>)
10001f48:	2100      	movs	r1, #0
10001f4a:	2006      	movs	r0, #6
10001f4c:	f7ff fd7a 	bl	10001a44 <clock_configure_undivided>
10001f50:	2004      	movs	r0, #4
10001f52:	f7ff fdeb 	bl	10001b2c <clock_get_hz>
10001f56:	490e      	ldr	r1, [pc, #56]	; (10001f90 <runtime_init_clocks+0xd4>)
10001f58:	f000 f824 	bl	10001fa4 <__wrap___aeabi_uidiv>
10001f5c:	0001      	movs	r1, r0
10001f5e:	2000      	movs	r0, #0
10001f60:	f7ff fe86 	bl	10001c70 <tick_start>
10001f64:	b002      	add	sp, #8
10001f66:	bd10      	pop	{r4, pc}
10001f68:	40008000 	.word	0x40008000
10001f6c:	4000b03c 	.word	0x4000b03c
10001f70:	4000b030 	.word	0x4000b030
10001f74:	59682f00 	.word	0x59682f00
10001f78:	40028000 	.word	0x40028000
10001f7c:	47868c00 	.word	0x47868c00
10001f80:	4002c000 	.word	0x4002c000
10001f84:	00b71b00 	.word	0x00b71b00
10001f88:	07735940 	.word	0x07735940
10001f8c:	02dc6c00 	.word	0x02dc6c00
10001f90:	000f4240 	.word	0x000f4240

10001f94 <__aeabi_bits_init>:
10001f94:	4801      	ldr	r0, [pc, #4]	; (10001f9c <__aeabi_bits_init+0x8>)
10001f96:	2104      	movs	r1, #4
10001f98:	4b01      	ldr	r3, [pc, #4]	; (10001fa0 <__aeabi_bits_init+0xc>)
10001f9a:	4718      	bx	r3
10001f9c:	20001090 	.word	0x20001090
10001fa0:	10001ca1 	.word	0x10001ca1

10001fa4 <__wrap___aeabi_uidiv>:
10001fa4:	4a11      	ldr	r2, [pc, #68]	; (10001fec <divmod_u32u32_savestate+0x18>)
10001fa6:	6f93      	ldr	r3, [r2, #120]	; 0x78
10001fa8:	089b      	lsrs	r3, r3, #2
10001faa:	d213      	bcs.n	10001fd4 <divmod_u32u32_savestate>

10001fac <divmod_u32u32_unsafe>:
10001fac:	6610      	str	r0, [r2, #96]	; 0x60
10001fae:	6651      	str	r1, [r2, #100]	; 0x64
10001fb0:	2900      	cmp	r1, #0
10001fb2:	d005      	beq.n	10001fc0 <divmod_u32u32_unsafe+0x14>
10001fb4:	e7ff      	b.n	10001fb6 <divmod_u32u32_unsafe+0xa>
10001fb6:	e7ff      	b.n	10001fb8 <divmod_u32u32_unsafe+0xc>
10001fb8:	e7ff      	b.n	10001fba <divmod_u32u32_unsafe+0xe>
10001fba:	6f51      	ldr	r1, [r2, #116]	; 0x74
10001fbc:	6f10      	ldr	r0, [r2, #112]	; 0x70
10001fbe:	4770      	bx	lr
10001fc0:	b504      	push	{r2, lr}
10001fc2:	2800      	cmp	r0, #0
10001fc4:	d001      	beq.n	10001fca <divmod_u32u32_unsafe+0x1e>
10001fc6:	2000      	movs	r0, #0
10001fc8:	43c0      	mvns	r0, r0
10001fca:	f002 ffa5 	bl	10004f18 <____aeabi_idiv0_veneer>
10001fce:	2100      	movs	r1, #0
10001fd0:	bd04      	pop	{r2, pc}
10001fd2:	46c0      	nop			; (mov r8, r8)

10001fd4 <divmod_u32u32_savestate>:
10001fd4:	b5f0      	push	{r4, r5, r6, r7, lr}
10001fd6:	6e14      	ldr	r4, [r2, #96]	; 0x60
10001fd8:	6e55      	ldr	r5, [r2, #100]	; 0x64
10001fda:	6f57      	ldr	r7, [r2, #116]	; 0x74
10001fdc:	6f16      	ldr	r6, [r2, #112]	; 0x70
10001fde:	f7ff ffe5 	bl	10001fac <divmod_u32u32_unsafe>
10001fe2:	6614      	str	r4, [r2, #96]	; 0x60
10001fe4:	6655      	str	r5, [r2, #100]	; 0x64
10001fe6:	6757      	str	r7, [r2, #116]	; 0x74
10001fe8:	6716      	str	r6, [r2, #112]	; 0x70
10001fea:	bdf0      	pop	{r4, r5, r6, r7, pc}
10001fec:	d0000000 	.word	0xd0000000

10001ff0 <missing_double_func_shim>:
10001ff0:	b510      	push	{r4, lr}
10001ff2:	4801      	ldr	r0, [pc, #4]	; (10001ff8 <missing_double_func_shim+0x8>)
10001ff4:	f7fe fb8c 	bl	10000710 <panic>
10001ff8:	10005078 	.word	0x10005078

10001ffc <__aeabi_double_init>:
10001ffc:	2313      	movs	r3, #19
10001ffe:	b570      	push	{r4, r5, r6, lr}
10002000:	781d      	ldrb	r5, [r3, #0]
10002002:	2d01      	cmp	r5, #1
10002004:	d015      	beq.n	10002032 <__aeabi_double_init+0x36>
10002006:	dd39      	ble.n	1000207c <__aeabi_double_init+0x80>
10002008:	481e      	ldr	r0, [pc, #120]	; (10002084 <__aeabi_double_init+0x88>)
1000200a:	f7ff fe41 	bl	10001c90 <rom_data_lookup>
1000200e:	0006      	movs	r6, r0
10002010:	481d      	ldr	r0, [pc, #116]	; (10002088 <__aeabi_double_init+0x8c>)
10002012:	f7ff fe3d 	bl	10001c90 <rom_data_lookup>
10002016:	4c1d      	ldr	r4, [pc, #116]	; (1000208c <__aeabi_double_init+0x90>)
10002018:	2280      	movs	r2, #128	; 0x80
1000201a:	0031      	movs	r1, r6
1000201c:	0020      	movs	r0, r4
1000201e:	f000 f8b1 	bl	10002184 <__wrap___aeabi_memcpy>
10002022:	2d02      	cmp	r5, #2
10002024:	d027      	beq.n	10002076 <__aeabi_double_init+0x7a>
10002026:	481a      	ldr	r0, [pc, #104]	; (10002090 <__aeabi_double_init+0x94>)
10002028:	f7ff fe2a 	bl	10001c80 <rom_func_lookup>
1000202c:	4b19      	ldr	r3, [pc, #100]	; (10002094 <__aeabi_double_init+0x98>)
1000202e:	6018      	str	r0, [r3, #0]
10002030:	bd70      	pop	{r4, r5, r6, pc}
10002032:	4b19      	ldr	r3, [pc, #100]	; (10002098 <__aeabi_double_init+0x9c>)
10002034:	4c15      	ldr	r4, [pc, #84]	; (1000208c <__aeabi_double_init+0x90>)
10002036:	6023      	str	r3, [r4, #0]
10002038:	6063      	str	r3, [r4, #4]
1000203a:	60a3      	str	r3, [r4, #8]
1000203c:	60e3      	str	r3, [r4, #12]
1000203e:	6123      	str	r3, [r4, #16]
10002040:	6163      	str	r3, [r4, #20]
10002042:	61a3      	str	r3, [r4, #24]
10002044:	61e3      	str	r3, [r4, #28]
10002046:	6223      	str	r3, [r4, #32]
10002048:	6263      	str	r3, [r4, #36]	; 0x24
1000204a:	62a3      	str	r3, [r4, #40]	; 0x28
1000204c:	62e3      	str	r3, [r4, #44]	; 0x2c
1000204e:	6323      	str	r3, [r4, #48]	; 0x30
10002050:	6363      	str	r3, [r4, #52]	; 0x34
10002052:	63a3      	str	r3, [r4, #56]	; 0x38
10002054:	63e3      	str	r3, [r4, #60]	; 0x3c
10002056:	6423      	str	r3, [r4, #64]	; 0x40
10002058:	6463      	str	r3, [r4, #68]	; 0x44
1000205a:	64a3      	str	r3, [r4, #72]	; 0x48
1000205c:	64e3      	str	r3, [r4, #76]	; 0x4c
1000205e:	6523      	str	r3, [r4, #80]	; 0x50
10002060:	6563      	str	r3, [r4, #84]	; 0x54
10002062:	65a3      	str	r3, [r4, #88]	; 0x58
10002064:	65e3      	str	r3, [r4, #92]	; 0x5c
10002066:	6623      	str	r3, [r4, #96]	; 0x60
10002068:	6663      	str	r3, [r4, #100]	; 0x64
1000206a:	66a3      	str	r3, [r4, #104]	; 0x68
1000206c:	66e3      	str	r3, [r4, #108]	; 0x6c
1000206e:	6723      	str	r3, [r4, #112]	; 0x70
10002070:	6763      	str	r3, [r4, #116]	; 0x74
10002072:	67a3      	str	r3, [r4, #120]	; 0x78
10002074:	67e3      	str	r3, [r4, #124]	; 0x7c
10002076:	4b09      	ldr	r3, [pc, #36]	; (1000209c <__aeabi_double_init+0xa0>)
10002078:	64a3      	str	r3, [r4, #72]	; 0x48
1000207a:	e7d4      	b.n	10002026 <__aeabi_double_init+0x2a>
1000207c:	4c03      	ldr	r4, [pc, #12]	; (1000208c <__aeabi_double_init+0x90>)
1000207e:	4b07      	ldr	r3, [pc, #28]	; (1000209c <__aeabi_double_init+0xa0>)
10002080:	64a3      	str	r3, [r4, #72]	; 0x48
10002082:	e7d0      	b.n	10002026 <__aeabi_double_init+0x2a>
10002084:	00004453 	.word	0x00004453
10002088:	00004653 	.word	0x00004653
1000208c:	20001290 	.word	0x20001290
10002090:	0000334c 	.word	0x0000334c
10002094:	20001ee4 	.word	0x20001ee4
10002098:	10001ff1 	.word	0x10001ff1
1000209c:	100020a1 	.word	0x100020a1

100020a0 <double_table_shim_on_use_helper>:
100020a0:	b507      	push	{r0, r1, r2, lr}
100020a2:	4660      	mov	r0, ip
100020a4:	8801      	ldrh	r1, [r0, #0]
100020a6:	0a0a      	lsrs	r2, r1, #8
100020a8:	3002      	adds	r0, #2
100020aa:	2adf      	cmp	r2, #223	; 0xdf
100020ac:	d1fa      	bne.n	100020a4 <double_table_shim_on_use_helper+0x4>
100020ae:	b2c9      	uxtb	r1, r1
100020b0:	0882      	lsrs	r2, r0, #2
100020b2:	d304      	bcc.n	100020be <double_table_shim_on_use_helper+0x1e>
100020b4:	8802      	ldrh	r2, [r0, #0]
100020b6:	8840      	ldrh	r0, [r0, #2]
100020b8:	0400      	lsls	r0, r0, #16
100020ba:	4310      	orrs	r0, r2
100020bc:	e000      	b.n	100020c0 <double_table_shim_on_use_helper+0x20>
100020be:	6800      	ldr	r0, [r0, #0]
100020c0:	4a01      	ldr	r2, [pc, #4]	; (100020c8 <double_table_shim_on_use_helper+0x28>)
100020c2:	5050      	str	r0, [r2, r1]
100020c4:	9003      	str	r0, [sp, #12]
100020c6:	bd07      	pop	{r0, r1, r2, pc}
100020c8:	20001290 	.word	0x20001290

100020cc <__wrap___aeabi_lmul>:
100020cc:	4351      	muls	r1, r2
100020ce:	4343      	muls	r3, r0
100020d0:	18c9      	adds	r1, r1, r3
100020d2:	468c      	mov	ip, r1
100020d4:	0c11      	lsrs	r1, r2, #16
100020d6:	b283      	uxth	r3, r0
100020d8:	434b      	muls	r3, r1
100020da:	b410      	push	{r4}
100020dc:	0c04      	lsrs	r4, r0, #16
100020de:	4361      	muls	r1, r4
100020e0:	b292      	uxth	r2, r2
100020e2:	b280      	uxth	r0, r0
100020e4:	4350      	muls	r0, r2
100020e6:	4362      	muls	r2, r4
100020e8:	041c      	lsls	r4, r3, #16
100020ea:	0c1b      	lsrs	r3, r3, #16
100020ec:	1900      	adds	r0, r0, r4
100020ee:	bc10      	pop	{r4}
100020f0:	4159      	adcs	r1, r3
100020f2:	0413      	lsls	r3, r2, #16
100020f4:	0c12      	lsrs	r2, r2, #16
100020f6:	18c0      	adds	r0, r0, r3
100020f8:	4151      	adcs	r1, r2
100020fa:	4461      	add	r1, ip
100020fc:	4770      	bx	lr
	...

10002100 <missing_float_func_shim>:
10002100:	b510      	push	{r4, lr}
10002102:	4801      	ldr	r0, [pc, #4]	; (10002108 <missing_float_func_shim+0x8>)
10002104:	f7fe fb04 	bl	10000710 <panic>
10002108:	10005280 	.word	0x10005280

1000210c <__aeabi_float_init>:
1000210c:	2313      	movs	r3, #19
1000210e:	b510      	push	{r4, lr}
10002110:	4810      	ldr	r0, [pc, #64]	; (10002154 <__aeabi_float_init+0x48>)
10002112:	781c      	ldrb	r4, [r3, #0]
10002114:	f7ff fdbc 	bl	10001c90 <rom_data_lookup>
10002118:	0001      	movs	r1, r0
1000211a:	2c01      	cmp	r4, #1
1000211c:	d00a      	beq.n	10002134 <__aeabi_float_init+0x28>
1000211e:	dd03      	ble.n	10002128 <__aeabi_float_init+0x1c>
10002120:	2280      	movs	r2, #128	; 0x80
10002122:	480d      	ldr	r0, [pc, #52]	; (10002158 <__aeabi_float_init+0x4c>)
10002124:	f000 f82e 	bl	10002184 <__wrap___aeabi_memcpy>
10002128:	480c      	ldr	r0, [pc, #48]	; (1000215c <__aeabi_float_init+0x50>)
1000212a:	f7ff fda9 	bl	10001c80 <rom_func_lookup>
1000212e:	4b0c      	ldr	r3, [pc, #48]	; (10002160 <__aeabi_float_init+0x54>)
10002130:	6018      	str	r0, [r3, #0]
10002132:	bd10      	pop	{r4, pc}
10002134:	4c08      	ldr	r4, [pc, #32]	; (10002158 <__aeabi_float_init+0x4c>)
10002136:	2254      	movs	r2, #84	; 0x54
10002138:	0020      	movs	r0, r4
1000213a:	f000 f823 	bl	10002184 <__wrap___aeabi_memcpy>
1000213e:	0023      	movs	r3, r4
10002140:	4a08      	ldr	r2, [pc, #32]	; (10002164 <__aeabi_float_init+0x58>)
10002142:	3380      	adds	r3, #128	; 0x80
10002144:	6821      	ldr	r1, [r4, #0]
10002146:	2900      	cmp	r1, #0
10002148:	d100      	bne.n	1000214c <__aeabi_float_init+0x40>
1000214a:	6022      	str	r2, [r4, #0]
1000214c:	3404      	adds	r4, #4
1000214e:	42a3      	cmp	r3, r4
10002150:	d1f8      	bne.n	10002144 <__aeabi_float_init+0x38>
10002152:	e7e9      	b.n	10002128 <__aeabi_float_init+0x1c>
10002154:	00004653 	.word	0x00004653
10002158:	20001ee8 	.word	0x20001ee8
1000215c:	0000334c 	.word	0x0000334c
10002160:	20001ee4 	.word	0x20001ee4
10002164:	10002101 	.word	0x10002101

10002168 <__aeabi_mem_init>:
10002168:	4801      	ldr	r0, [pc, #4]	; (10002170 <__aeabi_mem_init+0x8>)
1000216a:	2104      	movs	r1, #4
1000216c:	4b01      	ldr	r3, [pc, #4]	; (10002174 <__aeabi_mem_init+0xc>)
1000216e:	4718      	bx	r3
10002170:	200010a0 	.word	0x200010a0
10002174:	10001ca1 	.word	0x10001ca1

10002178 <__wrap_memset>:
10002178:	4b01      	ldr	r3, [pc, #4]	; (10002180 <__wrap_memset+0x8>)
1000217a:	681b      	ldr	r3, [r3, #0]
1000217c:	4718      	bx	r3
1000217e:	0000      	.short	0x0000
10002180:	200010a0 	.word	0x200010a0

10002184 <__wrap___aeabi_memcpy>:
10002184:	4b01      	ldr	r3, [pc, #4]	; (1000218c <__wrap___aeabi_memcpy+0x8>)
10002186:	685b      	ldr	r3, [r3, #4]
10002188:	4718      	bx	r3
1000218a:	0000      	.short	0x0000
1000218c:	200010a0 	.word	0x200010a0

10002190 <_out_char>:
10002190:	b510      	push	{r4, lr}
10002192:	2800      	cmp	r0, #0
10002194:	d100      	bne.n	10002198 <_out_char+0x8>
10002196:	bd10      	pop	{r4, pc}
10002198:	f000 f938 	bl	1000240c <__wrap_putchar>
1000219c:	e7fb      	b.n	10002196 <_out_char+0x6>
1000219e:	46c0      	nop			; (mov r8, r8)

100021a0 <weak_raw_vprintf>:
100021a0:	b510      	push	{r4, lr}
100021a2:	4a09      	ldr	r2, [pc, #36]	; (100021c8 <weak_raw_vprintf+0x28>)
100021a4:	0003      	movs	r3, r0
100021a6:	6814      	ldr	r4, [r2, #0]
100021a8:	b084      	sub	sp, #16
100021aa:	2c00      	cmp	r4, #0
100021ac:	d008      	beq.n	100021c0 <weak_raw_vprintf+0x20>
100021ae:	2201      	movs	r2, #1
100021b0:	9100      	str	r1, [sp, #0]
100021b2:	4806      	ldr	r0, [pc, #24]	; (100021cc <weak_raw_vprintf+0x2c>)
100021b4:	4252      	negs	r2, r2
100021b6:	a903      	add	r1, sp, #12
100021b8:	47a0      	blx	r4
100021ba:	2001      	movs	r0, #1
100021bc:	b004      	add	sp, #16
100021be:	bd10      	pop	{r4, pc}
100021c0:	f000 f970 	bl	100024a4 <__wrap_puts>
100021c4:	2000      	movs	r0, #0
100021c6:	e7f9      	b.n	100021bc <weak_raw_vprintf+0x1c>
100021c8:	20001eb8 	.word	0x20001eb8
100021cc:	10002191 	.word	0x10002191

100021d0 <_exit>:
100021d0:	be00      	bkpt	0x0000
100021d2:	e7fd      	b.n	100021d0 <_exit>

100021d4 <exit>:
100021d4:	b510      	push	{r4, lr}
100021d6:	f7ff fffb 	bl	100021d0 <_exit>
100021da:	46c0      	nop			; (mov r8, r8)

100021dc <runtime_init>:
100021dc:	b570      	push	{r4, r5, r6, lr}
100021de:	f7ff fdb1 	bl	10001d44 <runtime_run_initializers>
100021e2:	4d07      	ldr	r5, [pc, #28]	; (10002200 <runtime_init+0x24>)
100021e4:	4e07      	ldr	r6, [pc, #28]	; (10002204 <runtime_init+0x28>)
100021e6:	42b5      	cmp	r5, r6
100021e8:	d209      	bcs.n	100021fe <runtime_init+0x22>
100021ea:	2400      	movs	r4, #0
100021ec:	3e01      	subs	r6, #1
100021ee:	1b76      	subs	r6, r6, r5
100021f0:	08b6      	lsrs	r6, r6, #2
100021f2:	cd08      	ldmia	r5!, {r3}
100021f4:	4798      	blx	r3
100021f6:	0023      	movs	r3, r4
100021f8:	3401      	adds	r4, #1
100021fa:	42b3      	cmp	r3, r6
100021fc:	d1f9      	bne.n	100021f2 <runtime_init+0x16>
100021fe:	bd70      	pop	{r4, r5, r6, pc}
10002200:	10004fe4 	.word	0x10004fe4
10002204:	10004fec 	.word	0x10004fec

10002208 <stdio_out_chars_no_crlf>:
10002208:	0003      	movs	r3, r0
1000220a:	b510      	push	{r4, lr}
1000220c:	0008      	movs	r0, r1
1000220e:	0011      	movs	r1, r2
10002210:	681b      	ldr	r3, [r3, #0]
10002212:	4798      	blx	r3
10002214:	bd10      	pop	{r4, pc}
10002216:	46c0      	nop			; (mov r8, r8)

10002218 <stdio_out_chars_crlf>:
10002218:	b5f0      	push	{r4, r5, r6, r7, lr}
1000221a:	4646      	mov	r6, r8
1000221c:	464f      	mov	r7, r9
1000221e:	46d6      	mov	lr, sl
10002220:	b5c0      	push	{r6, r7, lr}
10002222:	7d43      	ldrb	r3, [r0, #21]
10002224:	4680      	mov	r8, r0
10002226:	000e      	movs	r6, r1
10002228:	0017      	movs	r7, r2
1000222a:	2b00      	cmp	r3, #0
1000222c:	d046      	beq.n	100022bc <stdio_out_chars_crlf+0xa4>
1000222e:	2a00      	cmp	r2, #0
10002230:	dd3f      	ble.n	100022b2 <stdio_out_chars_crlf+0x9a>
10002232:	1e4b      	subs	r3, r1, #1
10002234:	4699      	mov	r9, r3
10002236:	4b24      	ldr	r3, [pc, #144]	; (100022c8 <stdio_out_chars_crlf+0xb0>)
10002238:	2501      	movs	r5, #1
1000223a:	2400      	movs	r4, #0
1000223c:	2000      	movs	r0, #0
1000223e:	469a      	mov	sl, r3
10002240:	e00d      	b.n	1000225e <stdio_out_chars_crlf+0x46>
10002242:	464b      	mov	r3, r9
10002244:	5d1b      	ldrb	r3, [r3, r4]
10002246:	3b0d      	subs	r3, #13
10002248:	425a      	negs	r2, r3
1000224a:	4153      	adcs	r3, r2
1000224c:	5d32      	ldrb	r2, [r6, r4]
1000224e:	b2db      	uxtb	r3, r3
10002250:	2a0a      	cmp	r2, #10
10002252:	d00b      	beq.n	1000226c <stdio_out_chars_crlf+0x54>
10002254:	002b      	movs	r3, r5
10002256:	3401      	adds	r4, #1
10002258:	3501      	adds	r5, #1
1000225a:	429f      	cmp	r7, r3
1000225c:	dd1a      	ble.n	10002294 <stdio_out_chars_crlf+0x7c>
1000225e:	2c00      	cmp	r4, #0
10002260:	d1ef      	bne.n	10002242 <stdio_out_chars_crlf+0x2a>
10002262:	4643      	mov	r3, r8
10002264:	5d32      	ldrb	r2, [r6, r4]
10002266:	7d1b      	ldrb	r3, [r3, #20]
10002268:	2a0a      	cmp	r2, #10
1000226a:	d1f3      	bne.n	10002254 <stdio_out_chars_crlf+0x3c>
1000226c:	2b00      	cmp	r3, #0
1000226e:	d1f1      	bne.n	10002254 <stdio_out_chars_crlf+0x3c>
10002270:	42a0      	cmp	r0, r4
10002272:	da04      	bge.n	1000227e <stdio_out_chars_crlf+0x66>
10002274:	4643      	mov	r3, r8
10002276:	1a21      	subs	r1, r4, r0
10002278:	681b      	ldr	r3, [r3, #0]
1000227a:	1830      	adds	r0, r6, r0
1000227c:	4798      	blx	r3
1000227e:	4643      	mov	r3, r8
10002280:	4650      	mov	r0, sl
10002282:	681b      	ldr	r3, [r3, #0]
10002284:	2102      	movs	r1, #2
10002286:	4798      	blx	r3
10002288:	3401      	adds	r4, #1
1000228a:	0028      	movs	r0, r5
1000228c:	002b      	movs	r3, r5
1000228e:	3501      	adds	r5, #1
10002290:	429f      	cmp	r7, r3
10002292:	dce4      	bgt.n	1000225e <stdio_out_chars_crlf+0x46>
10002294:	4287      	cmp	r7, r0
10002296:	dd04      	ble.n	100022a2 <stdio_out_chars_crlf+0x8a>
10002298:	4643      	mov	r3, r8
1000229a:	1a39      	subs	r1, r7, r0
1000229c:	681b      	ldr	r3, [r3, #0]
1000229e:	1830      	adds	r0, r6, r0
100022a0:	4798      	blx	r3
100022a2:	19f6      	adds	r6, r6, r7
100022a4:	3e01      	subs	r6, #1
100022a6:	7833      	ldrb	r3, [r6, #0]
100022a8:	3b0d      	subs	r3, #13
100022aa:	425a      	negs	r2, r3
100022ac:	4153      	adcs	r3, r2
100022ae:	4642      	mov	r2, r8
100022b0:	7513      	strb	r3, [r2, #20]
100022b2:	bce0      	pop	{r5, r6, r7}
100022b4:	46ba      	mov	sl, r7
100022b6:	46b1      	mov	r9, r6
100022b8:	46a8      	mov	r8, r5
100022ba:	bdf0      	pop	{r4, r5, r6, r7, pc}
100022bc:	6803      	ldr	r3, [r0, #0]
100022be:	0011      	movs	r1, r2
100022c0:	0030      	movs	r0, r6
100022c2:	4798      	blx	r3
100022c4:	e7f5      	b.n	100022b2 <stdio_out_chars_crlf+0x9a>
100022c6:	46c0      	nop			; (mov r8, r8)
100022c8:	1000511c 	.word	0x1000511c

100022cc <stdio_put_string>:
100022cc:	b5f0      	push	{r4, r5, r6, r7, lr}
100022ce:	46de      	mov	lr, fp
100022d0:	4657      	mov	r7, sl
100022d2:	464e      	mov	r6, r9
100022d4:	4645      	mov	r5, r8
100022d6:	b5e0      	push	{r5, r6, r7, lr}
100022d8:	b085      	sub	sp, #20
100022da:	0017      	movs	r7, r2
100022dc:	001c      	movs	r4, r3
100022de:	0006      	movs	r6, r0
100022e0:	000d      	movs	r5, r1
100022e2:	f7ff f9f7 	bl	100016d4 <time_us_64>
100022e6:	2300      	movs	r3, #0
100022e8:	4a31      	ldr	r2, [pc, #196]	; (100023b0 <stdio_put_string+0xe4>)
100022ea:	1812      	adds	r2, r2, r0
100022ec:	414b      	adcs	r3, r1
100022ee:	2b00      	cmp	r3, #0
100022f0:	db59      	blt.n	100023a6 <stdio_put_string+0xda>
100022f2:	4930      	ldr	r1, [pc, #192]	; (100023b4 <stdio_put_string+0xe8>)
100022f4:	0008      	movs	r0, r1
100022f6:	468a      	mov	sl, r1
100022f8:	f002 fe26 	bl	10004f48 <__mutex_try_enter_block_until_veneer>
100022fc:	9001      	str	r0, [sp, #4]
100022fe:	1c6b      	adds	r3, r5, #1
10002300:	d103      	bne.n	1000230a <stdio_put_string+0x3e>
10002302:	0030      	movs	r0, r6
10002304:	f002 fdc0 	bl	10004e88 <strlen>
10002308:	0005      	movs	r5, r0
1000230a:	2c00      	cmp	r4, #0
1000230c:	d126      	bne.n	1000235c <stdio_put_string+0x90>
1000230e:	4b2a      	ldr	r3, [pc, #168]	; (100023b8 <stdio_put_string+0xec>)
10002310:	4698      	mov	r8, r3
10002312:	4b2a      	ldr	r3, [pc, #168]	; (100023bc <stdio_put_string+0xf0>)
10002314:	681c      	ldr	r4, [r3, #0]
10002316:	2c00      	cmp	r4, #0
10002318:	d015      	beq.n	10002346 <stdio_put_string+0x7a>
1000231a:	2f00      	cmp	r7, #0
1000231c:	d121      	bne.n	10002362 <stdio_put_string+0x96>
1000231e:	4f28      	ldr	r7, [pc, #160]	; (100023c0 <stdio_put_string+0xf4>)
10002320:	e002      	b.n	10002328 <stdio_put_string+0x5c>
10002322:	6924      	ldr	r4, [r4, #16]
10002324:	2c00      	cmp	r4, #0
10002326:	d00e      	beq.n	10002346 <stdio_put_string+0x7a>
10002328:	6823      	ldr	r3, [r4, #0]
1000232a:	2b00      	cmp	r3, #0
1000232c:	d0f9      	beq.n	10002322 <stdio_put_string+0x56>
1000232e:	683b      	ldr	r3, [r7, #0]
10002330:	2b00      	cmp	r3, #0
10002332:	d001      	beq.n	10002338 <stdio_put_string+0x6c>
10002334:	42a3      	cmp	r3, r4
10002336:	d1f4      	bne.n	10002322 <stdio_put_string+0x56>
10002338:	0020      	movs	r0, r4
1000233a:	002a      	movs	r2, r5
1000233c:	0031      	movs	r1, r6
1000233e:	47c0      	blx	r8
10002340:	6924      	ldr	r4, [r4, #16]
10002342:	2c00      	cmp	r4, #0
10002344:	d1f0      	bne.n	10002328 <stdio_put_string+0x5c>
10002346:	9b01      	ldr	r3, [sp, #4]
10002348:	2b00      	cmp	r3, #0
1000234a:	d128      	bne.n	1000239e <stdio_put_string+0xd2>
1000234c:	0028      	movs	r0, r5
1000234e:	b005      	add	sp, #20
10002350:	bcf0      	pop	{r4, r5, r6, r7}
10002352:	46bb      	mov	fp, r7
10002354:	46b2      	mov	sl, r6
10002356:	46a9      	mov	r9, r5
10002358:	46a0      	mov	r8, r4
1000235a:	bdf0      	pop	{r4, r5, r6, r7, pc}
1000235c:	4b19      	ldr	r3, [pc, #100]	; (100023c4 <stdio_put_string+0xf8>)
1000235e:	4698      	mov	r8, r3
10002360:	e7d7      	b.n	10002312 <stdio_put_string+0x46>
10002362:	4b17      	ldr	r3, [pc, #92]	; (100023c0 <stdio_put_string+0xf4>)
10002364:	4699      	mov	r9, r3
10002366:	ab02      	add	r3, sp, #8
10002368:	1ddf      	adds	r7, r3, #7
1000236a:	230a      	movs	r3, #10
1000236c:	469b      	mov	fp, r3
1000236e:	e002      	b.n	10002376 <stdio_put_string+0xaa>
10002370:	6924      	ldr	r4, [r4, #16]
10002372:	2c00      	cmp	r4, #0
10002374:	d0e7      	beq.n	10002346 <stdio_put_string+0x7a>
10002376:	6823      	ldr	r3, [r4, #0]
10002378:	2b00      	cmp	r3, #0
1000237a:	d0f9      	beq.n	10002370 <stdio_put_string+0xa4>
1000237c:	464b      	mov	r3, r9
1000237e:	681b      	ldr	r3, [r3, #0]
10002380:	2b00      	cmp	r3, #0
10002382:	d001      	beq.n	10002388 <stdio_put_string+0xbc>
10002384:	42a3      	cmp	r3, r4
10002386:	d1f3      	bne.n	10002370 <stdio_put_string+0xa4>
10002388:	002a      	movs	r2, r5
1000238a:	0031      	movs	r1, r6
1000238c:	0020      	movs	r0, r4
1000238e:	47c0      	blx	r8
10002390:	465b      	mov	r3, fp
10002392:	2201      	movs	r2, #1
10002394:	0039      	movs	r1, r7
10002396:	0020      	movs	r0, r4
10002398:	703b      	strb	r3, [r7, #0]
1000239a:	47c0      	blx	r8
1000239c:	e7e8      	b.n	10002370 <stdio_put_string+0xa4>
1000239e:	4650      	mov	r0, sl
100023a0:	f002 fdb2 	bl	10004f08 <__mutex_exit_veneer>
100023a4:	e7d2      	b.n	1000234c <stdio_put_string+0x80>
100023a6:	2201      	movs	r2, #1
100023a8:	4b07      	ldr	r3, [pc, #28]	; (100023c8 <stdio_put_string+0xfc>)
100023aa:	4252      	negs	r2, r2
100023ac:	e7a1      	b.n	100022f2 <stdio_put_string+0x26>
100023ae:	46c0      	nop			; (mov r8, r8)
100023b0:	000f4240 	.word	0x000f4240
100023b4:	20001100 	.word	0x20001100
100023b8:	10002209 	.word	0x10002209
100023bc:	20001aac 	.word	0x20001aac
100023c0:	20001ab4 	.word	0x20001ab4
100023c4:	10002219 	.word	0x10002219
100023c8:	7fffffff 	.word	0x7fffffff

100023cc <stdio_set_driver_enabled>:
100023cc:	4a0a      	ldr	r2, [pc, #40]	; (100023f8 <stdio_set_driver_enabled+0x2c>)
100023ce:	6813      	ldr	r3, [r2, #0]
100023d0:	2b00      	cmp	r3, #0
100023d2:	d105      	bne.n	100023e0 <stdio_set_driver_enabled+0x14>
100023d4:	e00c      	b.n	100023f0 <stdio_set_driver_enabled+0x24>
100023d6:	001a      	movs	r2, r3
100023d8:	691b      	ldr	r3, [r3, #16]
100023da:	3210      	adds	r2, #16
100023dc:	2b00      	cmp	r3, #0
100023de:	d007      	beq.n	100023f0 <stdio_set_driver_enabled+0x24>
100023e0:	4298      	cmp	r0, r3
100023e2:	d1f8      	bne.n	100023d6 <stdio_set_driver_enabled+0xa>
100023e4:	2900      	cmp	r1, #0
100023e6:	d102      	bne.n	100023ee <stdio_set_driver_enabled+0x22>
100023e8:	6903      	ldr	r3, [r0, #16]
100023ea:	6013      	str	r3, [r2, #0]
100023ec:	6101      	str	r1, [r0, #16]
100023ee:	4770      	bx	lr
100023f0:	2900      	cmp	r1, #0
100023f2:	d0fc      	beq.n	100023ee <stdio_set_driver_enabled+0x22>
100023f4:	6010      	str	r0, [r2, #0]
100023f6:	e7fa      	b.n	100023ee <stdio_set_driver_enabled+0x22>
100023f8:	20001aac 	.word	0x20001aac

100023fc <stdio_init_all>:
100023fc:	b510      	push	{r4, lr}
100023fe:	f000 f939 	bl	10002674 <stdio_uart_init>
10002402:	f000 fb7f 	bl	10002b04 <stdio_usb_init>
10002406:	2001      	movs	r0, #1
10002408:	bd10      	pop	{r4, pc}
1000240a:	46c0      	nop			; (mov r8, r8)

1000240c <__wrap_putchar>:
1000240c:	b5f0      	push	{r4, r5, r6, r7, lr}
1000240e:	46ce      	mov	lr, r9
10002410:	4647      	mov	r7, r8
10002412:	b580      	push	{r7, lr}
10002414:	b083      	sub	sp, #12
10002416:	466b      	mov	r3, sp
10002418:	0006      	movs	r6, r0
1000241a:	1ddd      	adds	r5, r3, #7
1000241c:	7028      	strb	r0, [r5, #0]
1000241e:	f7ff f959 	bl	100016d4 <time_us_64>
10002422:	2300      	movs	r3, #0
10002424:	4a1a      	ldr	r2, [pc, #104]	; (10002490 <__wrap_putchar+0x84>)
10002426:	1812      	adds	r2, r2, r0
10002428:	414b      	adcs	r3, r1
1000242a:	2b00      	cmp	r3, #0
1000242c:	db2b      	blt.n	10002486 <__wrap_putchar+0x7a>
1000242e:	4919      	ldr	r1, [pc, #100]	; (10002494 <__wrap_putchar+0x88>)
10002430:	0008      	movs	r0, r1
10002432:	4688      	mov	r8, r1
10002434:	f002 fd88 	bl	10004f48 <__mutex_try_enter_block_until_veneer>
10002438:	4b17      	ldr	r3, [pc, #92]	; (10002498 <__wrap_putchar+0x8c>)
1000243a:	4681      	mov	r9, r0
1000243c:	681c      	ldr	r4, [r3, #0]
1000243e:	2c00      	cmp	r4, #0
10002440:	d014      	beq.n	1000246c <__wrap_putchar+0x60>
10002442:	4f16      	ldr	r7, [pc, #88]	; (1000249c <__wrap_putchar+0x90>)
10002444:	e002      	b.n	1000244c <__wrap_putchar+0x40>
10002446:	6924      	ldr	r4, [r4, #16]
10002448:	2c00      	cmp	r4, #0
1000244a:	d00f      	beq.n	1000246c <__wrap_putchar+0x60>
1000244c:	6823      	ldr	r3, [r4, #0]
1000244e:	2b00      	cmp	r3, #0
10002450:	d0f9      	beq.n	10002446 <__wrap_putchar+0x3a>
10002452:	683b      	ldr	r3, [r7, #0]
10002454:	2b00      	cmp	r3, #0
10002456:	d001      	beq.n	1000245c <__wrap_putchar+0x50>
10002458:	42a3      	cmp	r3, r4
1000245a:	d1f4      	bne.n	10002446 <__wrap_putchar+0x3a>
1000245c:	0020      	movs	r0, r4
1000245e:	2201      	movs	r2, #1
10002460:	0029      	movs	r1, r5
10002462:	f7ff fed9 	bl	10002218 <stdio_out_chars_crlf>
10002466:	6924      	ldr	r4, [r4, #16]
10002468:	2c00      	cmp	r4, #0
1000246a:	d1ef      	bne.n	1000244c <__wrap_putchar+0x40>
1000246c:	464b      	mov	r3, r9
1000246e:	2b00      	cmp	r3, #0
10002470:	d105      	bne.n	1000247e <__wrap_putchar+0x72>
10002472:	0030      	movs	r0, r6
10002474:	b003      	add	sp, #12
10002476:	bcc0      	pop	{r6, r7}
10002478:	46b9      	mov	r9, r7
1000247a:	46b0      	mov	r8, r6
1000247c:	bdf0      	pop	{r4, r5, r6, r7, pc}
1000247e:	4640      	mov	r0, r8
10002480:	f002 fd42 	bl	10004f08 <__mutex_exit_veneer>
10002484:	e7f5      	b.n	10002472 <__wrap_putchar+0x66>
10002486:	2201      	movs	r2, #1
10002488:	4b05      	ldr	r3, [pc, #20]	; (100024a0 <__wrap_putchar+0x94>)
1000248a:	4252      	negs	r2, r2
1000248c:	e7cf      	b.n	1000242e <__wrap_putchar+0x22>
1000248e:	46c0      	nop			; (mov r8, r8)
10002490:	000f4240 	.word	0x000f4240
10002494:	20001100 	.word	0x20001100
10002498:	20001aac 	.word	0x20001aac
1000249c:	20001ab4 	.word	0x20001ab4
100024a0:	7fffffff 	.word	0x7fffffff

100024a4 <__wrap_puts>:
100024a4:	b570      	push	{r4, r5, r6, lr}
100024a6:	0004      	movs	r4, r0
100024a8:	f002 fcee 	bl	10004e88 <strlen>
100024ac:	2301      	movs	r3, #1
100024ae:	0001      	movs	r1, r0
100024b0:	0005      	movs	r5, r0
100024b2:	2201      	movs	r2, #1
100024b4:	0020      	movs	r0, r4
100024b6:	f7ff ff09 	bl	100022cc <stdio_put_string>
100024ba:	4b08      	ldr	r3, [pc, #32]	; (100024dc <__wrap_puts+0x38>)
100024bc:	681c      	ldr	r4, [r3, #0]
100024be:	2c00      	cmp	r4, #0
100024c0:	d006      	beq.n	100024d0 <__wrap_puts+0x2c>
100024c2:	6863      	ldr	r3, [r4, #4]
100024c4:	2b00      	cmp	r3, #0
100024c6:	d005      	beq.n	100024d4 <__wrap_puts+0x30>
100024c8:	4798      	blx	r3
100024ca:	6924      	ldr	r4, [r4, #16]
100024cc:	2c00      	cmp	r4, #0
100024ce:	d1f8      	bne.n	100024c2 <__wrap_puts+0x1e>
100024d0:	0028      	movs	r0, r5
100024d2:	bd70      	pop	{r4, r5, r6, pc}
100024d4:	6924      	ldr	r4, [r4, #16]
100024d6:	2c00      	cmp	r4, #0
100024d8:	d1f3      	bne.n	100024c2 <__wrap_puts+0x1e>
100024da:	e7f9      	b.n	100024d0 <__wrap_puts+0x2c>
100024dc:	20001aac 	.word	0x20001aac

100024e0 <stdio_uart_out_chars>:
100024e0:	b5f0      	push	{r4, r5, r6, r7, lr}
100024e2:	1e0d      	subs	r5, r1, #0
100024e4:	dd15      	ble.n	10002512 <stdio_uart_out_chars+0x32>
100024e6:	4b0e      	ldr	r3, [pc, #56]	; (10002520 <stdio_uart_out_chars+0x40>)
100024e8:	270d      	movs	r7, #13
100024ea:	681a      	ldr	r2, [r3, #0]
100024ec:	4b0d      	ldr	r3, [pc, #52]	; (10002524 <stdio_uart_out_chars+0x44>)
100024ee:	1945      	adds	r5, r0, r5
100024f0:	18d3      	adds	r3, r2, r3
100024f2:	4259      	negs	r1, r3
100024f4:	414b      	adcs	r3, r1
100024f6:	490c      	ldr	r1, [pc, #48]	; (10002528 <stdio_uart_out_chars+0x48>)
100024f8:	005b      	lsls	r3, r3, #1
100024fa:	5e5e      	ldrsh	r6, [r3, r1]
100024fc:	2120      	movs	r1, #32
100024fe:	7804      	ldrb	r4, [r0, #0]
10002500:	42a6      	cmp	r6, r4
10002502:	d007      	beq.n	10002514 <stdio_uart_out_chars+0x34>
10002504:	6993      	ldr	r3, [r2, #24]
10002506:	4219      	tst	r1, r3
10002508:	d1fc      	bne.n	10002504 <stdio_uart_out_chars+0x24>
1000250a:	3001      	adds	r0, #1
1000250c:	6014      	str	r4, [r2, #0]
1000250e:	42a8      	cmp	r0, r5
10002510:	d1f5      	bne.n	100024fe <stdio_uart_out_chars+0x1e>
10002512:	bdf0      	pop	{r4, r5, r6, r7, pc}
10002514:	6993      	ldr	r3, [r2, #24]
10002516:	4219      	tst	r1, r3
10002518:	d1fc      	bne.n	10002514 <stdio_uart_out_chars+0x34>
1000251a:	6017      	str	r7, [r2, #0]
1000251c:	e7f2      	b.n	10002504 <stdio_uart_out_chars+0x24>
1000251e:	46c0      	nop			; (mov r8, r8)
10002520:	20001ff8 	.word	0x20001ff8
10002524:	bffc8000 	.word	0xbffc8000
10002528:	20001ff4 	.word	0x20001ff4

1000252c <stdio_uart_in_chars>:
1000252c:	b530      	push	{r4, r5, lr}
1000252e:	0004      	movs	r4, r0
10002530:	1e0d      	subs	r5, r1, #0
10002532:	dd24      	ble.n	1000257e <stdio_uart_in_chars+0x52>
10002534:	2000      	movs	r0, #0
10002536:	2110      	movs	r1, #16
10002538:	4b1a      	ldr	r3, [pc, #104]	; (100025a4 <stdio_uart_in_chars+0x78>)
1000253a:	3c01      	subs	r4, #1
1000253c:	681a      	ldr	r2, [r3, #0]
1000253e:	6993      	ldr	r3, [r2, #24]
10002540:	4219      	tst	r1, r3
10002542:	d117      	bne.n	10002574 <stdio_uart_in_chars+0x48>
10002544:	3001      	adds	r0, #1
10002546:	6993      	ldr	r3, [r2, #24]
10002548:	4219      	tst	r1, r3
1000254a:	d1fc      	bne.n	10002546 <stdio_uart_in_chars+0x1a>
1000254c:	6813      	ldr	r3, [r2, #0]
1000254e:	5423      	strb	r3, [r4, r0]
10002550:	4285      	cmp	r5, r0
10002552:	d1f4      	bne.n	1000253e <stdio_uart_in_chars+0x12>
10002554:	4b14      	ldr	r3, [pc, #80]	; (100025a8 <stdio_uart_in_chars+0x7c>)
10002556:	681b      	ldr	r3, [r3, #0]
10002558:	2b00      	cmp	r3, #0
1000255a:	d00a      	beq.n	10002572 <stdio_uart_in_chars+0x46>
1000255c:	2350      	movs	r3, #80	; 0x50
1000255e:	6393      	str	r3, [r2, #56]	; 0x38
10002560:	6b51      	ldr	r1, [r2, #52]	; 0x34
10002562:	3b18      	subs	r3, #24
10002564:	400b      	ands	r3, r1
10002566:	4911      	ldr	r1, [pc, #68]	; (100025ac <stdio_uart_in_chars+0x80>)
10002568:	468c      	mov	ip, r1
1000256a:	4462      	add	r2, ip
1000256c:	6013      	str	r3, [r2, #0]
1000256e:	2800      	cmp	r0, #0
10002570:	d014      	beq.n	1000259c <stdio_uart_in_chars+0x70>
10002572:	bd30      	pop	{r4, r5, pc}
10002574:	4b0c      	ldr	r3, [pc, #48]	; (100025a8 <stdio_uart_in_chars+0x7c>)
10002576:	681b      	ldr	r3, [r3, #0]
10002578:	2b00      	cmp	r3, #0
1000257a:	d1ef      	bne.n	1000255c <stdio_uart_in_chars+0x30>
1000257c:	e7f7      	b.n	1000256e <stdio_uart_in_chars+0x42>
1000257e:	4b0a      	ldr	r3, [pc, #40]	; (100025a8 <stdio_uart_in_chars+0x7c>)
10002580:	681b      	ldr	r3, [r3, #0]
10002582:	2b00      	cmp	r3, #0
10002584:	d00a      	beq.n	1000259c <stdio_uart_in_chars+0x70>
10002586:	2250      	movs	r2, #80	; 0x50
10002588:	4b06      	ldr	r3, [pc, #24]	; (100025a4 <stdio_uart_in_chars+0x78>)
1000258a:	681b      	ldr	r3, [r3, #0]
1000258c:	639a      	str	r2, [r3, #56]	; 0x38
1000258e:	6b59      	ldr	r1, [r3, #52]	; 0x34
10002590:	3a18      	subs	r2, #24
10002592:	400a      	ands	r2, r1
10002594:	4905      	ldr	r1, [pc, #20]	; (100025ac <stdio_uart_in_chars+0x80>)
10002596:	468c      	mov	ip, r1
10002598:	4463      	add	r3, ip
1000259a:	601a      	str	r2, [r3, #0]
1000259c:	2003      	movs	r0, #3
1000259e:	4240      	negs	r0, r0
100025a0:	e7e7      	b.n	10002572 <stdio_uart_in_chars+0x46>
100025a2:	46c0      	nop			; (mov r8, r8)
100025a4:	20001ff8 	.word	0x20001ff8
100025a8:	20001a44 	.word	0x20001a44
100025ac:	00001034 	.word	0x00001034

100025b0 <on_uart_rx>:
100025b0:	4b06      	ldr	r3, [pc, #24]	; (100025cc <on_uart_rx+0x1c>)
100025b2:	b510      	push	{r4, lr}
100025b4:	681b      	ldr	r3, [r3, #0]
100025b6:	2b00      	cmp	r3, #0
100025b8:	d006      	beq.n	100025c8 <on_uart_rx+0x18>
100025ba:	2100      	movs	r1, #0
100025bc:	4a04      	ldr	r2, [pc, #16]	; (100025d0 <on_uart_rx+0x20>)
100025be:	6812      	ldr	r2, [r2, #0]
100025c0:	6391      	str	r1, [r2, #56]	; 0x38
100025c2:	4a04      	ldr	r2, [pc, #16]	; (100025d4 <on_uart_rx+0x24>)
100025c4:	6810      	ldr	r0, [r2, #0]
100025c6:	4798      	blx	r3
100025c8:	bd10      	pop	{r4, pc}
100025ca:	46c0      	nop			; (mov r8, r8)
100025cc:	20001a44 	.word	0x20001a44
100025d0:	20001ff8 	.word	0x20001ff8
100025d4:	20001a4c 	.word	0x20001a4c

100025d8 <stdio_uart_out_flush>:
100025d8:	2208      	movs	r2, #8
100025da:	4b03      	ldr	r3, [pc, #12]	; (100025e8 <stdio_uart_out_flush+0x10>)
100025dc:	6819      	ldr	r1, [r3, #0]
100025de:	698b      	ldr	r3, [r1, #24]
100025e0:	421a      	tst	r2, r3
100025e2:	d1fc      	bne.n	100025de <stdio_uart_out_flush+0x6>
100025e4:	4770      	bx	lr
100025e6:	46c0      	nop			; (mov r8, r8)
100025e8:	20001ff8 	.word	0x20001ff8

100025ec <stdio_uart_set_chars_available_callback>:
100025ec:	b570      	push	{r4, r5, r6, lr}
100025ee:	4e1b      	ldr	r6, [pc, #108]	; (1000265c <stdio_uart_set_chars_available_callback+0x70>)
100025f0:	4b1b      	ldr	r3, [pc, #108]	; (10002660 <stdio_uart_set_chars_available_callback+0x74>)
100025f2:	6832      	ldr	r2, [r6, #0]
100025f4:	0005      	movs	r5, r0
100025f6:	18d3      	adds	r3, r2, r3
100025f8:	4258      	negs	r0, r3
100025fa:	4143      	adcs	r3, r0
100025fc:	3314      	adds	r3, #20
100025fe:	001c      	movs	r4, r3
10002600:	2d00      	cmp	r5, #0
10002602:	d004      	beq.n	1000260e <stdio_uart_set_chars_available_callback+0x22>
10002604:	4b17      	ldr	r3, [pc, #92]	; (10002664 <stdio_uart_set_chars_available_callback+0x78>)
10002606:	681a      	ldr	r2, [r3, #0]
10002608:	2a00      	cmp	r2, #0
1000260a:	d011      	beq.n	10002630 <stdio_uart_set_chars_available_callback+0x44>
1000260c:	bd70      	pop	{r4, r5, r6, pc}
1000260e:	4e15      	ldr	r6, [pc, #84]	; (10002664 <stdio_uart_set_chars_available_callback+0x78>)
10002610:	6833      	ldr	r3, [r6, #0]
10002612:	2b00      	cmp	r3, #0
10002614:	d0fa      	beq.n	1000260c <stdio_uart_set_chars_available_callback+0x20>
10002616:	2100      	movs	r1, #0
10002618:	0020      	movs	r0, r4
1000261a:	6395      	str	r5, [r2, #56]	; 0x38
1000261c:	f7fe f93c 	bl	10000898 <irq_set_enabled>
10002620:	0020      	movs	r0, r4
10002622:	4911      	ldr	r1, [pc, #68]	; (10002668 <stdio_uart_set_chars_available_callback+0x7c>)
10002624:	f7fe fa8e 	bl	10000b44 <irq_remove_handler>
10002628:	4b10      	ldr	r3, [pc, #64]	; (1000266c <stdio_uart_set_chars_available_callback+0x80>)
1000262a:	6035      	str	r5, [r6, #0]
1000262c:	601d      	str	r5, [r3, #0]
1000262e:	e7ed      	b.n	1000260c <stdio_uart_set_chars_available_callback+0x20>
10002630:	601d      	str	r5, [r3, #0]
10002632:	4b0e      	ldr	r3, [pc, #56]	; (1000266c <stdio_uart_set_chars_available_callback+0x80>)
10002634:	0020      	movs	r0, r4
10002636:	6019      	str	r1, [r3, #0]
10002638:	490b      	ldr	r1, [pc, #44]	; (10002668 <stdio_uart_set_chars_available_callback+0x7c>)
1000263a:	f7fe f965 	bl	10000908 <irq_set_exclusive_handler>
1000263e:	2101      	movs	r1, #1
10002640:	0020      	movs	r0, r4
10002642:	f7fe f929 	bl	10000898 <irq_set_enabled>
10002646:	2250      	movs	r2, #80	; 0x50
10002648:	6833      	ldr	r3, [r6, #0]
1000264a:	639a      	str	r2, [r3, #56]	; 0x38
1000264c:	6b59      	ldr	r1, [r3, #52]	; 0x34
1000264e:	3a18      	subs	r2, #24
10002650:	400a      	ands	r2, r1
10002652:	4907      	ldr	r1, [pc, #28]	; (10002670 <stdio_uart_set_chars_available_callback+0x84>)
10002654:	468c      	mov	ip, r1
10002656:	4463      	add	r3, ip
10002658:	601a      	str	r2, [r3, #0]
1000265a:	e7d7      	b.n	1000260c <stdio_uart_set_chars_available_callback+0x20>
1000265c:	20001ff8 	.word	0x20001ff8
10002660:	bffc8000 	.word	0xbffc8000
10002664:	20001a44 	.word	0x20001a44
10002668:	100025b1 	.word	0x100025b1
1000266c:	20001a4c 	.word	0x20001a4c
10002670:	00001034 	.word	0x00001034

10002674 <stdio_uart_init>:
10002674:	4b0d      	ldr	r3, [pc, #52]	; (100026ac <stdio_uart_init+0x38>)
10002676:	b510      	push	{r4, lr}
10002678:	781b      	ldrb	r3, [r3, #0]
1000267a:	4b0d      	ldr	r3, [pc, #52]	; (100026b0 <stdio_uart_init+0x3c>)
1000267c:	4c0d      	ldr	r4, [pc, #52]	; (100026b4 <stdio_uart_init+0x40>)
1000267e:	781b      	ldrb	r3, [r3, #0]
10002680:	4b0d      	ldr	r3, [pc, #52]	; (100026b8 <stdio_uart_init+0x44>)
10002682:	2102      	movs	r1, #2
10002684:	781b      	ldrb	r3, [r3, #0]
10002686:	4b0d      	ldr	r3, [pc, #52]	; (100026bc <stdio_uart_init+0x48>)
10002688:	2000      	movs	r0, #0
1000268a:	6023      	str	r3, [r4, #0]
1000268c:	f7fd ffe6 	bl	1000065c <gpio_set_function>
10002690:	2102      	movs	r1, #2
10002692:	2001      	movs	r0, #1
10002694:	f7fd ffe2 	bl	1000065c <gpio_set_function>
10002698:	21e1      	movs	r1, #225	; 0xe1
1000269a:	6820      	ldr	r0, [r4, #0]
1000269c:	0249      	lsls	r1, r1, #9
1000269e:	f7ff f85d 	bl	1000175c <uart_init>
100026a2:	2101      	movs	r1, #1
100026a4:	4806      	ldr	r0, [pc, #24]	; (100026c0 <stdio_uart_init+0x4c>)
100026a6:	f7ff fe91 	bl	100023cc <stdio_set_driver_enabled>
100026aa:	bd10      	pop	{r4, pc}
100026ac:	10005480 	.word	0x10005480
100026b0:	10005484 	.word	0x10005484
100026b4:	20001ff8 	.word	0x20001ff8
100026b8:	10005488 	.word	0x10005488
100026bc:	40034000 	.word	0x40034000
100026c0:	200010b0 	.word	0x200010b0

100026c4 <resetd_init>:
100026c4:	4770      	bx	lr
100026c6:	46c0      	nop			; (mov r8, r8)

100026c8 <resetd_reset>:
100026c8:	2200      	movs	r2, #0
100026ca:	4b01      	ldr	r3, [pc, #4]	; (100026d0 <resetd_reset+0x8>)
100026cc:	701a      	strb	r2, [r3, #0]
100026ce:	4770      	bx	lr
100026d0:	20002012 	.word	0x20002012

100026d4 <resetd_open>:
100026d4:	794b      	ldrb	r3, [r1, #5]
100026d6:	2000      	movs	r0, #0
100026d8:	2bff      	cmp	r3, #255	; 0xff
100026da:	d10b      	bne.n	100026f4 <resetd_open+0x20>
100026dc:	798b      	ldrb	r3, [r1, #6]
100026de:	2b00      	cmp	r3, #0
100026e0:	d108      	bne.n	100026f4 <resetd_open+0x20>
100026e2:	79cb      	ldrb	r3, [r1, #7]
100026e4:	2b01      	cmp	r3, #1
100026e6:	d105      	bne.n	100026f4 <resetd_open+0x20>
100026e8:	2a08      	cmp	r2, #8
100026ea:	d903      	bls.n	100026f4 <resetd_open+0x20>
100026ec:	788a      	ldrb	r2, [r1, #2]
100026ee:	4b02      	ldr	r3, [pc, #8]	; (100026f8 <resetd_open+0x24>)
100026f0:	3009      	adds	r0, #9
100026f2:	701a      	strb	r2, [r3, #0]
100026f4:	4770      	bx	lr
100026f6:	46c0      	nop			; (mov r8, r8)
100026f8:	20002012 	.word	0x20002012

100026fc <resetd_xfer_cb>:
100026fc:	2001      	movs	r0, #1
100026fe:	4770      	bx	lr

10002700 <resetd_control_xfer_cb>:
10002700:	b510      	push	{r4, lr}
10002702:	2901      	cmp	r1, #1
10002704:	d109      	bne.n	1000271a <resetd_control_xfer_cb+0x1a>
10002706:	4915      	ldr	r1, [pc, #84]	; (1000275c <resetd_control_xfer_cb+0x5c>)
10002708:	7953      	ldrb	r3, [r2, #5]
1000270a:	7910      	ldrb	r0, [r2, #4]
1000270c:	7809      	ldrb	r1, [r1, #0]
1000270e:	021b      	lsls	r3, r3, #8
10002710:	4303      	orrs	r3, r0
10002712:	2000      	movs	r0, #0
10002714:	4299      	cmp	r1, r3
10002716:	d002      	beq.n	1000271e <resetd_control_xfer_cb+0x1e>
10002718:	bd10      	pop	{r4, pc}
1000271a:	2001      	movs	r0, #1
1000271c:	e7fc      	b.n	10002718 <resetd_control_xfer_cb+0x18>
1000271e:	7853      	ldrb	r3, [r2, #1]
10002720:	2b01      	cmp	r3, #1
10002722:	d008      	beq.n	10002736 <resetd_control_xfer_cb+0x36>
10002724:	2b02      	cmp	r3, #2
10002726:	d1f7      	bne.n	10002718 <resetd_control_xfer_cb+0x18>
10002728:	2000      	movs	r0, #0
1000272a:	2264      	movs	r2, #100	; 0x64
1000272c:	2100      	movs	r1, #0
1000272e:	f7ff fa53 	bl	10001bd8 <watchdog_reboot>
10002732:	2001      	movs	r0, #1
10002734:	e7f0      	b.n	10002718 <resetd_control_xfer_cb+0x18>
10002736:	78d3      	ldrb	r3, [r2, #3]
10002738:	7891      	ldrb	r1, [r2, #2]
1000273a:	021b      	lsls	r3, r3, #8
1000273c:	4319      	orrs	r1, r3
1000273e:	05db      	lsls	r3, r3, #23
10002740:	d507      	bpl.n	10002752 <resetd_control_xfer_cb+0x52>
10002742:	0a4a      	lsrs	r2, r1, #9
10002744:	0010      	movs	r0, r2
10002746:	2301      	movs	r3, #1
10002748:	401a      	ands	r2, r3
1000274a:	337e      	adds	r3, #126	; 0x7e
1000274c:	4019      	ands	r1, r3
1000274e:	f7ff fac9 	bl	10001ce4 <rom_reset_usb_boot_extra>
10002752:	2001      	movs	r0, #1
10002754:	0a4a      	lsrs	r2, r1, #9
10002756:	4240      	negs	r0, r0
10002758:	e7f5      	b.n	10002746 <resetd_control_xfer_cb+0x46>
1000275a:	46c0      	nop			; (mov r8, r8)
1000275c:	20002012 	.word	0x20002012

10002760 <tud_descriptor_bos_cb>:
10002760:	4800      	ldr	r0, [pc, #0]	; (10002764 <tud_descriptor_bos_cb+0x4>)
10002762:	4770      	bx	lr
10002764:	10005188 	.word	0x10005188

10002768 <tud_vendor_control_xfer_cb>:
10002768:	b570      	push	{r4, r5, r6, lr}
1000276a:	0005      	movs	r5, r0
1000276c:	0014      	movs	r4, r2
1000276e:	2001      	movs	r0, #1
10002770:	2901      	cmp	r1, #1
10002772:	d109      	bne.n	10002788 <tud_vendor_control_xfer_cb+0x20>
10002774:	7853      	ldrb	r3, [r2, #1]
10002776:	2000      	movs	r0, #0
10002778:	2b01      	cmp	r3, #1
1000277a:	d105      	bne.n	10002788 <tud_vendor_control_xfer_cb+0x20>
1000277c:	7963      	ldrb	r3, [r4, #5]
1000277e:	7912      	ldrb	r2, [r2, #4]
10002780:	021b      	lsls	r3, r3, #8
10002782:	4313      	orrs	r3, r2
10002784:	2b07      	cmp	r3, #7
10002786:	d000      	beq.n	1000278a <tud_vendor_control_xfer_cb+0x22>
10002788:	bd70      	pop	{r4, r5, r6, pc}
1000278a:	0021      	movs	r1, r4
1000278c:	0028      	movs	r0, r5
1000278e:	4a02      	ldr	r2, [pc, #8]	; (10002798 <tud_vendor_control_xfer_cb+0x30>)
10002790:	339f      	adds	r3, #159	; 0x9f
10002792:	f001 fa61 	bl	10003c58 <tud_control_xfer>
10002796:	e7f7      	b.n	10002788 <tud_vendor_control_xfer_cb+0x20>
10002798:	100051ac 	.word	0x100051ac

1000279c <usbd_app_driver_get_cb>:
1000279c:	2301      	movs	r3, #1
1000279e:	7003      	strb	r3, [r0, #0]
100027a0:	4800      	ldr	r0, [pc, #0]	; (100027a4 <usbd_app_driver_get_cb+0x8>)
100027a2:	4770      	bx	lr
100027a4:	10005168 	.word	0x10005168

100027a8 <tud_cdc_line_coding_cb>:
100027a8:	7848      	ldrb	r0, [r1, #1]
100027aa:	780b      	ldrb	r3, [r1, #0]
100027ac:	788a      	ldrb	r2, [r1, #2]
100027ae:	0200      	lsls	r0, r0, #8
100027b0:	4318      	orrs	r0, r3
100027b2:	0412      	lsls	r2, r2, #16
100027b4:	4310      	orrs	r0, r2
100027b6:	2296      	movs	r2, #150	; 0x96
100027b8:	78cb      	ldrb	r3, [r1, #3]
100027ba:	b510      	push	{r4, lr}
100027bc:	061b      	lsls	r3, r3, #24
100027be:	4303      	orrs	r3, r0
100027c0:	00d2      	lsls	r2, r2, #3
100027c2:	4293      	cmp	r3, r2
100027c4:	d000      	beq.n	100027c8 <tud_cdc_line_coding_cb+0x20>
100027c6:	bd10      	pop	{r4, pc}
100027c8:	2200      	movs	r2, #0
100027ca:	2001      	movs	r0, #1
100027cc:	0011      	movs	r1, r2
100027ce:	4240      	negs	r0, r0
100027d0:	f7ff fa88 	bl	10001ce4 <rom_reset_usb_boot_extra>

100027d4 <stdio_usb_set_chars_available_callback>:
100027d4:	4b02      	ldr	r3, [pc, #8]	; (100027e0 <stdio_usb_set_chars_available_callback+0xc>)
100027d6:	6018      	str	r0, [r3, #0]
100027d8:	4b02      	ldr	r3, [pc, #8]	; (100027e4 <stdio_usb_set_chars_available_callback+0x10>)
100027da:	6019      	str	r1, [r3, #0]
100027dc:	4770      	bx	lr
100027de:	46c0      	nop			; (mov r8, r8)
100027e0:	20001a48 	.word	0x20001a48
100027e4:	20001a50 	.word	0x20001a50

100027e8 <usb_irq>:
100027e8:	b510      	push	{r4, lr}
100027ea:	4b02      	ldr	r3, [pc, #8]	; (100027f4 <usb_irq+0xc>)
100027ec:	7818      	ldrb	r0, [r3, #0]
100027ee:	f7fe f871 	bl	100008d4 <irq_set_pending>
100027f2:	bd10      	pop	{r4, pc}
100027f4:	20002013 	.word	0x20002013

100027f8 <timer_task>:
100027f8:	4b15      	ldr	r3, [pc, #84]	; (10002850 <timer_task+0x58>)
100027fa:	b570      	push	{r4, r5, r6, lr}
100027fc:	681a      	ldr	r2, [r3, #0]
100027fe:	2a00      	cmp	r2, #0
10002800:	d022      	beq.n	10002848 <timer_task+0x50>
10002802:	f3ef 8110 	mrs	r1, PRIMASK
10002806:	b672      	cpsid	i
10002808:	6810      	ldr	r0, [r2, #0]
1000280a:	2800      	cmp	r0, #0
1000280c:	d0fc      	beq.n	10002808 <timer_task+0x10>
1000280e:	f3bf 8f5f 	dmb	sy
10002812:	2200      	movs	r2, #0
10002814:	480f      	ldr	r0, [pc, #60]	; (10002854 <timer_task+0x5c>)
10002816:	6059      	str	r1, [r3, #4]
10002818:	7002      	strb	r2, [r0, #0]
1000281a:	681b      	ldr	r3, [r3, #0]
1000281c:	f3bf 8f5f 	dmb	sy
10002820:	601a      	str	r2, [r3, #0]
10002822:	f381 8810 	msr	PRIMASK, r1
10002826:	2400      	movs	r4, #0
10002828:	2500      	movs	r5, #0
1000282a:	4e0b      	ldr	r6, [pc, #44]	; (10002858 <timer_task+0x60>)
1000282c:	7830      	ldrb	r0, [r6, #0]
1000282e:	f7fe f845 	bl	100008bc <irq_is_enabled>
10002832:	2800      	cmp	r0, #0
10002834:	d104      	bne.n	10002840 <timer_task+0x48>
10002836:	2400      	movs	r4, #0
10002838:	2500      	movs	r5, #0
1000283a:	0029      	movs	r1, r5
1000283c:	0020      	movs	r0, r4
1000283e:	bd70      	pop	{r4, r5, r6, pc}
10002840:	7830      	ldrb	r0, [r6, #0]
10002842:	f7fe f847 	bl	100008d4 <irq_set_pending>
10002846:	e7f8      	b.n	1000283a <timer_task+0x42>
10002848:	24fa      	movs	r4, #250	; 0xfa
1000284a:	2500      	movs	r5, #0
1000284c:	00a4      	lsls	r4, r4, #2
1000284e:	e7ec      	b.n	1000282a <timer_task+0x32>
10002850:	20001ec4 	.word	0x20001ec4
10002854:	20002014 	.word	0x20002014
10002858:	20002013 	.word	0x20002013

1000285c <stdio_usb_in_chars>:
1000285c:	b570      	push	{r4, r5, r6, lr}
1000285e:	0004      	movs	r4, r0
10002860:	2000      	movs	r0, #0
10002862:	000e      	movs	r6, r1
10002864:	f001 fb22 	bl	10003eac <tud_cdc_n_connected>
10002868:	2800      	cmp	r0, #0
1000286a:	d035      	beq.n	100028d8 <stdio_usb_in_chars+0x7c>
1000286c:	2000      	movs	r0, #0
1000286e:	f001 fb33 	bl	10003ed8 <tud_cdc_n_available>
10002872:	2800      	cmp	r0, #0
10002874:	d030      	beq.n	100028d8 <stdio_usb_in_chars+0x7c>
10002876:	f7fe ff2d 	bl	100016d4 <time_us_64>
1000287a:	2300      	movs	r3, #0
1000287c:	4a18      	ldr	r2, [pc, #96]	; (100028e0 <stdio_usb_in_chars+0x84>)
1000287e:	1812      	adds	r2, r2, r0
10002880:	414b      	adcs	r3, r1
10002882:	2b00      	cmp	r3, #0
10002884:	db24      	blt.n	100028d0 <stdio_usb_in_chars+0x74>
10002886:	4d17      	ldr	r5, [pc, #92]	; (100028e4 <stdio_usb_in_chars+0x88>)
10002888:	0028      	movs	r0, r5
1000288a:	f002 fb5d 	bl	10004f48 <__mutex_try_enter_block_until_veneer>
1000288e:	2800      	cmp	r0, #0
10002890:	d022      	beq.n	100028d8 <stdio_usb_in_chars+0x7c>
10002892:	2000      	movs	r0, #0
10002894:	f001 fb0a 	bl	10003eac <tud_cdc_n_connected>
10002898:	2800      	cmp	r0, #0
1000289a:	d10b      	bne.n	100028b4 <stdio_usb_in_chars+0x58>
1000289c:	2001      	movs	r0, #1
1000289e:	2100      	movs	r1, #0
100028a0:	2403      	movs	r4, #3
100028a2:	4240      	negs	r0, r0
100028a4:	f000 fd0a 	bl	100032bc <tud_task_ext>
100028a8:	4264      	negs	r4, r4
100028aa:	0028      	movs	r0, r5
100028ac:	f002 fb2c 	bl	10004f08 <__mutex_exit_veneer>
100028b0:	0020      	movs	r0, r4
100028b2:	bd70      	pop	{r4, r5, r6, pc}
100028b4:	2000      	movs	r0, #0
100028b6:	f001 fb0f 	bl	10003ed8 <tud_cdc_n_available>
100028ba:	2800      	cmp	r0, #0
100028bc:	d0ee      	beq.n	1000289c <stdio_usb_in_chars+0x40>
100028be:	0021      	movs	r1, r4
100028c0:	0032      	movs	r2, r6
100028c2:	2000      	movs	r0, #0
100028c4:	f001 fb14 	bl	10003ef0 <tud_cdc_n_read>
100028c8:	1e04      	subs	r4, r0, #0
100028ca:	d1ee      	bne.n	100028aa <stdio_usb_in_chars+0x4e>
100028cc:	3c03      	subs	r4, #3
100028ce:	e7ec      	b.n	100028aa <stdio_usb_in_chars+0x4e>
100028d0:	2201      	movs	r2, #1
100028d2:	4b05      	ldr	r3, [pc, #20]	; (100028e8 <stdio_usb_in_chars+0x8c>)
100028d4:	4252      	negs	r2, r2
100028d6:	e7d6      	b.n	10002886 <stdio_usb_in_chars+0x2a>
100028d8:	2403      	movs	r4, #3
100028da:	4264      	negs	r4, r4
100028dc:	e7e8      	b.n	100028b0 <stdio_usb_in_chars+0x54>
100028de:	46c0      	nop			; (mov r8, r8)
100028e0:	000f4240 	.word	0x000f4240
100028e4:	20001fec 	.word	0x20001fec
100028e8:	7fffffff 	.word	0x7fffffff

100028ec <stdio_usb_out_flush>:
100028ec:	b510      	push	{r4, lr}
100028ee:	f7fe fef1 	bl	100016d4 <time_us_64>
100028f2:	2300      	movs	r3, #0
100028f4:	4a0e      	ldr	r2, [pc, #56]	; (10002930 <stdio_usb_out_flush+0x44>)
100028f6:	1812      	adds	r2, r2, r0
100028f8:	414b      	adcs	r3, r1
100028fa:	2b00      	cmp	r3, #0
100028fc:	db13      	blt.n	10002926 <stdio_usb_out_flush+0x3a>
100028fe:	4c0d      	ldr	r4, [pc, #52]	; (10002934 <stdio_usb_out_flush+0x48>)
10002900:	0020      	movs	r0, r4
10002902:	f002 fb21 	bl	10004f48 <__mutex_try_enter_block_until_veneer>
10002906:	2800      	cmp	r0, #0
10002908:	d00c      	beq.n	10002924 <stdio_usb_out_flush+0x38>
1000290a:	2001      	movs	r0, #1
1000290c:	2100      	movs	r1, #0
1000290e:	4240      	negs	r0, r0
10002910:	f000 fcd4 	bl	100032bc <tud_task_ext>
10002914:	2000      	movs	r0, #0
10002916:	f001 fb35 	bl	10003f84 <tud_cdc_n_write_flush>
1000291a:	2800      	cmp	r0, #0
1000291c:	d1f5      	bne.n	1000290a <stdio_usb_out_flush+0x1e>
1000291e:	0020      	movs	r0, r4
10002920:	f002 faf2 	bl	10004f08 <__mutex_exit_veneer>
10002924:	bd10      	pop	{r4, pc}
10002926:	2201      	movs	r2, #1
10002928:	4b03      	ldr	r3, [pc, #12]	; (10002938 <stdio_usb_out_flush+0x4c>)
1000292a:	4252      	negs	r2, r2
1000292c:	e7e7      	b.n	100028fe <stdio_usb_out_flush+0x12>
1000292e:	46c0      	nop			; (mov r8, r8)
10002930:	000f4240 	.word	0x000f4240
10002934:	20001fec 	.word	0x20001fec
10002938:	7fffffff 	.word	0x7fffffff

1000293c <stdio_usb_out_chars>:
1000293c:	b5f8      	push	{r3, r4, r5, r6, r7, lr}
1000293e:	46de      	mov	lr, fp
10002940:	4657      	mov	r7, sl
10002942:	b580      	push	{r7, lr}
10002944:	0005      	movs	r5, r0
10002946:	000c      	movs	r4, r1
10002948:	f7fe fec4 	bl	100016d4 <time_us_64>
1000294c:	2300      	movs	r3, #0
1000294e:	4a36      	ldr	r2, [pc, #216]	; (10002a28 <stdio_usb_out_chars+0xec>)
10002950:	1812      	adds	r2, r2, r0
10002952:	414b      	adcs	r3, r1
10002954:	2b00      	cmp	r3, #0
10002956:	db5a      	blt.n	10002a0e <stdio_usb_out_chars+0xd2>
10002958:	4934      	ldr	r1, [pc, #208]	; (10002a2c <stdio_usb_out_chars+0xf0>)
1000295a:	0008      	movs	r0, r1
1000295c:	468a      	mov	sl, r1
1000295e:	f002 faf3 	bl	10004f48 <__mutex_try_enter_block_until_veneer>
10002962:	2800      	cmp	r0, #0
10002964:	d103      	bne.n	1000296e <stdio_usb_out_chars+0x32>
10002966:	bcc0      	pop	{r6, r7}
10002968:	46bb      	mov	fp, r7
1000296a:	46b2      	mov	sl, r6
1000296c:	bdf8      	pop	{r3, r4, r5, r6, r7, pc}
1000296e:	2000      	movs	r0, #0
10002970:	f001 fa9c 	bl	10003eac <tud_cdc_n_connected>
10002974:	2800      	cmp	r0, #0
10002976:	d04e      	beq.n	10002a16 <stdio_usb_out_chars+0xda>
10002978:	2600      	movs	r6, #0
1000297a:	2c00      	cmp	r4, #0
1000297c:	dd43      	ble.n	10002a06 <stdio_usb_out_chars+0xca>
1000297e:	4b2c      	ldr	r3, [pc, #176]	; (10002a30 <stdio_usb_out_chars+0xf4>)
10002980:	469b      	mov	fp, r3
10002982:	e014      	b.n	100029ae <stdio_usb_out_chars+0x72>
10002984:	19a9      	adds	r1, r5, r6
10002986:	2000      	movs	r0, #0
10002988:	f001 fb38 	bl	10003ffc <tud_cdc_n_write>
1000298c:	0007      	movs	r7, r0
1000298e:	2001      	movs	r0, #1
10002990:	2100      	movs	r1, #0
10002992:	4240      	negs	r0, r0
10002994:	f000 fc92 	bl	100032bc <tud_task_ext>
10002998:	2000      	movs	r0, #0
1000299a:	f001 faf3 	bl	10003f84 <tud_cdc_n_write_flush>
1000299e:	f7fe fe99 	bl	100016d4 <time_us_64>
100029a2:	4b23      	ldr	r3, [pc, #140]	; (10002a30 <stdio_usb_out_chars+0xf4>)
100029a4:	19f6      	adds	r6, r6, r7
100029a6:	6018      	str	r0, [r3, #0]
100029a8:	6059      	str	r1, [r3, #4]
100029aa:	42b4      	cmp	r4, r6
100029ac:	dd2b      	ble.n	10002a06 <stdio_usb_out_chars+0xca>
100029ae:	2000      	movs	r0, #0
100029b0:	f001 fb46 	bl	10004040 <tud_cdc_n_write_available>
100029b4:	1ba7      	subs	r7, r4, r6
100029b6:	0002      	movs	r2, r0
100029b8:	42b8      	cmp	r0, r7
100029ba:	dd00      	ble.n	100029be <stdio_usb_out_chars+0x82>
100029bc:	003a      	movs	r2, r7
100029be:	2a00      	cmp	r2, #0
100029c0:	d1e0      	bne.n	10002984 <stdio_usb_out_chars+0x48>
100029c2:	2001      	movs	r0, #1
100029c4:	2100      	movs	r1, #0
100029c6:	4240      	negs	r0, r0
100029c8:	f000 fc78 	bl	100032bc <tud_task_ext>
100029cc:	2000      	movs	r0, #0
100029ce:	f001 fad9 	bl	10003f84 <tud_cdc_n_write_flush>
100029d2:	2000      	movs	r0, #0
100029d4:	f001 fa6a 	bl	10003eac <tud_cdc_n_connected>
100029d8:	2800      	cmp	r0, #0
100029da:	d014      	beq.n	10002a06 <stdio_usb_out_chars+0xca>
100029dc:	2000      	movs	r0, #0
100029de:	f001 fb2f 	bl	10004040 <tud_cdc_n_write_available>
100029e2:	2800      	cmp	r0, #0
100029e4:	d1e1      	bne.n	100029aa <stdio_usb_out_chars+0x6e>
100029e6:	f7fe fe75 	bl	100016d4 <time_us_64>
100029ea:	465b      	mov	r3, fp
100029ec:	000f      	movs	r7, r1
100029ee:	681a      	ldr	r2, [r3, #0]
100029f0:	685b      	ldr	r3, [r3, #4]
100029f2:	2100      	movs	r1, #0
100029f4:	4684      	mov	ip, r0
100029f6:	480f      	ldr	r0, [pc, #60]	; (10002a34 <stdio_usb_out_chars+0xf8>)
100029f8:	1812      	adds	r2, r2, r0
100029fa:	414b      	adcs	r3, r1
100029fc:	429f      	cmp	r7, r3
100029fe:	d802      	bhi.n	10002a06 <stdio_usb_out_chars+0xca>
10002a00:	d1d3      	bne.n	100029aa <stdio_usb_out_chars+0x6e>
10002a02:	4594      	cmp	ip, r2
10002a04:	d9d1      	bls.n	100029aa <stdio_usb_out_chars+0x6e>
10002a06:	4650      	mov	r0, sl
10002a08:	f002 fa7e 	bl	10004f08 <__mutex_exit_veneer>
10002a0c:	e7ab      	b.n	10002966 <stdio_usb_out_chars+0x2a>
10002a0e:	2201      	movs	r2, #1
10002a10:	4b09      	ldr	r3, [pc, #36]	; (10002a38 <stdio_usb_out_chars+0xfc>)
10002a12:	4252      	negs	r2, r2
10002a14:	e7a0      	b.n	10002958 <stdio_usb_out_chars+0x1c>
10002a16:	2000      	movs	r0, #0
10002a18:	2100      	movs	r1, #0
10002a1a:	4b05      	ldr	r3, [pc, #20]	; (10002a30 <stdio_usb_out_chars+0xf4>)
10002a1c:	6018      	str	r0, [r3, #0]
10002a1e:	6059      	str	r1, [r3, #4]
10002a20:	4650      	mov	r0, sl
10002a22:	f002 fa71 	bl	10004f08 <__mutex_exit_veneer>
10002a26:	e79e      	b.n	10002966 <stdio_usb_out_chars+0x2a>
10002a28:	000f4240 	.word	0x000f4240
10002a2c:	20001fec 	.word	0x20001fec
10002a30:	20001288 	.word	0x20001288
10002a34:	0007a120 	.word	0x0007a120
10002a38:	7fffffff 	.word	0x7fffffff

10002a3c <low_priority_worker_irq>:
10002a3c:	b530      	push	{r4, r5, lr}
10002a3e:	4c2a      	ldr	r4, [pc, #168]	; (10002ae8 <low_priority_worker_irq+0xac>)
10002a40:	b085      	sub	sp, #20
10002a42:	2100      	movs	r1, #0
10002a44:	0020      	movs	r0, r4
10002a46:	f002 fa6f 	bl	10004f28 <__mutex_try_enter_veneer>
10002a4a:	2800      	cmp	r0, #0
10002a4c:	d11c      	bne.n	10002a88 <low_priority_worker_irq+0x4c>
10002a4e:	4b27      	ldr	r3, [pc, #156]	; (10002aec <low_priority_worker_irq+0xb0>)
10002a50:	681a      	ldr	r2, [r3, #0]
10002a52:	2a00      	cmp	r2, #0
10002a54:	d016      	beq.n	10002a84 <low_priority_worker_irq+0x48>
10002a56:	f3ef 8110 	mrs	r1, PRIMASK
10002a5a:	b672      	cpsid	i
10002a5c:	6810      	ldr	r0, [r2, #0]
10002a5e:	2800      	cmp	r0, #0
10002a60:	d0fc      	beq.n	10002a5c <low_priority_worker_irq+0x20>
10002a62:	f3bf 8f5f 	dmb	sy
10002a66:	2401      	movs	r4, #1
10002a68:	4821      	ldr	r0, [pc, #132]	; (10002af0 <low_priority_worker_irq+0xb4>)
10002a6a:	6059      	str	r1, [r3, #4]
10002a6c:	7802      	ldrb	r2, [r0, #0]
10002a6e:	681b      	ldr	r3, [r3, #0]
10002a70:	b2d2      	uxtb	r2, r2
10002a72:	7004      	strb	r4, [r0, #0]
10002a74:	f3bf 8f5f 	dmb	sy
10002a78:	2000      	movs	r0, #0
10002a7a:	6018      	str	r0, [r3, #0]
10002a7c:	f381 8810 	msr	PRIMASK, r1
10002a80:	2a00      	cmp	r2, #0
10002a82:	d017      	beq.n	10002ab4 <low_priority_worker_irq+0x78>
10002a84:	b005      	add	sp, #20
10002a86:	bd30      	pop	{r4, r5, pc}
10002a88:	2001      	movs	r0, #1
10002a8a:	2100      	movs	r1, #0
10002a8c:	4240      	negs	r0, r0
10002a8e:	f000 fc15 	bl	100032bc <tud_task_ext>
10002a92:	2000      	movs	r0, #0
10002a94:	f001 fa20 	bl	10003ed8 <tud_cdc_n_available>
10002a98:	0005      	movs	r5, r0
10002a9a:	0020      	movs	r0, r4
10002a9c:	f002 fa34 	bl	10004f08 <__mutex_exit_veneer>
10002aa0:	2d00      	cmp	r5, #0
10002aa2:	d0ef      	beq.n	10002a84 <low_priority_worker_irq+0x48>
10002aa4:	4b13      	ldr	r3, [pc, #76]	; (10002af4 <low_priority_worker_irq+0xb8>)
10002aa6:	681b      	ldr	r3, [r3, #0]
10002aa8:	2b00      	cmp	r3, #0
10002aaa:	d0eb      	beq.n	10002a84 <low_priority_worker_irq+0x48>
10002aac:	4a12      	ldr	r2, [pc, #72]	; (10002af8 <low_priority_worker_irq+0xbc>)
10002aae:	6810      	ldr	r0, [r2, #0]
10002ab0:	4798      	blx	r3
10002ab2:	e7e7      	b.n	10002a84 <low_priority_worker_irq+0x48>
10002ab4:	f7fe fbfc 	bl	100012b0 <alarm_pool_get_default>
10002ab8:	0004      	movs	r4, r0
10002aba:	f7fe fe0b 	bl	100016d4 <time_us_64>
10002abe:	22fa      	movs	r2, #250	; 0xfa
10002ac0:	2300      	movs	r3, #0
10002ac2:	0092      	lsls	r2, r2, #2
10002ac4:	1812      	adds	r2, r2, r0
10002ac6:	414b      	adcs	r3, r1
10002ac8:	2b00      	cmp	r3, #0
10002aca:	db09      	blt.n	10002ae0 <low_priority_worker_irq+0xa4>
10002acc:	2101      	movs	r1, #1
10002ace:	9102      	str	r1, [sp, #8]
10002ad0:	2100      	movs	r1, #0
10002ad2:	9101      	str	r1, [sp, #4]
10002ad4:	4909      	ldr	r1, [pc, #36]	; (10002afc <low_priority_worker_irq+0xc0>)
10002ad6:	0020      	movs	r0, r4
10002ad8:	9100      	str	r1, [sp, #0]
10002ada:	f7fe fbed 	bl	100012b8 <alarm_pool_add_alarm_at>
10002ade:	e7d1      	b.n	10002a84 <low_priority_worker_irq+0x48>
10002ae0:	2201      	movs	r2, #1
10002ae2:	4b07      	ldr	r3, [pc, #28]	; (10002b00 <low_priority_worker_irq+0xc4>)
10002ae4:	4252      	negs	r2, r2
10002ae6:	e7f1      	b.n	10002acc <low_priority_worker_irq+0x90>
10002ae8:	20001fec 	.word	0x20001fec
10002aec:	20001ec4 	.word	0x20001ec4
10002af0:	20002014 	.word	0x20002014
10002af4:	20001a48 	.word	0x20001a48
10002af8:	20001a50 	.word	0x20001a50
10002afc:	100027f9 	.word	0x100027f9
10002b00:	7fffffff 	.word	0x7fffffff

10002b04 <stdio_usb_init>:
10002b04:	23d0      	movs	r3, #208	; 0xd0
10002b06:	b510      	push	{r4, lr}
10002b08:	061b      	lsls	r3, r3, #24
10002b0a:	b084      	sub	sp, #16
10002b0c:	681c      	ldr	r4, [r3, #0]
10002b0e:	f7fe fbcf 	bl	100012b0 <alarm_pool_get_default>
10002b12:	f7fe fccb 	bl	100014ac <alarm_pool_core_num>
10002b16:	42a0      	cmp	r0, r4
10002b18:	d002      	beq.n	10002b20 <stdio_usb_init+0x1c>
10002b1a:	2000      	movs	r0, #0
10002b1c:	b004      	add	sp, #16
10002b1e:	bd10      	pop	{r4, pc}
10002b20:	4b29      	ldr	r3, [pc, #164]	; (10002bc8 <stdio_usb_init+0xc4>)
10002b22:	2100      	movs	r1, #0
10002b24:	2000      	movs	r0, #0
10002b26:	781b      	ldrb	r3, [r3, #0]
10002b28:	f001 fd7e 	bl	10004628 <tusb_rhport_init>
10002b2c:	4827      	ldr	r0, [pc, #156]	; (10002bcc <stdio_usb_init+0xc8>)
10002b2e:	6803      	ldr	r3, [r0, #0]
10002b30:	2b00      	cmp	r3, #0
10002b32:	d041      	beq.n	10002bb8 <stdio_usb_init+0xb4>
10002b34:	2001      	movs	r0, #1
10002b36:	f7fe f941 	bl	10000dbc <user_irq_claim_unused>
10002b3a:	23ff      	movs	r3, #255	; 0xff
10002b3c:	4c24      	ldr	r4, [pc, #144]	; (10002bd0 <stdio_usb_init+0xcc>)
10002b3e:	4925      	ldr	r1, [pc, #148]	; (10002bd4 <stdio_usb_init+0xd0>)
10002b40:	7020      	strb	r0, [r4, #0]
10002b42:	4018      	ands	r0, r3
10002b44:	f7fd fee0 	bl	10000908 <irq_set_exclusive_handler>
10002b48:	7820      	ldrb	r0, [r4, #0]
10002b4a:	2101      	movs	r1, #1
10002b4c:	f7fd fea4 	bl	10000898 <irq_set_enabled>
10002b50:	2005      	movs	r0, #5
10002b52:	f7fd fec7 	bl	100008e4 <irq_has_shared_handler>
10002b56:	2800      	cmp	r0, #0
10002b58:	d121      	bne.n	10002b9e <stdio_usb_init+0x9a>
10002b5a:	2208      	movs	r2, #8
10002b5c:	2100      	movs	r1, #0
10002b5e:	481e      	ldr	r0, [pc, #120]	; (10002bd8 <stdio_usb_init+0xd4>)
10002b60:	f7ff fb0a 	bl	10002178 <__wrap_memset>
10002b64:	f7fe fba4 	bl	100012b0 <alarm_pool_get_default>
10002b68:	0004      	movs	r4, r0
10002b6a:	f7fe fdb3 	bl	100016d4 <time_us_64>
10002b6e:	22fa      	movs	r2, #250	; 0xfa
10002b70:	2300      	movs	r3, #0
10002b72:	0092      	lsls	r2, r2, #2
10002b74:	1812      	adds	r2, r2, r0
10002b76:	414b      	adcs	r3, r1
10002b78:	2b00      	cmp	r3, #0
10002b7a:	db20      	blt.n	10002bbe <stdio_usb_init+0xba>
10002b7c:	2101      	movs	r1, #1
10002b7e:	9102      	str	r1, [sp, #8]
10002b80:	2100      	movs	r1, #0
10002b82:	9101      	str	r1, [sp, #4]
10002b84:	4915      	ldr	r1, [pc, #84]	; (10002bdc <stdio_usb_init+0xd8>)
10002b86:	0020      	movs	r0, r4
10002b88:	9100      	str	r1, [sp, #0]
10002b8a:	f7fe fb95 	bl	100012b8 <alarm_pool_add_alarm_at>
10002b8e:	2800      	cmp	r0, #0
10002b90:	dbc3      	blt.n	10002b1a <stdio_usb_init+0x16>
10002b92:	4813      	ldr	r0, [pc, #76]	; (10002be0 <stdio_usb_init+0xdc>)
10002b94:	2101      	movs	r1, #1
10002b96:	f7ff fc19 	bl	100023cc <stdio_set_driver_enabled>
10002b9a:	2001      	movs	r0, #1
10002b9c:	e7be      	b.n	10002b1c <stdio_usb_init+0x18>
10002b9e:	2001      	movs	r0, #1
10002ba0:	f7fd fe4a 	bl	10000838 <spin_lock_claim_unused>
10002ba4:	0001      	movs	r1, r0
10002ba6:	480c      	ldr	r0, [pc, #48]	; (10002bd8 <stdio_usb_init+0xd4>)
10002ba8:	f7fe f96e 	bl	10000e88 <critical_section_init_with_lock_num>
10002bac:	2200      	movs	r2, #0
10002bae:	2005      	movs	r0, #5
10002bb0:	490c      	ldr	r1, [pc, #48]	; (10002be4 <stdio_usb_init+0xe0>)
10002bb2:	f7fd fed3 	bl	1000095c <irq_add_shared_handler>
10002bb6:	e7ec      	b.n	10002b92 <stdio_usb_init+0x8e>
10002bb8:	f7fe f948 	bl	10000e4c <mutex_init>
10002bbc:	e7ba      	b.n	10002b34 <stdio_usb_init+0x30>
10002bbe:	2201      	movs	r2, #1
10002bc0:	4b09      	ldr	r3, [pc, #36]	; (10002be8 <stdio_usb_init+0xe4>)
10002bc2:	4252      	negs	r2, r2
10002bc4:	e7da      	b.n	10002b7c <stdio_usb_init+0x78>
10002bc6:	46c0      	nop			; (mov r8, r8)
10002bc8:	1000548c 	.word	0x1000548c
10002bcc:	20001fec 	.word	0x20001fec
10002bd0:	20002013 	.word	0x20002013
10002bd4:	10002a3d 	.word	0x10002a3d
10002bd8:	20001ec4 	.word	0x20001ec4
10002bdc:	100027f9 	.word	0x100027f9
10002be0:	200010c8 	.word	0x200010c8
10002be4:	100027e9 	.word	0x100027e9
10002be8:	7fffffff 	.word	0x7fffffff

10002bec <tud_descriptor_device_cb>:
10002bec:	4800      	ldr	r0, [pc, #0]	; (10002bf0 <tud_descriptor_device_cb+0x4>)
10002bee:	4770      	bx	lr
10002bf0:	100052f4 	.word	0x100052f4

10002bf4 <tud_descriptor_configuration_cb>:
10002bf4:	4800      	ldr	r0, [pc, #0]	; (10002bf8 <tud_descriptor_configuration_cb+0x4>)
10002bf6:	4770      	bx	lr
10002bf8:	100052a0 	.word	0x100052a0

10002bfc <tud_descriptor_string_cb>:
10002bfc:	b570      	push	{r4, r5, r6, lr}
10002bfe:	0004      	movs	r4, r0
10002c00:	4817      	ldr	r0, [pc, #92]	; (10002c60 <tud_descriptor_string_cb+0x64>)
10002c02:	7803      	ldrb	r3, [r0, #0]
10002c04:	2b00      	cmp	r3, #0
10002c06:	d021      	beq.n	10002c4c <tud_descriptor_string_cb+0x50>
10002c08:	2c00      	cmp	r4, #0
10002c0a:	d106      	bne.n	10002c1a <tud_descriptor_string_cb+0x1e>
10002c0c:	24c1      	movs	r4, #193	; 0xc1
10002c0e:	4815      	ldr	r0, [pc, #84]	; (10002c64 <tud_descriptor_string_cb+0x68>)
10002c10:	4b15      	ldr	r3, [pc, #84]	; (10002c68 <tud_descriptor_string_cb+0x6c>)
10002c12:	00a4      	lsls	r4, r4, #2
10002c14:	8043      	strh	r3, [r0, #2]
10002c16:	8004      	strh	r4, [r0, #0]
10002c18:	bd70      	pop	{r4, r5, r6, pc}
10002c1a:	2c05      	cmp	r4, #5
10002c1c:	d81d      	bhi.n	10002c5a <tud_descriptor_string_cb+0x5e>
10002c1e:	4b13      	ldr	r3, [pc, #76]	; (10002c6c <tud_descriptor_string_cb+0x70>)
10002c20:	4810      	ldr	r0, [pc, #64]	; (10002c64 <tud_descriptor_string_cb+0x68>)
10002c22:	00a4      	lsls	r4, r4, #2
10002c24:	58e5      	ldr	r5, [r4, r3]
10002c26:	1c81      	adds	r1, r0, #2
10002c28:	2300      	movs	r3, #0
10002c2a:	e004      	b.n	10002c36 <tud_descriptor_string_cb+0x3a>
10002c2c:	3301      	adds	r3, #1
10002c2e:	800a      	strh	r2, [r1, #0]
10002c30:	3102      	adds	r1, #2
10002c32:	2b13      	cmp	r3, #19
10002c34:	d00e      	beq.n	10002c54 <tud_descriptor_string_cb+0x58>
10002c36:	5cea      	ldrb	r2, [r5, r3]
10002c38:	b2dc      	uxtb	r4, r3
10002c3a:	2a00      	cmp	r2, #0
10002c3c:	d1f6      	bne.n	10002c2c <tud_descriptor_string_cb+0x30>
10002c3e:	23c0      	movs	r3, #192	; 0xc0
10002c40:	3401      	adds	r4, #1
10002c42:	b2e4      	uxtb	r4, r4
10002c44:	0064      	lsls	r4, r4, #1
10002c46:	009b      	lsls	r3, r3, #2
10002c48:	431c      	orrs	r4, r3
10002c4a:	e7e4      	b.n	10002c16 <tud_descriptor_string_cb+0x1a>
10002c4c:	2111      	movs	r1, #17
10002c4e:	f000 f817 	bl	10002c80 <pico_get_unique_board_id_string>
10002c52:	e7d9      	b.n	10002c08 <tud_descriptor_string_cb+0xc>
10002c54:	24ca      	movs	r4, #202	; 0xca
10002c56:	00a4      	lsls	r4, r4, #2
10002c58:	e7dd      	b.n	10002c16 <tud_descriptor_string_cb+0x1a>
10002c5a:	2000      	movs	r0, #0
10002c5c:	e7dc      	b.n	10002c18 <tud_descriptor_string_cb+0x1c>
10002c5e:	46c0      	nop			; (mov r8, r8)
10002c60:	20001ffc 	.word	0x20001ffc
10002c64:	20001a84 	.word	0x20001a84
10002c68:	00000409 	.word	0x00000409
10002c6c:	10005308 	.word	0x10005308

10002c70 <_retrieve_unique_id_on_boot>:
10002c70:	b510      	push	{r4, lr}
10002c72:	4802      	ldr	r0, [pc, #8]	; (10002c7c <_retrieve_unique_id_on_boot+0xc>)
10002c74:	f000 f8d8 	bl	10002e28 <flash_get_unique_id>
10002c78:	bd10      	pop	{r4, pc}
10002c7a:	46c0      	nop			; (mov r8, r8)
10002c7c:	20001edc 	.word	0x20001edc

10002c80 <pico_get_unique_board_id_string>:
10002c80:	b530      	push	{r4, r5, lr}
10002c82:	1e4b      	subs	r3, r1, #1
10002c84:	2901      	cmp	r1, #1
10002c86:	d100      	bne.n	10002c8a <pico_get_unique_board_id_string+0xa>
10002c88:	e0a7      	b.n	10002dda <pico_get_unique_board_id_string+0x15a>
10002c8a:	4a66      	ldr	r2, [pc, #408]	; (10002e24 <pico_get_unique_board_id_string+0x1a4>)
10002c8c:	7811      	ldrb	r1, [r2, #0]
10002c8e:	110d      	asrs	r5, r1, #4
10002c90:	002c      	movs	r4, r5
10002c92:	3430      	adds	r4, #48	; 0x30
10002c94:	299f      	cmp	r1, #159	; 0x9f
10002c96:	d900      	bls.n	10002c9a <pico_get_unique_board_id_string+0x1a>
10002c98:	e0a2      	b.n	10002de0 <pico_get_unique_board_id_string+0x160>
10002c9a:	7004      	strb	r4, [r0, #0]
10002c9c:	2b01      	cmp	r3, #1
10002c9e:	d100      	bne.n	10002ca2 <pico_get_unique_board_id_string+0x22>
10002ca0:	e0be      	b.n	10002e20 <pico_get_unique_board_id_string+0x1a0>
10002ca2:	210f      	movs	r1, #15
10002ca4:	7814      	ldrb	r4, [r2, #0]
10002ca6:	4021      	ands	r1, r4
10002ca8:	000c      	movs	r4, r1
10002caa:	3430      	adds	r4, #48	; 0x30
10002cac:	2909      	cmp	r1, #9
10002cae:	dd00      	ble.n	10002cb2 <pico_get_unique_board_id_string+0x32>
10002cb0:	e098      	b.n	10002de4 <pico_get_unique_board_id_string+0x164>
10002cb2:	7044      	strb	r4, [r0, #1]
10002cb4:	2b02      	cmp	r3, #2
10002cb6:	d100      	bne.n	10002cba <pico_get_unique_board_id_string+0x3a>
10002cb8:	e0b2      	b.n	10002e20 <pico_get_unique_board_id_string+0x1a0>
10002cba:	7854      	ldrb	r4, [r2, #1]
10002cbc:	1125      	asrs	r5, r4, #4
10002cbe:	0029      	movs	r1, r5
10002cc0:	3130      	adds	r1, #48	; 0x30
10002cc2:	2c9f      	cmp	r4, #159	; 0x9f
10002cc4:	d900      	bls.n	10002cc8 <pico_get_unique_board_id_string+0x48>
10002cc6:	e090      	b.n	10002dea <pico_get_unique_board_id_string+0x16a>
10002cc8:	7081      	strb	r1, [r0, #2]
10002cca:	2b03      	cmp	r3, #3
10002ccc:	d100      	bne.n	10002cd0 <pico_get_unique_board_id_string+0x50>
10002cce:	e0a7      	b.n	10002e20 <pico_get_unique_board_id_string+0x1a0>
10002cd0:	210f      	movs	r1, #15
10002cd2:	4021      	ands	r1, r4
10002cd4:	000c      	movs	r4, r1
10002cd6:	3430      	adds	r4, #48	; 0x30
10002cd8:	2909      	cmp	r1, #9
10002cda:	dd00      	ble.n	10002cde <pico_get_unique_board_id_string+0x5e>
10002cdc:	e087      	b.n	10002dee <pico_get_unique_board_id_string+0x16e>
10002cde:	70c4      	strb	r4, [r0, #3]
10002ce0:	2b04      	cmp	r3, #4
10002ce2:	d100      	bne.n	10002ce6 <pico_get_unique_board_id_string+0x66>
10002ce4:	e09c      	b.n	10002e20 <pico_get_unique_board_id_string+0x1a0>
10002ce6:	7894      	ldrb	r4, [r2, #2]
10002ce8:	1125      	asrs	r5, r4, #4
10002cea:	0029      	movs	r1, r5
10002cec:	3130      	adds	r1, #48	; 0x30
10002cee:	2c9f      	cmp	r4, #159	; 0x9f
10002cf0:	d900      	bls.n	10002cf4 <pico_get_unique_board_id_string+0x74>
10002cf2:	e07f      	b.n	10002df4 <pico_get_unique_board_id_string+0x174>
10002cf4:	7101      	strb	r1, [r0, #4]
10002cf6:	2b05      	cmp	r3, #5
10002cf8:	d100      	bne.n	10002cfc <pico_get_unique_board_id_string+0x7c>
10002cfa:	e091      	b.n	10002e20 <pico_get_unique_board_id_string+0x1a0>
10002cfc:	210f      	movs	r1, #15
10002cfe:	4021      	ands	r1, r4
10002d00:	000c      	movs	r4, r1
10002d02:	3430      	adds	r4, #48	; 0x30
10002d04:	2909      	cmp	r1, #9
10002d06:	dd00      	ble.n	10002d0a <pico_get_unique_board_id_string+0x8a>
10002d08:	e076      	b.n	10002df8 <pico_get_unique_board_id_string+0x178>
10002d0a:	7144      	strb	r4, [r0, #5]
10002d0c:	2b06      	cmp	r3, #6
10002d0e:	d100      	bne.n	10002d12 <pico_get_unique_board_id_string+0x92>
10002d10:	e086      	b.n	10002e20 <pico_get_unique_board_id_string+0x1a0>
10002d12:	78d4      	ldrb	r4, [r2, #3]
10002d14:	1125      	asrs	r5, r4, #4
10002d16:	0029      	movs	r1, r5
10002d18:	3130      	adds	r1, #48	; 0x30
10002d1a:	2c9f      	cmp	r4, #159	; 0x9f
10002d1c:	d900      	bls.n	10002d20 <pico_get_unique_board_id_string+0xa0>
10002d1e:	e06e      	b.n	10002dfe <pico_get_unique_board_id_string+0x17e>
10002d20:	7181      	strb	r1, [r0, #6]
10002d22:	2b07      	cmp	r3, #7
10002d24:	d100      	bne.n	10002d28 <pico_get_unique_board_id_string+0xa8>
10002d26:	e07b      	b.n	10002e20 <pico_get_unique_board_id_string+0x1a0>
10002d28:	210f      	movs	r1, #15
10002d2a:	4021      	ands	r1, r4
10002d2c:	000c      	movs	r4, r1
10002d2e:	3430      	adds	r4, #48	; 0x30
10002d30:	2909      	cmp	r1, #9
10002d32:	dc66      	bgt.n	10002e02 <pico_get_unique_board_id_string+0x182>
10002d34:	71c4      	strb	r4, [r0, #7]
10002d36:	2b08      	cmp	r3, #8
10002d38:	d100      	bne.n	10002d3c <pico_get_unique_board_id_string+0xbc>
10002d3a:	e071      	b.n	10002e20 <pico_get_unique_board_id_string+0x1a0>
10002d3c:	7914      	ldrb	r4, [r2, #4]
10002d3e:	1125      	asrs	r5, r4, #4
10002d40:	0029      	movs	r1, r5
10002d42:	3130      	adds	r1, #48	; 0x30
10002d44:	2c9f      	cmp	r4, #159	; 0x9f
10002d46:	d85f      	bhi.n	10002e08 <pico_get_unique_board_id_string+0x188>
10002d48:	7201      	strb	r1, [r0, #8]
10002d4a:	2b09      	cmp	r3, #9
10002d4c:	d068      	beq.n	10002e20 <pico_get_unique_board_id_string+0x1a0>
10002d4e:	210f      	movs	r1, #15
10002d50:	4021      	ands	r1, r4
10002d52:	000c      	movs	r4, r1
10002d54:	3430      	adds	r4, #48	; 0x30
10002d56:	2909      	cmp	r1, #9
10002d58:	dc58      	bgt.n	10002e0c <pico_get_unique_board_id_string+0x18c>
10002d5a:	7244      	strb	r4, [r0, #9]
10002d5c:	2b0a      	cmp	r3, #10
10002d5e:	d05f      	beq.n	10002e20 <pico_get_unique_board_id_string+0x1a0>
10002d60:	7954      	ldrb	r4, [r2, #5]
10002d62:	1125      	asrs	r5, r4, #4
10002d64:	0029      	movs	r1, r5
10002d66:	3130      	adds	r1, #48	; 0x30
10002d68:	2c9f      	cmp	r4, #159	; 0x9f
10002d6a:	d852      	bhi.n	10002e12 <pico_get_unique_board_id_string+0x192>
10002d6c:	7281      	strb	r1, [r0, #10]
10002d6e:	2b0b      	cmp	r3, #11
10002d70:	d056      	beq.n	10002e20 <pico_get_unique_board_id_string+0x1a0>
10002d72:	210f      	movs	r1, #15
10002d74:	4021      	ands	r1, r4
10002d76:	000c      	movs	r4, r1
10002d78:	3430      	adds	r4, #48	; 0x30
10002d7a:	2909      	cmp	r1, #9
10002d7c:	dc4b      	bgt.n	10002e16 <pico_get_unique_board_id_string+0x196>
10002d7e:	72c4      	strb	r4, [r0, #11]
10002d80:	2b0c      	cmp	r3, #12
10002d82:	d04d      	beq.n	10002e20 <pico_get_unique_board_id_string+0x1a0>
10002d84:	7994      	ldrb	r4, [r2, #6]
10002d86:	1125      	asrs	r5, r4, #4
10002d88:	0029      	movs	r1, r5
10002d8a:	3130      	adds	r1, #48	; 0x30
10002d8c:	2c9f      	cmp	r4, #159	; 0x9f
10002d8e:	d900      	bls.n	10002d92 <pico_get_unique_board_id_string+0x112>
10002d90:	3107      	adds	r1, #7
10002d92:	7301      	strb	r1, [r0, #12]
10002d94:	2b0d      	cmp	r3, #13
10002d96:	d043      	beq.n	10002e20 <pico_get_unique_board_id_string+0x1a0>
10002d98:	210f      	movs	r1, #15
10002d9a:	4021      	ands	r1, r4
10002d9c:	000c      	movs	r4, r1
10002d9e:	3430      	adds	r4, #48	; 0x30
10002da0:	2909      	cmp	r1, #9
10002da2:	dd01      	ble.n	10002da8 <pico_get_unique_board_id_string+0x128>
10002da4:	3137      	adds	r1, #55	; 0x37
10002da6:	000c      	movs	r4, r1
10002da8:	7344      	strb	r4, [r0, #13]
10002daa:	2b0e      	cmp	r3, #14
10002dac:	d038      	beq.n	10002e20 <pico_get_unique_board_id_string+0x1a0>
10002dae:	79d1      	ldrb	r1, [r2, #7]
10002db0:	110c      	asrs	r4, r1, #4
10002db2:	0022      	movs	r2, r4
10002db4:	3230      	adds	r2, #48	; 0x30
10002db6:	299f      	cmp	r1, #159	; 0x9f
10002db8:	d900      	bls.n	10002dbc <pico_get_unique_board_id_string+0x13c>
10002dba:	3207      	adds	r2, #7
10002dbc:	7382      	strb	r2, [r0, #14]
10002dbe:	2b0f      	cmp	r3, #15
10002dc0:	d02e      	beq.n	10002e20 <pico_get_unique_board_id_string+0x1a0>
10002dc2:	220f      	movs	r2, #15
10002dc4:	400a      	ands	r2, r1
10002dc6:	0011      	movs	r1, r2
10002dc8:	3137      	adds	r1, #55	; 0x37
10002dca:	2a09      	cmp	r2, #9
10002dcc:	dc01      	bgt.n	10002dd2 <pico_get_unique_board_id_string+0x152>
10002dce:	3230      	adds	r2, #48	; 0x30
10002dd0:	0011      	movs	r1, r2
10002dd2:	73c1      	strb	r1, [r0, #15]
10002dd4:	2b10      	cmp	r3, #16
10002dd6:	d023      	beq.n	10002e20 <pico_get_unique_board_id_string+0x1a0>
10002dd8:	3010      	adds	r0, #16
10002dda:	2300      	movs	r3, #0
10002ddc:	7003      	strb	r3, [r0, #0]
10002dde:	bd30      	pop	{r4, r5, pc}
10002de0:	3407      	adds	r4, #7
10002de2:	e75a      	b.n	10002c9a <pico_get_unique_board_id_string+0x1a>
10002de4:	3137      	adds	r1, #55	; 0x37
10002de6:	000c      	movs	r4, r1
10002de8:	e763      	b.n	10002cb2 <pico_get_unique_board_id_string+0x32>
10002dea:	3107      	adds	r1, #7
10002dec:	e76c      	b.n	10002cc8 <pico_get_unique_board_id_string+0x48>
10002dee:	3137      	adds	r1, #55	; 0x37
10002df0:	000c      	movs	r4, r1
10002df2:	e774      	b.n	10002cde <pico_get_unique_board_id_string+0x5e>
10002df4:	3107      	adds	r1, #7
10002df6:	e77d      	b.n	10002cf4 <pico_get_unique_board_id_string+0x74>
10002df8:	3137      	adds	r1, #55	; 0x37
10002dfa:	000c      	movs	r4, r1
10002dfc:	e785      	b.n	10002d0a <pico_get_unique_board_id_string+0x8a>
10002dfe:	3107      	adds	r1, #7
10002e00:	e78e      	b.n	10002d20 <pico_get_unique_board_id_string+0xa0>
10002e02:	3137      	adds	r1, #55	; 0x37
10002e04:	000c      	movs	r4, r1
10002e06:	e795      	b.n	10002d34 <pico_get_unique_board_id_string+0xb4>
10002e08:	3107      	adds	r1, #7
10002e0a:	e79d      	b.n	10002d48 <pico_get_unique_board_id_string+0xc8>
10002e0c:	3137      	adds	r1, #55	; 0x37
10002e0e:	000c      	movs	r4, r1
10002e10:	e7a3      	b.n	10002d5a <pico_get_unique_board_id_string+0xda>
10002e12:	3107      	adds	r1, #7
10002e14:	e7aa      	b.n	10002d6c <pico_get_unique_board_id_string+0xec>
10002e16:	3137      	adds	r1, #55	; 0x37
10002e18:	000c      	movs	r4, r1
10002e1a:	72c4      	strb	r4, [r0, #11]
10002e1c:	2b0c      	cmp	r3, #12
10002e1e:	d1b1      	bne.n	10002d84 <pico_get_unique_board_id_string+0x104>
10002e20:	18c0      	adds	r0, r0, r3
10002e22:	e7da      	b.n	10002dda <pico_get_unique_board_id_string+0x15a>
10002e24:	20001edc 	.word	0x20001edc

10002e28 <flash_get_unique_id>:
10002e28:	b530      	push	{r4, r5, lr}
10002e2a:	2500      	movs	r5, #0
10002e2c:	b089      	sub	sp, #36	; 0x24
10002e2e:	0004      	movs	r4, r0
10002e30:	2209      	movs	r2, #9
10002e32:	2100      	movs	r1, #0
10002e34:	a801      	add	r0, sp, #4
10002e36:	9500      	str	r5, [sp, #0]
10002e38:	f7ff f99e 	bl	10002178 <__wrap_memset>
10002e3c:	2209      	movs	r2, #9
10002e3e:	2100      	movs	r1, #0
10002e40:	a805      	add	r0, sp, #20
10002e42:	9504      	str	r5, [sp, #16]
10002e44:	f7ff f998 	bl	10002178 <__wrap_memset>
10002e48:	234b      	movs	r3, #75	; 0x4b
10002e4a:	466a      	mov	r2, sp
10002e4c:	4668      	mov	r0, sp
10002e4e:	7013      	strb	r3, [r2, #0]
10002e50:	a904      	add	r1, sp, #16
10002e52:	220d      	movs	r2, #13
10002e54:	f002 f850 	bl	10004ef8 <__flash_do_cmd_veneer>
10002e58:	2115      	movs	r1, #21
10002e5a:	2208      	movs	r2, #8
10002e5c:	0020      	movs	r0, r4
10002e5e:	4469      	add	r1, sp
10002e60:	f7ff f990 	bl	10002184 <__wrap___aeabi_memcpy>
10002e64:	b009      	add	sp, #36	; 0x24
10002e66:	bd30      	pop	{r4, r5, pc}

10002e68 <dcd_init>:
10002e68:	b5f8      	push	{r3, r4, r5, r6, r7, lr}
10002e6a:	f000 f945 	bl	100030f8 <rp2040_usb_init>
10002e6e:	230c      	movs	r3, #12
10002e70:	4d19      	ldr	r5, [pc, #100]	; (10002ed8 <dcd_init+0x70>)
10002e72:	22ff      	movs	r2, #255	; 0xff
10002e74:	67ab      	str	r3, [r5, #120]	; 0x78
10002e76:	2005      	movs	r0, #5
10002e78:	4918      	ldr	r1, [pc, #96]	; (10002edc <dcd_init+0x74>)
10002e7a:	f7fd fd6f 	bl	1000095c <irq_add_shared_handler>
10002e7e:	4c18      	ldr	r4, [pc, #96]	; (10002ee0 <dcd_init+0x78>)
10002e80:	2240      	movs	r2, #64	; 0x40
10002e82:	2100      	movs	r1, #0
10002e84:	0020      	movs	r0, r4
10002e86:	f7ff f977 	bl	10002178 <__wrap_memset>
10002e8a:	2740      	movs	r7, #64	; 0x40
10002e8c:	2300      	movs	r3, #0
10002e8e:	2601      	movs	r6, #1
10002e90:	2121      	movs	r1, #33	; 0x21
10002e92:	4a14      	ldr	r2, [pc, #80]	; (10002ee4 <dcd_init+0x7c>)
10002e94:	7066      	strb	r6, [r4, #1]
10002e96:	8327      	strh	r7, [r4, #24]
10002e98:	60a2      	str	r2, [r4, #8]
10002e9a:	6013      	str	r3, [r2, #0]
10002e9c:	5463      	strb	r3, [r4, r1]
10002e9e:	315f      	adds	r1, #95	; 0x5f
10002ea0:	8461      	strh	r1, [r4, #34]	; 0x22
10002ea2:	3945      	subs	r1, #69	; 0x45
10002ea4:	5463      	strb	r3, [r4, r1]
10002ea6:	4a10      	ldr	r2, [pc, #64]	; (10002ee8 <dcd_init+0x80>)
10002ea8:	4910      	ldr	r1, [pc, #64]	; (10002eec <dcd_init+0x84>)
10002eaa:	6063      	str	r3, [r4, #4]
10002eac:	60e2      	str	r2, [r4, #12]
10002eae:	8727      	strh	r7, [r4, #56]	; 0x38
10002eb0:	62a1      	str	r1, [r4, #40]	; 0x28
10002eb2:	600b      	str	r3, [r1, #0]
10002eb4:	6263      	str	r3, [r4, #36]	; 0x24
10002eb6:	62e2      	str	r2, [r4, #44]	; 0x2c
10002eb8:	f002 f86e 	bl	10004f98 <__reset_non_control_endpoints_veneer>
10002ebc:	2380      	movs	r3, #128	; 0x80
10002ebe:	059b      	lsls	r3, r3, #22
10002ec0:	642e      	str	r6, [r5, #64]	; 0x40
10002ec2:	64eb      	str	r3, [r5, #76]	; 0x4c
10002ec4:	2390      	movs	r3, #144	; 0x90
10002ec6:	4a0a      	ldr	r2, [pc, #40]	; (10002ef0 <dcd_init+0x88>)
10002ec8:	2001      	movs	r0, #1
10002eca:	50ea      	str	r2, [r5, r3]
10002ecc:	2280      	movs	r2, #128	; 0x80
10002ece:	4b09      	ldr	r3, [pc, #36]	; (10002ef4 <dcd_init+0x8c>)
10002ed0:	0252      	lsls	r2, r2, #9
10002ed2:	64da      	str	r2, [r3, #76]	; 0x4c
10002ed4:	bdf8      	pop	{r3, r4, r5, r6, r7, pc}
10002ed6:	46c0      	nop			; (mov r8, r8)
10002ed8:	50110000 	.word	0x50110000
10002edc:	20000549 	.word	0x20000549
10002ee0:	20001ab8 	.word	0x20001ab8
10002ee4:	50100084 	.word	0x50100084
10002ee8:	50100100 	.word	0x50100100
10002eec:	50100080 	.word	0x50100080
10002ef0:	0001d010 	.word	0x0001d010
10002ef4:	50112000 	.word	0x50112000

10002ef8 <dcd_int_enable>:
10002ef8:	b510      	push	{r4, lr}
10002efa:	2101      	movs	r1, #1
10002efc:	2005      	movs	r0, #5
10002efe:	f7fd fccb 	bl	10000898 <irq_set_enabled>
10002f02:	bd10      	pop	{r4, pc}

10002f04 <dcd_set_address>:
10002f04:	b510      	push	{r4, lr}
10002f06:	2200      	movs	r2, #0
10002f08:	2100      	movs	r1, #0
10002f0a:	4802      	ldr	r0, [pc, #8]	; (10002f14 <dcd_set_address+0x10>)
10002f0c:	f000 f914 	bl	10003138 <hw_endpoint_xfer_start>
10002f10:	bd10      	pop	{r4, pc}
10002f12:	46c0      	nop			; (mov r8, r8)
10002f14:	20001ad8 	.word	0x20001ad8

10002f18 <dcd_sof_enable>:
10002f18:	4b04      	ldr	r3, [pc, #16]	; (10002f2c <dcd_sof_enable+0x14>)
10002f1a:	7019      	strb	r1, [r3, #0]
10002f1c:	2900      	cmp	r1, #0
10002f1e:	d004      	beq.n	10002f2a <dcd_sof_enable+0x12>
10002f20:	2180      	movs	r1, #128	; 0x80
10002f22:	2390      	movs	r3, #144	; 0x90
10002f24:	4a02      	ldr	r2, [pc, #8]	; (10002f30 <dcd_sof_enable+0x18>)
10002f26:	0289      	lsls	r1, r1, #10
10002f28:	50d1      	str	r1, [r2, r3]
10002f2a:	4770      	bx	lr
10002f2c:	2000200e 	.word	0x2000200e
10002f30:	50112000 	.word	0x50112000

10002f34 <dcd_edpt0_status_complete>:
10002f34:	780b      	ldrb	r3, [r1, #0]
10002f36:	065b      	lsls	r3, r3, #25
10002f38:	d102      	bne.n	10002f40 <dcd_edpt0_status_complete+0xc>
10002f3a:	784b      	ldrb	r3, [r1, #1]
10002f3c:	2b05      	cmp	r3, #5
10002f3e:	d000      	beq.n	10002f42 <dcd_edpt0_status_complete+0xe>
10002f40:	4770      	bx	lr
10002f42:	788a      	ldrb	r2, [r1, #2]
10002f44:	4b01      	ldr	r3, [pc, #4]	; (10002f4c <dcd_edpt0_status_complete+0x18>)
10002f46:	601a      	str	r2, [r3, #0]
10002f48:	e7fa      	b.n	10002f40 <dcd_edpt0_status_complete+0xc>
10002f4a:	46c0      	nop			; (mov r8, r8)
10002f4c:	50110000 	.word	0x50110000

10002f50 <dcd_edpt_open>:
10002f50:	b5f0      	push	{r4, r5, r6, r7, lr}
10002f52:	46c6      	mov	lr, r8
10002f54:	78c8      	ldrb	r0, [r1, #3]
10002f56:	b500      	push	{lr}
10002f58:	0780      	lsls	r0, r0, #30
10002f5a:	0f83      	lsrs	r3, r0, #30
10002f5c:	0018      	movs	r0, r3
10002f5e:	2b01      	cmp	r3, #1
10002f60:	d061      	beq.n	10003026 <dcd_edpt_open+0xd6>
10002f62:	788f      	ldrb	r7, [r1, #2]
10002f64:	790c      	ldrb	r4, [r1, #4]
10002f66:	794b      	ldrb	r3, [r1, #5]
10002f68:	217f      	movs	r1, #127	; 0x7f
10002f6a:	021b      	lsls	r3, r3, #8
10002f6c:	4039      	ands	r1, r7
10002f6e:	4323      	orrs	r3, r4
10002f70:	004e      	lsls	r6, r1, #1
10002f72:	09fc      	lsrs	r4, r7, #7
10002f74:	4d33      	ldr	r5, [pc, #204]	; (10003044 <dcd_edpt_open+0xf4>)
10002f76:	1932      	adds	r2, r6, r4
10002f78:	0152      	lsls	r2, r2, #5
10002f7a:	18aa      	adds	r2, r5, r2
10002f7c:	7097      	strb	r7, [r2, #2]
10002f7e:	2701      	movs	r7, #1
10002f80:	4067      	eors	r7, r4
10002f82:	7057      	strb	r7, [r2, #1]
10002f84:	2700      	movs	r7, #0
10002f86:	055b      	lsls	r3, r3, #21
10002f88:	0d5b      	lsrs	r3, r3, #21
10002f8a:	70d7      	strb	r7, [r2, #3]
10002f8c:	8313      	strh	r3, [r2, #24]
10002f8e:	76d0      	strb	r0, [r2, #27]
10002f90:	46b8      	mov	r8, r7
10002f92:	00ca      	lsls	r2, r1, #3
10002f94:	2c01      	cmp	r4, #1
10002f96:	d032      	beq.n	10002ffe <dcd_edpt_open+0xae>
10002f98:	4f2b      	ldr	r7, [pc, #172]	; (10003048 <dcd_edpt_open+0xf8>)
10002f9a:	46bc      	mov	ip, r7
10002f9c:	018f      	lsls	r7, r1, #6
10002f9e:	4462      	add	r2, ip
10002fa0:	46bc      	mov	ip, r7
10002fa2:	44ac      	add	ip, r5
10002fa4:	4667      	mov	r7, ip
10002fa6:	60ba      	str	r2, [r7, #8]
10002fa8:	4647      	mov	r7, r8
10002faa:	6017      	str	r7, [r2, #0]
10002fac:	2900      	cmp	r1, #0
10002fae:	d032      	beq.n	10003016 <dcd_edpt_open+0xc6>
10002fb0:	4a26      	ldr	r2, [pc, #152]	; (1000304c <dcd_edpt_open+0xfc>)
10002fb2:	00c9      	lsls	r1, r1, #3
10002fb4:	4690      	mov	r8, r2
10002fb6:	4662      	mov	r2, ip
10002fb8:	4441      	add	r1, r8
10002fba:	6051      	str	r1, [r2, #4]
10002fbc:	223f      	movs	r2, #63	; 0x3f
10002fbe:	333f      	adds	r3, #63	; 0x3f
10002fc0:	4393      	bics	r3, r2
10002fc2:	2802      	cmp	r0, #2
10002fc4:	d038      	beq.n	10003038 <dcd_edpt_open+0xe8>
10002fc6:	4922      	ldr	r1, [pc, #136]	; (10003050 <dcd_edpt_open+0x100>)
10002fc8:	1937      	adds	r7, r6, r4
10002fca:	680a      	ldr	r2, [r1, #0]
10002fcc:	017f      	lsls	r7, r7, #5
10002fce:	18d3      	adds	r3, r2, r3
10002fd0:	600b      	str	r3, [r1, #0]
10002fd2:	4920      	ldr	r1, [pc, #128]	; (10003054 <dcd_edpt_open+0x104>)
10002fd4:	19ef      	adds	r7, r5, r7
10002fd6:	60fa      	str	r2, [r7, #12]
10002fd8:	428b      	cmp	r3, r1
10002fda:	d82f      	bhi.n	1000303c <dcd_edpt_open+0xec>
10002fdc:	1934      	adds	r4, r6, r4
10002fde:	0164      	lsls	r4, r4, #5
10002fe0:	192d      	adds	r5, r5, r4
10002fe2:	7eeb      	ldrb	r3, [r5, #27]
10002fe4:	491c      	ldr	r1, [pc, #112]	; (10003058 <dcd_edpt_open+0x108>)
10002fe6:	069b      	lsls	r3, r3, #26
10002fe8:	404a      	eors	r2, r1
10002fea:	4313      	orrs	r3, r2
10002fec:	2280      	movs	r2, #128	; 0x80
10002fee:	2001      	movs	r0, #1
10002ff0:	0612      	lsls	r2, r2, #24
10002ff2:	4313      	orrs	r3, r2
10002ff4:	686a      	ldr	r2, [r5, #4]
10002ff6:	6013      	str	r3, [r2, #0]
10002ff8:	bc80      	pop	{r7}
10002ffa:	46b8      	mov	r8, r7
10002ffc:	bdf0      	pop	{r4, r5, r6, r7, pc}
10002ffe:	4f17      	ldr	r7, [pc, #92]	; (1000305c <dcd_edpt_open+0x10c>)
10003000:	46bc      	mov	ip, r7
10003002:	018f      	lsls	r7, r1, #6
10003004:	4462      	add	r2, ip
10003006:	46bc      	mov	ip, r7
10003008:	44ac      	add	ip, r5
1000300a:	4667      	mov	r7, ip
1000300c:	62ba      	str	r2, [r7, #40]	; 0x28
1000300e:	4647      	mov	r7, r8
10003010:	6017      	str	r7, [r2, #0]
10003012:	2900      	cmp	r1, #0
10003014:	d109      	bne.n	1000302a <dcd_edpt_open+0xda>
10003016:	2300      	movs	r3, #0
10003018:	0164      	lsls	r4, r4, #5
1000301a:	192d      	adds	r5, r5, r4
1000301c:	606b      	str	r3, [r5, #4]
1000301e:	4b10      	ldr	r3, [pc, #64]	; (10003060 <dcd_edpt_open+0x110>)
10003020:	2001      	movs	r0, #1
10003022:	60eb      	str	r3, [r5, #12]
10003024:	e7e8      	b.n	10002ff8 <dcd_edpt_open+0xa8>
10003026:	2000      	movs	r0, #0
10003028:	e7e6      	b.n	10002ff8 <dcd_edpt_open+0xa8>
1000302a:	4a0b      	ldr	r2, [pc, #44]	; (10003058 <dcd_edpt_open+0x108>)
1000302c:	00c9      	lsls	r1, r1, #3
1000302e:	4690      	mov	r8, r2
10003030:	4662      	mov	r2, ip
10003032:	4441      	add	r1, r8
10003034:	6251      	str	r1, [r2, #36]	; 0x24
10003036:	e7c1      	b.n	10002fbc <dcd_edpt_open+0x6c>
10003038:	005b      	lsls	r3, r3, #1
1000303a:	e7c4      	b.n	10002fc6 <dcd_edpt_open+0x76>
1000303c:	f7fe fe7c 	bl	10001d38 <hard_assertion_failure>
10003040:	68fa      	ldr	r2, [r7, #12]
10003042:	e7cb      	b.n	10002fdc <dcd_edpt_open+0x8c>
10003044:	20001ab8 	.word	0x20001ab8
10003048:	50100084 	.word	0x50100084
1000304c:	50100004 	.word	0x50100004
10003050:	20001ec0 	.word	0x20001ec0
10003054:	50100fff 	.word	0x50100fff
10003058:	50100000 	.word	0x50100000
1000305c:	50100080 	.word	0x50100080
10003060:	50100100 	.word	0x50100100

10003064 <dcd_edpt_close_all>:
10003064:	b510      	push	{r4, lr}
10003066:	f001 ff97 	bl	10004f98 <__reset_non_control_endpoints_veneer>
1000306a:	bd10      	pop	{r4, pc}

1000306c <dcd_edpt_xfer>:
1000306c:	b510      	push	{r4, lr}
1000306e:	207f      	movs	r0, #127	; 0x7f
10003070:	000c      	movs	r4, r1
10003072:	4020      	ands	r0, r4
10003074:	0040      	lsls	r0, r0, #1
10003076:	09e4      	lsrs	r4, r4, #7
10003078:	0011      	movs	r1, r2
1000307a:	1900      	adds	r0, r0, r4
1000307c:	001a      	movs	r2, r3
1000307e:	4b03      	ldr	r3, [pc, #12]	; (1000308c <dcd_edpt_xfer+0x20>)
10003080:	0140      	lsls	r0, r0, #5
10003082:	18c0      	adds	r0, r0, r3
10003084:	f000 f858 	bl	10003138 <hw_endpoint_xfer_start>
10003088:	2001      	movs	r0, #1
1000308a:	bd10      	pop	{r4, pc}
1000308c:	20001ab8 	.word	0x20001ab8

10003090 <dcd_edpt_stall>:
10003090:	227f      	movs	r2, #127	; 0x7f
10003092:	0013      	movs	r3, r2
10003094:	b510      	push	{r4, lr}
10003096:	400b      	ands	r3, r1
10003098:	420a      	tst	r2, r1
1000309a:	d00b      	beq.n	100030b4 <dcd_edpt_stall+0x24>
1000309c:	09c9      	lsrs	r1, r1, #7
1000309e:	2280      	movs	r2, #128	; 0x80
100030a0:	0058      	lsls	r0, r3, #1
100030a2:	1840      	adds	r0, r0, r1
100030a4:	4906      	ldr	r1, [pc, #24]	; (100030c0 <dcd_edpt_stall+0x30>)
100030a6:	0140      	lsls	r0, r0, #5
100030a8:	1840      	adds	r0, r0, r1
100030aa:	0112      	lsls	r2, r2, #4
100030ac:	2100      	movs	r1, #0
100030ae:	f001 ff6b 	bl	10004f88 <___hw_endpoint_buffer_control_update32_veneer>
100030b2:	bd10      	pop	{r4, pc}
100030b4:	2202      	movs	r2, #2
100030b6:	4803      	ldr	r0, [pc, #12]	; (100030c4 <dcd_edpt_stall+0x34>)
100030b8:	09c9      	lsrs	r1, r1, #7
100030ba:	1a52      	subs	r2, r2, r1
100030bc:	6682      	str	r2, [r0, #104]	; 0x68
100030be:	e7ee      	b.n	1000309e <dcd_edpt_stall+0xe>
100030c0:	20001ab8 	.word	0x20001ab8
100030c4:	50112000 	.word	0x50112000

100030c8 <dcd_edpt_clear_stall>:
100030c8:	227f      	movs	r2, #127	; 0x7f
100030ca:	0010      	movs	r0, r2
100030cc:	b510      	push	{r4, lr}
100030ce:	4008      	ands	r0, r1
100030d0:	420a      	tst	r2, r1
100030d2:	d100      	bne.n	100030d6 <dcd_edpt_clear_stall+0xe>
100030d4:	bd10      	pop	{r4, pc}
100030d6:	2300      	movs	r3, #0
100030d8:	09c9      	lsrs	r1, r1, #7
100030da:	0040      	lsls	r0, r0, #1
100030dc:	1840      	adds	r0, r0, r1
100030de:	4904      	ldr	r1, [pc, #16]	; (100030f0 <dcd_edpt_clear_stall+0x28>)
100030e0:	0140      	lsls	r0, r0, #5
100030e2:	1808      	adds	r0, r1, r0
100030e4:	2200      	movs	r2, #0
100030e6:	4903      	ldr	r1, [pc, #12]	; (100030f4 <dcd_edpt_clear_stall+0x2c>)
100030e8:	70c3      	strb	r3, [r0, #3]
100030ea:	f001 ff4d 	bl	10004f88 <___hw_endpoint_buffer_control_update32_veneer>
100030ee:	e7f1      	b.n	100030d4 <dcd_edpt_clear_stall+0xc>
100030f0:	20001ab8 	.word	0x20001ab8
100030f4:	fffff7ff 	.word	0xfffff7ff

100030f8 <rp2040_usb_init>:
100030f8:	2280      	movs	r2, #128	; 0x80
100030fa:	4b0a      	ldr	r3, [pc, #40]	; (10003124 <rp2040_usb_init+0x2c>)
100030fc:	0452      	lsls	r2, r2, #17
100030fe:	b510      	push	{r4, lr}
10003100:	601a      	str	r2, [r3, #0]
10003102:	4b09      	ldr	r3, [pc, #36]	; (10003128 <rp2040_usb_init+0x30>)
10003104:	4909      	ldr	r1, [pc, #36]	; (1000312c <rp2040_usb_init+0x34>)
10003106:	601a      	str	r2, [r3, #0]
10003108:	0010      	movs	r0, r2
1000310a:	680b      	ldr	r3, [r1, #0]
1000310c:	4398      	bics	r0, r3
1000310e:	d1fb      	bne.n	10003108 <rp2040_usb_init+0x10>
10003110:	2280      	movs	r2, #128	; 0x80
10003112:	2100      	movs	r1, #0
10003114:	0152      	lsls	r2, r2, #5
10003116:	4806      	ldr	r0, [pc, #24]	; (10003130 <rp2040_usb_init+0x38>)
10003118:	f7ff f82e 	bl	10002178 <__wrap_memset>
1000311c:	2209      	movs	r2, #9
1000311e:	4b05      	ldr	r3, [pc, #20]	; (10003134 <rp2040_usb_init+0x3c>)
10003120:	675a      	str	r2, [r3, #116]	; 0x74
10003122:	bd10      	pop	{r4, pc}
10003124:	4000e000 	.word	0x4000e000
10003128:	4000f000 	.word	0x4000f000
1000312c:	4000c008 	.word	0x4000c008
10003130:	50100000 	.word	0x50100000
10003134:	50110000 	.word	0x50110000

10003138 <hw_endpoint_xfer_start>:
10003138:	b570      	push	{r4, r5, r6, lr}
1000313a:	7e83      	ldrb	r3, [r0, #26]
1000313c:	0004      	movs	r4, r0
1000313e:	000d      	movs	r5, r1
10003140:	0016      	movs	r6, r2
10003142:	2b00      	cmp	r3, #0
10003144:	d117      	bne.n	10003176 <hw_endpoint_xfer_start+0x3e>
10003146:	2300      	movs	r3, #0
10003148:	82e3      	strh	r3, [r4, #22]
1000314a:	3301      	adds	r3, #1
1000314c:	0020      	movs	r0, r4
1000314e:	82a6      	strh	r6, [r4, #20]
10003150:	76a3      	strb	r3, [r4, #26]
10003152:	6125      	str	r5, [r4, #16]
10003154:	f001 fec8 	bl	10004ee8 <__e15_is_bulkin_ep_veneer>
10003158:	2800      	cmp	r0, #0
1000315a:	d004      	beq.n	10003166 <hw_endpoint_xfer_start+0x2e>
1000315c:	2180      	movs	r1, #128	; 0x80
1000315e:	2390      	movs	r3, #144	; 0x90
10003160:	4a08      	ldr	r2, [pc, #32]	; (10003184 <hw_endpoint_xfer_start+0x4c>)
10003162:	0289      	lsls	r1, r1, #10
10003164:	50d1      	str	r1, [r2, r3]
10003166:	0020      	movs	r0, r4
10003168:	f001 fefe 	bl	10004f68 <__e15_is_critical_frame_period_veneer>
1000316c:	2800      	cmp	r0, #0
1000316e:	d005      	beq.n	1000317c <hw_endpoint_xfer_start+0x44>
10003170:	2301      	movs	r3, #1
10003172:	7723      	strb	r3, [r4, #28]
10003174:	bd70      	pop	{r4, r5, r6, pc}
10003176:	f001 feff 	bl	10004f78 <__hw_endpoint_reset_transfer_veneer>
1000317a:	e7e4      	b.n	10003146 <hw_endpoint_xfer_start+0xe>
1000317c:	0020      	movs	r0, r4
1000317e:	f001 feeb 	bl	10004f58 <__hw_endpoint_start_next_buffer_veneer>
10003182:	e7f7      	b.n	10003174 <hw_endpoint_xfer_start+0x3c>
10003184:	50112000 	.word	0x50112000

10003188 <tud_event_hook_cb>:
10003188:	4770      	bx	lr
1000318a:	46c0      	nop			; (mov r8, r8)

1000318c <tud_sof_cb>:
1000318c:	4770      	bx	lr
1000318e:	46c0      	nop			; (mov r8, r8)

10003190 <tud_descriptor_device_qualifier_cb>:
10003190:	2000      	movs	r0, #0
10003192:	4770      	bx	lr

10003194 <tud_descriptor_other_speed_configuration_cb>:
10003194:	2000      	movs	r0, #0
10003196:	4770      	bx	lr

10003198 <tud_mount_cb>:
10003198:	4770      	bx	lr
1000319a:	46c0      	nop			; (mov r8, r8)

1000319c <tud_umount_cb>:
1000319c:	4770      	bx	lr
1000319e:	46c0      	nop			; (mov r8, r8)

100031a0 <tud_suspend_cb>:
100031a0:	4770      	bx	lr
100031a2:	46c0      	nop			; (mov r8, r8)

100031a4 <tud_resume_cb>:
100031a4:	4770      	bx	lr
100031a6:	46c0      	nop			; (mov r8, r8)

100031a8 <tud_mounted>:
100031a8:	4b02      	ldr	r3, [pc, #8]	; (100031b4 <tud_mounted+0xc>)
100031aa:	7858      	ldrb	r0, [r3, #1]
100031ac:	1e43      	subs	r3, r0, #1
100031ae:	4198      	sbcs	r0, r3
100031b0:	b2c0      	uxtb	r0, r0
100031b2:	4770      	bx	lr
100031b4:	2000155c 	.word	0x2000155c

100031b8 <tud_suspended>:
100031b8:	4b02      	ldr	r3, [pc, #8]	; (100031c4 <tud_suspended+0xc>)
100031ba:	7818      	ldrb	r0, [r3, #0]
100031bc:	0740      	lsls	r0, r0, #29
100031be:	0fc0      	lsrs	r0, r0, #31
100031c0:	4770      	bx	lr
100031c2:	46c0      	nop			; (mov r8, r8)
100031c4:	2000155c 	.word	0x2000155c

100031c8 <tud_rhport_init>:
100031c8:	b5f0      	push	{r4, r5, r6, r7, lr}
100031ca:	4646      	mov	r6, r8
100031cc:	464f      	mov	r7, r9
100031ce:	46d6      	mov	lr, sl
100031d0:	b5c0      	push	{r6, r7, lr}
100031d2:	4b2f      	ldr	r3, [pc, #188]	; (10003290 <tud_rhport_init+0xc8>)
100031d4:	4681      	mov	r9, r0
100031d6:	4698      	mov	r8, r3
100031d8:	781b      	ldrb	r3, [r3, #0]
100031da:	000e      	movs	r6, r1
100031dc:	2401      	movs	r4, #1
100031de:	2bff      	cmp	r3, #255	; 0xff
100031e0:	d143      	bne.n	1000326a <tud_rhport_init+0xa2>
100031e2:	2900      	cmp	r1, #0
100031e4:	d040      	beq.n	10003268 <tud_rhport_init+0xa0>
100031e6:	2100      	movs	r1, #0
100031e8:	2254      	movs	r2, #84	; 0x54
100031ea:	482a      	ldr	r0, [pc, #168]	; (10003294 <tud_rhport_init+0xcc>)
100031ec:	f7fe ffc4 	bl	10002178 <__wrap_memset>
100031f0:	2200      	movs	r2, #0
100031f2:	4c29      	ldr	r4, [pc, #164]	; (10003298 <tud_rhport_init+0xd0>)
100031f4:	4b29      	ldr	r3, [pc, #164]	; (1000329c <tud_rhport_init+0xd4>)
100031f6:	0020      	movs	r0, r4
100031f8:	701a      	strb	r2, [r3, #0]
100031fa:	f7fd fe27 	bl	10000e4c <mutex_init>
100031fe:	4b28      	ldr	r3, [pc, #160]	; (100032a0 <tud_rhport_init+0xd8>)
10003200:	601c      	str	r4, [r3, #0]
10003202:	4c28      	ldr	r4, [pc, #160]	; (100032a4 <tud_rhport_init+0xdc>)
10003204:	0020      	movs	r0, r4
10003206:	3014      	adds	r0, #20
10003208:	f7fd fe2e 	bl	10000e68 <critical_section_init>
1000320c:	0020      	movs	r0, r4
1000320e:	f001 fdf7 	bl	10004e00 <tu_fifo_clear>
10003212:	4b25      	ldr	r3, [pc, #148]	; (100032a8 <tud_rhport_init+0xe0>)
10003214:	4d25      	ldr	r5, [pc, #148]	; (100032ac <tud_rhport_init+0xe4>)
10003216:	601c      	str	r4, [r3, #0]
10003218:	4b25      	ldr	r3, [pc, #148]	; (100032b0 <tud_rhport_init+0xe8>)
1000321a:	2b00      	cmp	r3, #0
1000321c:	d004      	beq.n	10003228 <tud_rhport_init+0x60>
1000321e:	0028      	movs	r0, r5
10003220:	f7ff fabc 	bl	1000279c <usbd_app_driver_get_cb>
10003224:	4b23      	ldr	r3, [pc, #140]	; (100032b4 <tud_rhport_init+0xec>)
10003226:	6018      	str	r0, [r3, #0]
10003228:	4923      	ldr	r1, [pc, #140]	; (100032b8 <tud_rhport_init+0xf0>)
1000322a:	2400      	movs	r4, #0
1000322c:	2300      	movs	r3, #0
1000322e:	468a      	mov	sl, r1
10003230:	782a      	ldrb	r2, [r5, #0]
10003232:	4f20      	ldr	r7, [pc, #128]	; (100032b4 <tud_rhport_init+0xec>)
10003234:	e010      	b.n	10003258 <tud_rhport_init+0x90>
10003236:	683a      	ldr	r2, [r7, #0]
10003238:	0163      	lsls	r3, r4, #5
1000323a:	4694      	mov	ip, r2
1000323c:	4463      	add	r3, ip
1000323e:	2b00      	cmp	r3, #0
10003240:	d012      	beq.n	10003268 <tud_rhport_init+0xa0>
10003242:	685b      	ldr	r3, [r3, #4]
10003244:	2b00      	cmp	r3, #0
10003246:	d00f      	beq.n	10003268 <tud_rhport_init+0xa0>
10003248:	4798      	blx	r3
1000324a:	782a      	ldrb	r2, [r5, #0]
1000324c:	3401      	adds	r4, #1
1000324e:	b2e4      	uxtb	r4, r4
10003250:	1c51      	adds	r1, r2, #1
10003252:	0023      	movs	r3, r4
10003254:	42a1      	cmp	r1, r4
10003256:	db0e      	blt.n	10003276 <tud_rhport_init+0xae>
10003258:	42a2      	cmp	r2, r4
1000325a:	d8ec      	bhi.n	10003236 <tud_rhport_init+0x6e>
1000325c:	1a9b      	subs	r3, r3, r2
1000325e:	015b      	lsls	r3, r3, #5
10003260:	4453      	add	r3, sl
10003262:	685b      	ldr	r3, [r3, #4]
10003264:	2b00      	cmp	r3, #0
10003266:	d1ef      	bne.n	10003248 <tud_rhport_init+0x80>
10003268:	2400      	movs	r4, #0
1000326a:	0020      	movs	r0, r4
1000326c:	bce0      	pop	{r5, r6, r7}
1000326e:	46ba      	mov	sl, r7
10003270:	46b1      	mov	r9, r6
10003272:	46a8      	mov	r8, r5
10003274:	bdf0      	pop	{r4, r5, r6, r7, pc}
10003276:	4643      	mov	r3, r8
10003278:	464a      	mov	r2, r9
1000327a:	0031      	movs	r1, r6
1000327c:	4648      	mov	r0, r9
1000327e:	701a      	strb	r2, [r3, #0]
10003280:	f7ff fdf2 	bl	10002e68 <dcd_init>
10003284:	1e04      	subs	r4, r0, #0
10003286:	d0ef      	beq.n	10003268 <tud_rhport_init+0xa0>
10003288:	4648      	mov	r0, r9
1000328a:	f7ff fe35 	bl	10002ef8 <dcd_int_enable>
1000328e:	e7ec      	b.n	1000326a <tud_rhport_init+0xa2>
10003290:	200010fc 	.word	0x200010fc
10003294:	2000155c 	.word	0x2000155c
10003298:	20001554 	.word	0x20001554
1000329c:	2000200f 	.word	0x2000200f
100032a0:	200015b0 	.word	0x200015b0
100032a4:	200010e0 	.word	0x200010e0
100032a8:	200015b4 	.word	0x200015b4
100032ac:	2000200d 	.word	0x2000200d
100032b0:	1000279d 	.word	0x1000279d
100032b4:	200013ac 	.word	0x200013ac
100032b8:	10005424 	.word	0x10005424

100032bc <tud_task_ext>:
100032bc:	b5f0      	push	{r4, r5, r6, r7, lr}
100032be:	46de      	mov	lr, fp
100032c0:	4657      	mov	r7, sl
100032c2:	464e      	mov	r6, r9
100032c4:	4645      	mov	r5, r8
100032c6:	b5e0      	push	{r5, r6, r7, lr}
100032c8:	4bc4      	ldr	r3, [pc, #784]	; (100035dc <tud_task_ext+0x320>)
100032ca:	b08b      	sub	sp, #44	; 0x2c
100032cc:	781b      	ldrb	r3, [r3, #0]
100032ce:	2bff      	cmp	r3, #255	; 0xff
100032d0:	d100      	bne.n	100032d4 <tud_task_ext+0x18>
100032d2:	e12e      	b.n	10003532 <tud_task_ext+0x276>
100032d4:	4bc2      	ldr	r3, [pc, #776]	; (100035e0 <tud_task_ext+0x324>)
100032d6:	4dc3      	ldr	r5, [pc, #780]	; (100035e4 <tud_task_ext+0x328>)
100032d8:	469a      	mov	sl, r3
100032da:	ac07      	add	r4, sp, #28
100032dc:	682e      	ldr	r6, [r5, #0]
100032de:	6972      	ldr	r2, [r6, #20]
100032e0:	f3ef 8110 	mrs	r1, PRIMASK
100032e4:	b672      	cpsid	i
100032e6:	6813      	ldr	r3, [r2, #0]
100032e8:	2b00      	cmp	r3, #0
100032ea:	d0fc      	beq.n	100032e6 <tud_task_ext+0x2a>
100032ec:	f3bf 8f5f 	dmb	sy
100032f0:	61b1      	str	r1, [r6, #24]
100032f2:	0030      	movs	r0, r6
100032f4:	0021      	movs	r1, r4
100032f6:	f001 fbc5 	bl	10004a84 <tu_fifo_read>
100032fa:	6972      	ldr	r2, [r6, #20]
100032fc:	69b3      	ldr	r3, [r6, #24]
100032fe:	f3bf 8f5f 	dmb	sy
10003302:	2100      	movs	r1, #0
10003304:	6011      	str	r1, [r2, #0]
10003306:	f383 8810 	msr	PRIMASK, r3
1000330a:	2800      	cmp	r0, #0
1000330c:	d100      	bne.n	10003310 <tud_task_ext+0x54>
1000330e:	e110      	b.n	10003532 <tud_task_ext+0x276>
10003310:	7863      	ldrb	r3, [r4, #1]
10003312:	2b08      	cmp	r3, #8
10003314:	d8e2      	bhi.n	100032dc <tud_task_ext+0x20>
10003316:	4652      	mov	r2, sl
10003318:	009b      	lsls	r3, r3, #2
1000331a:	58d3      	ldr	r3, [r2, r3]
1000331c:	469f      	mov	pc, r3
1000331e:	6863      	ldr	r3, [r4, #4]
10003320:	2b00      	cmp	r3, #0
10003322:	d0db      	beq.n	100032dc <tud_task_ext+0x20>
10003324:	68a0      	ldr	r0, [r4, #8]
10003326:	4798      	blx	r3
10003328:	e7d8      	b.n	100032dc <tud_task_ext+0x20>
1000332a:	237f      	movs	r3, #127	; 0x7f
1000332c:	7921      	ldrb	r1, [r4, #4]
1000332e:	4eae      	ldr	r6, [pc, #696]	; (100035e8 <tud_task_ext+0x32c>)
10003330:	400b      	ands	r3, r1
10003332:	0058      	lsls	r0, r3, #1
10003334:	09ca      	lsrs	r2, r1, #7
10003336:	1836      	adds	r6, r6, r0
10003338:	18b6      	adds	r6, r6, r2
1000333a:	0032      	movs	r2, r6
1000333c:	2701      	movs	r7, #1
1000333e:	3230      	adds	r2, #48	; 0x30
10003340:	7910      	ldrb	r0, [r2, #4]
10003342:	43b8      	bics	r0, r7
10003344:	7110      	strb	r0, [r2, #4]
10003346:	7910      	ldrb	r0, [r2, #4]
10003348:	3703      	adds	r7, #3
1000334a:	43b8      	bics	r0, r7
1000334c:	7110      	strb	r0, [r2, #4]
1000334e:	2b00      	cmp	r3, #0
10003350:	d100      	bne.n	10003354 <tud_task_ext+0x98>
10003352:	e0f7      	b.n	10003544 <tud_task_ext+0x288>
10003354:	4aa5      	ldr	r2, [pc, #660]	; (100035ec <tud_task_ext+0x330>)
10003356:	7d33      	ldrb	r3, [r6, #20]
10003358:	7812      	ldrb	r2, [r2, #0]
1000335a:	4293      	cmp	r3, r2
1000335c:	d300      	bcc.n	10003360 <tud_task_ext+0xa4>
1000335e:	e0e5      	b.n	1000352c <tud_task_ext+0x270>
10003360:	4aa3      	ldr	r2, [pc, #652]	; (100035f0 <tud_task_ext+0x334>)
10003362:	015b      	lsls	r3, r3, #5
10003364:	6812      	ldr	r2, [r2, #0]
10003366:	18d3      	adds	r3, r2, r3
10003368:	2b00      	cmp	r3, #0
1000336a:	d100      	bne.n	1000336e <tud_task_ext+0xb2>
1000336c:	e0e1      	b.n	10003532 <tud_task_ext+0x276>
1000336e:	699e      	ldr	r6, [r3, #24]
10003370:	7962      	ldrb	r2, [r4, #5]
10003372:	7820      	ldrb	r0, [r4, #0]
10003374:	68a3      	ldr	r3, [r4, #8]
10003376:	47b0      	blx	r6
10003378:	e7b0      	b.n	100032dc <tud_task_ext+0x20>
1000337a:	4a9e      	ldr	r2, [pc, #632]	; (100035f4 <tud_task_ext+0x338>)
1000337c:	7813      	ldrb	r3, [r2, #0]
1000337e:	2b00      	cmp	r3, #0
10003380:	d100      	bne.n	10003384 <tud_task_ext+0xc8>
10003382:	e0d6      	b.n	10003532 <tud_task_ext+0x276>
10003384:	7813      	ldrb	r3, [r2, #0]
10003386:	3b01      	subs	r3, #1
10003388:	b2db      	uxtb	r3, r3
1000338a:	7013      	strb	r3, [r2, #0]
1000338c:	7813      	ldrb	r3, [r2, #0]
1000338e:	2b00      	cmp	r3, #0
10003390:	d1a4      	bne.n	100032dc <tud_task_ext+0x20>
10003392:	2201      	movs	r2, #1
10003394:	4b94      	ldr	r3, [pc, #592]	; (100035e8 <tud_task_ext+0x32c>)
10003396:	2101      	movs	r1, #1
10003398:	781b      	ldrb	r3, [r3, #0]
1000339a:	4893      	ldr	r0, [pc, #588]	; (100035e8 <tud_task_ext+0x32c>)
1000339c:	4313      	orrs	r3, r2
1000339e:	4a92      	ldr	r2, [pc, #584]	; (100035e8 <tud_task_ext+0x32c>)
100033a0:	4e91      	ldr	r6, [pc, #580]	; (100035e8 <tud_task_ext+0x32c>)
100033a2:	7013      	strb	r3, [r2, #0]
100033a4:	2334      	movs	r3, #52	; 0x34
100033a6:	5cd2      	ldrb	r2, [r2, r3]
100033a8:	438a      	bics	r2, r1
100033aa:	54c2      	strb	r2, [r0, r3]
100033ac:	5cc2      	ldrb	r2, [r0, r3]
100033ae:	2004      	movs	r0, #4
100033b0:	4382      	bics	r2, r0
100033b2:	54f2      	strb	r2, [r6, r3]
100033b4:	3301      	adds	r3, #1
100033b6:	5cf2      	ldrb	r2, [r6, r3]
100033b8:	438a      	bics	r2, r1
100033ba:	54f2      	strb	r2, [r6, r3]
100033bc:	5cf2      	ldrb	r2, [r6, r3]
100033be:	4382      	bics	r2, r0
100033c0:	54f2      	strb	r2, [r6, r3]
100033c2:	7823      	ldrb	r3, [r4, #0]
100033c4:	2000      	movs	r0, #0
100033c6:	469b      	mov	fp, r3
100033c8:	f000 fcae 	bl	10003d28 <usbd_control_set_complete_callback>
100033cc:	2260      	movs	r2, #96	; 0x60
100033ce:	7923      	ldrb	r3, [r4, #4]
100033d0:	401a      	ands	r2, r3
100033d2:	2a60      	cmp	r2, #96	; 0x60
100033d4:	d00d      	beq.n	100033f2 <tud_task_ext+0x136>
100033d6:	2a40      	cmp	r2, #64	; 0x40
100033d8:	d100      	bne.n	100033dc <tud_task_ext+0x120>
100033da:	e0be      	b.n	1000355a <tud_task_ext+0x29e>
100033dc:	06db      	lsls	r3, r3, #27
100033de:	0edb      	lsrs	r3, r3, #27
100033e0:	2b01      	cmp	r3, #1
100033e2:	d100      	bne.n	100033e6 <tud_task_ext+0x12a>
100033e4:	e10e      	b.n	10003604 <tud_task_ext+0x348>
100033e6:	2b02      	cmp	r3, #2
100033e8:	d100      	bne.n	100033ec <tud_task_ext+0x130>
100033ea:	e0d0      	b.n	1000358e <tud_task_ext+0x2d2>
100033ec:	2b00      	cmp	r3, #0
100033ee:	d100      	bne.n	100033f2 <tud_task_ext+0x136>
100033f0:	e0bf      	b.n	10003572 <tud_task_ext+0x2b6>
100033f2:	7820      	ldrb	r0, [r4, #0]
100033f4:	2100      	movs	r1, #0
100033f6:	f7ff fe4b 	bl	10003090 <dcd_edpt_stall>
100033fa:	2180      	movs	r1, #128	; 0x80
100033fc:	7820      	ldrb	r0, [r4, #0]
100033fe:	f7ff fe47 	bl	10003090 <dcd_edpt_stall>
10003402:	e76b      	b.n	100032dc <tud_task_ext+0x20>
10003404:	4e78      	ldr	r6, [pc, #480]	; (100035e8 <tud_task_ext+0x32c>)
10003406:	7833      	ldrb	r3, [r6, #0]
10003408:	07db      	lsls	r3, r3, #31
1000340a:	d400      	bmi.n	1000340e <tud_task_ext+0x152>
1000340c:	e766      	b.n	100032dc <tud_task_ext+0x20>
1000340e:	f7ff fec9 	bl	100031a4 <tud_resume_cb>
10003412:	e763      	b.n	100032dc <tud_task_ext+0x20>
10003414:	4b74      	ldr	r3, [pc, #464]	; (100035e8 <tud_task_ext+0x32c>)
10003416:	78db      	ldrb	r3, [r3, #3]
10003418:	07db      	lsls	r3, r3, #31
1000341a:	d400      	bmi.n	1000341e <tud_task_ext+0x162>
1000341c:	e75e      	b.n	100032dc <tud_task_ext+0x20>
1000341e:	6860      	ldr	r0, [r4, #4]
10003420:	f7ff feb4 	bl	1000318c <tud_sof_cb>
10003424:	e75a      	b.n	100032dc <tud_task_ext+0x20>
10003426:	4e70      	ldr	r6, [pc, #448]	; (100035e8 <tud_task_ext+0x32c>)
10003428:	7833      	ldrb	r3, [r6, #0]
1000342a:	07db      	lsls	r3, r3, #31
1000342c:	d400      	bmi.n	10003430 <tud_task_ext+0x174>
1000342e:	e755      	b.n	100032dc <tud_task_ext+0x20>
10003430:	7830      	ldrb	r0, [r6, #0]
10003432:	0700      	lsls	r0, r0, #28
10003434:	0fc0      	lsrs	r0, r0, #31
10003436:	f7ff feb3 	bl	100031a0 <tud_suspend_cb>
1000343a:	e74f      	b.n	100032dc <tud_task_ext+0x20>
1000343c:	496e      	ldr	r1, [pc, #440]	; (100035f8 <tud_task_ext+0x33c>)
1000343e:	4e6b      	ldr	r6, [pc, #428]	; (100035ec <tud_task_ext+0x330>)
10003440:	7823      	ldrb	r3, [r4, #0]
10003442:	468b      	mov	fp, r1
10003444:	496a      	ldr	r1, [pc, #424]	; (100035f0 <tud_task_ext+0x334>)
10003446:	4698      	mov	r8, r3
10003448:	4689      	mov	r9, r1
1000344a:	0031      	movs	r1, r6
1000344c:	7832      	ldrb	r2, [r6, #0]
1000344e:	2300      	movs	r3, #0
10003450:	4646      	mov	r6, r8
10003452:	2700      	movs	r7, #0
10003454:	4688      	mov	r8, r1
10003456:	e011      	b.n	1000347c <tud_task_ext+0x1c0>
10003458:	464a      	mov	r2, r9
1000345a:	6812      	ldr	r2, [r2, #0]
1000345c:	017b      	lsls	r3, r7, #5
1000345e:	4694      	mov	ip, r2
10003460:	4463      	add	r3, ip
10003462:	2b00      	cmp	r3, #0
10003464:	d06c      	beq.n	10003540 <tud_task_ext+0x284>
10003466:	68db      	ldr	r3, [r3, #12]
10003468:	0030      	movs	r0, r6
1000346a:	4798      	blx	r3
1000346c:	4643      	mov	r3, r8
1000346e:	781a      	ldrb	r2, [r3, #0]
10003470:	3701      	adds	r7, #1
10003472:	b2ff      	uxtb	r7, r7
10003474:	1c51      	adds	r1, r2, #1
10003476:	003b      	movs	r3, r7
10003478:	428f      	cmp	r7, r1
1000347a:	dc41      	bgt.n	10003500 <tud_task_ext+0x244>
1000347c:	4297      	cmp	r7, r2
1000347e:	d3eb      	bcc.n	10003458 <tud_task_ext+0x19c>
10003480:	1a9b      	subs	r3, r3, r2
10003482:	015b      	lsls	r3, r3, #5
10003484:	445b      	add	r3, fp
10003486:	e7ee      	b.n	10003466 <tud_task_ext+0x1aa>
10003488:	495b      	ldr	r1, [pc, #364]	; (100035f8 <tud_task_ext+0x33c>)
1000348a:	4e58      	ldr	r6, [pc, #352]	; (100035ec <tud_task_ext+0x330>)
1000348c:	7823      	ldrb	r3, [r4, #0]
1000348e:	468b      	mov	fp, r1
10003490:	4957      	ldr	r1, [pc, #348]	; (100035f0 <tud_task_ext+0x334>)
10003492:	4698      	mov	r8, r3
10003494:	4689      	mov	r9, r1
10003496:	0031      	movs	r1, r6
10003498:	7832      	ldrb	r2, [r6, #0]
1000349a:	2300      	movs	r3, #0
1000349c:	4646      	mov	r6, r8
1000349e:	2700      	movs	r7, #0
100034a0:	4688      	mov	r8, r1
100034a2:	e011      	b.n	100034c8 <tud_task_ext+0x20c>
100034a4:	464a      	mov	r2, r9
100034a6:	6812      	ldr	r2, [r2, #0]
100034a8:	017b      	lsls	r3, r7, #5
100034aa:	4694      	mov	ip, r2
100034ac:	4463      	add	r3, ip
100034ae:	2b00      	cmp	r3, #0
100034b0:	d021      	beq.n	100034f6 <tud_task_ext+0x23a>
100034b2:	68db      	ldr	r3, [r3, #12]
100034b4:	0030      	movs	r0, r6
100034b6:	4798      	blx	r3
100034b8:	4643      	mov	r3, r8
100034ba:	781a      	ldrb	r2, [r3, #0]
100034bc:	3701      	adds	r7, #1
100034be:	b2ff      	uxtb	r7, r7
100034c0:	1c51      	adds	r1, r2, #1
100034c2:	003b      	movs	r3, r7
100034c4:	428f      	cmp	r7, r1
100034c6:	dc05      	bgt.n	100034d4 <tud_task_ext+0x218>
100034c8:	42ba      	cmp	r2, r7
100034ca:	d8eb      	bhi.n	100034a4 <tud_task_ext+0x1e8>
100034cc:	1a9b      	subs	r3, r3, r2
100034ce:	015b      	lsls	r3, r3, #5
100034d0:	445b      	add	r3, fp
100034d2:	e7ee      	b.n	100034b2 <tud_task_ext+0x1f6>
100034d4:	4e44      	ldr	r6, [pc, #272]	; (100035e8 <tud_task_ext+0x32c>)
100034d6:	2254      	movs	r2, #84	; 0x54
100034d8:	2100      	movs	r1, #0
100034da:	0030      	movs	r0, r6
100034dc:	f7fe fe4c 	bl	10002178 <__wrap_memset>
100034e0:	2210      	movs	r2, #16
100034e2:	21ff      	movs	r1, #255	; 0xff
100034e4:	1d30      	adds	r0, r6, #4
100034e6:	f7fe fe47 	bl	10002178 <__wrap_memset>
100034ea:	0030      	movs	r0, r6
100034ec:	2220      	movs	r2, #32
100034ee:	21ff      	movs	r1, #255	; 0xff
100034f0:	3014      	adds	r0, #20
100034f2:	f7fe fe41 	bl	10002178 <__wrap_memset>
100034f6:	f000 fc0d 	bl	10003d14 <usbd_control_reset>
100034fa:	f7ff fe4f 	bl	1000319c <tud_umount_cb>
100034fe:	e6ed      	b.n	100032dc <tud_task_ext+0x20>
10003500:	4e39      	ldr	r6, [pc, #228]	; (100035e8 <tud_task_ext+0x32c>)
10003502:	2254      	movs	r2, #84	; 0x54
10003504:	2100      	movs	r1, #0
10003506:	0030      	movs	r0, r6
10003508:	f7fe fe36 	bl	10002178 <__wrap_memset>
1000350c:	2210      	movs	r2, #16
1000350e:	21ff      	movs	r1, #255	; 0xff
10003510:	1d30      	adds	r0, r6, #4
10003512:	f7fe fe31 	bl	10002178 <__wrap_memset>
10003516:	0030      	movs	r0, r6
10003518:	2220      	movs	r2, #32
1000351a:	21ff      	movs	r1, #255	; 0xff
1000351c:	3014      	adds	r0, #20
1000351e:	f7fe fe2b 	bl	10002178 <__wrap_memset>
10003522:	f000 fbf7 	bl	10003d14 <usbd_control_reset>
10003526:	7923      	ldrb	r3, [r4, #4]
10003528:	70b3      	strb	r3, [r6, #2]
1000352a:	e6d7      	b.n	100032dc <tud_task_ext+0x20>
1000352c:	1c50      	adds	r0, r2, #1
1000352e:	4298      	cmp	r0, r3
10003530:	da0e      	bge.n	10003550 <tud_task_ext+0x294>
10003532:	b00b      	add	sp, #44	; 0x2c
10003534:	bcf0      	pop	{r4, r5, r6, r7}
10003536:	46bb      	mov	fp, r7
10003538:	46b2      	mov	sl, r6
1000353a:	46a9      	mov	r9, r5
1000353c:	46a0      	mov	r8, r4
1000353e:	bdf0      	pop	{r4, r5, r6, r7, pc}
10003540:	4e29      	ldr	r6, [pc, #164]	; (100035e8 <tud_task_ext+0x32c>)
10003542:	e7ee      	b.n	10003522 <tud_task_ext+0x266>
10003544:	7962      	ldrb	r2, [r4, #5]
10003546:	7820      	ldrb	r0, [r4, #0]
10003548:	68a3      	ldr	r3, [r4, #8]
1000354a:	f000 fc01 	bl	10003d50 <usbd_control_xfer_cb>
1000354e:	e6c5      	b.n	100032dc <tud_task_ext+0x20>
10003550:	1a9b      	subs	r3, r3, r2
10003552:	4a29      	ldr	r2, [pc, #164]	; (100035f8 <tud_task_ext+0x33c>)
10003554:	015b      	lsls	r3, r3, #5
10003556:	18d3      	adds	r3, r2, r3
10003558:	e709      	b.n	1000336e <tud_task_ext+0xb2>
1000355a:	4828      	ldr	r0, [pc, #160]	; (100035fc <tud_task_ext+0x340>)
1000355c:	f000 fbe4 	bl	10003d28 <usbd_control_set_complete_callback>
10003560:	2101      	movs	r1, #1
10003562:	4658      	mov	r0, fp
10003564:	aa08      	add	r2, sp, #32
10003566:	f7ff f8ff 	bl	10002768 <tud_vendor_control_xfer_cb>
1000356a:	2800      	cmp	r0, #0
1000356c:	d000      	beq.n	10003570 <tud_task_ext+0x2b4>
1000356e:	e6b5      	b.n	100032dc <tud_task_ext+0x20>
10003570:	e73f      	b.n	100033f2 <tud_task_ext+0x136>
10003572:	2a20      	cmp	r2, #32
10003574:	d100      	bne.n	10003578 <tud_task_ext+0x2bc>
10003576:	e14e      	b.n	10003816 <tud_task_ext+0x55a>
10003578:	2a00      	cmp	r2, #0
1000357a:	d000      	beq.n	1000357e <tud_task_ext+0x2c2>
1000357c:	e739      	b.n	100033f2 <tud_task_ext+0x136>
1000357e:	7963      	ldrb	r3, [r4, #5]
10003580:	2b09      	cmp	r3, #9
10003582:	d900      	bls.n	10003586 <tud_task_ext+0x2ca>
10003584:	e735      	b.n	100033f2 <tud_task_ext+0x136>
10003586:	4a1e      	ldr	r2, [pc, #120]	; (10003600 <tud_task_ext+0x344>)
10003588:	009b      	lsls	r3, r3, #2
1000358a:	58d3      	ldr	r3, [r2, r3]
1000358c:	469f      	mov	pc, r3
1000358e:	2370      	movs	r3, #112	; 0x70
10003590:	7a21      	ldrb	r1, [r4, #8]
10003592:	420b      	tst	r3, r1
10003594:	d000      	beq.n	10003598 <tud_task_ext+0x2dc>
10003596:	e72c      	b.n	100033f2 <tud_task_ext+0x136>
10003598:	267f      	movs	r6, #127	; 0x7f
1000359a:	09cb      	lsrs	r3, r1, #7
1000359c:	4698      	mov	r8, r3
1000359e:	400e      	ands	r6, r1
100035a0:	4b11      	ldr	r3, [pc, #68]	; (100035e8 <tud_task_ext+0x32c>)
100035a2:	0076      	lsls	r6, r6, #1
100035a4:	199b      	adds	r3, r3, r6
100035a6:	4443      	add	r3, r8
100035a8:	7d1f      	ldrb	r7, [r3, #20]
100035aa:	4b10      	ldr	r3, [pc, #64]	; (100035ec <tud_task_ext+0x330>)
100035ac:	781b      	ldrb	r3, [r3, #0]
100035ae:	429f      	cmp	r7, r3
100035b0:	d35e      	bcc.n	10003670 <tud_task_ext+0x3b4>
100035b2:	1c58      	adds	r0, r3, #1
100035b4:	42b8      	cmp	r0, r7
100035b6:	da00      	bge.n	100035ba <tud_task_ext+0x2fe>
100035b8:	e149      	b.n	1000384e <tud_task_ext+0x592>
100035ba:	1aff      	subs	r7, r7, r3
100035bc:	4b0e      	ldr	r3, [pc, #56]	; (100035f8 <tud_task_ext+0x33c>)
100035be:	017f      	lsls	r7, r7, #5
100035c0:	19df      	adds	r7, r3, r7
100035c2:	2a00      	cmp	r2, #0
100035c4:	d100      	bne.n	100035c8 <tud_task_ext+0x30c>
100035c6:	e146      	b.n	10003856 <tud_task_ext+0x59a>
100035c8:	6978      	ldr	r0, [r7, #20]
100035ca:	f000 fbad 	bl	10003d28 <usbd_control_set_complete_callback>
100035ce:	2101      	movs	r1, #1
100035d0:	4658      	mov	r0, fp
100035d2:	697b      	ldr	r3, [r7, #20]
100035d4:	aa08      	add	r2, sp, #32
100035d6:	4798      	blx	r3
100035d8:	e7c7      	b.n	1000356a <tud_task_ext+0x2ae>
100035da:	46c0      	nop			; (mov r8, r8)
100035dc:	200010fc 	.word	0x200010fc
100035e0:	1000537c 	.word	0x1000537c
100035e4:	200015b4 	.word	0x200015b4
100035e8:	2000155c 	.word	0x2000155c
100035ec:	2000200d 	.word	0x2000200d
100035f0:	200013ac 	.word	0x200013ac
100035f4:	2000200f 	.word	0x2000200f
100035f8:	10005424 	.word	0x10005424
100035fc:	10002769 	.word	0x10002769
10003600:	100053a0 	.word	0x100053a0
10003604:	7a23      	ldrb	r3, [r4, #8]
10003606:	2b0f      	cmp	r3, #15
10003608:	d900      	bls.n	1000360c <tud_task_ext+0x350>
1000360a:	e6f2      	b.n	100033f2 <tud_task_ext+0x136>
1000360c:	4ad6      	ldr	r2, [pc, #856]	; (10003968 <tud_task_ext+0x6ac>)
1000360e:	4694      	mov	ip, r2
10003610:	4ad6      	ldr	r2, [pc, #856]	; (1000396c <tud_task_ext+0x6b0>)
10003612:	4463      	add	r3, ip
10003614:	791b      	ldrb	r3, [r3, #4]
10003616:	7812      	ldrb	r2, [r2, #0]
10003618:	4293      	cmp	r3, r2
1000361a:	d334      	bcc.n	10003686 <tud_task_ext+0x3ca>
1000361c:	1c51      	adds	r1, r2, #1
1000361e:	4299      	cmp	r1, r3
10003620:	da00      	bge.n	10003624 <tud_task_ext+0x368>
10003622:	e6e6      	b.n	100033f2 <tud_task_ext+0x136>
10003624:	4ed2      	ldr	r6, [pc, #840]	; (10003970 <tud_task_ext+0x6b4>)
10003626:	1a9b      	subs	r3, r3, r2
10003628:	015b      	lsls	r3, r3, #5
1000362a:	18f6      	adds	r6, r6, r3
1000362c:	6970      	ldr	r0, [r6, #20]
1000362e:	f000 fb7b 	bl	10003d28 <usbd_control_set_complete_callback>
10003632:	2101      	movs	r1, #1
10003634:	4658      	mov	r0, fp
10003636:	6973      	ldr	r3, [r6, #20]
10003638:	aa08      	add	r2, sp, #32
1000363a:	4798      	blx	r3
1000363c:	2800      	cmp	r0, #0
1000363e:	d000      	beq.n	10003642 <tud_task_ext+0x386>
10003640:	e64c      	b.n	100032dc <tud_task_ext+0x20>
10003642:	2260      	movs	r2, #96	; 0x60
10003644:	0016      	movs	r6, r2
10003646:	7923      	ldrb	r3, [r4, #4]
10003648:	401e      	ands	r6, r3
1000364a:	421a      	tst	r2, r3
1000364c:	d000      	beq.n	10003650 <tud_task_ext+0x394>
1000364e:	e6d0      	b.n	100033f2 <tud_task_ext+0x136>
10003650:	7963      	ldrb	r3, [r4, #5]
10003652:	3b0a      	subs	r3, #10
10003654:	2b01      	cmp	r3, #1
10003656:	d900      	bls.n	1000365a <tud_task_ext+0x39e>
10003658:	e6cb      	b.n	100033f2 <tud_task_ext+0x136>
1000365a:	f000 fb65 	bl	10003d28 <usbd_control_set_complete_callback>
1000365e:	7963      	ldrb	r3, [r4, #5]
10003660:	2b0a      	cmp	r3, #10
10003662:	d100      	bne.n	10003666 <tud_task_ext+0x3aa>
10003664:	e150      	b.n	10003908 <tud_task_ext+0x64c>
10003666:	4658      	mov	r0, fp
10003668:	a908      	add	r1, sp, #32
1000366a:	f000 fadd 	bl	10003c28 <tud_control_status>
1000366e:	e635      	b.n	100032dc <tud_task_ext+0x20>
10003670:	4bc0      	ldr	r3, [pc, #768]	; (10003974 <tud_task_ext+0x6b8>)
10003672:	017f      	lsls	r7, r7, #5
10003674:	681b      	ldr	r3, [r3, #0]
10003676:	19df      	adds	r7, r3, r7
10003678:	2a00      	cmp	r2, #0
1000367a:	d100      	bne.n	1000367e <tud_task_ext+0x3c2>
1000367c:	e0eb      	b.n	10003856 <tud_task_ext+0x59a>
1000367e:	2f00      	cmp	r7, #0
10003680:	d100      	bne.n	10003684 <tud_task_ext+0x3c8>
10003682:	e6b6      	b.n	100033f2 <tud_task_ext+0x136>
10003684:	e7a0      	b.n	100035c8 <tud_task_ext+0x30c>
10003686:	4abb      	ldr	r2, [pc, #748]	; (10003974 <tud_task_ext+0x6b8>)
10003688:	015b      	lsls	r3, r3, #5
1000368a:	6816      	ldr	r6, [r2, #0]
1000368c:	18f6      	adds	r6, r6, r3
1000368e:	2e00      	cmp	r6, #0
10003690:	d100      	bne.n	10003694 <tud_task_ext+0x3d8>
10003692:	e6ae      	b.n	100033f2 <tud_task_ext+0x136>
10003694:	e7ca      	b.n	1000362c <tud_task_ext+0x370>
10003696:	4bb4      	ldr	r3, [pc, #720]	; (10003968 <tud_task_ext+0x6ac>)
10003698:	79a7      	ldrb	r7, [r4, #6]
1000369a:	785b      	ldrb	r3, [r3, #1]
1000369c:	429f      	cmp	r7, r3
1000369e:	d0e2      	beq.n	10003666 <tud_task_ext+0x3aa>
100036a0:	4bb1      	ldr	r3, [pc, #708]	; (10003968 <tud_task_ext+0x6ac>)
100036a2:	785b      	ldrb	r3, [r3, #1]
100036a4:	2b00      	cmp	r3, #0
100036a6:	d000      	beq.n	100036aa <tud_task_ext+0x3ee>
100036a8:	e16a      	b.n	10003980 <tud_task_ext+0x6c4>
100036aa:	4baf      	ldr	r3, [pc, #700]	; (10003968 <tud_task_ext+0x6ac>)
100036ac:	705f      	strb	r7, [r3, #1]
100036ae:	2f00      	cmp	r7, #0
100036b0:	d100      	bne.n	100036b4 <tud_task_ext+0x3f8>
100036b2:	e155      	b.n	10003960 <tud_task_ext+0x6a4>
100036b4:	1e78      	subs	r0, r7, #1
100036b6:	b2c0      	uxtb	r0, r0
100036b8:	f7ff fa9c 	bl	10002bf4 <tud_descriptor_configuration_cb>
100036bc:	2800      	cmp	r0, #0
100036be:	d100      	bne.n	100036c2 <tud_task_ext+0x406>
100036c0:	e14a      	b.n	10003958 <tud_task_ext+0x69c>
100036c2:	7843      	ldrb	r3, [r0, #1]
100036c4:	9304      	str	r3, [sp, #16]
100036c6:	2b02      	cmp	r3, #2
100036c8:	d000      	beq.n	100036cc <tud_task_ext+0x410>
100036ca:	e145      	b.n	10003958 <tud_task_ext+0x69c>
100036cc:	2101      	movs	r1, #1
100036ce:	79c2      	ldrb	r2, [r0, #7]
100036d0:	1193      	asrs	r3, r2, #6
100036d2:	1152      	asrs	r2, r2, #5
100036d4:	400b      	ands	r3, r1
100036d6:	400a      	ands	r2, r1
100036d8:	0112      	lsls	r2, r2, #4
100036da:	015b      	lsls	r3, r3, #5
100036dc:	4313      	orrs	r3, r2
100036de:	4aa2      	ldr	r2, [pc, #648]	; (10003968 <tud_task_ext+0x6ac>)
100036e0:	312f      	adds	r1, #47	; 0x2f
100036e2:	7812      	ldrb	r2, [r2, #0]
100036e4:	438a      	bics	r2, r1
100036e6:	4313      	orrs	r3, r2
100036e8:	4a9f      	ldr	r2, [pc, #636]	; (10003968 <tud_task_ext+0x6ac>)
100036ea:	7013      	strb	r3, [r2, #0]
100036ec:	2309      	movs	r3, #9
100036ee:	4699      	mov	r9, r3
100036f0:	78c3      	ldrb	r3, [r0, #3]
100036f2:	7882      	ldrb	r2, [r0, #2]
100036f4:	021b      	lsls	r3, r3, #8
100036f6:	4313      	orrs	r3, r2
100036f8:	18c3      	adds	r3, r0, r3
100036fa:	9302      	str	r3, [sp, #8]
100036fc:	4b9d      	ldr	r3, [pc, #628]	; (10003974 <tud_task_ext+0x6b8>)
100036fe:	4481      	add	r9, r0
10003700:	4698      	mov	r8, r3
10003702:	464f      	mov	r7, r9
10003704:	9b02      	ldr	r3, [sp, #8]
10003706:	42bb      	cmp	r3, r7
10003708:	d800      	bhi.n	1000370c <tud_task_ext+0x450>
1000370a:	e106      	b.n	1000391a <tud_task_ext+0x65e>
1000370c:	2201      	movs	r2, #1
1000370e:	787b      	ldrb	r3, [r7, #1]
10003710:	9200      	str	r2, [sp, #0]
10003712:	2b0b      	cmp	r3, #11
10003714:	d104      	bne.n	10003720 <tud_task_ext+0x464>
10003716:	78fb      	ldrb	r3, [r7, #3]
10003718:	9300      	str	r3, [sp, #0]
1000371a:	783b      	ldrb	r3, [r7, #0]
1000371c:	18ff      	adds	r7, r7, r3
1000371e:	787b      	ldrb	r3, [r7, #1]
10003720:	2b04      	cmp	r3, #4
10003722:	d000      	beq.n	10003726 <tud_task_ext+0x46a>
10003724:	e118      	b.n	10003958 <tud_task_ext+0x69c>
10003726:	9b02      	ldr	r3, [sp, #8]
10003728:	46b9      	mov	r9, r7
1000372a:	1bdb      	subs	r3, r3, r7
1000372c:	b29b      	uxth	r3, r3
1000372e:	9303      	str	r3, [sp, #12]
10003730:	4b8e      	ldr	r3, [pc, #568]	; (1000396c <tud_task_ext+0x6b0>)
10003732:	781e      	ldrb	r6, [r3, #0]
10003734:	2300      	movs	r3, #0
10003736:	001f      	movs	r7, r3
10003738:	9301      	str	r3, [sp, #4]
1000373a:	e01b      	b.n	10003774 <tud_task_ext+0x4b8>
1000373c:	4642      	mov	r2, r8
1000373e:	6812      	ldr	r2, [r2, #0]
10003740:	017b      	lsls	r3, r7, #5
10003742:	18d6      	adds	r6, r2, r3
10003744:	2e00      	cmp	r6, #0
10003746:	d100      	bne.n	1000374a <tud_task_ext+0x48e>
10003748:	e106      	b.n	10003958 <tud_task_ext+0x69c>
1000374a:	4649      	mov	r1, r9
1000374c:	4658      	mov	r0, fp
1000374e:	9a03      	ldr	r2, [sp, #12]
10003750:	6933      	ldr	r3, [r6, #16]
10003752:	4798      	blx	r3
10003754:	9005      	str	r0, [sp, #20]
10003756:	2808      	cmp	r0, #8
10003758:	d903      	bls.n	10003762 <tud_task_ext+0x4a6>
1000375a:	9a03      	ldr	r2, [sp, #12]
1000375c:	4282      	cmp	r2, r0
1000375e:	d300      	bcc.n	10003762 <tud_task_ext+0x4a6>
10003760:	e0de      	b.n	10003920 <tud_task_ext+0x664>
10003762:	4b82      	ldr	r3, [pc, #520]	; (1000396c <tud_task_ext+0x6b0>)
10003764:	3701      	adds	r7, #1
10003766:	781e      	ldrb	r6, [r3, #0]
10003768:	b2ff      	uxtb	r7, r7
1000376a:	1c73      	adds	r3, r6, #1
1000376c:	9701      	str	r7, [sp, #4]
1000376e:	429f      	cmp	r7, r3
10003770:	dd00      	ble.n	10003774 <tud_task_ext+0x4b8>
10003772:	e0f1      	b.n	10003958 <tud_task_ext+0x69c>
10003774:	42be      	cmp	r6, r7
10003776:	d8e1      	bhi.n	1000373c <tud_task_ext+0x480>
10003778:	9b01      	ldr	r3, [sp, #4]
1000377a:	1b9e      	subs	r6, r3, r6
1000377c:	4b7c      	ldr	r3, [pc, #496]	; (10003970 <tud_task_ext+0x6b4>)
1000377e:	0176      	lsls	r6, r6, #5
10003780:	469c      	mov	ip, r3
10003782:	4466      	add	r6, ip
10003784:	e7e1      	b.n	1000374a <tud_task_ext+0x48e>
10003786:	4b78      	ldr	r3, [pc, #480]	; (10003968 <tud_task_ext+0x6ac>)
10003788:	aa06      	add	r2, sp, #24
1000378a:	785b      	ldrb	r3, [r3, #1]
1000378c:	3202      	adds	r2, #2
1000378e:	7013      	strb	r3, [r2, #0]
10003790:	4658      	mov	r0, fp
10003792:	2301      	movs	r3, #1
10003794:	a908      	add	r1, sp, #32
10003796:	f000 fa5f 	bl	10003c58 <tud_control_xfer>
1000379a:	e59f      	b.n	100032dc <tud_task_ext+0x20>
1000379c:	88e0      	ldrh	r0, [r4, #6]
1000379e:	0a03      	lsrs	r3, r0, #8
100037a0:	b2c0      	uxtb	r0, r0
100037a2:	2b0f      	cmp	r3, #15
100037a4:	d900      	bls.n	100037a8 <tud_task_ext+0x4ec>
100037a6:	e624      	b.n	100033f2 <tud_task_ext+0x136>
100037a8:	4973      	ldr	r1, [pc, #460]	; (10003978 <tud_task_ext+0x6bc>)
100037aa:	009a      	lsls	r2, r3, #2
100037ac:	588a      	ldr	r2, [r1, r2]
100037ae:	4697      	mov	pc, r2
100037b0:	a808      	add	r0, sp, #32
100037b2:	f000 fabf 	bl	10003d34 <usbd_control_set_request>
100037b6:	4658      	mov	r0, fp
100037b8:	79a1      	ldrb	r1, [r4, #6]
100037ba:	f7ff fba3 	bl	10002f04 <dcd_set_address>
100037be:	2202      	movs	r2, #2
100037c0:	4b69      	ldr	r3, [pc, #420]	; (10003968 <tud_task_ext+0x6ac>)
100037c2:	781b      	ldrb	r3, [r3, #0]
100037c4:	4313      	orrs	r3, r2
100037c6:	4a68      	ldr	r2, [pc, #416]	; (10003968 <tud_task_ext+0x6ac>)
100037c8:	7013      	strb	r3, [r2, #0]
100037ca:	e587      	b.n	100032dc <tud_task_ext+0x20>
100037cc:	88e3      	ldrh	r3, [r4, #6]
100037ce:	2b01      	cmp	r3, #1
100037d0:	d000      	beq.n	100037d4 <tud_task_ext+0x518>
100037d2:	e60e      	b.n	100033f2 <tud_task_ext+0x136>
100037d4:	2208      	movs	r2, #8
100037d6:	4b64      	ldr	r3, [pc, #400]	; (10003968 <tud_task_ext+0x6ac>)
100037d8:	781b      	ldrb	r3, [r3, #0]
100037da:	4393      	bics	r3, r2
100037dc:	4a62      	ldr	r2, [pc, #392]	; (10003968 <tud_task_ext+0x6ac>)
100037de:	7013      	strb	r3, [r2, #0]
100037e0:	e741      	b.n	10003666 <tud_task_ext+0x3aa>
100037e2:	2002      	movs	r0, #2
100037e4:	4b60      	ldr	r3, [pc, #384]	; (10003968 <tud_task_ext+0x6ac>)
100037e6:	7819      	ldrb	r1, [r3, #0]
100037e8:	ab06      	add	r3, sp, #24
100037ea:	1c9a      	adds	r2, r3, #2
100037ec:	068b      	lsls	r3, r1, #26
100037ee:	0889      	lsrs	r1, r1, #2
100037f0:	0fdb      	lsrs	r3, r3, #31
100037f2:	4001      	ands	r1, r0
100037f4:	430b      	orrs	r3, r1
100037f6:	8013      	strh	r3, [r2, #0]
100037f8:	4658      	mov	r0, fp
100037fa:	2302      	movs	r3, #2
100037fc:	a908      	add	r1, sp, #32
100037fe:	f000 fa2b 	bl	10003c58 <tud_control_xfer>
10003802:	e56b      	b.n	100032dc <tud_task_ext+0x20>
10003804:	88e3      	ldrh	r3, [r4, #6]
10003806:	2b01      	cmp	r3, #1
10003808:	d000      	beq.n	1000380c <tud_task_ext+0x550>
1000380a:	e5f2      	b.n	100033f2 <tud_task_ext+0x136>
1000380c:	2208      	movs	r2, #8
1000380e:	4b56      	ldr	r3, [pc, #344]	; (10003968 <tud_task_ext+0x6ac>)
10003810:	781b      	ldrb	r3, [r3, #0]
10003812:	4313      	orrs	r3, r2
10003814:	e7e2      	b.n	100037dc <tud_task_ext+0x520>
10003816:	7a23      	ldrb	r3, [r4, #8]
10003818:	2b0f      	cmp	r3, #15
1000381a:	d900      	bls.n	1000381e <tud_task_ext+0x562>
1000381c:	e5e9      	b.n	100033f2 <tud_task_ext+0x136>
1000381e:	4a52      	ldr	r2, [pc, #328]	; (10003968 <tud_task_ext+0x6ac>)
10003820:	4694      	mov	ip, r2
10003822:	4a52      	ldr	r2, [pc, #328]	; (1000396c <tud_task_ext+0x6b0>)
10003824:	4463      	add	r3, ip
10003826:	791b      	ldrb	r3, [r3, #4]
10003828:	7812      	ldrb	r2, [r2, #0]
1000382a:	4293      	cmp	r3, r2
1000382c:	d227      	bcs.n	1000387e <tud_task_ext+0x5c2>
1000382e:	4a51      	ldr	r2, [pc, #324]	; (10003974 <tud_task_ext+0x6b8>)
10003830:	015b      	lsls	r3, r3, #5
10003832:	6816      	ldr	r6, [r2, #0]
10003834:	18f6      	adds	r6, r6, r3
10003836:	2e00      	cmp	r6, #0
10003838:	d100      	bne.n	1000383c <tud_task_ext+0x580>
1000383a:	e5da      	b.n	100033f2 <tud_task_ext+0x136>
1000383c:	6970      	ldr	r0, [r6, #20]
1000383e:	f000 fa73 	bl	10003d28 <usbd_control_set_complete_callback>
10003842:	2101      	movs	r1, #1
10003844:	4658      	mov	r0, fp
10003846:	6973      	ldr	r3, [r6, #20]
10003848:	aa08      	add	r2, sp, #32
1000384a:	4798      	blx	r3
1000384c:	e68d      	b.n	1000356a <tud_task_ext+0x2ae>
1000384e:	2700      	movs	r7, #0
10003850:	2a00      	cmp	r2, #0
10003852:	d000      	beq.n	10003856 <tud_task_ext+0x59a>
10003854:	e5cd      	b.n	100033f2 <tud_task_ext+0x136>
10003856:	2202      	movs	r2, #2
10003858:	7963      	ldrb	r3, [r4, #5]
1000385a:	4699      	mov	r9, r3
1000385c:	4393      	bics	r3, r2
1000385e:	2b01      	cmp	r3, #1
10003860:	d016      	beq.n	10003890 <tud_task_ext+0x5d4>
10003862:	464b      	mov	r3, r9
10003864:	2b00      	cmp	r3, #0
10003866:	d000      	beq.n	1000386a <tud_task_ext+0x5ae>
10003868:	e5c3      	b.n	100033f2 <tud_task_ext+0x136>
1000386a:	4b3f      	ldr	r3, [pc, #252]	; (10003968 <tud_task_ext+0x6ac>)
1000386c:	aa06      	add	r2, sp, #24
1000386e:	199b      	adds	r3, r3, r6
10003870:	4443      	add	r3, r8
10003872:	3330      	adds	r3, #48	; 0x30
10003874:	791b      	ldrb	r3, [r3, #4]
10003876:	3202      	adds	r2, #2
10003878:	079b      	lsls	r3, r3, #30
1000387a:	0fdb      	lsrs	r3, r3, #31
1000387c:	e7bb      	b.n	100037f6 <tud_task_ext+0x53a>
1000387e:	1c51      	adds	r1, r2, #1
10003880:	4299      	cmp	r1, r3
10003882:	da00      	bge.n	10003886 <tud_task_ext+0x5ca>
10003884:	e5b5      	b.n	100033f2 <tud_task_ext+0x136>
10003886:	4e3a      	ldr	r6, [pc, #232]	; (10003970 <tud_task_ext+0x6b4>)
10003888:	1a9b      	subs	r3, r3, r2
1000388a:	015b      	lsls	r3, r3, #5
1000388c:	18f6      	adds	r6, r6, r3
1000388e:	e7d5      	b.n	1000383c <tud_task_ext+0x580>
10003890:	88e3      	ldrh	r3, [r4, #6]
10003892:	2b00      	cmp	r3, #0
10003894:	d112      	bne.n	100038bc <tud_task_ext+0x600>
10003896:	464b      	mov	r3, r9
10003898:	2b01      	cmp	r3, #1
1000389a:	d024      	beq.n	100038e6 <tud_task_ext+0x62a>
1000389c:	4b37      	ldr	r3, [pc, #220]	; (1000397c <tud_task_ext+0x6c0>)
1000389e:	7818      	ldrb	r0, [r3, #0]
100038a0:	f7ff fbf6 	bl	10003090 <dcd_edpt_stall>
100038a4:	2102      	movs	r1, #2
100038a6:	4b30      	ldr	r3, [pc, #192]	; (10003968 <tud_task_ext+0x6ac>)
100038a8:	199b      	adds	r3, r3, r6
100038aa:	4443      	add	r3, r8
100038ac:	3330      	adds	r3, #48	; 0x30
100038ae:	791a      	ldrb	r2, [r3, #4]
100038b0:	430a      	orrs	r2, r1
100038b2:	2101      	movs	r1, #1
100038b4:	711a      	strb	r2, [r3, #4]
100038b6:	791a      	ldrb	r2, [r3, #4]
100038b8:	430a      	orrs	r2, r1
100038ba:	711a      	strb	r2, [r3, #4]
100038bc:	2f00      	cmp	r7, #0
100038be:	d100      	bne.n	100038c2 <tud_task_ext+0x606>
100038c0:	e50c      	b.n	100032dc <tud_task_ext+0x20>
100038c2:	6978      	ldr	r0, [r7, #20]
100038c4:	f000 fa30 	bl	10003d28 <usbd_control_set_complete_callback>
100038c8:	697b      	ldr	r3, [r7, #20]
100038ca:	aa08      	add	r2, sp, #32
100038cc:	2101      	movs	r1, #1
100038ce:	4658      	mov	r0, fp
100038d0:	4798      	blx	r3
100038d2:	2000      	movs	r0, #0
100038d4:	f000 fa28 	bl	10003d28 <usbd_control_set_complete_callback>
100038d8:	2335      	movs	r3, #53	; 0x35
100038da:	4a23      	ldr	r2, [pc, #140]	; (10003968 <tud_task_ext+0x6ac>)
100038dc:	5cd3      	ldrb	r3, [r2, r3]
100038de:	07db      	lsls	r3, r3, #31
100038e0:	d500      	bpl.n	100038e4 <tud_task_ext+0x628>
100038e2:	e4fb      	b.n	100032dc <tud_task_ext+0x20>
100038e4:	e6bf      	b.n	10003666 <tud_task_ext+0x3aa>
100038e6:	4b25      	ldr	r3, [pc, #148]	; (1000397c <tud_task_ext+0x6c0>)
100038e8:	7818      	ldrb	r0, [r3, #0]
100038ea:	f7ff fbed 	bl	100030c8 <dcd_edpt_clear_stall>
100038ee:	2102      	movs	r1, #2
100038f0:	4b1d      	ldr	r3, [pc, #116]	; (10003968 <tud_task_ext+0x6ac>)
100038f2:	199b      	adds	r3, r3, r6
100038f4:	4443      	add	r3, r8
100038f6:	3330      	adds	r3, #48	; 0x30
100038f8:	791a      	ldrb	r2, [r3, #4]
100038fa:	438a      	bics	r2, r1
100038fc:	4649      	mov	r1, r9
100038fe:	711a      	strb	r2, [r3, #4]
10003900:	791a      	ldrb	r2, [r3, #4]
10003902:	438a      	bics	r2, r1
10003904:	711a      	strb	r2, [r3, #4]
10003906:	e7d9      	b.n	100038bc <tud_task_ext+0x600>
10003908:	ab06      	add	r3, sp, #24
1000390a:	1c9a      	adds	r2, r3, #2
1000390c:	4658      	mov	r0, fp
1000390e:	2301      	movs	r3, #1
10003910:	a908      	add	r1, sp, #32
10003912:	7016      	strb	r6, [r2, #0]
10003914:	f000 f9a0 	bl	10003c58 <tud_control_xfer>
10003918:	e4e0      	b.n	100032dc <tud_task_ext+0x20>
1000391a:	f7ff fc3d 	bl	10003198 <tud_mount_cb>
1000391e:	e6a2      	b.n	10003666 <tud_task_ext+0x3aa>
10003920:	003b      	movs	r3, r7
10003922:	464f      	mov	r7, r9
10003924:	4699      	mov	r9, r3
10003926:	9b00      	ldr	r3, [sp, #0]
10003928:	2b01      	cmp	r3, #1
1000392a:	d100      	bne.n	1000392e <tud_task_ext+0x672>
1000392c:	e089      	b.n	10003a42 <tud_task_ext+0x786>
1000392e:	9b00      	ldr	r3, [sp, #0]
10003930:	2b00      	cmp	r3, #0
10003932:	d075      	beq.n	10003a20 <tud_task_ext+0x764>
10003934:	2300      	movs	r3, #0
10003936:	464e      	mov	r6, r9
10003938:	78b9      	ldrb	r1, [r7, #2]
1000393a:	e005      	b.n	10003948 <tud_task_ext+0x68c>
1000393c:	7116      	strb	r6, [r2, #4]
1000393e:	3301      	adds	r3, #1
10003940:	9a00      	ldr	r2, [sp, #0]
10003942:	b2db      	uxtb	r3, r3
10003944:	4293      	cmp	r3, r2
10003946:	d26a      	bcs.n	10003a1e <tud_task_ext+0x762>
10003948:	4807      	ldr	r0, [pc, #28]	; (10003968 <tud_task_ext+0x6ac>)
1000394a:	185a      	adds	r2, r3, r1
1000394c:	4684      	mov	ip, r0
1000394e:	b2d2      	uxtb	r2, r2
10003950:	4462      	add	r2, ip
10003952:	7910      	ldrb	r0, [r2, #4]
10003954:	28ff      	cmp	r0, #255	; 0xff
10003956:	d0f1      	beq.n	1000393c <tud_task_ext+0x680>
10003958:	2300      	movs	r3, #0
1000395a:	4a03      	ldr	r2, [pc, #12]	; (10003968 <tud_task_ext+0x6ac>)
1000395c:	7053      	strb	r3, [r2, #1]
1000395e:	e548      	b.n	100033f2 <tud_task_ext+0x136>
10003960:	f7ff fc1c 	bl	1000319c <tud_umount_cb>
10003964:	e67f      	b.n	10003666 <tud_task_ext+0x3aa>
10003966:	46c0      	nop			; (mov r8, r8)
10003968:	2000155c 	.word	0x2000155c
1000396c:	2000200d 	.word	0x2000200d
10003970:	10005424 	.word	0x10005424
10003974:	200013ac 	.word	0x200013ac
10003978:	100053c8 	.word	0x100053c8
1000397c:	200010fc 	.word	0x200010fc
10003980:	2100      	movs	r1, #0
10003982:	4658      	mov	r0, fp
10003984:	f7ff fac8 	bl	10002f18 <dcd_sof_enable>
10003988:	4658      	mov	r0, fp
1000398a:	f7ff fb6b 	bl	10003064 <dcd_edpt_close_all>
1000398e:	4b45      	ldr	r3, [pc, #276]	; (10003aa4 <tud_task_ext+0x7e8>)
10003990:	4e45      	ldr	r6, [pc, #276]	; (10003aa8 <tud_task_ext+0x7ec>)
10003992:	789b      	ldrb	r3, [r3, #2]
10003994:	4945      	ldr	r1, [pc, #276]	; (10003aac <tud_task_ext+0x7f0>)
10003996:	9300      	str	r3, [sp, #0]
10003998:	4689      	mov	r9, r1
1000399a:	2300      	movs	r3, #0
1000399c:	0031      	movs	r1, r6
1000399e:	7832      	ldrb	r2, [r6, #0]
100039a0:	4688      	mov	r8, r1
100039a2:	001e      	movs	r6, r3
100039a4:	e011      	b.n	100039ca <tud_task_ext+0x70e>
100039a6:	464a      	mov	r2, r9
100039a8:	6812      	ldr	r2, [r2, #0]
100039aa:	0173      	lsls	r3, r6, #5
100039ac:	4694      	mov	ip, r2
100039ae:	4463      	add	r3, ip
100039b0:	2b00      	cmp	r3, #0
100039b2:	d022      	beq.n	100039fa <tud_task_ext+0x73e>
100039b4:	68db      	ldr	r3, [r3, #12]
100039b6:	4658      	mov	r0, fp
100039b8:	4798      	blx	r3
100039ba:	4643      	mov	r3, r8
100039bc:	781a      	ldrb	r2, [r3, #0]
100039be:	3601      	adds	r6, #1
100039c0:	b2f6      	uxtb	r6, r6
100039c2:	1c51      	adds	r1, r2, #1
100039c4:	0033      	movs	r3, r6
100039c6:	428e      	cmp	r6, r1
100039c8:	dc07      	bgt.n	100039da <tud_task_ext+0x71e>
100039ca:	42b2      	cmp	r2, r6
100039cc:	d8eb      	bhi.n	100039a6 <tud_task_ext+0x6ea>
100039ce:	1a9b      	subs	r3, r3, r2
100039d0:	4a37      	ldr	r2, [pc, #220]	; (10003ab0 <tud_task_ext+0x7f4>)
100039d2:	015b      	lsls	r3, r3, #5
100039d4:	4694      	mov	ip, r2
100039d6:	4463      	add	r3, ip
100039d8:	e7ec      	b.n	100039b4 <tud_task_ext+0x6f8>
100039da:	2254      	movs	r2, #84	; 0x54
100039dc:	2100      	movs	r1, #0
100039de:	4831      	ldr	r0, [pc, #196]	; (10003aa4 <tud_task_ext+0x7e8>)
100039e0:	f7fe fbca 	bl	10002178 <__wrap_memset>
100039e4:	4b2f      	ldr	r3, [pc, #188]	; (10003aa4 <tud_task_ext+0x7e8>)
100039e6:	2210      	movs	r2, #16
100039e8:	21ff      	movs	r1, #255	; 0xff
100039ea:	1d18      	adds	r0, r3, #4
100039ec:	f7fe fbc4 	bl	10002178 <__wrap_memset>
100039f0:	2220      	movs	r2, #32
100039f2:	21ff      	movs	r1, #255	; 0xff
100039f4:	482f      	ldr	r0, [pc, #188]	; (10003ab4 <tud_task_ext+0x7f8>)
100039f6:	f7fe fbbf 	bl	10002178 <__wrap_memset>
100039fa:	4b2a      	ldr	r3, [pc, #168]	; (10003aa4 <tud_task_ext+0x7e8>)
100039fc:	9a00      	ldr	r2, [sp, #0]
100039fe:	709a      	strb	r2, [r3, #2]
10003a00:	e653      	b.n	100036aa <tud_task_ext+0x3ee>
10003a02:	f7fe fead 	bl	10002760 <tud_descriptor_bos_cb>
10003a06:	1e02      	subs	r2, r0, #0
10003a08:	d100      	bne.n	10003a0c <tud_task_ext+0x750>
10003a0a:	e4f2      	b.n	100033f2 <tud_task_ext+0x136>
10003a0c:	78d3      	ldrb	r3, [r2, #3]
10003a0e:	7891      	ldrb	r1, [r2, #2]
10003a10:	021b      	lsls	r3, r3, #8
10003a12:	430b      	orrs	r3, r1
10003a14:	4658      	mov	r0, fp
10003a16:	a908      	add	r1, sp, #32
10003a18:	f000 f91e 	bl	10003c58 <tud_control_xfer>
10003a1c:	e5a5      	b.n	1000356a <tud_task_ext+0x2ae>
10003a1e:	46b1      	mov	r9, r6
10003a20:	9e05      	ldr	r6, [sp, #20]
10003a22:	464b      	mov	r3, r9
10003a24:	0032      	movs	r2, r6
10003a26:	0039      	movs	r1, r7
10003a28:	4822      	ldr	r0, [pc, #136]	; (10003ab4 <tud_task_ext+0x7f8>)
10003a2a:	f000 fea1 	bl	10004770 <tu_edpt_bind_driver>
10003a2e:	46b4      	mov	ip, r6
10003a30:	4b1d      	ldr	r3, [pc, #116]	; (10003aa8 <tud_task_ext+0x7ec>)
10003a32:	9a01      	ldr	r2, [sp, #4]
10003a34:	781b      	ldrb	r3, [r3, #0]
10003a36:	4467      	add	r7, ip
10003a38:	3301      	adds	r3, #1
10003a3a:	4293      	cmp	r3, r2
10003a3c:	db00      	blt.n	10003a40 <tud_task_ext+0x784>
10003a3e:	e661      	b.n	10003704 <tud_task_ext+0x448>
10003a40:	e78a      	b.n	10003958 <tud_task_ext+0x69c>
10003a42:	4b1d      	ldr	r3, [pc, #116]	; (10003ab8 <tud_task_ext+0x7fc>)
10003a44:	6932      	ldr	r2, [r6, #16]
10003a46:	429a      	cmp	r2, r3
10003a48:	d000      	beq.n	10003a4c <tud_task_ext+0x790>
10003a4a:	e773      	b.n	10003934 <tud_task_ext+0x678>
10003a4c:	9b04      	ldr	r3, [sp, #16]
10003a4e:	9300      	str	r3, [sp, #0]
10003a50:	e770      	b.n	10003934 <tud_task_ext+0x678>
10003a52:	f7ff fb9d 	bl	10003190 <tud_descriptor_device_qualifier_cb>
10003a56:	1e02      	subs	r2, r0, #0
10003a58:	d100      	bne.n	10003a5c <tud_task_ext+0x7a0>
10003a5a:	e4ca      	b.n	100033f2 <tud_task_ext+0x136>
10003a5c:	4658      	mov	r0, fp
10003a5e:	7813      	ldrb	r3, [r2, #0]
10003a60:	a908      	add	r1, sp, #32
10003a62:	f000 f8f9 	bl	10003c58 <tud_control_xfer>
10003a66:	e580      	b.n	1000356a <tud_task_ext+0x2ae>
10003a68:	8921      	ldrh	r1, [r4, #8]
10003a6a:	f7ff f8c7 	bl	10002bfc <tud_descriptor_string_cb>
10003a6e:	1e02      	subs	r2, r0, #0
10003a70:	d1f4      	bne.n	10003a5c <tud_task_ext+0x7a0>
10003a72:	e4be      	b.n	100033f2 <tud_task_ext+0x136>
10003a74:	2b02      	cmp	r3, #2
10003a76:	d00f      	beq.n	10003a98 <tud_task_ext+0x7dc>
10003a78:	f7ff fb8c 	bl	10003194 <tud_descriptor_other_speed_configuration_cb>
10003a7c:	1e02      	subs	r2, r0, #0
10003a7e:	d1c5      	bne.n	10003a0c <tud_task_ext+0x750>
10003a80:	e4b7      	b.n	100033f2 <tud_task_ext+0x136>
10003a82:	f7ff f8b3 	bl	10002bec <tud_descriptor_device_cb>
10003a86:	1e02      	subs	r2, r0, #0
10003a88:	d100      	bne.n	10003a8c <tud_task_ext+0x7d0>
10003a8a:	e4b2      	b.n	100033f2 <tud_task_ext+0x136>
10003a8c:	2312      	movs	r3, #18
10003a8e:	4658      	mov	r0, fp
10003a90:	a908      	add	r1, sp, #32
10003a92:	f000 f8e1 	bl	10003c58 <tud_control_xfer>
10003a96:	e568      	b.n	1000356a <tud_task_ext+0x2ae>
10003a98:	f7ff f8ac 	bl	10002bf4 <tud_descriptor_configuration_cb>
10003a9c:	1e02      	subs	r2, r0, #0
10003a9e:	d1b5      	bne.n	10003a0c <tud_task_ext+0x750>
10003aa0:	e4a7      	b.n	100033f2 <tud_task_ext+0x136>
10003aa2:	46c0      	nop			; (mov r8, r8)
10003aa4:	2000155c 	.word	0x2000155c
10003aa8:	2000200d 	.word	0x2000200d
10003aac:	200013ac 	.word	0x200013ac
10003ab0:	10005424 	.word	0x10005424
10003ab4:	20001570 	.word	0x20001570
10003ab8:	10004139 	.word	0x10004139

10003abc <usbd_open_edpt_pair>:
10003abc:	b5f8      	push	{r3, r4, r5, r6, r7, lr}
10003abe:	4657      	mov	r7, sl
10003ac0:	464e      	mov	r6, r9
10003ac2:	46de      	mov	lr, fp
10003ac4:	4645      	mov	r5, r8
10003ac6:	000c      	movs	r4, r1
10003ac8:	b5e0      	push	{r5, r6, r7, lr}
10003aca:	0016      	movs	r6, r2
10003acc:	001f      	movs	r7, r3
10003ace:	2a00      	cmp	r2, #0
10003ad0:	d03c      	beq.n	10003b4c <usbd_open_edpt_pair+0x90>
10003ad2:	2370      	movs	r3, #112	; 0x70
10003ad4:	4698      	mov	r8, r3
10003ad6:	4b1e      	ldr	r3, [pc, #120]	; (10003b50 <usbd_open_edpt_pair+0x94>)
10003ad8:	2500      	movs	r5, #0
10003ada:	469b      	mov	fp, r3
10003adc:	4b1d      	ldr	r3, [pc, #116]	; (10003b54 <usbd_open_edpt_pair+0x98>)
10003ade:	469a      	mov	sl, r3
10003ae0:	e01a      	b.n	10003b18 <usbd_open_edpt_pair+0x5c>
10003ae2:	465b      	mov	r3, fp
10003ae4:	781b      	ldrb	r3, [r3, #0]
10003ae6:	0020      	movs	r0, r4
10003ae8:	4699      	mov	r9, r3
10003aea:	4653      	mov	r3, sl
10003aec:	7899      	ldrb	r1, [r3, #2]
10003aee:	f000 fe03 	bl	100046f8 <tu_edpt_validate>
10003af2:	2800      	cmp	r0, #0
10003af4:	d01c      	beq.n	10003b30 <usbd_open_edpt_pair+0x74>
10003af6:	0021      	movs	r1, r4
10003af8:	4648      	mov	r0, r9
10003afa:	f7ff fa29 	bl	10002f50 <dcd_edpt_open>
10003afe:	2800      	cmp	r0, #0
10003b00:	d016      	beq.n	10003b30 <usbd_open_edpt_pair+0x74>
10003b02:	78a3      	ldrb	r3, [r4, #2]
10003b04:	09da      	lsrs	r2, r3, #7
10003b06:	2a01      	cmp	r2, #1
10003b08:	d019      	beq.n	10003b3e <usbd_open_edpt_pair+0x82>
10003b0a:	9a0a      	ldr	r2, [sp, #40]	; 0x28
10003b0c:	3501      	adds	r5, #1
10003b0e:	7013      	strb	r3, [r2, #0]
10003b10:	7823      	ldrb	r3, [r4, #0]
10003b12:	18e4      	adds	r4, r4, r3
10003b14:	42b5      	cmp	r5, r6
10003b16:	da19      	bge.n	10003b4c <usbd_open_edpt_pair+0x90>
10003b18:	7863      	ldrb	r3, [r4, #1]
10003b1a:	2b05      	cmp	r3, #5
10003b1c:	d108      	bne.n	10003b30 <usbd_open_edpt_pair+0x74>
10003b1e:	78e3      	ldrb	r3, [r4, #3]
10003b20:	079b      	lsls	r3, r3, #30
10003b22:	0f9b      	lsrs	r3, r3, #30
10003b24:	42bb      	cmp	r3, r7
10003b26:	d103      	bne.n	10003b30 <usbd_open_edpt_pair+0x74>
10003b28:	4642      	mov	r2, r8
10003b2a:	78a3      	ldrb	r3, [r4, #2]
10003b2c:	421a      	tst	r2, r3
10003b2e:	d0d8      	beq.n	10003ae2 <usbd_open_edpt_pair+0x26>
10003b30:	2000      	movs	r0, #0
10003b32:	bcf0      	pop	{r4, r5, r6, r7}
10003b34:	46bb      	mov	fp, r7
10003b36:	46b2      	mov	sl, r6
10003b38:	46a9      	mov	r9, r5
10003b3a:	46a0      	mov	r8, r4
10003b3c:	bdf8      	pop	{r3, r4, r5, r6, r7, pc}
10003b3e:	9a0b      	ldr	r2, [sp, #44]	; 0x2c
10003b40:	3501      	adds	r5, #1
10003b42:	7013      	strb	r3, [r2, #0]
10003b44:	7823      	ldrb	r3, [r4, #0]
10003b46:	18e4      	adds	r4, r4, r3
10003b48:	42b5      	cmp	r5, r6
10003b4a:	dbe5      	blt.n	10003b18 <usbd_open_edpt_pair+0x5c>
10003b4c:	2001      	movs	r0, #1
10003b4e:	e7f0      	b.n	10003b32 <usbd_open_edpt_pair+0x76>
10003b50:	200010fc 	.word	0x200010fc
10003b54:	2000155c 	.word	0x2000155c

10003b58 <usbd_edpt_open>:
10003b58:	2270      	movs	r2, #112	; 0x70
10003b5a:	b570      	push	{r4, r5, r6, lr}
10003b5c:	788b      	ldrb	r3, [r1, #2]
10003b5e:	000c      	movs	r4, r1
10003b60:	421a      	tst	r2, r3
10003b62:	d001      	beq.n	10003b68 <usbd_edpt_open+0x10>
10003b64:	2000      	movs	r0, #0
10003b66:	bd70      	pop	{r4, r5, r6, pc}
10003b68:	4b06      	ldr	r3, [pc, #24]	; (10003b84 <usbd_edpt_open+0x2c>)
10003b6a:	0020      	movs	r0, r4
10003b6c:	781d      	ldrb	r5, [r3, #0]
10003b6e:	4b06      	ldr	r3, [pc, #24]	; (10003b88 <usbd_edpt_open+0x30>)
10003b70:	7899      	ldrb	r1, [r3, #2]
10003b72:	f000 fdc1 	bl	100046f8 <tu_edpt_validate>
10003b76:	2800      	cmp	r0, #0
10003b78:	d0f4      	beq.n	10003b64 <usbd_edpt_open+0xc>
10003b7a:	0021      	movs	r1, r4
10003b7c:	0028      	movs	r0, r5
10003b7e:	f7ff f9e7 	bl	10002f50 <dcd_edpt_open>
10003b82:	e7f0      	b.n	10003b66 <usbd_edpt_open+0xe>
10003b84:	200010fc 	.word	0x200010fc
10003b88:	2000155c 	.word	0x2000155c

10003b8c <usbd_edpt_claim>:
10003b8c:	4b07      	ldr	r3, [pc, #28]	; (10003bac <usbd_edpt_claim+0x20>)
10003b8e:	0008      	movs	r0, r1
10003b90:	6819      	ldr	r1, [r3, #0]
10003b92:	237f      	movs	r3, #127	; 0x7f
10003b94:	b510      	push	{r4, lr}
10003b96:	4003      	ands	r3, r0
10003b98:	09c0      	lsrs	r0, r0, #7
10003b9a:	005b      	lsls	r3, r3, #1
10003b9c:	3034      	adds	r0, #52	; 0x34
10003b9e:	1818      	adds	r0, r3, r0
10003ba0:	4b03      	ldr	r3, [pc, #12]	; (10003bb0 <usbd_edpt_claim+0x24>)
10003ba2:	1818      	adds	r0, r3, r0
10003ba4:	f000 fd64 	bl	10004670 <tu_edpt_claim>
10003ba8:	bd10      	pop	{r4, pc}
10003baa:	46c0      	nop			; (mov r8, r8)
10003bac:	200015b0 	.word	0x200015b0
10003bb0:	2000155c 	.word	0x2000155c

10003bb4 <usbd_edpt_release>:
10003bb4:	4b07      	ldr	r3, [pc, #28]	; (10003bd4 <usbd_edpt_release+0x20>)
10003bb6:	0008      	movs	r0, r1
10003bb8:	6819      	ldr	r1, [r3, #0]
10003bba:	237f      	movs	r3, #127	; 0x7f
10003bbc:	b510      	push	{r4, lr}
10003bbe:	4003      	ands	r3, r0
10003bc0:	09c0      	lsrs	r0, r0, #7
10003bc2:	005b      	lsls	r3, r3, #1
10003bc4:	3034      	adds	r0, #52	; 0x34
10003bc6:	1818      	adds	r0, r3, r0
10003bc8:	4b03      	ldr	r3, [pc, #12]	; (10003bd8 <usbd_edpt_release+0x24>)
10003bca:	1818      	adds	r0, r3, r0
10003bcc:	f000 fd78 	bl	100046c0 <tu_edpt_release>
10003bd0:	bd10      	pop	{r4, pc}
10003bd2:	46c0      	nop			; (mov r8, r8)
10003bd4:	200015b0 	.word	0x200015b0
10003bd8:	2000155c 	.word	0x2000155c

10003bdc <usbd_edpt_xfer>:
10003bdc:	207f      	movs	r0, #127	; 0x7f
10003bde:	b570      	push	{r4, r5, r6, lr}
10003be0:	4008      	ands	r0, r1
10003be2:	4c0f      	ldr	r4, [pc, #60]	; (10003c20 <usbd_edpt_xfer+0x44>)
10003be4:	0040      	lsls	r0, r0, #1
10003be6:	09cd      	lsrs	r5, r1, #7
10003be8:	1824      	adds	r4, r4, r0
10003bea:	1964      	adds	r4, r4, r5
10003bec:	3430      	adds	r4, #48	; 0x30
10003bee:	7925      	ldrb	r5, [r4, #4]
10003bf0:	2000      	movs	r0, #0
10003bf2:	07ed      	lsls	r5, r5, #31
10003bf4:	d500      	bpl.n	10003bf8 <usbd_edpt_xfer+0x1c>
10003bf6:	bd70      	pop	{r4, r5, r6, pc}
10003bf8:	2601      	movs	r6, #1
10003bfa:	7925      	ldrb	r5, [r4, #4]
10003bfc:	4809      	ldr	r0, [pc, #36]	; (10003c24 <usbd_edpt_xfer+0x48>)
10003bfe:	4335      	orrs	r5, r6
10003c00:	7800      	ldrb	r0, [r0, #0]
10003c02:	7125      	strb	r5, [r4, #4]
10003c04:	f7ff fa32 	bl	1000306c <dcd_edpt_xfer>
10003c08:	2800      	cmp	r0, #0
10003c0a:	d1f4      	bne.n	10003bf6 <usbd_edpt_xfer+0x1a>
10003c0c:	2201      	movs	r2, #1
10003c0e:	7923      	ldrb	r3, [r4, #4]
10003c10:	4393      	bics	r3, r2
10003c12:	7123      	strb	r3, [r4, #4]
10003c14:	7923      	ldrb	r3, [r4, #4]
10003c16:	3203      	adds	r2, #3
10003c18:	4393      	bics	r3, r2
10003c1a:	7123      	strb	r3, [r4, #4]
10003c1c:	e7eb      	b.n	10003bf6 <usbd_edpt_xfer+0x1a>
10003c1e:	46c0      	nop			; (mov r8, r8)
10003c20:	2000155c 	.word	0x2000155c
10003c24:	200010fc 	.word	0x200010fc

10003c28 <tud_control_status>:
10003c28:	b570      	push	{r4, r5, r6, lr}
10003c2a:	4e0a      	ldr	r6, [pc, #40]	; (10003c54 <tud_control_status+0x2c>)
10003c2c:	0005      	movs	r5, r0
10003c2e:	0030      	movs	r0, r6
10003c30:	2208      	movs	r2, #8
10003c32:	000c      	movs	r4, r1
10003c34:	f7fe faa6 	bl	10002184 <__wrap___aeabi_memcpy>
10003c38:	2300      	movs	r3, #0
10003c3a:	217f      	movs	r1, #127	; 0x7f
10003c3c:	60f3      	str	r3, [r6, #12]
10003c3e:	7822      	ldrb	r2, [r4, #0]
10003c40:	60b3      	str	r3, [r6, #8]
10003c42:	4291      	cmp	r1, r2
10003c44:	415b      	adcs	r3, r3
10003c46:	0028      	movs	r0, r5
10003c48:	01d9      	lsls	r1, r3, #7
10003c4a:	2200      	movs	r2, #0
10003c4c:	2300      	movs	r3, #0
10003c4e:	f7ff ffc5 	bl	10003bdc <usbd_edpt_xfer>
10003c52:	bd70      	pop	{r4, r5, r6, pc}
10003c54:	2000153c 	.word	0x2000153c

10003c58 <tud_control_xfer>:
10003c58:	b5f8      	push	{r3, r4, r5, r6, r7, lr}
10003c5a:	46ce      	mov	lr, r9
10003c5c:	4647      	mov	r7, r8
10003c5e:	4691      	mov	r9, r2
10003c60:	4e2a      	ldr	r6, [pc, #168]	; (10003d0c <tud_control_xfer+0xb4>)
10003c62:	b580      	push	{r7, lr}
10003c64:	2208      	movs	r2, #8
10003c66:	0007      	movs	r7, r0
10003c68:	0030      	movs	r0, r6
10003c6a:	000d      	movs	r5, r1
10003c6c:	4698      	mov	r8, r3
10003c6e:	f7fe fa89 	bl	10002184 <__wrap___aeabi_memcpy>
10003c72:	464b      	mov	r3, r9
10003c74:	60b3      	str	r3, [r6, #8]
10003c76:	2300      	movs	r3, #0
10003c78:	81f3      	strh	r3, [r6, #14]
10003c7a:	79ec      	ldrb	r4, [r5, #7]
10003c7c:	79a9      	ldrb	r1, [r5, #6]
10003c7e:	0224      	lsls	r4, r4, #8
10003c80:	430c      	orrs	r4, r1
10003c82:	1c23      	adds	r3, r4, #0
10003c84:	4544      	cmp	r4, r8
10003c86:	d900      	bls.n	10003c8a <tud_control_xfer+0x32>
10003c88:	4643      	mov	r3, r8
10003c8a:	b29a      	uxth	r2, r3
10003c8c:	4690      	mov	r8, r2
10003c8e:	81b3      	strh	r3, [r6, #12]
10003c90:	2c00      	cmp	r4, #0
10003c92:	d013      	beq.n	10003cbc <tud_control_xfer+0x64>
10003c94:	2a00      	cmp	r2, #0
10003c96:	d01f      	beq.n	10003cd8 <tud_control_xfer+0x80>
10003c98:	464b      	mov	r3, r9
10003c9a:	2b00      	cmp	r3, #0
10003c9c:	d034      	beq.n	10003d08 <tud_control_xfer+0xb0>
10003c9e:	1c13      	adds	r3, r2, #0
10003ca0:	2a40      	cmp	r2, #64	; 0x40
10003ca2:	d81f      	bhi.n	10003ce4 <tud_control_xfer+0x8c>
10003ca4:	b29b      	uxth	r3, r3
10003ca6:	4698      	mov	r8, r3
10003ca8:	7833      	ldrb	r3, [r6, #0]
10003caa:	2b7f      	cmp	r3, #127	; 0x7f
10003cac:	d820      	bhi.n	10003cf0 <tud_control_xfer+0x98>
10003cae:	2100      	movs	r1, #0
10003cb0:	4a17      	ldr	r2, [pc, #92]	; (10003d10 <tud_control_xfer+0xb8>)
10003cb2:	4643      	mov	r3, r8
10003cb4:	0038      	movs	r0, r7
10003cb6:	f7ff ff91 	bl	10003bdc <usbd_edpt_xfer>
10003cba:	e009      	b.n	10003cd0 <tud_control_xfer+0x78>
10003cbc:	227f      	movs	r2, #127	; 0x7f
10003cbe:	782b      	ldrb	r3, [r5, #0]
10003cc0:	0038      	movs	r0, r7
10003cc2:	429a      	cmp	r2, r3
10003cc4:	4164      	adcs	r4, r4
10003cc6:	2300      	movs	r3, #0
10003cc8:	2200      	movs	r2, #0
10003cca:	01e1      	lsls	r1, r4, #7
10003ccc:	f7ff ff86 	bl	10003bdc <usbd_edpt_xfer>
10003cd0:	bcc0      	pop	{r6, r7}
10003cd2:	46b9      	mov	r9, r7
10003cd4:	46b0      	mov	r8, r6
10003cd6:	bdf8      	pop	{r3, r4, r5, r6, r7, pc}
10003cd8:	7833      	ldrb	r3, [r6, #0]
10003cda:	2b7f      	cmp	r3, #127	; 0x7f
10003cdc:	d911      	bls.n	10003d02 <tud_control_xfer+0xaa>
10003cde:	2180      	movs	r1, #128	; 0x80
10003ce0:	2200      	movs	r2, #0
10003ce2:	e7e6      	b.n	10003cb2 <tud_control_xfer+0x5a>
10003ce4:	2340      	movs	r3, #64	; 0x40
10003ce6:	b29b      	uxth	r3, r3
10003ce8:	4698      	mov	r8, r3
10003cea:	7833      	ldrb	r3, [r6, #0]
10003cec:	2b7f      	cmp	r3, #127	; 0x7f
10003cee:	d9de      	bls.n	10003cae <tud_control_xfer+0x56>
10003cf0:	4c07      	ldr	r4, [pc, #28]	; (10003d10 <tud_control_xfer+0xb8>)
10003cf2:	4642      	mov	r2, r8
10003cf4:	4649      	mov	r1, r9
10003cf6:	0020      	movs	r0, r4
10003cf8:	f7fe fa44 	bl	10002184 <__wrap___aeabi_memcpy>
10003cfc:	2180      	movs	r1, #128	; 0x80
10003cfe:	0022      	movs	r2, r4
10003d00:	e7d7      	b.n	10003cb2 <tud_control_xfer+0x5a>
10003d02:	2100      	movs	r1, #0
10003d04:	2200      	movs	r2, #0
10003d06:	e7d4      	b.n	10003cb2 <tud_control_xfer+0x5a>
10003d08:	2000      	movs	r0, #0
10003d0a:	e7e1      	b.n	10003cd0 <tud_control_xfer+0x78>
10003d0c:	2000153c 	.word	0x2000153c
10003d10:	200014fc 	.word	0x200014fc

10003d14 <usbd_control_reset>:
10003d14:	b510      	push	{r4, lr}
10003d16:	2214      	movs	r2, #20
10003d18:	2100      	movs	r1, #0
10003d1a:	4802      	ldr	r0, [pc, #8]	; (10003d24 <usbd_control_reset+0x10>)
10003d1c:	f7fe fa2c 	bl	10002178 <__wrap_memset>
10003d20:	bd10      	pop	{r4, pc}
10003d22:	46c0      	nop			; (mov r8, r8)
10003d24:	2000153c 	.word	0x2000153c

10003d28 <usbd_control_set_complete_callback>:
10003d28:	4b01      	ldr	r3, [pc, #4]	; (10003d30 <usbd_control_set_complete_callback+0x8>)
10003d2a:	6118      	str	r0, [r3, #16]
10003d2c:	4770      	bx	lr
10003d2e:	46c0      	nop			; (mov r8, r8)
10003d30:	2000153c 	.word	0x2000153c

10003d34 <usbd_control_set_request>:
10003d34:	b510      	push	{r4, lr}
10003d36:	4c05      	ldr	r4, [pc, #20]	; (10003d4c <usbd_control_set_request+0x18>)
10003d38:	0001      	movs	r1, r0
10003d3a:	2208      	movs	r2, #8
10003d3c:	0020      	movs	r0, r4
10003d3e:	f7fe fa21 	bl	10002184 <__wrap___aeabi_memcpy>
10003d42:	2300      	movs	r3, #0
10003d44:	60a3      	str	r3, [r4, #8]
10003d46:	60e3      	str	r3, [r4, #12]
10003d48:	bd10      	pop	{r4, pc}
10003d4a:	46c0      	nop			; (mov r8, r8)
10003d4c:	2000153c 	.word	0x2000153c

10003d50 <usbd_control_xfer_cb>:
10003d50:	b5f8      	push	{r3, r4, r5, r6, r7, lr}
10003d52:	4c39      	ldr	r4, [pc, #228]	; (10003e38 <usbd_control_xfer_cb+0xe8>)
10003d54:	001d      	movs	r5, r3
10003d56:	7823      	ldrb	r3, [r4, #0]
10003d58:	0006      	movs	r6, r0
10003d5a:	09da      	lsrs	r2, r3, #7
10003d5c:	09c9      	lsrs	r1, r1, #7
10003d5e:	428a      	cmp	r2, r1
10003d60:	d010      	beq.n	10003d84 <usbd_control_xfer_cb+0x34>
10003d62:	2000      	movs	r0, #0
10003d64:	2d00      	cmp	r5, #0
10003d66:	d000      	beq.n	10003d6a <usbd_control_xfer_cb+0x1a>
10003d68:	bdf8      	pop	{r3, r4, r5, r6, r7, pc}
10003d6a:	0021      	movs	r1, r4
10003d6c:	0030      	movs	r0, r6
10003d6e:	f7ff f8e1 	bl	10002f34 <dcd_edpt0_status_complete>
10003d72:	6923      	ldr	r3, [r4, #16]
10003d74:	2b00      	cmp	r3, #0
10003d76:	d042      	beq.n	10003dfe <usbd_control_xfer_cb+0xae>
10003d78:	0022      	movs	r2, r4
10003d7a:	2103      	movs	r1, #3
10003d7c:	0030      	movs	r0, r6
10003d7e:	4798      	blx	r3
10003d80:	2001      	movs	r0, #1
10003d82:	e7f1      	b.n	10003d68 <usbd_control_xfer_cb+0x18>
10003d84:	2b7f      	cmp	r3, #127	; 0x7f
10003d86:	d806      	bhi.n	10003d96 <usbd_control_xfer_cb+0x46>
10003d88:	68a0      	ldr	r0, [r4, #8]
10003d8a:	2800      	cmp	r0, #0
10003d8c:	d039      	beq.n	10003e02 <usbd_control_xfer_cb+0xb2>
10003d8e:	002a      	movs	r2, r5
10003d90:	492a      	ldr	r1, [pc, #168]	; (10003e3c <usbd_control_xfer_cb+0xec>)
10003d92:	f7fe f9f7 	bl	10002184 <__wrap___aeabi_memcpy>
10003d96:	68a3      	ldr	r3, [r4, #8]
10003d98:	89e2      	ldrh	r2, [r4, #14]
10003d9a:	1959      	adds	r1, r3, r5
10003d9c:	1952      	adds	r2, r2, r5
10003d9e:	88e3      	ldrh	r3, [r4, #6]
10003da0:	b292      	uxth	r2, r2
10003da2:	81e2      	strh	r2, [r4, #14]
10003da4:	60a1      	str	r1, [r4, #8]
10003da6:	4293      	cmp	r3, r2
10003da8:	d014      	beq.n	10003dd4 <usbd_control_xfer_cb+0x84>
10003daa:	2d3f      	cmp	r5, #63	; 0x3f
10003dac:	d912      	bls.n	10003dd4 <usbd_control_xfer_cb+0x84>
10003dae:	89a5      	ldrh	r5, [r4, #12]
10003db0:	1aa8      	subs	r0, r5, r2
10003db2:	1c07      	adds	r7, r0, #0
10003db4:	b280      	uxth	r0, r0
10003db6:	2840      	cmp	r0, #64	; 0x40
10003db8:	d82f      	bhi.n	10003e1a <usbd_control_xfer_cb+0xca>
10003dba:	7823      	ldrb	r3, [r4, #0]
10003dbc:	b2bf      	uxth	r7, r7
10003dbe:	2b7f      	cmp	r3, #127	; 0x7f
10003dc0:	d82d      	bhi.n	10003e1e <usbd_control_xfer_cb+0xce>
10003dc2:	2100      	movs	r1, #0
10003dc4:	42aa      	cmp	r2, r5
10003dc6:	d035      	beq.n	10003e34 <usbd_control_xfer_cb+0xe4>
10003dc8:	4a1c      	ldr	r2, [pc, #112]	; (10003e3c <usbd_control_xfer_cb+0xec>)
10003dca:	003b      	movs	r3, r7
10003dcc:	0030      	movs	r0, r6
10003dce:	f7ff ff05 	bl	10003bdc <usbd_edpt_xfer>
10003dd2:	e7c9      	b.n	10003d68 <usbd_control_xfer_cb+0x18>
10003dd4:	6923      	ldr	r3, [r4, #16]
10003dd6:	2b00      	cmp	r3, #0
10003dd8:	d005      	beq.n	10003de6 <usbd_control_xfer_cb+0x96>
10003dda:	0022      	movs	r2, r4
10003ddc:	2102      	movs	r1, #2
10003dde:	0030      	movs	r0, r6
10003de0:	4798      	blx	r3
10003de2:	2800      	cmp	r0, #0
10003de4:	d00f      	beq.n	10003e06 <usbd_control_xfer_cb+0xb6>
10003de6:	227f      	movs	r2, #127	; 0x7f
10003de8:	2100      	movs	r1, #0
10003dea:	7823      	ldrb	r3, [r4, #0]
10003dec:	0030      	movs	r0, r6
10003dee:	429a      	cmp	r2, r3
10003df0:	4149      	adcs	r1, r1
10003df2:	2300      	movs	r3, #0
10003df4:	2200      	movs	r2, #0
10003df6:	01c9      	lsls	r1, r1, #7
10003df8:	f7ff fef0 	bl	10003bdc <usbd_edpt_xfer>
10003dfc:	e7b4      	b.n	10003d68 <usbd_control_xfer_cb+0x18>
10003dfe:	2001      	movs	r0, #1
10003e00:	e7b2      	b.n	10003d68 <usbd_control_xfer_cb+0x18>
10003e02:	2000      	movs	r0, #0
10003e04:	e7b0      	b.n	10003d68 <usbd_control_xfer_cb+0x18>
10003e06:	2100      	movs	r1, #0
10003e08:	0030      	movs	r0, r6
10003e0a:	f7ff f941 	bl	10003090 <dcd_edpt_stall>
10003e0e:	0030      	movs	r0, r6
10003e10:	2180      	movs	r1, #128	; 0x80
10003e12:	f7ff f93d 	bl	10003090 <dcd_edpt_stall>
10003e16:	2001      	movs	r0, #1
10003e18:	e7a6      	b.n	10003d68 <usbd_control_xfer_cb+0x18>
10003e1a:	2740      	movs	r7, #64	; 0x40
10003e1c:	e7cd      	b.n	10003dba <usbd_control_xfer_cb+0x6a>
10003e1e:	42aa      	cmp	r2, r5
10003e20:	d007      	beq.n	10003e32 <usbd_control_xfer_cb+0xe2>
10003e22:	4c06      	ldr	r4, [pc, #24]	; (10003e3c <usbd_control_xfer_cb+0xec>)
10003e24:	003a      	movs	r2, r7
10003e26:	0020      	movs	r0, r4
10003e28:	f7fe f9ac 	bl	10002184 <__wrap___aeabi_memcpy>
10003e2c:	2180      	movs	r1, #128	; 0x80
10003e2e:	0022      	movs	r2, r4
10003e30:	e7cb      	b.n	10003dca <usbd_control_xfer_cb+0x7a>
10003e32:	2180      	movs	r1, #128	; 0x80
10003e34:	2200      	movs	r2, #0
10003e36:	e7c8      	b.n	10003dca <usbd_control_xfer_cb+0x7a>
10003e38:	2000153c 	.word	0x2000153c
10003e3c:	200014fc 	.word	0x200014fc

10003e40 <_prep_out_transaction.isra.0>:
10003e40:	b570      	push	{r4, r5, r6, lr}
10003e42:	0005      	movs	r5, r0
10003e44:	f7ff f9b0 	bl	100031a8 <tud_mounted>
10003e48:	2800      	cmp	r0, #0
10003e4a:	d100      	bne.n	10003e4e <_prep_out_transaction.isra.0+0xe>
10003e4c:	bd70      	pop	{r4, r5, r6, pc}
10003e4e:	f7ff f9b3 	bl	100031b8 <tud_suspended>
10003e52:	2800      	cmp	r0, #0
10003e54:	d1fa      	bne.n	10003e4c <_prep_out_transaction.isra.0+0xc>
10003e56:	23c8      	movs	r3, #200	; 0xc8
10003e58:	436b      	muls	r3, r5
10003e5a:	4a12      	ldr	r2, [pc, #72]	; (10003ea4 <_prep_out_transaction.isra.0+0x64>)
10003e5c:	18d6      	adds	r6, r2, r3
10003e5e:	78f1      	ldrb	r1, [r6, #3]
10003e60:	2900      	cmp	r1, #0
10003e62:	d0f3      	beq.n	10003e4c <_prep_out_transaction.isra.0+0xc>
10003e64:	3310      	adds	r3, #16
10003e66:	189c      	adds	r4, r3, r2
10003e68:	0020      	movs	r0, r4
10003e6a:	f000 fdf5 	bl	10004a58 <tu_fifo_remaining>
10003e6e:	283f      	cmp	r0, #63	; 0x3f
10003e70:	d9ec      	bls.n	10003e4c <_prep_out_transaction.isra.0+0xc>
10003e72:	2000      	movs	r0, #0
10003e74:	78f1      	ldrb	r1, [r6, #3]
10003e76:	f7ff fe89 	bl	10003b8c <usbd_edpt_claim>
10003e7a:	2800      	cmp	r0, #0
10003e7c:	d0e6      	beq.n	10003e4c <_prep_out_transaction.isra.0+0xc>
10003e7e:	0020      	movs	r0, r4
10003e80:	f000 fdea 	bl	10004a58 <tu_fifo_remaining>
10003e84:	283f      	cmp	r0, #63	; 0x3f
10003e86:	d908      	bls.n	10003e9a <_prep_out_transaction.isra.0+0x5a>
10003e88:	01ea      	lsls	r2, r5, #7
10003e8a:	4d07      	ldr	r5, [pc, #28]	; (10003ea8 <_prep_out_transaction.isra.0+0x68>)
10003e8c:	2340      	movs	r3, #64	; 0x40
10003e8e:	78f1      	ldrb	r1, [r6, #3]
10003e90:	1952      	adds	r2, r2, r5
10003e92:	2000      	movs	r0, #0
10003e94:	f7ff fea2 	bl	10003bdc <usbd_edpt_xfer>
10003e98:	e7d8      	b.n	10003e4c <_prep_out_transaction.isra.0+0xc>
10003e9a:	78f1      	ldrb	r1, [r6, #3]
10003e9c:	2000      	movs	r0, #0
10003e9e:	f7ff fe89 	bl	10003bb4 <usbd_edpt_release>
10003ea2:	e7d3      	b.n	10003e4c <_prep_out_transaction.isra.0+0xc>
10003ea4:	20001434 	.word	0x20001434
10003ea8:	200013b0 	.word	0x200013b0

10003eac <tud_cdc_n_connected>:
10003eac:	b510      	push	{r4, lr}
10003eae:	0004      	movs	r4, r0
10003eb0:	f7ff f97a 	bl	100031a8 <tud_mounted>
10003eb4:	2800      	cmp	r0, #0
10003eb6:	d101      	bne.n	10003ebc <tud_cdc_n_connected+0x10>
10003eb8:	2000      	movs	r0, #0
10003eba:	bd10      	pop	{r4, pc}
10003ebc:	f7ff f97c 	bl	100031b8 <tud_suspended>
10003ec0:	2800      	cmp	r0, #0
10003ec2:	d1f9      	bne.n	10003eb8 <tud_cdc_n_connected+0xc>
10003ec4:	30c8      	adds	r0, #200	; 0xc8
10003ec6:	4344      	muls	r4, r0
10003ec8:	4802      	ldr	r0, [pc, #8]	; (10003ed4 <tud_cdc_n_connected+0x28>)
10003eca:	1900      	adds	r0, r0, r4
10003ecc:	7903      	ldrb	r3, [r0, #4]
10003ece:	2001      	movs	r0, #1
10003ed0:	4018      	ands	r0, r3
10003ed2:	e7f2      	b.n	10003eba <tud_cdc_n_connected+0xe>
10003ed4:	20001434 	.word	0x20001434

10003ed8 <tud_cdc_n_available>:
10003ed8:	23c8      	movs	r3, #200	; 0xc8
10003eda:	4358      	muls	r0, r3
10003edc:	b510      	push	{r4, lr}
10003ede:	4b03      	ldr	r3, [pc, #12]	; (10003eec <tud_cdc_n_available+0x14>)
10003ee0:	3010      	adds	r0, #16
10003ee2:	18c0      	adds	r0, r0, r3
10003ee4:	f000 fd9a 	bl	10004a1c <tu_fifo_count>
10003ee8:	bd10      	pop	{r4, pc}
10003eea:	46c0      	nop			; (mov r8, r8)
10003eec:	20001434 	.word	0x20001434

10003ef0 <tud_cdc_n_read>:
10003ef0:	b5f0      	push	{r4, r5, r6, r7, lr}
10003ef2:	24c8      	movs	r4, #200	; 0xc8
10003ef4:	46c6      	mov	lr, r8
10003ef6:	4344      	muls	r4, r0
10003ef8:	4f1e      	ldr	r7, [pc, #120]	; (10003f74 <tud_cdc_n_read+0x84>)
10003efa:	4b1f      	ldr	r3, [pc, #124]	; (10003f78 <tud_cdc_n_read+0x88>)
10003efc:	3410      	adds	r4, #16
10003efe:	0005      	movs	r5, r0
10003f00:	b500      	push	{lr}
10003f02:	193c      	adds	r4, r7, r4
10003f04:	429a      	cmp	r2, r3
10003f06:	d900      	bls.n	10003f0a <tud_cdc_n_read+0x1a>
10003f08:	4a1c      	ldr	r2, [pc, #112]	; (10003f7c <tud_cdc_n_read+0x8c>)
10003f0a:	0020      	movs	r0, r4
10003f0c:	b292      	uxth	r2, r2
10003f0e:	f000 fe09 	bl	10004b24 <tu_fifo_read_n>
10003f12:	4680      	mov	r8, r0
10003f14:	f7ff f948 	bl	100031a8 <tud_mounted>
10003f18:	2800      	cmp	r0, #0
10003f1a:	d103      	bne.n	10003f24 <tud_cdc_n_read+0x34>
10003f1c:	4640      	mov	r0, r8
10003f1e:	bc80      	pop	{r7}
10003f20:	46b8      	mov	r8, r7
10003f22:	bdf0      	pop	{r4, r5, r6, r7, pc}
10003f24:	f7ff f948 	bl	100031b8 <tud_suspended>
10003f28:	2800      	cmp	r0, #0
10003f2a:	d1f7      	bne.n	10003f1c <tud_cdc_n_read+0x2c>
10003f2c:	26c8      	movs	r6, #200	; 0xc8
10003f2e:	436e      	muls	r6, r5
10003f30:	19be      	adds	r6, r7, r6
10003f32:	78f3      	ldrb	r3, [r6, #3]
10003f34:	2b00      	cmp	r3, #0
10003f36:	d0f1      	beq.n	10003f1c <tud_cdc_n_read+0x2c>
10003f38:	0020      	movs	r0, r4
10003f3a:	f000 fd8d 	bl	10004a58 <tu_fifo_remaining>
10003f3e:	283f      	cmp	r0, #63	; 0x3f
10003f40:	d9ec      	bls.n	10003f1c <tud_cdc_n_read+0x2c>
10003f42:	2000      	movs	r0, #0
10003f44:	78f1      	ldrb	r1, [r6, #3]
10003f46:	f7ff fe21 	bl	10003b8c <usbd_edpt_claim>
10003f4a:	2800      	cmp	r0, #0
10003f4c:	d0e6      	beq.n	10003f1c <tud_cdc_n_read+0x2c>
10003f4e:	0020      	movs	r0, r4
10003f50:	f000 fd82 	bl	10004a58 <tu_fifo_remaining>
10003f54:	283f      	cmp	r0, #63	; 0x3f
10003f56:	d908      	bls.n	10003f6a <tud_cdc_n_read+0x7a>
10003f58:	01ea      	lsls	r2, r5, #7
10003f5a:	4d09      	ldr	r5, [pc, #36]	; (10003f80 <tud_cdc_n_read+0x90>)
10003f5c:	2340      	movs	r3, #64	; 0x40
10003f5e:	78f1      	ldrb	r1, [r6, #3]
10003f60:	1952      	adds	r2, r2, r5
10003f62:	2000      	movs	r0, #0
10003f64:	f7ff fe3a 	bl	10003bdc <usbd_edpt_xfer>
10003f68:	e7d8      	b.n	10003f1c <tud_cdc_n_read+0x2c>
10003f6a:	78f1      	ldrb	r1, [r6, #3]
10003f6c:	2000      	movs	r0, #0
10003f6e:	f7ff fe21 	bl	10003bb4 <usbd_edpt_release>
10003f72:	e7d3      	b.n	10003f1c <tud_cdc_n_read+0x2c>
10003f74:	20001434 	.word	0x20001434
10003f78:	0000fffe 	.word	0x0000fffe
10003f7c:	0000ffff 	.word	0x0000ffff
10003f80:	200013b0 	.word	0x200013b0

10003f84 <tud_cdc_n_write_flush>:
10003f84:	b5f8      	push	{r3, r4, r5, r6, r7, lr}
10003f86:	0006      	movs	r6, r0
10003f88:	f7ff f90e 	bl	100031a8 <tud_mounted>
10003f8c:	2800      	cmp	r0, #0
10003f8e:	d101      	bne.n	10003f94 <tud_cdc_n_write_flush+0x10>
10003f90:	2000      	movs	r0, #0
10003f92:	bdf8      	pop	{r3, r4, r5, r6, r7, pc}
10003f94:	f7ff f910 	bl	100031b8 <tud_suspended>
10003f98:	2800      	cmp	r0, #0
10003f9a:	d1f9      	bne.n	10003f90 <tud_cdc_n_write_flush+0xc>
10003f9c:	24c8      	movs	r4, #200	; 0xc8
10003f9e:	4374      	muls	r4, r6
10003fa0:	0025      	movs	r5, r4
10003fa2:	4f14      	ldr	r7, [pc, #80]	; (10003ff4 <tud_cdc_n_write_flush+0x70>)
10003fa4:	3524      	adds	r5, #36	; 0x24
10003fa6:	19ed      	adds	r5, r5, r7
10003fa8:	0028      	movs	r0, r5
10003faa:	f000 fd37 	bl	10004a1c <tu_fifo_count>
10003fae:	2800      	cmp	r0, #0
10003fb0:	d0ee      	beq.n	10003f90 <tud_cdc_n_write_flush+0xc>
10003fb2:	193f      	adds	r7, r7, r4
10003fb4:	2000      	movs	r0, #0
10003fb6:	78b9      	ldrb	r1, [r7, #2]
10003fb8:	f7ff fde8 	bl	10003b8c <usbd_edpt_claim>
10003fbc:	2800      	cmp	r0, #0
10003fbe:	d0e7      	beq.n	10003f90 <tud_cdc_n_write_flush+0xc>
10003fc0:	480d      	ldr	r0, [pc, #52]	; (10003ff8 <tud_cdc_n_write_flush+0x74>)
10003fc2:	01f6      	lsls	r6, r6, #7
10003fc4:	3640      	adds	r6, #64	; 0x40
10003fc6:	1836      	adds	r6, r6, r0
10003fc8:	0031      	movs	r1, r6
10003fca:	2240      	movs	r2, #64	; 0x40
10003fcc:	0028      	movs	r0, r5
10003fce:	f000 fda9 	bl	10004b24 <tu_fifo_read_n>
10003fd2:	78b9      	ldrb	r1, [r7, #2]
10003fd4:	1e04      	subs	r4, r0, #0
10003fd6:	d008      	beq.n	10003fea <tud_cdc_n_write_flush+0x66>
10003fd8:	0003      	movs	r3, r0
10003fda:	0032      	movs	r2, r6
10003fdc:	2000      	movs	r0, #0
10003fde:	f7ff fdfd 	bl	10003bdc <usbd_edpt_xfer>
10003fe2:	2800      	cmp	r0, #0
10003fe4:	d0d4      	beq.n	10003f90 <tud_cdc_n_write_flush+0xc>
10003fe6:	0020      	movs	r0, r4
10003fe8:	e7d3      	b.n	10003f92 <tud_cdc_n_write_flush+0xe>
10003fea:	2000      	movs	r0, #0
10003fec:	f7ff fde2 	bl	10003bb4 <usbd_edpt_release>
10003ff0:	e7ce      	b.n	10003f90 <tud_cdc_n_write_flush+0xc>
10003ff2:	46c0      	nop			; (mov r8, r8)
10003ff4:	20001434 	.word	0x20001434
10003ff8:	200013b0 	.word	0x200013b0

10003ffc <tud_cdc_n_write>:
10003ffc:	b570      	push	{r4, r5, r6, lr}
10003ffe:	24c8      	movs	r4, #200	; 0xc8
10004000:	4344      	muls	r4, r0
10004002:	4b0c      	ldr	r3, [pc, #48]	; (10004034 <tud_cdc_n_write+0x38>)
10004004:	3424      	adds	r4, #36	; 0x24
10004006:	18e4      	adds	r4, r4, r3
10004008:	4b0b      	ldr	r3, [pc, #44]	; (10004038 <tud_cdc_n_write+0x3c>)
1000400a:	0005      	movs	r5, r0
1000400c:	429a      	cmp	r2, r3
1000400e:	d900      	bls.n	10004012 <tud_cdc_n_write+0x16>
10004010:	4a0a      	ldr	r2, [pc, #40]	; (1000403c <tud_cdc_n_write+0x40>)
10004012:	0020      	movs	r0, r4
10004014:	b292      	uxth	r2, r2
10004016:	f000 fe3f 	bl	10004c98 <tu_fifo_write_n>
1000401a:	0006      	movs	r6, r0
1000401c:	0020      	movs	r0, r4
1000401e:	f000 fcfd 	bl	10004a1c <tu_fifo_count>
10004022:	283f      	cmp	r0, #63	; 0x3f
10004024:	d801      	bhi.n	1000402a <tud_cdc_n_write+0x2e>
10004026:	0030      	movs	r0, r6
10004028:	bd70      	pop	{r4, r5, r6, pc}
1000402a:	0028      	movs	r0, r5
1000402c:	f7ff ffaa 	bl	10003f84 <tud_cdc_n_write_flush>
10004030:	e7f9      	b.n	10004026 <tud_cdc_n_write+0x2a>
10004032:	46c0      	nop			; (mov r8, r8)
10004034:	20001434 	.word	0x20001434
10004038:	0000fffe 	.word	0x0000fffe
1000403c:	0000ffff 	.word	0x0000ffff

10004040 <tud_cdc_n_write_available>:
10004040:	23c8      	movs	r3, #200	; 0xc8
10004042:	4358      	muls	r0, r3
10004044:	b510      	push	{r4, lr}
10004046:	4b03      	ldr	r3, [pc, #12]	; (10004054 <tud_cdc_n_write_available+0x14>)
10004048:	3024      	adds	r0, #36	; 0x24
1000404a:	18c0      	adds	r0, r0, r3
1000404c:	f000 fd04 	bl	10004a58 <tu_fifo_remaining>
10004050:	bd10      	pop	{r4, pc}
10004052:	46c0      	nop			; (mov r8, r8)
10004054:	20001434 	.word	0x20001434

10004058 <cdcd_init>:
10004058:	b5f0      	push	{r4, r5, r6, r7, lr}
1000405a:	2500      	movs	r5, #0
1000405c:	4c18      	ldr	r4, [pc, #96]	; (100040c0 <cdcd_init+0x68>)
1000405e:	b083      	sub	sp, #12
10004060:	22c8      	movs	r2, #200	; 0xc8
10004062:	2100      	movs	r1, #0
10004064:	0020      	movs	r0, r4
10004066:	f7fe f887 	bl	10002178 <__wrap_memset>
1000406a:	4b16      	ldr	r3, [pc, #88]	; (100040c4 <cdcd_init+0x6c>)
1000406c:	0021      	movs	r1, r4
1000406e:	701d      	strb	r5, [r3, #0]
10004070:	23ff      	movs	r3, #255	; 0xff
10004072:	7163      	strb	r3, [r4, #5]
10004074:	23e1      	movs	r3, #225	; 0xe1
10004076:	025b      	lsls	r3, r3, #9
10004078:	60a3      	str	r3, [r4, #8]
1000407a:	0020      	movs	r0, r4
1000407c:	2308      	movs	r3, #8
1000407e:	2240      	movs	r2, #64	; 0x40
10004080:	73a3      	strb	r3, [r4, #14]
10004082:	3138      	adds	r1, #56	; 0x38
10004084:	9500      	str	r5, [sp, #0]
10004086:	3b07      	subs	r3, #7
10004088:	3010      	adds	r0, #16
1000408a:	f000 fc8f 	bl	100049ac <tu_fifo_config>
1000408e:	0027      	movs	r7, r4
10004090:	2301      	movs	r3, #1
10004092:	0021      	movs	r1, r4
10004094:	0020      	movs	r0, r4
10004096:	0026      	movs	r6, r4
10004098:	2240      	movs	r2, #64	; 0x40
1000409a:	3178      	adds	r1, #120	; 0x78
1000409c:	9300      	str	r3, [sp, #0]
1000409e:	37b8      	adds	r7, #184	; 0xb8
100040a0:	3024      	adds	r0, #36	; 0x24
100040a2:	f000 fc83 	bl	100049ac <tu_fifo_config>
100040a6:	36c0      	adds	r6, #192	; 0xc0
100040a8:	0038      	movs	r0, r7
100040aa:	f7fc fecf 	bl	10000e4c <mutex_init>
100040ae:	0030      	movs	r0, r6
100040b0:	f7fc fecc 	bl	10000e4c <mutex_init>
100040b4:	61e5      	str	r5, [r4, #28]
100040b6:	6227      	str	r7, [r4, #32]
100040b8:	6326      	str	r6, [r4, #48]	; 0x30
100040ba:	6365      	str	r5, [r4, #52]	; 0x34
100040bc:	b003      	add	sp, #12
100040be:	bdf0      	pop	{r4, r5, r6, r7, pc}
100040c0:	20001434 	.word	0x20001434
100040c4:	20001430 	.word	0x20001430

100040c8 <cdcd_deinit>:
100040c8:	4b07      	ldr	r3, [pc, #28]	; (100040e8 <cdcd_deinit+0x20>)
100040ca:	6a1a      	ldr	r2, [r3, #32]
100040cc:	6b19      	ldr	r1, [r3, #48]	; 0x30
100040ce:	2a00      	cmp	r2, #0
100040d0:	d002      	beq.n	100040d8 <cdcd_deinit+0x10>
100040d2:	2200      	movs	r2, #0
100040d4:	61da      	str	r2, [r3, #28]
100040d6:	621a      	str	r2, [r3, #32]
100040d8:	2900      	cmp	r1, #0
100040da:	d002      	beq.n	100040e2 <cdcd_deinit+0x1a>
100040dc:	2200      	movs	r2, #0
100040de:	631a      	str	r2, [r3, #48]	; 0x30
100040e0:	635a      	str	r2, [r3, #52]	; 0x34
100040e2:	2001      	movs	r0, #1
100040e4:	4770      	bx	lr
100040e6:	46c0      	nop			; (mov r8, r8)
100040e8:	20001434 	.word	0x20001434

100040ec <cdcd_reset>:
100040ec:	b570      	push	{r4, r5, r6, lr}
100040ee:	4c0f      	ldr	r4, [pc, #60]	; (1000412c <cdcd_reset+0x40>)
100040f0:	2205      	movs	r2, #5
100040f2:	2100      	movs	r1, #0
100040f4:	0020      	movs	r0, r4
100040f6:	f7fe f83f 	bl	10002178 <__wrap_memset>
100040fa:	4d0d      	ldr	r5, [pc, #52]	; (10004130 <cdcd_reset+0x44>)
100040fc:	782b      	ldrb	r3, [r5, #0]
100040fe:	07da      	lsls	r2, r3, #31
10004100:	d507      	bpl.n	10004112 <cdcd_reset+0x26>
10004102:	4c0c      	ldr	r4, [pc, #48]	; (10004134 <cdcd_reset+0x48>)
10004104:	079b      	lsls	r3, r3, #30
10004106:	d50c      	bpl.n	10004122 <cdcd_reset+0x36>
10004108:	2101      	movs	r1, #1
1000410a:	0020      	movs	r0, r4
1000410c:	f000 fe98 	bl	10004e40 <tu_fifo_set_overwritable>
10004110:	bd70      	pop	{r4, r5, r6, pc}
10004112:	0020      	movs	r0, r4
10004114:	3010      	adds	r0, #16
10004116:	f000 fe73 	bl	10004e00 <tu_fifo_clear>
1000411a:	782b      	ldrb	r3, [r5, #0]
1000411c:	4c05      	ldr	r4, [pc, #20]	; (10004134 <cdcd_reset+0x48>)
1000411e:	079b      	lsls	r3, r3, #30
10004120:	d4f2      	bmi.n	10004108 <cdcd_reset+0x1c>
10004122:	0020      	movs	r0, r4
10004124:	f000 fe6c 	bl	10004e00 <tu_fifo_clear>
10004128:	e7ee      	b.n	10004108 <cdcd_reset+0x1c>
1000412a:	46c0      	nop			; (mov r8, r8)
1000412c:	20001434 	.word	0x20001434
10004130:	20001430 	.word	0x20001430
10004134:	20001458 	.word	0x20001458

10004138 <cdcd_open>:
10004138:	b5f0      	push	{r4, r5, r6, r7, lr}
1000413a:	794b      	ldrb	r3, [r1, #5]
1000413c:	0006      	movs	r6, r0
1000413e:	b083      	sub	sp, #12
10004140:	2b02      	cmp	r3, #2
10004142:	d102      	bne.n	1000414a <cdcd_open+0x12>
10004144:	798b      	ldrb	r3, [r1, #6]
10004146:	2b02      	cmp	r3, #2
10004148:	d003      	beq.n	10004152 <cdcd_open+0x1a>
1000414a:	2500      	movs	r5, #0
1000414c:	0028      	movs	r0, r5
1000414e:	b003      	add	sp, #12
10004150:	bdf0      	pop	{r4, r5, r6, r7, pc}
10004152:	4f21      	ldr	r7, [pc, #132]	; (100041d8 <cdcd_open+0xa0>)
10004154:	78bb      	ldrb	r3, [r7, #2]
10004156:	2b00      	cmp	r3, #0
10004158:	d1f7      	bne.n	1000414a <cdcd_open+0x12>
1000415a:	788b      	ldrb	r3, [r1, #2]
1000415c:	2509      	movs	r5, #9
1000415e:	703b      	strb	r3, [r7, #0]
10004160:	780c      	ldrb	r4, [r1, #0]
10004162:	190c      	adds	r4, r1, r4
10004164:	7863      	ldrb	r3, [r4, #1]
10004166:	2b24      	cmp	r3, #36	; 0x24
10004168:	d10b      	bne.n	10004182 <cdcd_open+0x4a>
1000416a:	2a08      	cmp	r2, #8
1000416c:	d802      	bhi.n	10004174 <cdcd_open+0x3c>
1000416e:	e00f      	b.n	10004190 <cdcd_open+0x58>
10004170:	42aa      	cmp	r2, r5
10004172:	d30d      	bcc.n	10004190 <cdcd_open+0x58>
10004174:	7823      	ldrb	r3, [r4, #0]
10004176:	18e4      	adds	r4, r4, r3
10004178:	18ed      	adds	r5, r5, r3
1000417a:	7863      	ldrb	r3, [r4, #1]
1000417c:	b2ad      	uxth	r5, r5
1000417e:	2b24      	cmp	r3, #36	; 0x24
10004180:	d0f6      	beq.n	10004170 <cdcd_open+0x38>
10004182:	2b05      	cmp	r3, #5
10004184:	d008      	beq.n	10004198 <cdcd_open+0x60>
10004186:	2b04      	cmp	r3, #4
10004188:	d102      	bne.n	10004190 <cdcd_open+0x58>
1000418a:	7963      	ldrb	r3, [r4, #5]
1000418c:	2b0a      	cmp	r3, #10
1000418e:	d011      	beq.n	100041b4 <cdcd_open+0x7c>
10004190:	2000      	movs	r0, #0
10004192:	f7ff fe55 	bl	10003e40 <_prep_out_transaction.isra.0>
10004196:	e7d9      	b.n	1000414c <cdcd_open+0x14>
10004198:	0021      	movs	r1, r4
1000419a:	0030      	movs	r0, r6
1000419c:	f7ff fcdc 	bl	10003b58 <usbd_edpt_open>
100041a0:	2800      	cmp	r0, #0
100041a2:	d0d2      	beq.n	1000414a <cdcd_open+0x12>
100041a4:	78a3      	ldrb	r3, [r4, #2]
100041a6:	707b      	strb	r3, [r7, #1]
100041a8:	7823      	ldrb	r3, [r4, #0]
100041aa:	18ed      	adds	r5, r5, r3
100041ac:	18e4      	adds	r4, r4, r3
100041ae:	7863      	ldrb	r3, [r4, #1]
100041b0:	b2ad      	uxth	r5, r5
100041b2:	e7e8      	b.n	10004186 <cdcd_open+0x4e>
100041b4:	4b09      	ldr	r3, [pc, #36]	; (100041dc <cdcd_open+0xa4>)
100041b6:	7827      	ldrb	r7, [r4, #0]
100041b8:	9301      	str	r3, [sp, #4]
100041ba:	3301      	adds	r3, #1
100041bc:	9300      	str	r3, [sp, #0]
100041be:	2202      	movs	r2, #2
100041c0:	2302      	movs	r3, #2
100041c2:	0030      	movs	r0, r6
100041c4:	19e1      	adds	r1, r4, r7
100041c6:	f7ff fc79 	bl	10003abc <usbd_open_edpt_pair>
100041ca:	2800      	cmp	r0, #0
100041cc:	d0bd      	beq.n	1000414a <cdcd_open+0x12>
100041ce:	350e      	adds	r5, #14
100041d0:	19ed      	adds	r5, r5, r7
100041d2:	b2ad      	uxth	r5, r5
100041d4:	e7dc      	b.n	10004190 <cdcd_open+0x58>
100041d6:	46c0      	nop			; (mov r8, r8)
100041d8:	20001434 	.word	0x20001434
100041dc:	20001436 	.word	0x20001436

100041e0 <cdcd_control_xfer_cb>:
100041e0:	b5f8      	push	{r3, r4, r5, r6, r7, lr}
100041e2:	2360      	movs	r3, #96	; 0x60
100041e4:	0014      	movs	r4, r2
100041e6:	7812      	ldrb	r2, [r2, #0]
100041e8:	0005      	movs	r5, r0
100041ea:	4013      	ands	r3, r2
100041ec:	2000      	movs	r0, #0
100041ee:	2b20      	cmp	r3, #32
100041f0:	d107      	bne.n	10004202 <cdcd_control_xfer_cb+0x22>
100041f2:	4a30      	ldr	r2, [pc, #192]	; (100042b4 <cdcd_control_xfer_cb+0xd4>)
100041f4:	7963      	ldrb	r3, [r4, #5]
100041f6:	7927      	ldrb	r7, [r4, #4]
100041f8:	7816      	ldrb	r6, [r2, #0]
100041fa:	021b      	lsls	r3, r3, #8
100041fc:	433b      	orrs	r3, r7
100041fe:	429e      	cmp	r6, r3
10004200:	d000      	beq.n	10004204 <cdcd_control_xfer_cb+0x24>
10004202:	bdf8      	pop	{r3, r4, r5, r6, r7, pc}
10004204:	7863      	ldrb	r3, [r4, #1]
10004206:	2b22      	cmp	r3, #34	; 0x22
10004208:	d028      	beq.n	1000425c <cdcd_control_xfer_cb+0x7c>
1000420a:	d807      	bhi.n	1000421c <cdcd_control_xfer_cb+0x3c>
1000420c:	2b20      	cmp	r3, #32
1000420e:	d017      	beq.n	10004240 <cdcd_control_xfer_cb+0x60>
10004210:	2b21      	cmp	r3, #33	; 0x21
10004212:	d1f6      	bne.n	10004202 <cdcd_control_xfer_cb+0x22>
10004214:	2901      	cmp	r1, #1
10004216:	d03e      	beq.n	10004296 <cdcd_control_xfer_cb+0xb6>
10004218:	2001      	movs	r0, #1
1000421a:	e7f2      	b.n	10004202 <cdcd_control_xfer_cb+0x22>
1000421c:	2b23      	cmp	r3, #35	; 0x23
1000421e:	d1f0      	bne.n	10004202 <cdcd_control_xfer_cb+0x22>
10004220:	2901      	cmp	r1, #1
10004222:	d040      	beq.n	100042a6 <cdcd_control_xfer_cb+0xc6>
10004224:	2903      	cmp	r1, #3
10004226:	d1f7      	bne.n	10004218 <cdcd_control_xfer_cb+0x38>
10004228:	4b23      	ldr	r3, [pc, #140]	; (100042b8 <cdcd_control_xfer_cb+0xd8>)
1000422a:	2b00      	cmp	r3, #0
1000422c:	d0f4      	beq.n	10004218 <cdcd_control_xfer_cb+0x38>
1000422e:	78e1      	ldrb	r1, [r4, #3]
10004230:	78a3      	ldrb	r3, [r4, #2]
10004232:	0209      	lsls	r1, r1, #8
10004234:	2000      	movs	r0, #0
10004236:	4319      	orrs	r1, r3
10004238:	e000      	b.n	1000423c <cdcd_control_xfer_cb+0x5c>
1000423a:	bf00      	nop
1000423c:	2001      	movs	r0, #1
1000423e:	e7e0      	b.n	10004202 <cdcd_control_xfer_cb+0x22>
10004240:	2901      	cmp	r1, #1
10004242:	d028      	beq.n	10004296 <cdcd_control_xfer_cb+0xb6>
10004244:	2903      	cmp	r1, #3
10004246:	d1e7      	bne.n	10004218 <cdcd_control_xfer_cb+0x38>
10004248:	4b1c      	ldr	r3, [pc, #112]	; (100042bc <cdcd_control_xfer_cb+0xdc>)
1000424a:	2b00      	cmp	r3, #0
1000424c:	d0e4      	beq.n	10004218 <cdcd_control_xfer_cb+0x38>
1000424e:	3208      	adds	r2, #8
10004250:	2000      	movs	r0, #0
10004252:	0011      	movs	r1, r2
10004254:	f7fe faa8 	bl	100027a8 <tud_cdc_line_coding_cb>
10004258:	2001      	movs	r0, #1
1000425a:	e7d2      	b.n	10004202 <cdcd_control_xfer_cb+0x22>
1000425c:	2901      	cmp	r1, #1
1000425e:	d022      	beq.n	100042a6 <cdcd_control_xfer_cb+0xc6>
10004260:	2903      	cmp	r1, #3
10004262:	d1d9      	bne.n	10004218 <cdcd_control_xfer_cb+0x38>
10004264:	2501      	movs	r5, #1
10004266:	78a1      	ldrb	r1, [r4, #2]
10004268:	78e4      	ldrb	r4, [r4, #3]
1000426a:	002e      	movs	r6, r5
1000426c:	0224      	lsls	r4, r4, #8
1000426e:	430c      	orrs	r4, r1
10004270:	2101      	movs	r1, #1
10004272:	7114      	strb	r4, [r2, #4]
10004274:	4026      	ands	r6, r4
10004276:	3224      	adds	r2, #36	; 0x24
10004278:	0010      	movs	r0, r2
1000427a:	4071      	eors	r1, r6
1000427c:	f000 fde0 	bl	10004e40 <tu_fifo_set_overwritable>
10004280:	4b0f      	ldr	r3, [pc, #60]	; (100042c0 <cdcd_control_xfer_cb+0xe0>)
10004282:	2b00      	cmp	r3, #0
10004284:	d0c8      	beq.n	10004218 <cdcd_control_xfer_cb+0x38>
10004286:	0862      	lsrs	r2, r4, #1
10004288:	2000      	movs	r0, #0
1000428a:	0031      	movs	r1, r6
1000428c:	402a      	ands	r2, r5
1000428e:	e000      	b.n	10004292 <cdcd_control_xfer_cb+0xb2>
10004290:	bf00      	nop
10004292:	2001      	movs	r0, #1
10004294:	e7b5      	b.n	10004202 <cdcd_control_xfer_cb+0x22>
10004296:	2307      	movs	r3, #7
10004298:	0021      	movs	r1, r4
1000429a:	0028      	movs	r0, r5
1000429c:	4a09      	ldr	r2, [pc, #36]	; (100042c4 <cdcd_control_xfer_cb+0xe4>)
1000429e:	f7ff fcdb 	bl	10003c58 <tud_control_xfer>
100042a2:	2001      	movs	r0, #1
100042a4:	e7ad      	b.n	10004202 <cdcd_control_xfer_cb+0x22>
100042a6:	0021      	movs	r1, r4
100042a8:	0028      	movs	r0, r5
100042aa:	f7ff fcbd 	bl	10003c28 <tud_control_status>
100042ae:	2001      	movs	r0, #1
100042b0:	e7a7      	b.n	10004202 <cdcd_control_xfer_cb+0x22>
100042b2:	46c0      	nop			; (mov r8, r8)
100042b4:	20001434 	.word	0x20001434
100042b8:	00000000 	.word	0x00000000
100042bc:	100027a9 	.word	0x100027a9
100042c0:	00000000 	.word	0x00000000
100042c4:	2000143c 	.word	0x2000143c

100042c8 <cdcd_xfer_cb>:
100042c8:	b5f0      	push	{r4, r5, r6, r7, lr}
100042ca:	464f      	mov	r7, r9
100042cc:	4646      	mov	r6, r8
100042ce:	46d6      	mov	lr, sl
100042d0:	b5c0      	push	{r6, r7, lr}
100042d2:	4d35      	ldr	r5, [pc, #212]	; (100043a8 <cdcd_xfer_cb+0xe0>)
100042d4:	4680      	mov	r8, r0
100042d6:	78ea      	ldrb	r2, [r5, #3]
100042d8:	000c      	movs	r4, r1
100042da:	001f      	movs	r7, r3
100042dc:	428a      	cmp	r2, r1
100042de:	d15b      	bne.n	10004398 <cdcd_xfer_cb+0xd0>
100042e0:	b29a      	uxth	r2, r3
100042e2:	2310      	movs	r3, #16
100042e4:	469a      	mov	sl, r3
100042e6:	4e31      	ldr	r6, [pc, #196]	; (100043ac <cdcd_xfer_cb+0xe4>)
100042e8:	44aa      	add	sl, r5
100042ea:	0031      	movs	r1, r6
100042ec:	4650      	mov	r0, sl
100042ee:	f000 fcd3 	bl	10004c98 <tu_fifo_write_n>
100042f2:	4b2f      	ldr	r3, [pc, #188]	; (100043b0 <cdcd_xfer_cb+0xe8>)
100042f4:	2b00      	cmp	r3, #0
100042f6:	d017      	beq.n	10004328 <cdcd_xfer_cb+0x60>
100042f8:	796b      	ldrb	r3, [r5, #5]
100042fa:	2bff      	cmp	r3, #255	; 0xff
100042fc:	d014      	beq.n	10004328 <cdcd_xfer_cb+0x60>
100042fe:	2f00      	cmp	r7, #0
10004300:	d012      	beq.n	10004328 <cdcd_xfer_cb+0x60>
10004302:	19f2      	adds	r2, r6, r7
10004304:	4691      	mov	r9, r2
10004306:	e003      	b.n	10004310 <cdcd_xfer_cb+0x48>
10004308:	3601      	adds	r6, #1
1000430a:	454e      	cmp	r6, r9
1000430c:	d00c      	beq.n	10004328 <cdcd_xfer_cb+0x60>
1000430e:	796b      	ldrb	r3, [r5, #5]
10004310:	7832      	ldrb	r2, [r6, #0]
10004312:	429a      	cmp	r2, r3
10004314:	d1f8      	bne.n	10004308 <cdcd_xfer_cb+0x40>
10004316:	4650      	mov	r0, sl
10004318:	f000 fb96 	bl	10004a48 <tu_fifo_empty>
1000431c:	2800      	cmp	r0, #0
1000431e:	d1f3      	bne.n	10004308 <cdcd_xfer_cb+0x40>
10004320:	7969      	ldrb	r1, [r5, #5]
10004322:	e000      	b.n	10004326 <cdcd_xfer_cb+0x5e>
10004324:	bf00      	nop
10004326:	e7ef      	b.n	10004308 <cdcd_xfer_cb+0x40>
10004328:	4b22      	ldr	r3, [pc, #136]	; (100043b4 <cdcd_xfer_cb+0xec>)
1000432a:	2b00      	cmp	r3, #0
1000432c:	d004      	beq.n	10004338 <cdcd_xfer_cb+0x70>
1000432e:	4822      	ldr	r0, [pc, #136]	; (100043b8 <cdcd_xfer_cb+0xf0>)
10004330:	f000 fb8a 	bl	10004a48 <tu_fifo_empty>
10004334:	2800      	cmp	r0, #0
10004336:	d034      	beq.n	100043a2 <cdcd_xfer_cb+0xda>
10004338:	2000      	movs	r0, #0
1000433a:	f7ff fd81 	bl	10003e40 <_prep_out_transaction.isra.0>
1000433e:	78ab      	ldrb	r3, [r5, #2]
10004340:	42a3      	cmp	r3, r4
10004342:	d006      	beq.n	10004352 <cdcd_xfer_cb+0x8a>
10004344:	2401      	movs	r4, #1
10004346:	0020      	movs	r0, r4
10004348:	bce0      	pop	{r5, r6, r7}
1000434a:	46ba      	mov	sl, r7
1000434c:	46b1      	mov	r9, r6
1000434e:	46a8      	mov	r8, r5
10004350:	bdf0      	pop	{r4, r5, r6, r7, pc}
10004352:	4b1a      	ldr	r3, [pc, #104]	; (100043bc <cdcd_xfer_cb+0xf4>)
10004354:	2b00      	cmp	r3, #0
10004356:	d002      	beq.n	1000435e <cdcd_xfer_cb+0x96>
10004358:	2000      	movs	r0, #0
1000435a:	e000      	b.n	1000435e <cdcd_xfer_cb+0x96>
1000435c:	bf00      	nop
1000435e:	2000      	movs	r0, #0
10004360:	f7ff fe10 	bl	10003f84 <tud_cdc_n_write_flush>
10004364:	2800      	cmp	r0, #0
10004366:	d1ed      	bne.n	10004344 <cdcd_xfer_cb+0x7c>
10004368:	4d15      	ldr	r5, [pc, #84]	; (100043c0 <cdcd_xfer_cb+0xf8>)
1000436a:	0028      	movs	r0, r5
1000436c:	f000 fb56 	bl	10004a1c <tu_fifo_count>
10004370:	2800      	cmp	r0, #0
10004372:	d1e7      	bne.n	10004344 <cdcd_xfer_cb+0x7c>
10004374:	2f00      	cmp	r7, #0
10004376:	d0e5      	beq.n	10004344 <cdcd_xfer_cb+0x7c>
10004378:	06bb      	lsls	r3, r7, #26
1000437a:	d1e3      	bne.n	10004344 <cdcd_xfer_cb+0x7c>
1000437c:	3d24      	subs	r5, #36	; 0x24
1000437e:	4640      	mov	r0, r8
10004380:	78a9      	ldrb	r1, [r5, #2]
10004382:	f7ff fc03 	bl	10003b8c <usbd_edpt_claim>
10004386:	1e04      	subs	r4, r0, #0
10004388:	d0dc      	beq.n	10004344 <cdcd_xfer_cb+0x7c>
1000438a:	2300      	movs	r3, #0
1000438c:	2200      	movs	r2, #0
1000438e:	4640      	mov	r0, r8
10004390:	78a9      	ldrb	r1, [r5, #2]
10004392:	f7ff fc23 	bl	10003bdc <usbd_edpt_xfer>
10004396:	e7d6      	b.n	10004346 <cdcd_xfer_cb+0x7e>
10004398:	78ab      	ldrb	r3, [r5, #2]
1000439a:	428b      	cmp	r3, r1
1000439c:	d0d9      	beq.n	10004352 <cdcd_xfer_cb+0x8a>
1000439e:	2400      	movs	r4, #0
100043a0:	e7d1      	b.n	10004346 <cdcd_xfer_cb+0x7e>
100043a2:	e000      	b.n	100043a6 <cdcd_xfer_cb+0xde>
100043a4:	bf00      	nop
100043a6:	e7c7      	b.n	10004338 <cdcd_xfer_cb+0x70>
100043a8:	20001434 	.word	0x20001434
100043ac:	200013b0 	.word	0x200013b0
	...
100043b8:	20001444 	.word	0x20001444
100043bc:	00000000 	.word	0x00000000
100043c0:	20001458 	.word	0x20001458

100043c4 <vendord_init>:
100043c4:	2293      	movs	r2, #147	; 0x93
100043c6:	b5f0      	push	{r4, r5, r6, r7, lr}
100043c8:	4c13      	ldr	r4, [pc, #76]	; (10004418 <vendord_init+0x54>)
100043ca:	b085      	sub	sp, #20
100043cc:	2100      	movs	r1, #0
100043ce:	0020      	movs	r0, r4
100043d0:	0092      	lsls	r2, r2, #2
100043d2:	f7fd fed1 	bl	10002178 <__wrap_memset>
100043d6:	0023      	movs	r3, r4
100043d8:	0020      	movs	r0, r4
100043da:	2680      	movs	r6, #128	; 0x80
100043dc:	2740      	movs	r7, #64	; 0x40
100043de:	4d0f      	ldr	r5, [pc, #60]	; (1000441c <vendord_init+0x58>)
100043e0:	334d      	adds	r3, #77	; 0x4d
100043e2:	0076      	lsls	r6, r6, #1
100043e4:	33ff      	adds	r3, #255	; 0xff
100043e6:	3029      	adds	r0, #41	; 0x29
100043e8:	9502      	str	r5, [sp, #8]
100043ea:	9300      	str	r3, [sp, #0]
100043ec:	2200      	movs	r2, #0
100043ee:	2300      	movs	r3, #0
100043f0:	2100      	movs	r1, #0
100043f2:	9703      	str	r7, [sp, #12]
100043f4:	9601      	str	r6, [sp, #4]
100043f6:	30ff      	adds	r0, #255	; 0xff
100043f8:	f000 f9d4 	bl	100047a4 <tu_edpt_stream_init>
100043fc:	3540      	adds	r5, #64	; 0x40
100043fe:	1d20      	adds	r0, r4, #4
10004400:	3428      	adds	r4, #40	; 0x28
10004402:	2300      	movs	r3, #0
10004404:	2201      	movs	r2, #1
10004406:	2100      	movs	r1, #0
10004408:	9703      	str	r7, [sp, #12]
1000440a:	9502      	str	r5, [sp, #8]
1000440c:	9601      	str	r6, [sp, #4]
1000440e:	9400      	str	r4, [sp, #0]
10004410:	f000 f9c8 	bl	100047a4 <tu_edpt_stream_init>
10004414:	b005      	add	sp, #20
10004416:	bdf0      	pop	{r4, r5, r6, r7, pc}
10004418:	200016f8 	.word	0x200016f8
1000441c:	20001678 	.word	0x20001678

10004420 <vendord_deinit>:
10004420:	b510      	push	{r4, lr}
10004422:	4c05      	ldr	r4, [pc, #20]	; (10004438 <vendord_deinit+0x18>)
10004424:	0020      	movs	r0, r4
10004426:	f000 f9f3 	bl	10004810 <tu_edpt_stream_deinit>
1000442a:	0020      	movs	r0, r4
1000442c:	3825      	subs	r0, #37	; 0x25
1000442e:	38ff      	subs	r0, #255	; 0xff
10004430:	f000 f9ee 	bl	10004810 <tu_edpt_stream_deinit>
10004434:	2001      	movs	r0, #1
10004436:	bd10      	pop	{r4, pc}
10004438:	20001820 	.word	0x20001820

1000443c <vendord_reset>:
1000443c:	b570      	push	{r4, r5, r6, lr}
1000443e:	4c08      	ldr	r4, [pc, #32]	; (10004460 <vendord_reset+0x24>)
10004440:	2500      	movs	r5, #0
10004442:	0020      	movs	r0, r4
10004444:	3031      	adds	r0, #49	; 0x31
10004446:	7025      	strb	r5, [r4, #0]
10004448:	30ff      	adds	r0, #255	; 0xff
1000444a:	f000 fcd9 	bl	10004e00 <tu_fifo_clear>
1000444e:	0020      	movs	r0, r4
10004450:	300c      	adds	r0, #12
10004452:	f000 fcd5 	bl	10004e00 <tu_fifo_clear>
10004456:	232a      	movs	r3, #42	; 0x2a
10004458:	33ff      	adds	r3, #255	; 0xff
1000445a:	54e5      	strb	r5, [r4, r3]
1000445c:	7165      	strb	r5, [r4, #5]
1000445e:	bd70      	pop	{r4, r5, r6, pc}
10004460:	200016f8 	.word	0x200016f8

10004464 <vendord_open>:
10004464:	b5f8      	push	{r3, r4, r5, r6, r7, lr}
10004466:	464e      	mov	r6, r9
10004468:	4645      	mov	r5, r8
1000446a:	46de      	mov	lr, fp
1000446c:	4657      	mov	r7, sl
1000446e:	b5e0      	push	{r5, r6, r7, lr}
10004470:	794b      	ldrb	r3, [r1, #5]
10004472:	4681      	mov	r9, r0
10004474:	4688      	mov	r8, r1
10004476:	2bff      	cmp	r3, #255	; 0xff
10004478:	d125      	bne.n	100044c6 <vendord_open+0x62>
1000447a:	232a      	movs	r3, #42	; 0x2a
1000447c:	4f41      	ldr	r7, [pc, #260]	; (10004584 <vendord_open+0x120>)
1000447e:	33ff      	adds	r3, #255	; 0xff
10004480:	780c      	ldrb	r4, [r1, #0]
10004482:	5cfe      	ldrb	r6, [r7, r3]
10004484:	797b      	ldrb	r3, [r7, #5]
10004486:	4444      	add	r4, r8
10004488:	18a5      	adds	r5, r4, r2
1000448a:	431e      	orrs	r6, r3
1000448c:	d11b      	bne.n	100044c6 <vendord_open+0x62>
1000448e:	2298      	movs	r2, #152	; 0x98
10004490:	0052      	lsls	r2, r2, #1
10004492:	4692      	mov	sl, r2
10004494:	3a25      	subs	r2, #37	; 0x25
10004496:	3aff      	subs	r2, #255	; 0xff
10004498:	4693      	mov	fp, r2
1000449a:	788b      	ldrb	r3, [r1, #2]
1000449c:	44ba      	add	sl, r7
1000449e:	703b      	strb	r3, [r7, #0]
100044a0:	790b      	ldrb	r3, [r1, #4]
100044a2:	44bb      	add	fp, r7
100044a4:	2b00      	cmp	r3, #0
100044a6:	d00a      	beq.n	100044be <vendord_open+0x5a>
100044a8:	7863      	ldrb	r3, [r4, #1]
100044aa:	2b05      	cmp	r3, #5
100044ac:	d105      	bne.n	100044ba <vendord_open+0x56>
100044ae:	e011      	b.n	100044d4 <vendord_open+0x70>
100044b0:	7823      	ldrb	r3, [r4, #0]
100044b2:	18e4      	adds	r4, r4, r3
100044b4:	7863      	ldrb	r3, [r4, #1]
100044b6:	2b05      	cmp	r3, #5
100044b8:	d00c      	beq.n	100044d4 <vendord_open+0x70>
100044ba:	42a5      	cmp	r5, r4
100044bc:	d8f8      	bhi.n	100044b0 <vendord_open+0x4c>
100044be:	4643      	mov	r3, r8
100044c0:	1ae0      	subs	r0, r4, r3
100044c2:	b280      	uxth	r0, r0
100044c4:	e000      	b.n	100044c8 <vendord_open+0x64>
100044c6:	2000      	movs	r0, #0
100044c8:	bcf0      	pop	{r4, r5, r6, r7}
100044ca:	46bb      	mov	fp, r7
100044cc:	46b2      	mov	sl, r6
100044ce:	46a9      	mov	r9, r5
100044d0:	46a0      	mov	r8, r4
100044d2:	bdf8      	pop	{r3, r4, r5, r6, r7, pc}
100044d4:	42a5      	cmp	r5, r4
100044d6:	d9f2      	bls.n	100044be <vendord_open+0x5a>
100044d8:	0021      	movs	r1, r4
100044da:	4648      	mov	r0, r9
100044dc:	f7ff fb3c 	bl	10003b58 <usbd_edpt_open>
100044e0:	2800      	cmp	r0, #0
100044e2:	d0f0      	beq.n	100044c6 <vendord_open+0x62>
100044e4:	78a3      	ldrb	r3, [r4, #2]
100044e6:	3601      	adds	r6, #1
100044e8:	b2f6      	uxtb	r6, r6
100044ea:	09db      	lsrs	r3, r3, #7
100044ec:	2b01      	cmp	r3, #1
100044ee:	d02a      	beq.n	10004546 <vendord_open+0xe2>
100044f0:	4650      	mov	r0, sl
100044f2:	f000 fc85 	bl	10004e00 <tu_fifo_clear>
100044f6:	232a      	movs	r3, #42	; 0x2a
100044f8:	78a2      	ldrb	r2, [r4, #2]
100044fa:	33ff      	adds	r3, #255	; 0xff
100044fc:	54fa      	strb	r2, [r7, r3]
100044fe:	4a22      	ldr	r2, [pc, #136]	; (10004588 <vendord_open+0x124>)
10004500:	7963      	ldrb	r3, [r4, #5]
10004502:	4694      	mov	ip, r2
10004504:	7921      	ldrb	r1, [r4, #4]
10004506:	021b      	lsls	r3, r3, #8
10004508:	430b      	orrs	r3, r1
1000450a:	055b      	lsls	r3, r3, #21
1000450c:	2194      	movs	r1, #148	; 0x94
1000450e:	0d5b      	lsrs	r3, r3, #21
10004510:	4463      	add	r3, ip
10004512:	425a      	negs	r2, r3
10004514:	4153      	adcs	r3, r2
10004516:	2002      	movs	r0, #2
10004518:	0049      	lsls	r1, r1, #1
1000451a:	5c7a      	ldrb	r2, [r7, r1]
1000451c:	005b      	lsls	r3, r3, #1
1000451e:	4382      	bics	r2, r0
10004520:	4313      	orrs	r3, r2
10004522:	547b      	strb	r3, [r7, r1]
10004524:	4651      	mov	r1, sl
10004526:	4648      	mov	r0, r9
10004528:	3908      	subs	r1, #8
1000452a:	f000 f9d1 	bl	100048d0 <tu_edpt_stream_read_xfer>
1000452e:	2800      	cmp	r0, #0
10004530:	d0c9      	beq.n	100044c6 <vendord_open+0x62>
10004532:	7823      	ldrb	r3, [r4, #0]
10004534:	18e4      	adds	r4, r4, r3
10004536:	4643      	mov	r3, r8
10004538:	791b      	ldrb	r3, [r3, #4]
1000453a:	42b3      	cmp	r3, r6
1000453c:	d8b4      	bhi.n	100044a8 <vendord_open+0x44>
1000453e:	4643      	mov	r3, r8
10004540:	1ae0      	subs	r0, r4, r3
10004542:	b280      	uxth	r0, r0
10004544:	e7c0      	b.n	100044c8 <vendord_open+0x64>
10004546:	4658      	mov	r0, fp
10004548:	f000 fc5a 	bl	10004e00 <tu_fifo_clear>
1000454c:	465a      	mov	r2, fp
1000454e:	490e      	ldr	r1, [pc, #56]	; (10004588 <vendord_open+0x124>)
10004550:	78a3      	ldrb	r3, [r4, #2]
10004552:	468c      	mov	ip, r1
10004554:	3a0c      	subs	r2, #12
10004556:	7153      	strb	r3, [r2, #5]
10004558:	7963      	ldrb	r3, [r4, #5]
1000455a:	7920      	ldrb	r0, [r4, #4]
1000455c:	021b      	lsls	r3, r3, #8
1000455e:	4303      	orrs	r3, r0
10004560:	055b      	lsls	r3, r3, #21
10004562:	0d5b      	lsrs	r3, r3, #21
10004564:	4463      	add	r3, ip
10004566:	4259      	negs	r1, r3
10004568:	414b      	adcs	r3, r1
1000456a:	2002      	movs	r0, #2
1000456c:	7911      	ldrb	r1, [r2, #4]
1000456e:	005b      	lsls	r3, r3, #1
10004570:	4381      	bics	r1, r0
10004572:	430b      	orrs	r3, r1
10004574:	4659      	mov	r1, fp
10004576:	7113      	strb	r3, [r2, #4]
10004578:	3908      	subs	r1, #8
1000457a:	2000      	movs	r0, #0
1000457c:	f000 f976 	bl	1000486c <tu_edpt_stream_write_xfer>
10004580:	e7d7      	b.n	10004532 <vendord_open+0xce>
10004582:	46c0      	nop			; (mov r8, r8)
10004584:	200016f8 	.word	0x200016f8
10004588:	fffffe00 	.word	0xfffffe00

1000458c <vendord_xfer_cb>:
1000458c:	b5f8      	push	{r3, r4, r5, r6, r7, lr}
1000458e:	252a      	movs	r5, #42	; 0x2a
10004590:	4c1f      	ldr	r4, [pc, #124]	; (10004610 <vendord_xfer_cb+0x84>)
10004592:	35ff      	adds	r5, #255	; 0xff
10004594:	5d65      	ldrb	r5, [r4, r5]
10004596:	0006      	movs	r6, r0
10004598:	001f      	movs	r7, r3
1000459a:	428d      	cmp	r5, r1
1000459c:	d11d      	bne.n	100045da <vendord_xfer_cb+0x4e>
1000459e:	239a      	movs	r3, #154	; 0x9a
100045a0:	005b      	lsls	r3, r3, #1
100045a2:	5ae3      	ldrh	r3, [r4, r3]
100045a4:	2b00      	cmp	r3, #0
100045a6:	d10e      	bne.n	100045c6 <vendord_xfer_cb+0x3a>
100045a8:	4b1a      	ldr	r3, [pc, #104]	; (10004614 <vendord_xfer_cb+0x88>)
100045aa:	2b00      	cmp	r3, #0
100045ac:	d004      	beq.n	100045b8 <vendord_xfer_cb+0x2c>
100045ae:	2000      	movs	r0, #0
100045b0:	4919      	ldr	r1, [pc, #100]	; (10004618 <vendord_xfer_cb+0x8c>)
100045b2:	b2ba      	uxth	r2, r7
100045b4:	e000      	b.n	100045b8 <vendord_xfer_cb+0x2c>
100045b6:	bf00      	nop
100045b8:	0030      	movs	r0, r6
100045ba:	4918      	ldr	r1, [pc, #96]	; (1000461c <vendord_xfer_cb+0x90>)
100045bc:	f000 f988 	bl	100048d0 <tu_edpt_stream_read_xfer>
100045c0:	2401      	movs	r4, #1
100045c2:	0020      	movs	r0, r4
100045c4:	bdf8      	pop	{r3, r4, r5, r6, r7, pc}
100045c6:	0020      	movs	r0, r4
100045c8:	2396      	movs	r3, #150	; 0x96
100045ca:	3031      	adds	r0, #49	; 0x31
100045cc:	005b      	lsls	r3, r3, #1
100045ce:	58e1      	ldr	r1, [r4, r3]
100045d0:	b2ba      	uxth	r2, r7
100045d2:	30ff      	adds	r0, #255	; 0xff
100045d4:	f000 fb60 	bl	10004c98 <tu_fifo_write_n>
100045d8:	e7e6      	b.n	100045a8 <vendord_xfer_cb+0x1c>
100045da:	7963      	ldrb	r3, [r4, #5]
100045dc:	428b      	cmp	r3, r1
100045de:	d001      	beq.n	100045e4 <vendord_xfer_cb+0x58>
100045e0:	2400      	movs	r4, #0
100045e2:	e7ee      	b.n	100045c2 <vendord_xfer_cb+0x36>
100045e4:	4b0e      	ldr	r3, [pc, #56]	; (10004620 <vendord_xfer_cb+0x94>)
100045e6:	2b00      	cmp	r3, #0
100045e8:	d004      	beq.n	100045f4 <vendord_xfer_cb+0x68>
100045ea:	0439      	lsls	r1, r7, #16
100045ec:	2000      	movs	r0, #0
100045ee:	0c09      	lsrs	r1, r1, #16
100045f0:	e000      	b.n	100045f4 <vendord_xfer_cb+0x68>
100045f2:	bf00      	nop
100045f4:	4d0b      	ldr	r5, [pc, #44]	; (10004624 <vendord_xfer_cb+0x98>)
100045f6:	0030      	movs	r0, r6
100045f8:	0029      	movs	r1, r5
100045fa:	f000 f937 	bl	1000486c <tu_edpt_stream_write_xfer>
100045fe:	2401      	movs	r4, #1
10004600:	2800      	cmp	r0, #0
10004602:	d1de      	bne.n	100045c2 <vendord_xfer_cb+0x36>
10004604:	003a      	movs	r2, r7
10004606:	0029      	movs	r1, r5
10004608:	0030      	movs	r0, r6
1000460a:	f000 f903 	bl	10004814 <tu_edpt_stream_write_zlp_if_needed>
1000460e:	e7d8      	b.n	100045c2 <vendord_xfer_cb+0x36>
10004610:	200016f8 	.word	0x200016f8
10004614:	00000000 	.word	0x00000000
10004618:	20001678 	.word	0x20001678
1000461c:	20001820 	.word	0x20001820
10004620:	00000000 	.word	0x00000000
10004624:	200016fc 	.word	0x200016fc

10004628 <tusb_rhport_init>:
10004628:	b500      	push	{lr}
1000462a:	0003      	movs	r3, r0
1000462c:	b083      	sub	sp, #12
1000462e:	2900      	cmp	r1, #0
10004630:	d010      	beq.n	10004654 <tusb_rhport_init+0x2c>
10004632:	2000      	movs	r0, #0
10004634:	2b01      	cmp	r3, #1
10004636:	d807      	bhi.n	10004648 <tusb_rhport_init+0x20>
10004638:	780a      	ldrb	r2, [r1, #0]
1000463a:	2a00      	cmp	r2, #0
1000463c:	d004      	beq.n	10004648 <tusb_rhport_init+0x20>
1000463e:	480b      	ldr	r0, [pc, #44]	; (1000466c <tusb_rhport_init+0x44>)
10004640:	54c2      	strb	r2, [r0, r3]
10004642:	2001      	movs	r0, #1
10004644:	2a01      	cmp	r2, #1
10004646:	d001      	beq.n	1000464c <tusb_rhport_init+0x24>
10004648:	b003      	add	sp, #12
1000464a:	bd00      	pop	{pc}
1000464c:	0018      	movs	r0, r3
1000464e:	f7fe fdbb 	bl	100031c8 <tud_rhport_init>
10004652:	e7f9      	b.n	10004648 <tusb_rhport_init+0x20>
10004654:	2301      	movs	r3, #1
10004656:	a901      	add	r1, sp, #4
10004658:	2000      	movs	r0, #0
1000465a:	800b      	strh	r3, [r1, #0]
1000465c:	f7fe fdb4 	bl	100031c8 <tud_rhport_init>
10004660:	2800      	cmp	r0, #0
10004662:	d0f1      	beq.n	10004648 <tusb_rhport_init+0x20>
10004664:	2201      	movs	r2, #1
10004666:	4b01      	ldr	r3, [pc, #4]	; (1000466c <tusb_rhport_init+0x44>)
10004668:	701a      	strb	r2, [r3, #0]
1000466a:	e7ed      	b.n	10004648 <tusb_rhport_init+0x20>
1000466c:	20001550 	.word	0x20001550

10004670 <tu_edpt_claim>:
10004670:	7803      	ldrb	r3, [r0, #0]
10004672:	b570      	push	{r4, r5, r6, lr}
10004674:	07db      	lsls	r3, r3, #31
10004676:	0004      	movs	r4, r0
10004678:	000e      	movs	r6, r1
1000467a:	0fdd      	lsrs	r5, r3, #31
1000467c:	2b00      	cmp	r3, #0
1000467e:	d117      	bne.n	100046b0 <tu_edpt_claim+0x40>
10004680:	7803      	ldrb	r3, [r0, #0]
10004682:	075b      	lsls	r3, r3, #29
10004684:	d501      	bpl.n	1000468a <tu_edpt_claim+0x1a>
10004686:	0028      	movs	r0, r5
10004688:	bd70      	pop	{r4, r5, r6, pc}
1000468a:	2101      	movs	r1, #1
1000468c:	0030      	movs	r0, r6
1000468e:	4249      	negs	r1, r1
10004690:	f000 fc52 	bl	10004f38 <__mutex_enter_timeout_ms_veneer>
10004694:	7823      	ldrb	r3, [r4, #0]
10004696:	07db      	lsls	r3, r3, #31
10004698:	0fdd      	lsrs	r5, r3, #31
1000469a:	2b00      	cmp	r3, #0
1000469c:	d10a      	bne.n	100046b4 <tu_edpt_claim+0x44>
1000469e:	7823      	ldrb	r3, [r4, #0]
100046a0:	075b      	lsls	r3, r3, #29
100046a2:	d408      	bmi.n	100046b6 <tu_edpt_claim+0x46>
100046a4:	2204      	movs	r2, #4
100046a6:	7823      	ldrb	r3, [r4, #0]
100046a8:	2501      	movs	r5, #1
100046aa:	4313      	orrs	r3, r2
100046ac:	7023      	strb	r3, [r4, #0]
100046ae:	e002      	b.n	100046b6 <tu_edpt_claim+0x46>
100046b0:	2500      	movs	r5, #0
100046b2:	e7e8      	b.n	10004686 <tu_edpt_claim+0x16>
100046b4:	2500      	movs	r5, #0
100046b6:	0030      	movs	r0, r6
100046b8:	f000 fc26 	bl	10004f08 <__mutex_exit_veneer>
100046bc:	e7e3      	b.n	10004686 <tu_edpt_claim+0x16>
100046be:	46c0      	nop			; (mov r8, r8)

100046c0 <tu_edpt_release>:
100046c0:	b570      	push	{r4, r5, r6, lr}
100046c2:	000d      	movs	r5, r1
100046c4:	2101      	movs	r1, #1
100046c6:	0004      	movs	r4, r0
100046c8:	4249      	negs	r1, r1
100046ca:	0028      	movs	r0, r5
100046cc:	f000 fc34 	bl	10004f38 <__mutex_enter_timeout_ms_veneer>
100046d0:	7823      	ldrb	r3, [r4, #0]
100046d2:	075b      	lsls	r3, r3, #29
100046d4:	0fde      	lsrs	r6, r3, #31
100046d6:	2b00      	cmp	r3, #0
100046d8:	db04      	blt.n	100046e4 <tu_edpt_release+0x24>
100046da:	0028      	movs	r0, r5
100046dc:	f000 fc14 	bl	10004f08 <__mutex_exit_veneer>
100046e0:	0030      	movs	r0, r6
100046e2:	bd70      	pop	{r4, r5, r6, pc}
100046e4:	7823      	ldrb	r3, [r4, #0]
100046e6:	07db      	lsls	r3, r3, #31
100046e8:	d404      	bmi.n	100046f4 <tu_edpt_release+0x34>
100046ea:	2204      	movs	r2, #4
100046ec:	7823      	ldrb	r3, [r4, #0]
100046ee:	4393      	bics	r3, r2
100046f0:	7023      	strb	r3, [r4, #0]
100046f2:	e7f2      	b.n	100046da <tu_edpt_release+0x1a>
100046f4:	2600      	movs	r6, #0
100046f6:	e7f0      	b.n	100046da <tu_edpt_release+0x1a>

100046f8 <tu_edpt_validate>:
100046f8:	b510      	push	{r4, lr}
100046fa:	7943      	ldrb	r3, [r0, #5]
100046fc:	7904      	ldrb	r4, [r0, #4]
100046fe:	021b      	lsls	r3, r3, #8
10004700:	4323      	orrs	r3, r4
10004702:	055b      	lsls	r3, r3, #21
10004704:	0d5a      	lsrs	r2, r3, #21
10004706:	78c3      	ldrb	r3, [r0, #3]
10004708:	079b      	lsls	r3, r3, #30
1000470a:	0f9b      	lsrs	r3, r3, #30
1000470c:	2b02      	cmp	r3, #2
1000470e:	d005      	beq.n	1000471c <tu_edpt_validate+0x24>
10004710:	2b03      	cmp	r3, #3
10004712:	d015      	beq.n	10004740 <tu_edpt_validate+0x48>
10004714:	2000      	movs	r0, #0
10004716:	2b01      	cmp	r3, #1
10004718:	d008      	beq.n	1000472c <tu_edpt_validate+0x34>
1000471a:	bd10      	pop	{r4, pc}
1000471c:	2902      	cmp	r1, #2
1000471e:	d01c      	beq.n	1000475a <tu_edpt_validate+0x62>
10004720:	2000      	movs	r0, #0
10004722:	2340      	movs	r3, #64	; 0x40
10004724:	4293      	cmp	r3, r2
10004726:	4140      	adcs	r0, r0
10004728:	b2c0      	uxtb	r0, r0
1000472a:	e7f6      	b.n	1000471a <tu_edpt_validate+0x22>
1000472c:	3902      	subs	r1, #2
1000472e:	424b      	negs	r3, r1
10004730:	4159      	adcs	r1, r3
10004732:	4b0d      	ldr	r3, [pc, #52]	; (10004768 <tu_edpt_validate+0x70>)
10004734:	469c      	mov	ip, r3
10004736:	4461      	add	r1, ip
10004738:	4291      	cmp	r1, r2
1000473a:	4140      	adcs	r0, r0
1000473c:	b2c0      	uxtb	r0, r0
1000473e:	e7ec      	b.n	1000471a <tu_edpt_validate+0x22>
10004740:	3902      	subs	r1, #2
10004742:	424b      	negs	r3, r1
10004744:	4159      	adcs	r1, r3
10004746:	23f0      	movs	r3, #240	; 0xf0
10004748:	2000      	movs	r0, #0
1000474a:	4249      	negs	r1, r1
1000474c:	009b      	lsls	r3, r3, #2
1000474e:	4019      	ands	r1, r3
10004750:	3140      	adds	r1, #64	; 0x40
10004752:	4291      	cmp	r1, r2
10004754:	4140      	adcs	r0, r0
10004756:	b2c0      	uxtb	r0, r0
10004758:	e7df      	b.n	1000471a <tu_edpt_validate+0x22>
1000475a:	4b04      	ldr	r3, [pc, #16]	; (1000476c <tu_edpt_validate+0x74>)
1000475c:	18d3      	adds	r3, r2, r3
1000475e:	425a      	negs	r2, r3
10004760:	4153      	adcs	r3, r2
10004762:	b2d8      	uxtb	r0, r3
10004764:	e7d9      	b.n	1000471a <tu_edpt_validate+0x22>
10004766:	46c0      	nop			; (mov r8, r8)
10004768:	000003ff 	.word	0x000003ff
1000476c:	fffffe00 	.word	0xfffffe00

10004770 <tu_edpt_bind_driver>:
10004770:	188a      	adds	r2, r1, r2
10004772:	b570      	push	{r4, r5, r6, lr}
10004774:	4291      	cmp	r1, r2
10004776:	d207      	bcs.n	10004788 <tu_edpt_bind_driver+0x18>
10004778:	267f      	movs	r6, #127	; 0x7f
1000477a:	784c      	ldrb	r4, [r1, #1]
1000477c:	2c05      	cmp	r4, #5
1000477e:	d004      	beq.n	1000478a <tu_edpt_bind_driver+0x1a>
10004780:	780c      	ldrb	r4, [r1, #0]
10004782:	1909      	adds	r1, r1, r4
10004784:	428a      	cmp	r2, r1
10004786:	d8f8      	bhi.n	1000477a <tu_edpt_bind_driver+0xa>
10004788:	bd70      	pop	{r4, r5, r6, pc}
1000478a:	0034      	movs	r4, r6
1000478c:	788d      	ldrb	r5, [r1, #2]
1000478e:	402c      	ands	r4, r5
10004790:	0064      	lsls	r4, r4, #1
10004792:	1904      	adds	r4, r0, r4
10004794:	09ed      	lsrs	r5, r5, #7
10004796:	5563      	strb	r3, [r4, r5]
10004798:	780c      	ldrb	r4, [r1, #0]
1000479a:	1909      	adds	r1, r1, r4
1000479c:	428a      	cmp	r2, r1
1000479e:	d8ec      	bhi.n	1000477a <tu_edpt_bind_driver+0xa>
100047a0:	e7f2      	b.n	10004788 <tu_edpt_bind_driver+0x18>
100047a2:	46c0      	nop			; (mov r8, r8)

100047a4 <tu_edpt_stream_init>:
100047a4:	b5f0      	push	{r4, r5, r6, r7, lr}
100047a6:	46c6      	mov	lr, r8
100047a8:	b500      	push	{lr}
100047aa:	b082      	sub	sp, #8
100047ac:	0015      	movs	r5, r2
100047ae:	aa08      	add	r2, sp, #32
100047b0:	ca40      	ldmia	r2!, {r6}
100047b2:	0004      	movs	r4, r0
100047b4:	8817      	ldrh	r7, [r2, #0]
100047b6:	aa0b      	add	r2, sp, #44	; 0x2c
100047b8:	8812      	ldrh	r2, [r2, #0]
100047ba:	2001      	movs	r0, #1
100047bc:	4690      	mov	r8, r2
100047be:	000a      	movs	r2, r1
100047c0:	7821      	ldrb	r1, [r4, #0]
100047c2:	4002      	ands	r2, r0
100047c4:	4381      	bics	r1, r0
100047c6:	0020      	movs	r0, r4
100047c8:	4311      	orrs	r1, r2
100047ca:	7021      	strb	r1, [r4, #0]
100047cc:	9300      	str	r3, [sp, #0]
100047ce:	003a      	movs	r2, r7
100047d0:	2301      	movs	r3, #1
100047d2:	0031      	movs	r1, r6
100047d4:	3008      	adds	r0, #8
100047d6:	f000 f8e9 	bl	100049ac <tu_fifo_config>
100047da:	2e00      	cmp	r6, #0
100047dc:	d001      	beq.n	100047e2 <tu_edpt_stream_init+0x3e>
100047de:	2f00      	cmp	r7, #0
100047e0:	d108      	bne.n	100047f4 <tu_edpt_stream_init+0x50>
100047e2:	9b0a      	ldr	r3, [sp, #40]	; 0x28
100047e4:	2001      	movs	r0, #1
100047e6:	6063      	str	r3, [r4, #4]
100047e8:	4643      	mov	r3, r8
100047ea:	8063      	strh	r3, [r4, #2]
100047ec:	b002      	add	sp, #8
100047ee:	bc80      	pop	{r7}
100047f0:	46b8      	mov	r8, r7
100047f2:	bdf0      	pop	{r4, r5, r6, r7, pc}
100047f4:	0026      	movs	r6, r4
100047f6:	361c      	adds	r6, #28
100047f8:	0030      	movs	r0, r6
100047fa:	f7fc fb27 	bl	10000e4c <mutex_init>
100047fe:	2300      	movs	r3, #0
10004800:	2d00      	cmp	r5, #0
10004802:	d001      	beq.n	10004808 <tu_edpt_stream_init+0x64>
10004804:	0033      	movs	r3, r6
10004806:	2600      	movs	r6, #0
10004808:	6163      	str	r3, [r4, #20]
1000480a:	61a6      	str	r6, [r4, #24]
1000480c:	e7e9      	b.n	100047e2 <tu_edpt_stream_init+0x3e>
1000480e:	46c0      	nop			; (mov r8, r8)

10004810 <tu_edpt_stream_deinit>:
10004810:	2001      	movs	r0, #1
10004812:	4770      	bx	lr

10004814 <tu_edpt_stream_write_zlp_if_needed>:
10004814:	b5f8      	push	{r3, r4, r5, r6, r7, lr}
10004816:	23e0      	movs	r3, #224	; 0xe0
10004818:	0007      	movs	r7, r0
1000481a:	0008      	movs	r0, r1
1000481c:	780c      	ldrb	r4, [r1, #0]
1000481e:	005b      	lsls	r3, r3, #1
10004820:	07a4      	lsls	r4, r4, #30
10004822:	17e4      	asrs	r4, r4, #31
10004824:	401c      	ands	r4, r3
10004826:	3008      	adds	r0, #8
10004828:	000d      	movs	r5, r1
1000482a:	0016      	movs	r6, r2
1000482c:	343f      	adds	r4, #63	; 0x3f
1000482e:	f000 f8f5 	bl	10004a1c <tu_fifo_count>
10004832:	2800      	cmp	r0, #0
10004834:	d107      	bne.n	10004846 <tu_edpt_stream_write_zlp_if_needed+0x32>
10004836:	2e00      	cmp	r6, #0
10004838:	d005      	beq.n	10004846 <tu_edpt_stream_write_zlp_if_needed+0x32>
1000483a:	4234      	tst	r4, r6
1000483c:	d103      	bne.n	10004846 <tu_edpt_stream_write_zlp_if_needed+0x32>
1000483e:	2401      	movs	r4, #1
10004840:	782b      	ldrb	r3, [r5, #0]
10004842:	421c      	tst	r4, r3
10004844:	d001      	beq.n	1000484a <tu_edpt_stream_write_zlp_if_needed+0x36>
10004846:	2000      	movs	r0, #0
10004848:	bdf8      	pop	{r3, r4, r5, r6, r7, pc}
1000484a:	0038      	movs	r0, r7
1000484c:	7869      	ldrb	r1, [r5, #1]
1000484e:	f7ff f99d 	bl	10003b8c <usbd_edpt_claim>
10004852:	2800      	cmp	r0, #0
10004854:	d0f7      	beq.n	10004846 <tu_edpt_stream_write_zlp_if_needed+0x32>
10004856:	782b      	ldrb	r3, [r5, #0]
10004858:	421c      	tst	r4, r3
1000485a:	d1f4      	bne.n	10004846 <tu_edpt_stream_write_zlp_if_needed+0x32>
1000485c:	2300      	movs	r3, #0
1000485e:	2200      	movs	r2, #0
10004860:	0038      	movs	r0, r7
10004862:	7869      	ldrb	r1, [r5, #1]
10004864:	f7ff f9ba 	bl	10003bdc <usbd_edpt_xfer>
10004868:	e7ee      	b.n	10004848 <tu_edpt_stream_write_zlp_if_needed+0x34>
1000486a:	46c0      	nop			; (mov r8, r8)

1000486c <tu_edpt_stream_write_xfer>:
1000486c:	b5f8      	push	{r3, r4, r5, r6, r7, lr}
1000486e:	000d      	movs	r5, r1
10004870:	3508      	adds	r5, #8
10004872:	0006      	movs	r6, r0
10004874:	0028      	movs	r0, r5
10004876:	000c      	movs	r4, r1
10004878:	f000 f8d0 	bl	10004a1c <tu_fifo_count>
1000487c:	2800      	cmp	r0, #0
1000487e:	d003      	beq.n	10004888 <tu_edpt_stream_write_xfer+0x1c>
10004880:	2701      	movs	r7, #1
10004882:	7823      	ldrb	r3, [r4, #0]
10004884:	421f      	tst	r7, r3
10004886:	d001      	beq.n	1000488c <tu_edpt_stream_write_xfer+0x20>
10004888:	2000      	movs	r0, #0
1000488a:	bdf8      	pop	{r3, r4, r5, r6, r7, pc}
1000488c:	0030      	movs	r0, r6
1000488e:	7861      	ldrb	r1, [r4, #1]
10004890:	f7ff f97c 	bl	10003b8c <usbd_edpt_claim>
10004894:	2800      	cmp	r0, #0
10004896:	d0f7      	beq.n	10004888 <tu_edpt_stream_write_xfer+0x1c>
10004898:	0028      	movs	r0, r5
1000489a:	8862      	ldrh	r2, [r4, #2]
1000489c:	6861      	ldr	r1, [r4, #4]
1000489e:	f000 f941 	bl	10004b24 <tu_fifo_read_n>
100048a2:	7823      	ldrb	r3, [r4, #0]
100048a4:	1e05      	subs	r5, r0, #0
100048a6:	d00b      	beq.n	100048c0 <tu_edpt_stream_write_xfer+0x54>
100048a8:	421f      	tst	r7, r3
100048aa:	d1ed      	bne.n	10004888 <tu_edpt_stream_write_xfer+0x1c>
100048ac:	0003      	movs	r3, r0
100048ae:	6862      	ldr	r2, [r4, #4]
100048b0:	0030      	movs	r0, r6
100048b2:	7861      	ldrb	r1, [r4, #1]
100048b4:	f7ff f992 	bl	10003bdc <usbd_edpt_xfer>
100048b8:	2800      	cmp	r0, #0
100048ba:	d0e5      	beq.n	10004888 <tu_edpt_stream_write_xfer+0x1c>
100048bc:	0028      	movs	r0, r5
100048be:	e7e4      	b.n	1000488a <tu_edpt_stream_write_xfer+0x1e>
100048c0:	421f      	tst	r7, r3
100048c2:	d1e1      	bne.n	10004888 <tu_edpt_stream_write_xfer+0x1c>
100048c4:	0030      	movs	r0, r6
100048c6:	7861      	ldrb	r1, [r4, #1]
100048c8:	f7ff f974 	bl	10003bb4 <usbd_edpt_release>
100048cc:	e7dc      	b.n	10004888 <tu_edpt_stream_write_xfer+0x1c>
100048ce:	46c0      	nop			; (mov r8, r8)

100048d0 <tu_edpt_stream_read_xfer>:
100048d0:	b5f8      	push	{r3, r4, r5, r6, r7, lr}
100048d2:	46ce      	mov	lr, r9
100048d4:	4647      	mov	r7, r8
100048d6:	b580      	push	{r7, lr}
100048d8:	898b      	ldrh	r3, [r1, #12]
100048da:	0006      	movs	r6, r0
100048dc:	000c      	movs	r4, r1
100048de:	2b00      	cmp	r3, #0
100048e0:	d108      	bne.n	100048f4 <tu_edpt_stream_read_xfer+0x24>
100048e2:	2501      	movs	r5, #1
100048e4:	780b      	ldrb	r3, [r1, #0]
100048e6:	421d      	tst	r5, r3
100048e8:	d041      	beq.n	1000496e <tu_edpt_stream_read_xfer+0x9e>
100048ea:	2000      	movs	r0, #0
100048ec:	bcc0      	pop	{r6, r7}
100048ee:	46b9      	mov	r9, r7
100048f0:	46b0      	mov	r8, r6
100048f2:	bdf8      	pop	{r3, r4, r5, r6, r7, pc}
100048f4:	780b      	ldrb	r3, [r1, #0]
100048f6:	079b      	lsls	r3, r3, #30
100048f8:	d434      	bmi.n	10004964 <tu_edpt_stream_read_xfer+0x94>
100048fa:	2340      	movs	r3, #64	; 0x40
100048fc:	425b      	negs	r3, r3
100048fe:	4699      	mov	r9, r3
10004900:	2540      	movs	r5, #64	; 0x40
10004902:	0027      	movs	r7, r4
10004904:	3708      	adds	r7, #8
10004906:	0038      	movs	r0, r7
10004908:	f000 f8a6 	bl	10004a58 <tu_fifo_remaining>
1000490c:	42a8      	cmp	r0, r5
1000490e:	d3ec      	bcc.n	100048ea <tu_edpt_stream_read_xfer+0x1a>
10004910:	2201      	movs	r2, #1
10004912:	7823      	ldrb	r3, [r4, #0]
10004914:	4690      	mov	r8, r2
10004916:	421a      	tst	r2, r3
10004918:	d1e7      	bne.n	100048ea <tu_edpt_stream_read_xfer+0x1a>
1000491a:	0030      	movs	r0, r6
1000491c:	7861      	ldrb	r1, [r4, #1]
1000491e:	f7ff f935 	bl	10003b8c <usbd_edpt_claim>
10004922:	2800      	cmp	r0, #0
10004924:	d0e1      	beq.n	100048ea <tu_edpt_stream_read_xfer+0x1a>
10004926:	0038      	movs	r0, r7
10004928:	f000 f896 	bl	10004a58 <tu_fifo_remaining>
1000492c:	4642      	mov	r2, r8
1000492e:	7823      	ldrb	r3, [r4, #0]
10004930:	4285      	cmp	r5, r0
10004932:	d831      	bhi.n	10004998 <tu_edpt_stream_read_xfer+0xc8>
10004934:	421a      	tst	r2, r3
10004936:	d1d8      	bne.n	100048ea <tu_edpt_stream_read_xfer+0x1a>
10004938:	464b      	mov	r3, r9
1000493a:	8862      	ldrh	r2, [r4, #2]
1000493c:	4018      	ands	r0, r3
1000493e:	1c05      	adds	r5, r0, #0
10004940:	b280      	uxth	r0, r0
10004942:	4290      	cmp	r0, r2
10004944:	d900      	bls.n	10004948 <tu_edpt_stream_read_xfer+0x78>
10004946:	1c15      	adds	r5, r2, #0
10004948:	b2ad      	uxth	r5, r5
1000494a:	2200      	movs	r2, #0
1000494c:	7861      	ldrb	r1, [r4, #1]
1000494e:	2d00      	cmp	r5, #0
10004950:	d000      	beq.n	10004954 <tu_edpt_stream_read_xfer+0x84>
10004952:	6862      	ldr	r2, [r4, #4]
10004954:	002b      	movs	r3, r5
10004956:	0030      	movs	r0, r6
10004958:	f7ff f940 	bl	10003bdc <usbd_edpt_xfer>
1000495c:	2800      	cmp	r0, #0
1000495e:	d0c4      	beq.n	100048ea <tu_edpt_stream_read_xfer+0x1a>
10004960:	0028      	movs	r0, r5
10004962:	e7c3      	b.n	100048ec <tu_edpt_stream_read_xfer+0x1c>
10004964:	2580      	movs	r5, #128	; 0x80
10004966:	4b10      	ldr	r3, [pc, #64]	; (100049a8 <tu_edpt_stream_read_xfer+0xd8>)
10004968:	00ad      	lsls	r5, r5, #2
1000496a:	4699      	mov	r9, r3
1000496c:	e7c9      	b.n	10004902 <tu_edpt_stream_read_xfer+0x32>
1000496e:	7849      	ldrb	r1, [r1, #1]
10004970:	f7ff f90c 	bl	10003b8c <usbd_edpt_claim>
10004974:	2800      	cmp	r0, #0
10004976:	d0b8      	beq.n	100048ea <tu_edpt_stream_read_xfer+0x1a>
10004978:	7823      	ldrb	r3, [r4, #0]
1000497a:	421d      	tst	r5, r3
1000497c:	d1b5      	bne.n	100048ea <tu_edpt_stream_read_xfer+0x1a>
1000497e:	8863      	ldrh	r3, [r4, #2]
10004980:	2200      	movs	r2, #0
10004982:	7861      	ldrb	r1, [r4, #1]
10004984:	2b00      	cmp	r3, #0
10004986:	d000      	beq.n	1000498a <tu_edpt_stream_read_xfer+0xba>
10004988:	6862      	ldr	r2, [r4, #4]
1000498a:	0030      	movs	r0, r6
1000498c:	f7ff f926 	bl	10003bdc <usbd_edpt_xfer>
10004990:	2800      	cmp	r0, #0
10004992:	d0aa      	beq.n	100048ea <tu_edpt_stream_read_xfer+0x1a>
10004994:	8860      	ldrh	r0, [r4, #2]
10004996:	e7a9      	b.n	100048ec <tu_edpt_stream_read_xfer+0x1c>
10004998:	421a      	tst	r2, r3
1000499a:	d1a6      	bne.n	100048ea <tu_edpt_stream_read_xfer+0x1a>
1000499c:	0030      	movs	r0, r6
1000499e:	7861      	ldrb	r1, [r4, #1]
100049a0:	f7ff f908 	bl	10003bb4 <usbd_edpt_release>
100049a4:	e7a1      	b.n	100048ea <tu_edpt_stream_read_xfer+0x1a>
100049a6:	46c0      	nop			; (mov r8, r8)
100049a8:	fffffe00 	.word	0xfffffe00

100049ac <tu_fifo_config>:
100049ac:	b5f0      	push	{r4, r5, r6, r7, lr}
100049ae:	46c6      	mov	lr, r8
100049b0:	b500      	push	{lr}
100049b2:	0004      	movs	r4, r0
100049b4:	a806      	add	r0, sp, #24
100049b6:	7805      	ldrb	r5, [r0, #0]
100049b8:	2080      	movs	r0, #128	; 0x80
100049ba:	4688      	mov	r8, r1
100049bc:	0017      	movs	r7, r2
100049be:	001e      	movs	r6, r3
100049c0:	0200      	lsls	r0, r0, #8
100049c2:	4282      	cmp	r2, r0
100049c4:	d827      	bhi.n	10004a16 <tu_fifo_config+0x6a>
100049c6:	68e0      	ldr	r0, [r4, #12]
100049c8:	2800      	cmp	r0, #0
100049ca:	d003      	beq.n	100049d4 <tu_fifo_config+0x28>
100049cc:	2101      	movs	r1, #1
100049ce:	4249      	negs	r1, r1
100049d0:	f000 fab2 	bl	10004f38 <__mutex_enter_timeout_ms_veneer>
100049d4:	6920      	ldr	r0, [r4, #16]
100049d6:	2800      	cmp	r0, #0
100049d8:	d003      	beq.n	100049e2 <tu_fifo_config+0x36>
100049da:	2101      	movs	r1, #1
100049dc:	4249      	negs	r1, r1
100049de:	f000 faab 	bl	10004f38 <__mutex_enter_timeout_ms_veneer>
100049e2:	4643      	mov	r3, r8
100049e4:	6023      	str	r3, [r4, #0]
100049e6:	0473      	lsls	r3, r6, #17
100049e8:	0c5b      	lsrs	r3, r3, #17
100049ea:	03ed      	lsls	r5, r5, #15
100049ec:	431d      	orrs	r5, r3
100049ee:	2300      	movs	r3, #0
100049f0:	68e0      	ldr	r0, [r4, #12]
100049f2:	8163      	strh	r3, [r4, #10]
100049f4:	80a7      	strh	r7, [r4, #4]
100049f6:	80e5      	strh	r5, [r4, #6]
100049f8:	8123      	strh	r3, [r4, #8]
100049fa:	2800      	cmp	r0, #0
100049fc:	d001      	beq.n	10004a02 <tu_fifo_config+0x56>
100049fe:	f000 fa83 	bl	10004f08 <__mutex_exit_veneer>
10004a02:	6920      	ldr	r0, [r4, #16]
10004a04:	2401      	movs	r4, #1
10004a06:	2800      	cmp	r0, #0
10004a08:	d001      	beq.n	10004a0e <tu_fifo_config+0x62>
10004a0a:	f000 fa7d 	bl	10004f08 <__mutex_exit_veneer>
10004a0e:	0020      	movs	r0, r4
10004a10:	bc80      	pop	{r7}
10004a12:	46b8      	mov	r8, r7
10004a14:	bdf0      	pop	{r4, r5, r6, r7, pc}
10004a16:	2400      	movs	r4, #0
10004a18:	e7f9      	b.n	10004a0e <tu_fifo_config+0x62>
10004a1a:	46c0      	nop			; (mov r8, r8)

10004a1c <tu_fifo_count>:
10004a1c:	b510      	push	{r4, lr}
10004a1e:	8904      	ldrh	r4, [r0, #8]
10004a20:	8941      	ldrh	r1, [r0, #10]
10004a22:	8882      	ldrh	r2, [r0, #4]
10004a24:	b2a3      	uxth	r3, r4
10004a26:	b288      	uxth	r0, r1
10004a28:	428c      	cmp	r4, r1
10004a2a:	d307      	bcc.n	10004a3c <tu_fifo_count+0x20>
10004a2c:	1a1b      	subs	r3, r3, r0
10004a2e:	b29b      	uxth	r3, r3
10004a30:	1c10      	adds	r0, r2, #0
10004a32:	429a      	cmp	r2, r3
10004a34:	d900      	bls.n	10004a38 <tu_fifo_count+0x1c>
10004a36:	1c18      	adds	r0, r3, #0
10004a38:	b280      	uxth	r0, r0
10004a3a:	bd10      	pop	{r4, pc}
10004a3c:	0051      	lsls	r1, r2, #1
10004a3e:	1a09      	subs	r1, r1, r0
10004a40:	185b      	adds	r3, r3, r1
10004a42:	b29b      	uxth	r3, r3
10004a44:	e7f4      	b.n	10004a30 <tu_fifo_count+0x14>
10004a46:	46c0      	nop			; (mov r8, r8)

10004a48 <tu_fifo_empty>:
10004a48:	0003      	movs	r3, r0
10004a4a:	8900      	ldrh	r0, [r0, #8]
10004a4c:	895b      	ldrh	r3, [r3, #10]
10004a4e:	1ac0      	subs	r0, r0, r3
10004a50:	4243      	negs	r3, r0
10004a52:	4158      	adcs	r0, r3
10004a54:	b2c0      	uxtb	r0, r0
10004a56:	4770      	bx	lr

10004a58 <tu_fifo_remaining>:
10004a58:	b510      	push	{r4, lr}
10004a5a:	8904      	ldrh	r4, [r0, #8]
10004a5c:	8941      	ldrh	r1, [r0, #10]
10004a5e:	8882      	ldrh	r2, [r0, #4]
10004a60:	b2a3      	uxth	r3, r4
10004a62:	b288      	uxth	r0, r1
10004a64:	428c      	cmp	r4, r1
10004a66:	d307      	bcc.n	10004a78 <tu_fifo_remaining+0x20>
10004a68:	1a1b      	subs	r3, r3, r0
10004a6a:	b29b      	uxth	r3, r3
10004a6c:	2000      	movs	r0, #0
10004a6e:	429a      	cmp	r2, r3
10004a70:	d901      	bls.n	10004a76 <tu_fifo_remaining+0x1e>
10004a72:	1ad3      	subs	r3, r2, r3
10004a74:	b298      	uxth	r0, r3
10004a76:	bd10      	pop	{r4, pc}
10004a78:	0051      	lsls	r1, r2, #1
10004a7a:	1a09      	subs	r1, r1, r0
10004a7c:	185b      	adds	r3, r3, r1
10004a7e:	b29b      	uxth	r3, r3
10004a80:	e7f4      	b.n	10004a6c <tu_fifo_remaining+0x14>
10004a82:	46c0      	nop			; (mov r8, r8)

10004a84 <tu_fifo_read>:
10004a84:	b570      	push	{r4, r5, r6, lr}
10004a86:	0004      	movs	r4, r0
10004a88:	6900      	ldr	r0, [r0, #16]
10004a8a:	000e      	movs	r6, r1
10004a8c:	2800      	cmp	r0, #0
10004a8e:	d003      	beq.n	10004a98 <tu_fifo_read+0x14>
10004a90:	2101      	movs	r1, #1
10004a92:	4249      	negs	r1, r1
10004a94:	f000 fa50 	bl	10004f38 <__mutex_enter_timeout_ms_veneer>
10004a98:	8925      	ldrh	r5, [r4, #8]
10004a9a:	8960      	ldrh	r0, [r4, #10]
10004a9c:	88a2      	ldrh	r2, [r4, #4]
10004a9e:	b2a9      	uxth	r1, r5
10004aa0:	b283      	uxth	r3, r0
10004aa2:	4285      	cmp	r5, r0
10004aa4:	d32c      	bcc.n	10004b00 <tu_fifo_read+0x7c>
10004aa6:	1acd      	subs	r5, r1, r3
10004aa8:	b2ad      	uxth	r5, r5
10004aaa:	2d00      	cmp	r5, #0
10004aac:	d02e      	beq.n	10004b0c <tu_fifo_read+0x88>
10004aae:	42aa      	cmp	r2, r5
10004ab0:	d208      	bcs.n	10004ac4 <tu_fifo_read+0x40>
10004ab2:	4291      	cmp	r1, r2
10004ab4:	d331      	bcc.n	10004b1a <tu_fifo_read+0x96>
10004ab6:	1a8b      	subs	r3, r1, r2
10004ab8:	b29b      	uxth	r3, r3
10004aba:	8163      	strh	r3, [r4, #10]
10004abc:	429a      	cmp	r2, r3
10004abe:	d803      	bhi.n	10004ac8 <tu_fifo_read+0x44>
10004ac0:	1a9b      	subs	r3, r3, r2
10004ac2:	b29b      	uxth	r3, r3
10004ac4:	429a      	cmp	r2, r3
10004ac6:	d9fb      	bls.n	10004ac0 <tu_fifo_read+0x3c>
10004ac8:	88e2      	ldrh	r2, [r4, #6]
10004aca:	6821      	ldr	r1, [r4, #0]
10004acc:	0452      	lsls	r2, r2, #17
10004ace:	0c52      	lsrs	r2, r2, #17
10004ad0:	4353      	muls	r3, r2
10004ad2:	0030      	movs	r0, r6
10004ad4:	18c9      	adds	r1, r1, r3
10004ad6:	f7fd fb55 	bl	10002184 <__wrap___aeabi_memcpy>
10004ada:	8961      	ldrh	r1, [r4, #10]
10004adc:	2501      	movs	r5, #1
10004ade:	1c4b      	adds	r3, r1, #1
10004ae0:	b29b      	uxth	r3, r3
10004ae2:	88a2      	ldrh	r2, [r4, #4]
10004ae4:	4299      	cmp	r1, r3
10004ae6:	d914      	bls.n	10004b12 <tu_fifo_read+0x8e>
10004ae8:	2300      	movs	r3, #0
10004aea:	0052      	lsls	r2, r2, #1
10004aec:	1a9b      	subs	r3, r3, r2
10004aee:	b29b      	uxth	r3, r3
10004af0:	6920      	ldr	r0, [r4, #16]
10004af2:	8163      	strh	r3, [r4, #10]
10004af4:	2800      	cmp	r0, #0
10004af6:	d001      	beq.n	10004afc <tu_fifo_read+0x78>
10004af8:	f000 fa06 	bl	10004f08 <__mutex_exit_veneer>
10004afc:	0028      	movs	r0, r5
10004afe:	bd70      	pop	{r4, r5, r6, pc}
10004b00:	0055      	lsls	r5, r2, #1
10004b02:	1aed      	subs	r5, r5, r3
10004b04:	194d      	adds	r5, r1, r5
10004b06:	b2ad      	uxth	r5, r5
10004b08:	2d00      	cmp	r5, #0
10004b0a:	d1d0      	bne.n	10004aae <tu_fifo_read+0x2a>
10004b0c:	2500      	movs	r5, #0
10004b0e:	8963      	ldrh	r3, [r4, #10]
10004b10:	b29b      	uxth	r3, r3
10004b12:	0052      	lsls	r2, r2, #1
10004b14:	4293      	cmp	r3, r2
10004b16:	dbeb      	blt.n	10004af0 <tu_fifo_read+0x6c>
10004b18:	e7e8      	b.n	10004aec <tu_fifo_read+0x68>
10004b1a:	1889      	adds	r1, r1, r2
10004b1c:	b28b      	uxth	r3, r1
10004b1e:	8163      	strh	r3, [r4, #10]
10004b20:	e7cc      	b.n	10004abc <tu_fifo_read+0x38>
10004b22:	46c0      	nop			; (mov r8, r8)

10004b24 <tu_fifo_read_n>:
10004b24:	b5f0      	push	{r4, r5, r6, r7, lr}
10004b26:	4646      	mov	r6, r8
10004b28:	464f      	mov	r7, r9
10004b2a:	46d6      	mov	lr, sl
10004b2c:	b5c0      	push	{r6, r7, lr}
10004b2e:	0006      	movs	r6, r0
10004b30:	6900      	ldr	r0, [r0, #16]
10004b32:	4689      	mov	r9, r1
10004b34:	4690      	mov	r8, r2
10004b36:	2800      	cmp	r0, #0
10004b38:	d003      	beq.n	10004b42 <tu_fifo_read_n+0x1e>
10004b3a:	2101      	movs	r1, #1
10004b3c:	4249      	negs	r1, r1
10004b3e:	f000 f9fb 	bl	10004f38 <__mutex_enter_timeout_ms_veneer>
10004b42:	8931      	ldrh	r1, [r6, #8]
10004b44:	8972      	ldrh	r2, [r6, #10]
10004b46:	88b5      	ldrh	r5, [r6, #4]
10004b48:	b28b      	uxth	r3, r1
10004b4a:	b294      	uxth	r4, r2
10004b4c:	4291      	cmp	r1, r2
10004b4e:	d357      	bcc.n	10004c00 <tu_fifo_read_n+0xdc>
10004b50:	1b1f      	subs	r7, r3, r4
10004b52:	b2bf      	uxth	r7, r7
10004b54:	2f00      	cmp	r7, #0
10004b56:	d04d      	beq.n	10004bf4 <tu_fifo_read_n+0xd0>
10004b58:	42bd      	cmp	r5, r7
10004b5a:	d205      	bcs.n	10004b68 <tu_fifo_read_n+0x44>
10004b5c:	42ab      	cmp	r3, r5
10004b5e:	d254      	bcs.n	10004c0a <tu_fifo_read_n+0xe6>
10004b60:	195b      	adds	r3, r3, r5
10004b62:	b29c      	uxth	r4, r3
10004b64:	002f      	movs	r7, r5
10004b66:	8174      	strh	r4, [r6, #10]
10004b68:	4643      	mov	r3, r8
10004b6a:	45b8      	cmp	r8, r7
10004b6c:	d840      	bhi.n	10004bf0 <tu_fifo_read_n+0xcc>
10004b6e:	b29f      	uxth	r7, r3
10004b70:	42a5      	cmp	r5, r4
10004b72:	d803      	bhi.n	10004b7c <tu_fifo_read_n+0x58>
10004b74:	1b64      	subs	r4, r4, r5
10004b76:	b2a4      	uxth	r4, r4
10004b78:	42a5      	cmp	r5, r4
10004b7a:	d9fb      	bls.n	10004b74 <tu_fifo_read_n+0x50>
10004b7c:	88f2      	ldrh	r2, [r6, #6]
10004b7e:	1b28      	subs	r0, r5, r4
10004b80:	0452      	lsls	r2, r2, #17
10004b82:	0c53      	lsrs	r3, r2, #17
10004b84:	0019      	movs	r1, r3
10004b86:	4698      	mov	r8, r3
10004b88:	6833      	ldr	r3, [r6, #0]
10004b8a:	4361      	muls	r1, r4
10004b8c:	469c      	mov	ip, r3
10004b8e:	b280      	uxth	r0, r0
10004b90:	4461      	add	r1, ip
10004b92:	4287      	cmp	r7, r0
10004b94:	d926      	bls.n	10004be4 <tu_fifo_read_n+0xc0>
10004b96:	4643      	mov	r3, r8
10004b98:	4358      	muls	r0, r3
10004b9a:	b283      	uxth	r3, r0
10004b9c:	001a      	movs	r2, r3
10004b9e:	4648      	mov	r0, r9
10004ba0:	469a      	mov	sl, r3
10004ba2:	f7fd faef 	bl	10002184 <__wrap___aeabi_memcpy>
10004ba6:	4643      	mov	r3, r8
10004ba8:	4648      	mov	r0, r9
10004baa:	1b7d      	subs	r5, r7, r5
10004bac:	1964      	adds	r4, r4, r5
10004bae:	435c      	muls	r4, r3
10004bb0:	6831      	ldr	r1, [r6, #0]
10004bb2:	4450      	add	r0, sl
10004bb4:	b2a2      	uxth	r2, r4
10004bb6:	f7fd fae5 	bl	10002184 <__wrap___aeabi_memcpy>
10004bba:	8971      	ldrh	r1, [r6, #10]
10004bbc:	88b5      	ldrh	r5, [r6, #4]
10004bbe:	19cb      	adds	r3, r1, r7
10004bc0:	b29b      	uxth	r3, r3
10004bc2:	006a      	lsls	r2, r5, #1
10004bc4:	4299      	cmp	r1, r3
10004bc6:	d917      	bls.n	10004bf8 <tu_fifo_read_n+0xd4>
10004bc8:	1a9b      	subs	r3, r3, r2
10004bca:	b29b      	uxth	r3, r3
10004bcc:	6930      	ldr	r0, [r6, #16]
10004bce:	8173      	strh	r3, [r6, #10]
10004bd0:	2800      	cmp	r0, #0
10004bd2:	d001      	beq.n	10004bd8 <tu_fifo_read_n+0xb4>
10004bd4:	f000 f998 	bl	10004f08 <__mutex_exit_veneer>
10004bd8:	0038      	movs	r0, r7
10004bda:	bce0      	pop	{r5, r6, r7}
10004bdc:	46ba      	mov	sl, r7
10004bde:	46b1      	mov	r9, r6
10004be0:	46a8      	mov	r8, r5
10004be2:	bdf0      	pop	{r4, r5, r6, r7, pc}
10004be4:	4642      	mov	r2, r8
10004be6:	4648      	mov	r0, r9
10004be8:	437a      	muls	r2, r7
10004bea:	f7fd facb 	bl	10002184 <__wrap___aeabi_memcpy>
10004bee:	e7e4      	b.n	10004bba <tu_fifo_read_n+0x96>
10004bf0:	1c3b      	adds	r3, r7, #0
10004bf2:	e7bc      	b.n	10004b6e <tu_fifo_read_n+0x4a>
10004bf4:	8973      	ldrh	r3, [r6, #10]
10004bf6:	b29b      	uxth	r3, r3
10004bf8:	006a      	lsls	r2, r5, #1
10004bfa:	4293      	cmp	r3, r2
10004bfc:	dbe6      	blt.n	10004bcc <tu_fifo_read_n+0xa8>
10004bfe:	e7e3      	b.n	10004bc8 <tu_fifo_read_n+0xa4>
10004c00:	006f      	lsls	r7, r5, #1
10004c02:	1b3f      	subs	r7, r7, r4
10004c04:	19df      	adds	r7, r3, r7
10004c06:	b2bf      	uxth	r7, r7
10004c08:	e7a4      	b.n	10004b54 <tu_fifo_read_n+0x30>
10004c0a:	1b5b      	subs	r3, r3, r5
10004c0c:	b29c      	uxth	r4, r3
10004c0e:	e7a9      	b.n	10004b64 <tu_fifo_read_n+0x40>

10004c10 <tu_fifo_write>:
10004c10:	b5f8      	push	{r3, r4, r5, r6, r7, lr}
10004c12:	0004      	movs	r4, r0
10004c14:	68c0      	ldr	r0, [r0, #12]
10004c16:	000e      	movs	r6, r1
10004c18:	2800      	cmp	r0, #0
10004c1a:	d003      	beq.n	10004c24 <tu_fifo_write+0x14>
10004c1c:	2101      	movs	r1, #1
10004c1e:	4249      	negs	r1, r1
10004c20:	f000 f98a 	bl	10004f38 <__mutex_enter_timeout_ms_veneer>
10004c24:	8925      	ldrh	r5, [r4, #8]
10004c26:	8920      	ldrh	r0, [r4, #8]
10004c28:	8961      	ldrh	r1, [r4, #10]
10004c2a:	88a2      	ldrh	r2, [r4, #4]
10004c2c:	b2ad      	uxth	r5, r5
10004c2e:	b283      	uxth	r3, r0
10004c30:	b28f      	uxth	r7, r1
10004c32:	4288      	cmp	r0, r1
10004c34:	d328      	bcc.n	10004c88 <tu_fifo_write+0x78>
10004c36:	1bdb      	subs	r3, r3, r7
10004c38:	b29b      	uxth	r3, r3
10004c3a:	429a      	cmp	r2, r3
10004c3c:	d809      	bhi.n	10004c52 <tu_fifo_write+0x42>
10004c3e:	79e7      	ldrb	r7, [r4, #7]
10004c40:	09ff      	lsrs	r7, r7, #7
10004c42:	d106      	bne.n	10004c52 <tu_fifo_write+0x42>
10004c44:	68e0      	ldr	r0, [r4, #12]
10004c46:	2800      	cmp	r0, #0
10004c48:	d001      	beq.n	10004c4e <tu_fifo_write+0x3e>
10004c4a:	f000 f95d 	bl	10004f08 <__mutex_exit_veneer>
10004c4e:	0038      	movs	r0, r7
10004c50:	bdf8      	pop	{r3, r4, r5, r6, r7, pc}
10004c52:	002b      	movs	r3, r5
10004c54:	4295      	cmp	r5, r2
10004c56:	d303      	bcc.n	10004c60 <tu_fifo_write+0x50>
10004c58:	1a9b      	subs	r3, r3, r2
10004c5a:	b29b      	uxth	r3, r3
10004c5c:	4293      	cmp	r3, r2
10004c5e:	d2fb      	bcs.n	10004c58 <tu_fifo_write+0x48>
10004c60:	88e2      	ldrh	r2, [r4, #6]
10004c62:	6821      	ldr	r1, [r4, #0]
10004c64:	0452      	lsls	r2, r2, #17
10004c66:	0c52      	lsrs	r2, r2, #17
10004c68:	4353      	muls	r3, r2
10004c6a:	18c8      	adds	r0, r1, r3
10004c6c:	0031      	movs	r1, r6
10004c6e:	f7fd fa89 	bl	10002184 <__wrap___aeabi_memcpy>
10004c72:	88a2      	ldrh	r2, [r4, #4]
10004c74:	1c6b      	adds	r3, r5, #1
10004c76:	b29b      	uxth	r3, r3
10004c78:	0052      	lsls	r2, r2, #1
10004c7a:	429d      	cmp	r5, r3
10004c7c:	d909      	bls.n	10004c92 <tu_fifo_write+0x82>
10004c7e:	1a9b      	subs	r3, r3, r2
10004c80:	b29b      	uxth	r3, r3
10004c82:	2701      	movs	r7, #1
10004c84:	8123      	strh	r3, [r4, #8]
10004c86:	e7dd      	b.n	10004c44 <tu_fifo_write+0x34>
10004c88:	0051      	lsls	r1, r2, #1
10004c8a:	1bc9      	subs	r1, r1, r7
10004c8c:	185b      	adds	r3, r3, r1
10004c8e:	b29b      	uxth	r3, r3
10004c90:	e7d3      	b.n	10004c3a <tu_fifo_write+0x2a>
10004c92:	4293      	cmp	r3, r2
10004c94:	dbf5      	blt.n	10004c82 <tu_fifo_write+0x72>
10004c96:	e7f2      	b.n	10004c7e <tu_fifo_write+0x6e>

10004c98 <tu_fifo_write_n>:
10004c98:	b5f0      	push	{r4, r5, r6, r7, lr}
10004c9a:	464e      	mov	r6, r9
10004c9c:	4645      	mov	r5, r8
10004c9e:	46de      	mov	lr, fp
10004ca0:	4657      	mov	r7, sl
10004ca2:	b5e0      	push	{r5, r6, r7, lr}
10004ca4:	4689      	mov	r9, r1
10004ca6:	0005      	movs	r5, r0
10004ca8:	0014      	movs	r4, r2
10004caa:	b083      	sub	sp, #12
10004cac:	2a00      	cmp	r2, #0
10004cae:	d06e      	beq.n	10004d8e <tu_fifo_write_n+0xf6>
10004cb0:	68c0      	ldr	r0, [r0, #12]
10004cb2:	2800      	cmp	r0, #0
10004cb4:	d003      	beq.n	10004cbe <tu_fifo_write_n+0x26>
10004cb6:	2101      	movs	r1, #1
10004cb8:	4249      	negs	r1, r1
10004cba:	f000 f93d 	bl	10004f38 <__mutex_enter_timeout_ms_veneer>
10004cbe:	892f      	ldrh	r7, [r5, #8]
10004cc0:	79ea      	ldrb	r2, [r5, #7]
10004cc2:	896b      	ldrh	r3, [r5, #10]
10004cc4:	b2bf      	uxth	r7, r7
10004cc6:	b29b      	uxth	r3, r3
10004cc8:	09d2      	lsrs	r2, r2, #7
10004cca:	d142      	bne.n	10004d52 <tu_fifo_write_n+0xba>
10004ccc:	88ae      	ldrh	r6, [r5, #4]
10004cce:	429f      	cmp	r7, r3
10004cd0:	d267      	bcs.n	10004da2 <tu_fifo_write_n+0x10a>
10004cd2:	0072      	lsls	r2, r6, #1
10004cd4:	1ad3      	subs	r3, r2, r3
10004cd6:	18fb      	adds	r3, r7, r3
10004cd8:	b29b      	uxth	r3, r3
10004cda:	2200      	movs	r2, #0
10004cdc:	4690      	mov	r8, r2
10004cde:	429e      	cmp	r6, r3
10004ce0:	d931      	bls.n	10004d46 <tu_fifo_write_n+0xae>
10004ce2:	1af3      	subs	r3, r6, r3
10004ce4:	1c1a      	adds	r2, r3, #0
10004ce6:	b29b      	uxth	r3, r3
10004ce8:	42a3      	cmp	r3, r4
10004cea:	d900      	bls.n	10004cee <tu_fifo_write_n+0x56>
10004cec:	1c22      	adds	r2, r4, #0
10004cee:	b293      	uxth	r3, r2
10004cf0:	4698      	mov	r8, r3
10004cf2:	88e8      	ldrh	r0, [r5, #6]
10004cf4:	4643      	mov	r3, r8
10004cf6:	19db      	adds	r3, r3, r7
10004cf8:	b29b      	uxth	r3, r3
10004cfa:	469b      	mov	fp, r3
10004cfc:	003c      	movs	r4, r7
10004cfe:	42be      	cmp	r6, r7
10004d00:	d803      	bhi.n	10004d0a <tu_fifo_write_n+0x72>
10004d02:	1ba4      	subs	r4, r4, r6
10004d04:	b2a4      	uxth	r4, r4
10004d06:	42b4      	cmp	r4, r6
10004d08:	d2fb      	bcs.n	10004d02 <tu_fifo_write_n+0x6a>
10004d0a:	0440      	lsls	r0, r0, #17
10004d0c:	0c43      	lsrs	r3, r0, #17
10004d0e:	0018      	movs	r0, r3
10004d10:	469a      	mov	sl, r3
10004d12:	682b      	ldr	r3, [r5, #0]
10004d14:	4360      	muls	r0, r4
10004d16:	469c      	mov	ip, r3
10004d18:	1b31      	subs	r1, r6, r4
10004d1a:	b289      	uxth	r1, r1
10004d1c:	4460      	add	r0, ip
10004d1e:	4541      	cmp	r1, r8
10004d20:	d34e      	bcc.n	10004dc0 <tu_fifo_write_n+0x128>
10004d22:	4652      	mov	r2, sl
10004d24:	4643      	mov	r3, r8
10004d26:	4649      	mov	r1, r9
10004d28:	435a      	muls	r2, r3
10004d2a:	f7fd fa2b 	bl	10002184 <__wrap___aeabi_memcpy>
10004d2e:	88ab      	ldrh	r3, [r5, #4]
10004d30:	005b      	lsls	r3, r3, #1
10004d32:	45bb      	cmp	fp, r7
10004d34:	d301      	bcc.n	10004d3a <tu_fifo_write_n+0xa2>
10004d36:	459b      	cmp	fp, r3
10004d38:	db03      	blt.n	10004d42 <tu_fifo_write_n+0xaa>
10004d3a:	465a      	mov	r2, fp
10004d3c:	1ad3      	subs	r3, r2, r3
10004d3e:	b29b      	uxth	r3, r3
10004d40:	469b      	mov	fp, r3
10004d42:	465b      	mov	r3, fp
10004d44:	812b      	strh	r3, [r5, #8]
10004d46:	68e8      	ldr	r0, [r5, #12]
10004d48:	2800      	cmp	r0, #0
10004d4a:	d022      	beq.n	10004d92 <tu_fifo_write_n+0xfa>
10004d4c:	f000 f8dc 	bl	10004f08 <__mutex_exit_veneer>
10004d50:	e01f      	b.n	10004d92 <tu_fifo_write_n+0xfa>
10004d52:	88aa      	ldrh	r2, [r5, #4]
10004d54:	4690      	mov	r8, r2
10004d56:	4294      	cmp	r4, r2
10004d58:	d226      	bcs.n	10004da8 <tu_fifo_write_n+0x110>
10004d5a:	429f      	cmp	r7, r3
10004d5c:	d344      	bcc.n	10004de8 <tu_fifo_write_n+0x150>
10004d5e:	4641      	mov	r1, r8
10004d60:	1afa      	subs	r2, r7, r3
10004d62:	b292      	uxth	r2, r2
10004d64:	0049      	lsls	r1, r1, #1
10004d66:	1912      	adds	r2, r2, r4
10004d68:	428a      	cmp	r2, r1
10004d6a:	db09      	blt.n	10004d80 <tu_fifo_write_n+0xe8>
10004d6c:	4642      	mov	r2, r8
10004d6e:	189a      	adds	r2, r3, r2
10004d70:	b292      	uxth	r2, r2
10004d72:	1b17      	subs	r7, r2, r4
10004d74:	b2bf      	uxth	r7, r7
10004d76:	4693      	mov	fp, r2
10004d78:	42bb      	cmp	r3, r7
10004d7a:	d93a      	bls.n	10004df2 <tu_fifo_write_n+0x15a>
10004d7c:	1a7f      	subs	r7, r7, r1
10004d7e:	b2bf      	uxth	r7, r7
10004d80:	19e3      	adds	r3, r4, r7
10004d82:	b29b      	uxth	r3, r3
10004d84:	4646      	mov	r6, r8
10004d86:	469b      	mov	fp, r3
10004d88:	46a0      	mov	r8, r4
10004d8a:	88e8      	ldrh	r0, [r5, #6]
10004d8c:	e7b6      	b.n	10004cfc <tu_fifo_write_n+0x64>
10004d8e:	2300      	movs	r3, #0
10004d90:	4698      	mov	r8, r3
10004d92:	4640      	mov	r0, r8
10004d94:	b003      	add	sp, #12
10004d96:	bcf0      	pop	{r4, r5, r6, r7}
10004d98:	46bb      	mov	fp, r7
10004d9a:	46b2      	mov	sl, r6
10004d9c:	46a9      	mov	r9, r5
10004d9e:	46a0      	mov	r8, r4
10004da0:	bdf0      	pop	{r4, r5, r6, r7, pc}
10004da2:	1afb      	subs	r3, r7, r3
10004da4:	b29b      	uxth	r3, r3
10004da6:	e798      	b.n	10004cda <tu_fifo_write_n+0x42>
10004da8:	88e8      	ldrh	r0, [r5, #6]
10004daa:	1aa2      	subs	r2, r4, r2
10004dac:	0444      	lsls	r4, r0, #17
10004dae:	0c64      	lsrs	r4, r4, #17
10004db0:	4354      	muls	r4, r2
10004db2:	4642      	mov	r2, r8
10004db4:	44a1      	add	r9, r4
10004db6:	2a00      	cmp	r2, #0
10004db8:	d0c5      	beq.n	10004d46 <tu_fifo_write_n+0xae>
10004dba:	4646      	mov	r6, r8
10004dbc:	001f      	movs	r7, r3
10004dbe:	e799      	b.n	10004cf4 <tu_fifo_write_n+0x5c>
10004dc0:	4653      	mov	r3, sl
10004dc2:	4359      	muls	r1, r3
10004dc4:	b289      	uxth	r1, r1
10004dc6:	000a      	movs	r2, r1
10004dc8:	9101      	str	r1, [sp, #4]
10004dca:	4649      	mov	r1, r9
10004dcc:	f7fd f9da 	bl	10002184 <__wrap___aeabi_memcpy>
10004dd0:	4643      	mov	r3, r8
10004dd2:	1b9a      	subs	r2, r3, r6
10004dd4:	4653      	mov	r3, sl
10004dd6:	18a2      	adds	r2, r4, r2
10004dd8:	435a      	muls	r2, r3
10004dda:	9901      	ldr	r1, [sp, #4]
10004ddc:	6828      	ldr	r0, [r5, #0]
10004dde:	b292      	uxth	r2, r2
10004de0:	4449      	add	r1, r9
10004de2:	f7fd f9cf 	bl	10002184 <__wrap___aeabi_memcpy>
10004de6:	e7a2      	b.n	10004d2e <tu_fifo_write_n+0x96>
10004de8:	0051      	lsls	r1, r2, #1
10004dea:	1aca      	subs	r2, r1, r3
10004dec:	18ba      	adds	r2, r7, r2
10004dee:	b292      	uxth	r2, r2
10004df0:	e7b9      	b.n	10004d66 <tu_fifo_write_n+0xce>
10004df2:	42b9      	cmp	r1, r7
10004df4:	ddc2      	ble.n	10004d7c <tu_fifo_write_n+0xe4>
10004df6:	4646      	mov	r6, r8
10004df8:	88e8      	ldrh	r0, [r5, #6]
10004dfa:	46a0      	mov	r8, r4
10004dfc:	e77e      	b.n	10004cfc <tu_fifo_write_n+0x64>
10004dfe:	46c0      	nop			; (mov r8, r8)

10004e00 <tu_fifo_clear>:
10004e00:	b510      	push	{r4, lr}
10004e02:	0004      	movs	r4, r0
10004e04:	68c0      	ldr	r0, [r0, #12]
10004e06:	2800      	cmp	r0, #0
10004e08:	d003      	beq.n	10004e12 <tu_fifo_clear+0x12>
10004e0a:	2101      	movs	r1, #1
10004e0c:	4249      	negs	r1, r1
10004e0e:	f000 f893 	bl	10004f38 <__mutex_enter_timeout_ms_veneer>
10004e12:	6920      	ldr	r0, [r4, #16]
10004e14:	2800      	cmp	r0, #0
10004e16:	d003      	beq.n	10004e20 <tu_fifo_clear+0x20>
10004e18:	2101      	movs	r1, #1
10004e1a:	4249      	negs	r1, r1
10004e1c:	f000 f88c 	bl	10004f38 <__mutex_enter_timeout_ms_veneer>
10004e20:	2300      	movs	r3, #0
10004e22:	68e0      	ldr	r0, [r4, #12]
10004e24:	8163      	strh	r3, [r4, #10]
10004e26:	8123      	strh	r3, [r4, #8]
10004e28:	2800      	cmp	r0, #0
10004e2a:	d001      	beq.n	10004e30 <tu_fifo_clear+0x30>
10004e2c:	f000 f86c 	bl	10004f08 <__mutex_exit_veneer>
10004e30:	6920      	ldr	r0, [r4, #16]
10004e32:	2800      	cmp	r0, #0
10004e34:	d001      	beq.n	10004e3a <tu_fifo_clear+0x3a>
10004e36:	f000 f867 	bl	10004f08 <__mutex_exit_veneer>
10004e3a:	2001      	movs	r0, #1
10004e3c:	bd10      	pop	{r4, pc}
10004e3e:	46c0      	nop			; (mov r8, r8)

10004e40 <tu_fifo_set_overwritable>:
10004e40:	b570      	push	{r4, r5, r6, lr}
10004e42:	0004      	movs	r4, r0
10004e44:	68c0      	ldr	r0, [r0, #12]
10004e46:	000d      	movs	r5, r1
10004e48:	2800      	cmp	r0, #0
10004e4a:	d003      	beq.n	10004e54 <tu_fifo_set_overwritable+0x14>
10004e4c:	2101      	movs	r1, #1
10004e4e:	4249      	negs	r1, r1
10004e50:	f000 f872 	bl	10004f38 <__mutex_enter_timeout_ms_veneer>
10004e54:	6920      	ldr	r0, [r4, #16]
10004e56:	2800      	cmp	r0, #0
10004e58:	d003      	beq.n	10004e62 <tu_fifo_set_overwritable+0x22>
10004e5a:	2101      	movs	r1, #1
10004e5c:	4249      	negs	r1, r1
10004e5e:	f000 f86b 	bl	10004f38 <__mutex_enter_timeout_ms_veneer>
10004e62:	217f      	movs	r1, #127	; 0x7f
10004e64:	79e3      	ldrb	r3, [r4, #7]
10004e66:	01ed      	lsls	r5, r5, #7
10004e68:	4019      	ands	r1, r3
10004e6a:	68e0      	ldr	r0, [r4, #12]
10004e6c:	4329      	orrs	r1, r5
10004e6e:	71e1      	strb	r1, [r4, #7]
10004e70:	2800      	cmp	r0, #0
10004e72:	d001      	beq.n	10004e78 <tu_fifo_set_overwritable+0x38>
10004e74:	f000 f848 	bl	10004f08 <__mutex_exit_veneer>
10004e78:	6920      	ldr	r0, [r4, #16]
10004e7a:	2800      	cmp	r0, #0
10004e7c:	d001      	beq.n	10004e82 <tu_fifo_set_overwritable+0x42>
10004e7e:	f000 f843 	bl	10004f08 <__mutex_exit_veneer>
10004e82:	2001      	movs	r0, #1
10004e84:	bd70      	pop	{r4, r5, r6, pc}
10004e86:	46c0      	nop			; (mov r8, r8)

10004e88 <strlen>:
10004e88:	b510      	push	{r4, lr}
10004e8a:	0783      	lsls	r3, r0, #30
10004e8c:	d00a      	beq.n	10004ea4 <strlen+0x1c>
10004e8e:	0003      	movs	r3, r0
10004e90:	2103      	movs	r1, #3
10004e92:	e002      	b.n	10004e9a <strlen+0x12>
10004e94:	3301      	adds	r3, #1
10004e96:	420b      	tst	r3, r1
10004e98:	d005      	beq.n	10004ea6 <strlen+0x1e>
10004e9a:	781a      	ldrb	r2, [r3, #0]
10004e9c:	2a00      	cmp	r2, #0
10004e9e:	d1f9      	bne.n	10004e94 <strlen+0xc>
10004ea0:	1a18      	subs	r0, r3, r0
10004ea2:	bd10      	pop	{r4, pc}
10004ea4:	0003      	movs	r3, r0
10004ea6:	6819      	ldr	r1, [r3, #0]
10004ea8:	4a0c      	ldr	r2, [pc, #48]	; (10004edc <strlen+0x54>)
10004eaa:	4c0d      	ldr	r4, [pc, #52]	; (10004ee0 <strlen+0x58>)
10004eac:	188a      	adds	r2, r1, r2
10004eae:	438a      	bics	r2, r1
10004eb0:	4222      	tst	r2, r4
10004eb2:	d10f      	bne.n	10004ed4 <strlen+0x4c>
10004eb4:	6859      	ldr	r1, [r3, #4]
10004eb6:	4a09      	ldr	r2, [pc, #36]	; (10004edc <strlen+0x54>)
10004eb8:	3304      	adds	r3, #4
10004eba:	188a      	adds	r2, r1, r2
10004ebc:	438a      	bics	r2, r1
10004ebe:	4222      	tst	r2, r4
10004ec0:	d108      	bne.n	10004ed4 <strlen+0x4c>
10004ec2:	6859      	ldr	r1, [r3, #4]
10004ec4:	4a05      	ldr	r2, [pc, #20]	; (10004edc <strlen+0x54>)
10004ec6:	3304      	adds	r3, #4
10004ec8:	188a      	adds	r2, r1, r2
10004eca:	438a      	bics	r2, r1
10004ecc:	4222      	tst	r2, r4
10004ece:	d0f1      	beq.n	10004eb4 <strlen+0x2c>
10004ed0:	e000      	b.n	10004ed4 <strlen+0x4c>
10004ed2:	3301      	adds	r3, #1
10004ed4:	781a      	ldrb	r2, [r3, #0]
10004ed6:	2a00      	cmp	r2, #0
10004ed8:	d1fb      	bne.n	10004ed2 <strlen+0x4a>
10004eda:	e7e1      	b.n	10004ea0 <strlen+0x18>
10004edc:	fefefeff 	.word	0xfefefeff
10004ee0:	80808080 	.word	0x80808080

10004ee4 <_fini>:
10004ee4:	b5f8      	push	{r3, r4, r5, r6, r7, lr}
10004ee6:	46c0      	nop			; (mov r8, r8)

10004ee8 <__e15_is_bulkin_ep_veneer>:
10004ee8:	b401      	push	{r0}
10004eea:	4802      	ldr	r0, [pc, #8]	; (10004ef4 <__e15_is_bulkin_ep_veneer+0xc>)
10004eec:	4684      	mov	ip, r0
10004eee:	bc01      	pop	{r0}
10004ef0:	4760      	bx	ip
10004ef2:	bf00      	nop
10004ef4:	20000c49 	.word	0x20000c49

10004ef8 <__flash_do_cmd_veneer>:
10004ef8:	b401      	push	{r0}
10004efa:	4802      	ldr	r0, [pc, #8]	; (10004f04 <__flash_do_cmd_veneer+0xc>)
10004efc:	4684      	mov	ip, r0
10004efe:	bc01      	pop	{r0}
10004f00:	4760      	bx	ip
10004f02:	bf00      	nop
10004f04:	20000321 	.word	0x20000321

10004f08 <__mutex_exit_veneer>:
10004f08:	b401      	push	{r0}
10004f0a:	4802      	ldr	r0, [pc, #8]	; (10004f14 <__mutex_exit_veneer+0xc>)
10004f0c:	4684      	mov	ip, r0
10004f0e:	bc01      	pop	{r0}
10004f10:	4760      	bx	ip
10004f12:	bf00      	nop
10004f14:	20000231 	.word	0x20000231

10004f18 <____aeabi_idiv0_veneer>:
10004f18:	b401      	push	{r0}
10004f1a:	4802      	ldr	r0, [pc, #8]	; (10004f24 <____aeabi_idiv0_veneer+0xc>)
10004f1c:	4684      	mov	ip, r0
10004f1e:	bc01      	pop	{r0}
10004f20:	4760      	bx	ip
10004f22:	bf00      	nop
10004f24:	20000f9d 	.word	0x20000f9d

10004f28 <__mutex_try_enter_veneer>:
10004f28:	b401      	push	{r0}
10004f2a:	4802      	ldr	r0, [pc, #8]	; (10004f34 <__mutex_try_enter_veneer+0xc>)
10004f2c:	4684      	mov	ip, r0
10004f2e:	bc01      	pop	{r0}
10004f30:	4760      	bx	ip
10004f32:	bf00      	nop
10004f34:	200000c1 	.word	0x200000c1

10004f38 <__mutex_enter_timeout_ms_veneer>:
10004f38:	b401      	push	{r0}
10004f3a:	4802      	ldr	r0, [pc, #8]	; (10004f44 <__mutex_enter_timeout_ms_veneer+0xc>)
10004f3c:	4684      	mov	ip, r0
10004f3e:	bc01      	pop	{r0}
10004f40:	4760      	bx	ip
10004f42:	bf00      	nop
10004f44:	200001a1 	.word	0x200001a1

10004f48 <__mutex_try_enter_block_until_veneer>:
10004f48:	b401      	push	{r0}
10004f4a:	4802      	ldr	r0, [pc, #8]	; (10004f54 <__mutex_try_enter_block_until_veneer+0xc>)
10004f4c:	4684      	mov	ip, r0
10004f4e:	bc01      	pop	{r0}
10004f50:	4760      	bx	ip
10004f52:	bf00      	nop
10004f54:	20000105 	.word	0x20000105

10004f58 <__hw_endpoint_start_next_buffer_veneer>:
10004f58:	b401      	push	{r0}
10004f5a:	4802      	ldr	r0, [pc, #8]	; (10004f64 <__hw_endpoint_start_next_buffer_veneer+0xc>)
10004f5c:	4684      	mov	ip, r0
10004f5e:	bc01      	pop	{r0}
10004f60:	4760      	bx	ip
10004f62:	bf00      	nop
10004f64:	20000d01 	.word	0x20000d01

10004f68 <__e15_is_critical_frame_period_veneer>:
10004f68:	b401      	push	{r0}
10004f6a:	4802      	ldr	r0, [pc, #8]	; (10004f74 <__e15_is_critical_frame_period_veneer+0xc>)
10004f6c:	4684      	mov	ip, r0
10004f6e:	bc01      	pop	{r0}
10004f70:	4760      	bx	ip
10004f72:	bf00      	nop
10004f74:	20000c71 	.word	0x20000c71

10004f78 <__hw_endpoint_reset_transfer_veneer>:
10004f78:	b401      	push	{r0}
10004f7a:	4802      	ldr	r0, [pc, #8]	; (10004f84 <__hw_endpoint_reset_transfer_veneer+0xc>)
10004f7c:	4684      	mov	ip, r0
10004f7e:	bc01      	pop	{r0}
10004f80:	4760      	bx	ip
10004f82:	bf00      	nop
10004f84:	20000ca5 	.word	0x20000ca5

10004f88 <___hw_endpoint_buffer_control_update32_veneer>:
10004f88:	b401      	push	{r0}
10004f8a:	4802      	ldr	r0, [pc, #8]	; (10004f94 <___hw_endpoint_buffer_control_update32_veneer+0xc>)
10004f8c:	4684      	mov	ip, r0
10004f8e:	bc01      	pop	{r0}
10004f90:	4760      	bx	ip
10004f92:	bf00      	nop
10004f94:	20000cb1 	.word	0x20000cb1

10004f98 <__reset_non_control_endpoints_veneer>:
10004f98:	b401      	push	{r0}
10004f9a:	4802      	ldr	r0, [pc, #8]	; (10004fa4 <__reset_non_control_endpoints_veneer+0xc>)
10004f9c:	4684      	mov	ip, r0
10004f9e:	bc01      	pop	{r0}
10004fa0:	4760      	bx	ip
10004fa2:	bf00      	nop
10004fa4:	200003f5 	.word	0x200003f5

10004fa8 <__pre_init_runtime_init_early_resets>:
10004fa8:	10001d6d                                m...

10004fac <__pre_init_runtime_init_usb_power_down>:
10004fac:	10001d99 10001f95 10002169 10001ffd     ........i!......
10004fbc:	1000210d                                .!..

10004fc0 <__pre_init_runtime_init_clocks>:
10004fc0:	10001ebd                                ....

10004fc4 <__pre_init_runtime_init_post_clock_resets>:
10004fc4:	10001db5                                ....

10004fc8 <__pre_init_runtime_init_rp2040_gpio_ie_disable>:
10004fc8:	10001dd5                                ....

10004fcc <__pre_init_runtime_init_spin_locks_reset>:
10004fcc:	10001de9                                ....

10004fd0 <__pre_init_runtime_init_mutex>:
10004fd0:	10000df5                                ....

10004fd4 <__pre_init_runtime_init_install_ram_vector_table>:
10004fd4:	10001df1                                ....

10004fd8 <__pre_init_runtime_init_default_alarm_pool>:
10004fd8:	100011d5                                ....

10004fdc <__pre_init_first_per_core_initializer>:
10004fdc:	10001d35                                5...

10004fe0 <__pre_init_runtime_init_per_core_irq_priorities>:
10004fe0:	10000875                                u...

10004fe4 <__init_array_start>:
10004fe4:	10002c71 	.word	0x10002c71

10004fe8 <__frame_dummy_init_array_entry>:
10004fe8:	100002fd                                ....

Disassembly of section .data:

200000c0 <mutex_try_enter>:
200000c0:	0003      	movs	r3, r0
200000c2:	6800      	ldr	r0, [r0, #0]
200000c4:	f3ef 8c10 	mrs	ip, PRIMASK
200000c8:	b672      	cpsid	i
200000ca:	6802      	ldr	r2, [r0, #0]
200000cc:	2a00      	cmp	r2, #0
200000ce:	d0fc      	beq.n	200000ca <mutex_try_enter+0xa>
200000d0:	f3bf 8f5f 	dmb	sy
200000d4:	2204      	movs	r2, #4
200000d6:	569a      	ldrsb	r2, [r3, r2]
200000d8:	2a00      	cmp	r2, #0
200000da:	db0b      	blt.n	200000f4 <mutex_try_enter+0x34>
200000dc:	2900      	cmp	r1, #0
200000de:	d00f      	beq.n	20000100 <mutex_try_enter+0x40>
200000e0:	2000      	movs	r0, #0
200000e2:	600a      	str	r2, [r1, #0]
200000e4:	681b      	ldr	r3, [r3, #0]
200000e6:	f3bf 8f5f 	dmb	sy
200000ea:	2200      	movs	r2, #0
200000ec:	601a      	str	r2, [r3, #0]
200000ee:	f38c 8810 	msr	PRIMASK, ip
200000f2:	4770      	bx	lr
200000f4:	22d0      	movs	r2, #208	; 0xd0
200000f6:	0612      	lsls	r2, r2, #24
200000f8:	6812      	ldr	r2, [r2, #0]
200000fa:	2001      	movs	r0, #1
200000fc:	711a      	strb	r2, [r3, #4]
200000fe:	e7f1      	b.n	200000e4 <mutex_try_enter+0x24>
20000100:	2000      	movs	r0, #0
20000102:	e7ef      	b.n	200000e4 <mutex_try_enter+0x24>

20000104 <mutex_try_enter_block_until>:
20000104:	b5f0      	push	{r4, r5, r6, r7, lr}
20000106:	46c6      	mov	lr, r8
20000108:	0015      	movs	r5, r2
2000010a:	b500      	push	{lr}
2000010c:	0004      	movs	r4, r0
2000010e:	001e      	movs	r6, r3
20000110:	6802      	ldr	r2, [r0, #0]
20000112:	f3ef 8110 	mrs	r1, PRIMASK
20000116:	b672      	cpsid	i
20000118:	6813      	ldr	r3, [r2, #0]
2000011a:	2b00      	cmp	r3, #0
2000011c:	d0fc      	beq.n	20000118 <mutex_try_enter_block_until+0x14>
2000011e:	f3bf 8f5f 	dmb	sy
20000122:	2304      	movs	r3, #4
20000124:	56e3      	ldrsb	r3, [r4, r3]
20000126:	2b00      	cmp	r3, #0
20000128:	db2d      	blt.n	20000186 <mutex_try_enter_block_until+0x82>
2000012a:	6822      	ldr	r2, [r4, #0]
2000012c:	f3bf 8f5f 	dmb	sy
20000130:	2000      	movs	r0, #0
20000132:	6010      	str	r0, [r2, #0]
20000134:	f381 8810 	msr	PRIMASK, r1
20000138:	22d0      	movs	r2, #208	; 0xd0
2000013a:	0612      	lsls	r2, r2, #24
2000013c:	7812      	ldrb	r2, [r2, #0]
2000013e:	b252      	sxtb	r2, r2
20000140:	4690      	mov	r8, r2
20000142:	429a      	cmp	r2, r3
20000144:	d103      	bne.n	2000014e <mutex_try_enter_block_until+0x4a>
20000146:	2000      	movs	r0, #0
20000148:	bc80      	pop	{r7}
2000014a:	46b8      	mov	r8, r7
2000014c:	bdf0      	pop	{r4, r5, r6, r7, pc}
2000014e:	2700      	movs	r7, #0
20000150:	e00b      	b.n	2000016a <mutex_try_enter_block_until+0x66>
20000152:	6823      	ldr	r3, [r4, #0]
20000154:	f3bf 8f5f 	dmb	sy
20000158:	601f      	str	r7, [r3, #0]
2000015a:	f381 8810 	msr	PRIMASK, r1
2000015e:	0028      	movs	r0, r5
20000160:	0031      	movs	r1, r6
20000162:	f000 ff55 	bl	20001010 <__best_effort_wfe_or_timeout_veneer>
20000166:	2800      	cmp	r0, #0
20000168:	d1ed      	bne.n	20000146 <mutex_try_enter_block_until+0x42>
2000016a:	6822      	ldr	r2, [r4, #0]
2000016c:	f3ef 8110 	mrs	r1, PRIMASK
20000170:	b672      	cpsid	i
20000172:	6813      	ldr	r3, [r2, #0]
20000174:	2b00      	cmp	r3, #0
20000176:	d0fc      	beq.n	20000172 <mutex_try_enter_block_until+0x6e>
20000178:	f3bf 8f5f 	dmb	sy
2000017c:	7923      	ldrb	r3, [r4, #4]
2000017e:	2b7f      	cmp	r3, #127	; 0x7f
20000180:	d9e7      	bls.n	20000152 <mutex_try_enter_block_until+0x4e>
20000182:	4643      	mov	r3, r8
20000184:	e002      	b.n	2000018c <mutex_try_enter_block_until+0x88>
20000186:	23d0      	movs	r3, #208	; 0xd0
20000188:	061b      	lsls	r3, r3, #24
2000018a:	681b      	ldr	r3, [r3, #0]
2000018c:	7123      	strb	r3, [r4, #4]
2000018e:	6823      	ldr	r3, [r4, #0]
20000190:	f3bf 8f5f 	dmb	sy
20000194:	2200      	movs	r2, #0
20000196:	601a      	str	r2, [r3, #0]
20000198:	f381 8810 	msr	PRIMASK, r1
2000019c:	2001      	movs	r0, #1
2000019e:	e7d3      	b.n	20000148 <mutex_try_enter_block_until+0x44>

200001a0 <mutex_enter_timeout_ms>:
200001a0:	b5f0      	push	{r4, r5, r6, r7, lr}
200001a2:	46c6      	mov	lr, r8
200001a4:	b500      	push	{lr}
200001a6:	000d      	movs	r5, r1
200001a8:	0004      	movs	r4, r0
200001aa:	f000 ff09 	bl	20000fc0 <__time_us_64_veneer>
200001ae:	22fa      	movs	r2, #250	; 0xfa
200001b0:	0006      	movs	r6, r0
200001b2:	000f      	movs	r7, r1
200001b4:	2300      	movs	r3, #0
200001b6:	0028      	movs	r0, r5
200001b8:	2100      	movs	r1, #0
200001ba:	0092      	lsls	r2, r2, #2
200001bc:	f000 fef8 	bl	20000fb0 <____wrap___aeabi_lmul_veneer>
200001c0:	1836      	adds	r6, r6, r0
200001c2:	414f      	adcs	r7, r1
200001c4:	2f00      	cmp	r7, #0
200001c6:	db2c      	blt.n	20000222 <mutex_enter_timeout_ms+0x82>
200001c8:	23d0      	movs	r3, #208	; 0xd0
200001ca:	061b      	lsls	r3, r3, #24
200001cc:	681b      	ldr	r3, [r3, #0]
200001ce:	2500      	movs	r5, #0
200001d0:	4698      	mov	r8, r3
200001d2:	e00b      	b.n	200001ec <mutex_enter_timeout_ms+0x4c>
200001d4:	6823      	ldr	r3, [r4, #0]
200001d6:	f3bf 8f5f 	dmb	sy
200001da:	601d      	str	r5, [r3, #0]
200001dc:	f381 8810 	msr	PRIMASK, r1
200001e0:	0030      	movs	r0, r6
200001e2:	0039      	movs	r1, r7
200001e4:	f000 ff14 	bl	20001010 <__best_effort_wfe_or_timeout_veneer>
200001e8:	2800      	cmp	r0, #0
200001ea:	d118      	bne.n	2000021e <mutex_enter_timeout_ms+0x7e>
200001ec:	6822      	ldr	r2, [r4, #0]
200001ee:	f3ef 8110 	mrs	r1, PRIMASK
200001f2:	b672      	cpsid	i
200001f4:	6813      	ldr	r3, [r2, #0]
200001f6:	2b00      	cmp	r3, #0
200001f8:	d0fc      	beq.n	200001f4 <mutex_enter_timeout_ms+0x54>
200001fa:	f3bf 8f5f 	dmb	sy
200001fe:	7923      	ldrb	r3, [r4, #4]
20000200:	2b7f      	cmp	r3, #127	; 0x7f
20000202:	d9e7      	bls.n	200001d4 <mutex_enter_timeout_ms+0x34>
20000204:	4643      	mov	r3, r8
20000206:	7123      	strb	r3, [r4, #4]
20000208:	6823      	ldr	r3, [r4, #0]
2000020a:	f3bf 8f5f 	dmb	sy
2000020e:	2200      	movs	r2, #0
20000210:	601a      	str	r2, [r3, #0]
20000212:	f381 8810 	msr	PRIMASK, r1
20000216:	2001      	movs	r0, #1
20000218:	bc80      	pop	{r7}
2000021a:	46b8      	mov	r8, r7
2000021c:	bdf0      	pop	{r4, r5, r6, r7, pc}
2000021e:	2000      	movs	r0, #0
20000220:	e7fa      	b.n	20000218 <mutex_enter_timeout_ms+0x78>
20000222:	2601      	movs	r6, #1
20000224:	4f01      	ldr	r7, [pc, #4]	; (2000022c <mutex_enter_timeout_ms+0x8c>)
20000226:	4276      	negs	r6, r6
20000228:	e7ce      	b.n	200001c8 <mutex_enter_timeout_ms+0x28>
2000022a:	46c0      	nop			; (mov r8, r8)
2000022c:	7fffffff 	.word	0x7fffffff

20000230 <mutex_exit>:
20000230:	6802      	ldr	r2, [r0, #0]
20000232:	f3ef 8110 	mrs	r1, PRIMASK
20000236:	b672      	cpsid	i
20000238:	6813      	ldr	r3, [r2, #0]
2000023a:	2b00      	cmp	r3, #0
2000023c:	d0fc      	beq.n	20000238 <mutex_exit+0x8>
2000023e:	f3bf 8f5f 	dmb	sy
20000242:	23ff      	movs	r3, #255	; 0xff
20000244:	7103      	strb	r3, [r0, #4]
20000246:	6803      	ldr	r3, [r0, #0]
20000248:	f3bf 8f5f 	dmb	sy
2000024c:	2200      	movs	r2, #0
2000024e:	601a      	str	r2, [r3, #0]
20000250:	f381 8810 	msr	PRIMASK, r1
20000254:	bf40      	sev
20000256:	4770      	bx	lr

20000258 <flash_init_boot2_copyout>:
20000258:	b510      	push	{r4, lr}
2000025a:	4c08      	ldr	r4, [pc, #32]	; (2000027c <flash_init_boot2_copyout+0x24>)
2000025c:	7823      	ldrb	r3, [r4, #0]
2000025e:	2b00      	cmp	r3, #0
20000260:	d10a      	bne.n	20000278 <flash_init_boot2_copyout+0x20>
20000262:	2380      	movs	r3, #128	; 0x80
20000264:	4806      	ldr	r0, [pc, #24]	; (20000280 <flash_init_boot2_copyout+0x28>)
20000266:	4907      	ldr	r1, [pc, #28]	; (20000284 <flash_init_boot2_copyout+0x2c>)
20000268:	055b      	lsls	r3, r3, #21
2000026a:	681a      	ldr	r2, [r3, #0]
2000026c:	50c2      	str	r2, [r0, r3]
2000026e:	3304      	adds	r3, #4
20000270:	428b      	cmp	r3, r1
20000272:	d1fa      	bne.n	2000026a <flash_init_boot2_copyout+0x12>
20000274:	2301      	movs	r3, #1
20000276:	7023      	strb	r3, [r4, #0]
20000278:	bd10      	pop	{r4, pc}
2000027a:	46c0      	nop			; (mov r8, r8)
2000027c:	20002010 	.word	0x20002010
20000280:	10001944 	.word	0x10001944
20000284:	10000100 	.word	0x10000100

20000288 <flash_enable_xip_via_boot2>:
20000288:	b510      	push	{r4, lr}
2000028a:	4b02      	ldr	r3, [pc, #8]	; (20000294 <flash_enable_xip_via_boot2+0xc>)
2000028c:	3301      	adds	r3, #1
2000028e:	4798      	blx	r3
20000290:	bd10      	pop	{r4, pc}
20000292:	46c0      	nop			; (mov r8, r8)
20000294:	20001944 	.word	0x20001944

20000298 <flash_save_hardware_state>:
20000298:	4b07      	ldr	r3, [pc, #28]	; (200002b8 <flash_save_hardware_state+0x20>)
2000029a:	685b      	ldr	r3, [r3, #4]
2000029c:	6003      	str	r3, [r0, #0]
2000029e:	4b07      	ldr	r3, [pc, #28]	; (200002bc <flash_save_hardware_state+0x24>)
200002a0:	685a      	ldr	r2, [r3, #4]
200002a2:	6042      	str	r2, [r0, #4]
200002a4:	689a      	ldr	r2, [r3, #8]
200002a6:	6082      	str	r2, [r0, #8]
200002a8:	68da      	ldr	r2, [r3, #12]
200002aa:	60c2      	str	r2, [r0, #12]
200002ac:	691a      	ldr	r2, [r3, #16]
200002ae:	695b      	ldr	r3, [r3, #20]
200002b0:	6102      	str	r2, [r0, #16]
200002b2:	6143      	str	r3, [r0, #20]
200002b4:	4770      	bx	lr
200002b6:	46c0      	nop			; (mov r8, r8)
200002b8:	40020000 	.word	0x40020000
200002bc:	40020004 	.word	0x40020004

200002c0 <flash_restore_hardware_state>:
200002c0:	6802      	ldr	r2, [r0, #0]
200002c2:	4b07      	ldr	r3, [pc, #28]	; (200002e0 <flash_restore_hardware_state+0x20>)
200002c4:	605a      	str	r2, [r3, #4]
200002c6:	6842      	ldr	r2, [r0, #4]
200002c8:	4b06      	ldr	r3, [pc, #24]	; (200002e4 <flash_restore_hardware_state+0x24>)
200002ca:	605a      	str	r2, [r3, #4]
200002cc:	6882      	ldr	r2, [r0, #8]
200002ce:	609a      	str	r2, [r3, #8]
200002d0:	68c2      	ldr	r2, [r0, #12]
200002d2:	60da      	str	r2, [r3, #12]
200002d4:	6902      	ldr	r2, [r0, #16]
200002d6:	611a      	str	r2, [r3, #16]
200002d8:	6942      	ldr	r2, [r0, #20]
200002da:	615a      	str	r2, [r3, #20]
200002dc:	4770      	bx	lr
200002de:	46c0      	nop			; (mov r8, r8)
200002e0:	40020000 	.word	0x40020000
200002e4:	40020004 	.word	0x40020004

200002e8 <flash_cs_force.constprop.0>:
200002e8:	4b03      	ldr	r3, [pc, #12]	; (200002f8 <flash_cs_force.constprop.0+0x10>)
200002ea:	681a      	ldr	r2, [r3, #0]
200002ec:	23c0      	movs	r3, #192	; 0xc0
200002ee:	009b      	lsls	r3, r3, #2
200002f0:	4393      	bics	r3, r2
200002f2:	4a02      	ldr	r2, [pc, #8]	; (200002fc <flash_cs_force.constprop.0+0x14>)
200002f4:	6013      	str	r3, [r2, #0]
200002f6:	4770      	bx	lr
200002f8:	4001800c 	.word	0x4001800c
200002fc:	4001900c 	.word	0x4001900c

20000300 <flash_cs_force.constprop.1>:
20000300:	4b05      	ldr	r3, [pc, #20]	; (20000318 <flash_cs_force.constprop.1+0x18>)
20000302:	681a      	ldr	r2, [r3, #0]
20000304:	2380      	movs	r3, #128	; 0x80
20000306:	009b      	lsls	r3, r3, #2
20000308:	4053      	eors	r3, r2
2000030a:	22c0      	movs	r2, #192	; 0xc0
2000030c:	0092      	lsls	r2, r2, #2
2000030e:	4013      	ands	r3, r2
20000310:	4a02      	ldr	r2, [pc, #8]	; (2000031c <flash_cs_force.constprop.1+0x1c>)
20000312:	6013      	str	r3, [r2, #0]
20000314:	4770      	bx	lr
20000316:	46c0      	nop			; (mov r8, r8)
20000318:	4001800c 	.word	0x4001800c
2000031c:	4001900c 	.word	0x4001900c

20000320 <flash_do_cmd>:
20000320:	2314      	movs	r3, #20
20000322:	b5f0      	push	{r4, r5, r6, r7, lr}
20000324:	46d6      	mov	lr, sl
20000326:	464f      	mov	r7, r9
20000328:	4646      	mov	r6, r8
2000032a:	469a      	mov	sl, r3
2000032c:	b5c0      	push	{r6, r7, lr}
2000032e:	4681      	mov	r9, r0
20000330:	8818      	ldrh	r0, [r3, #0]
20000332:	3304      	adds	r3, #4
20000334:	b086      	sub	sp, #24
20000336:	4698      	mov	r8, r3
20000338:	000e      	movs	r6, r1
2000033a:	881b      	ldrh	r3, [r3, #0]
2000033c:	492a      	ldr	r1, [pc, #168]	; (200003e8 <flash_do_cmd+0xc8>)
2000033e:	0014      	movs	r4, r2
20000340:	4798      	blx	r3
20000342:	4653      	mov	r3, sl
20000344:	0007      	movs	r7, r0
20000346:	8818      	ldrh	r0, [r3, #0]
20000348:	4643      	mov	r3, r8
2000034a:	4928      	ldr	r1, [pc, #160]	; (200003ec <flash_do_cmd+0xcc>)
2000034c:	881b      	ldrh	r3, [r3, #0]
2000034e:	4798      	blx	r3
20000350:	4653      	mov	r3, sl
20000352:	0005      	movs	r5, r0
20000354:	8818      	ldrh	r0, [r3, #0]
20000356:	4643      	mov	r3, r8
20000358:	4925      	ldr	r1, [pc, #148]	; (200003f0 <flash_do_cmd+0xd0>)
2000035a:	881b      	ldrh	r3, [r3, #0]
2000035c:	4798      	blx	r3
2000035e:	4680      	mov	r8, r0
20000360:	f7ff ff7a 	bl	20000258 <flash_init_boot2_copyout>
20000364:	4668      	mov	r0, sp
20000366:	f7ff ff97 	bl	20000298 <flash_save_hardware_state>
2000036a:	47b8      	blx	r7
2000036c:	47a8      	blx	r5
2000036e:	f7ff ffc7 	bl	20000300 <flash_cs_force.constprop.1>
20000372:	2c00      	cmp	r4, #0
20000374:	d01b      	beq.n	200003ae <flash_do_cmd+0x8e>
20000376:	21c0      	movs	r1, #192	; 0xc0
20000378:	0022      	movs	r2, r4
2000037a:	2708      	movs	r7, #8
2000037c:	2002      	movs	r0, #2
2000037e:	0549      	lsls	r1, r1, #21
20000380:	003d      	movs	r5, r7
20000382:	6a8b      	ldr	r3, [r1, #40]	; 0x28
20000384:	401d      	ands	r5, r3
20000386:	4218      	tst	r0, r3
20000388:	d00b      	beq.n	200003a2 <flash_do_cmd+0x82>
2000038a:	2c00      	cmp	r4, #0
2000038c:	d009      	beq.n	200003a2 <flash_do_cmd+0x82>
2000038e:	1b13      	subs	r3, r2, r4
20000390:	2b0d      	cmp	r3, #13
20000392:	d823      	bhi.n	200003dc <flash_do_cmd+0xbc>
20000394:	464b      	mov	r3, r9
20000396:	781b      	ldrb	r3, [r3, #0]
20000398:	3c01      	subs	r4, #1
2000039a:	660b      	str	r3, [r1, #96]	; 0x60
2000039c:	2301      	movs	r3, #1
2000039e:	469c      	mov	ip, r3
200003a0:	44e1      	add	r9, ip
200003a2:	0023      	movs	r3, r4
200003a4:	2d00      	cmp	r5, #0
200003a6:	d110      	bne.n	200003ca <flash_do_cmd+0xaa>
200003a8:	4313      	orrs	r3, r2
200003aa:	2b00      	cmp	r3, #0
200003ac:	d1e8      	bne.n	20000380 <flash_do_cmd+0x60>
200003ae:	f7ff ff9b 	bl	200002e8 <flash_cs_force.constprop.0>
200003b2:	47c0      	blx	r8
200003b4:	f7ff ff68 	bl	20000288 <flash_enable_xip_via_boot2>
200003b8:	4668      	mov	r0, sp
200003ba:	f7ff ff81 	bl	200002c0 <flash_restore_hardware_state>
200003be:	b006      	add	sp, #24
200003c0:	bce0      	pop	{r5, r6, r7}
200003c2:	46ba      	mov	sl, r7
200003c4:	46b1      	mov	r9, r6
200003c6:	46a8      	mov	r8, r5
200003c8:	bdf0      	pop	{r4, r5, r6, r7, pc}
200003ca:	2a00      	cmp	r2, #0
200003cc:	d0ed      	beq.n	200003aa <flash_do_cmd+0x8a>
200003ce:	6e0b      	ldr	r3, [r1, #96]	; 0x60
200003d0:	3a01      	subs	r2, #1
200003d2:	7033      	strb	r3, [r6, #0]
200003d4:	0013      	movs	r3, r2
200003d6:	3601      	adds	r6, #1
200003d8:	4323      	orrs	r3, r4
200003da:	e7e6      	b.n	200003aa <flash_do_cmd+0x8a>
200003dc:	2d00      	cmp	r5, #0
200003de:	d0cf      	beq.n	20000380 <flash_do_cmd+0x60>
200003e0:	2a00      	cmp	r2, #0
200003e2:	d0cd      	beq.n	20000380 <flash_do_cmd+0x60>
200003e4:	e7f3      	b.n	200003ce <flash_do_cmd+0xae>
200003e6:	46c0      	nop			; (mov r8, r8)
200003e8:	00004649 	.word	0x00004649
200003ec:	00005845 	.word	0x00005845
200003f0:	00004346 	.word	0x00004346

200003f4 <reset_non_control_endpoints>:
200003f4:	2300      	movs	r3, #0
200003f6:	4a1c      	ldr	r2, [pc, #112]	; (20000468 <reset_non_control_endpoints+0x74>)
200003f8:	b510      	push	{r4, lr}
200003fa:	6093      	str	r3, [r2, #8]
200003fc:	60d3      	str	r3, [r2, #12]
200003fe:	4a1b      	ldr	r2, [pc, #108]	; (2000046c <reset_non_control_endpoints+0x78>)
20000400:	2100      	movs	r1, #0
20000402:	6093      	str	r3, [r2, #8]
20000404:	60d3      	str	r3, [r2, #12]
20000406:	4a1a      	ldr	r2, [pc, #104]	; (20000470 <reset_non_control_endpoints+0x7c>)
20000408:	481a      	ldr	r0, [pc, #104]	; (20000474 <reset_non_control_endpoints+0x80>)
2000040a:	6093      	str	r3, [r2, #8]
2000040c:	60d3      	str	r3, [r2, #12]
2000040e:	4a1a      	ldr	r2, [pc, #104]	; (20000478 <reset_non_control_endpoints+0x84>)
20000410:	6093      	str	r3, [r2, #8]
20000412:	60d3      	str	r3, [r2, #12]
20000414:	4a19      	ldr	r2, [pc, #100]	; (2000047c <reset_non_control_endpoints+0x88>)
20000416:	6093      	str	r3, [r2, #8]
20000418:	60d3      	str	r3, [r2, #12]
2000041a:	4a19      	ldr	r2, [pc, #100]	; (20000480 <reset_non_control_endpoints+0x8c>)
2000041c:	6093      	str	r3, [r2, #8]
2000041e:	60d3      	str	r3, [r2, #12]
20000420:	4a18      	ldr	r2, [pc, #96]	; (20000484 <reset_non_control_endpoints+0x90>)
20000422:	6093      	str	r3, [r2, #8]
20000424:	60d3      	str	r3, [r2, #12]
20000426:	4a18      	ldr	r2, [pc, #96]	; (20000488 <reset_non_control_endpoints+0x94>)
20000428:	6093      	str	r3, [r2, #8]
2000042a:	60d3      	str	r3, [r2, #12]
2000042c:	4a17      	ldr	r2, [pc, #92]	; (2000048c <reset_non_control_endpoints+0x98>)
2000042e:	6093      	str	r3, [r2, #8]
20000430:	60d3      	str	r3, [r2, #12]
20000432:	4a17      	ldr	r2, [pc, #92]	; (20000490 <reset_non_control_endpoints+0x9c>)
20000434:	6093      	str	r3, [r2, #8]
20000436:	60d3      	str	r3, [r2, #12]
20000438:	4a16      	ldr	r2, [pc, #88]	; (20000494 <reset_non_control_endpoints+0xa0>)
2000043a:	6093      	str	r3, [r2, #8]
2000043c:	60d3      	str	r3, [r2, #12]
2000043e:	4a16      	ldr	r2, [pc, #88]	; (20000498 <reset_non_control_endpoints+0xa4>)
20000440:	6093      	str	r3, [r2, #8]
20000442:	60d3      	str	r3, [r2, #12]
20000444:	4a15      	ldr	r2, [pc, #84]	; (2000049c <reset_non_control_endpoints+0xa8>)
20000446:	6093      	str	r3, [r2, #8]
20000448:	60d3      	str	r3, [r2, #12]
2000044a:	4a15      	ldr	r2, [pc, #84]	; (200004a0 <reset_non_control_endpoints+0xac>)
2000044c:	6093      	str	r3, [r2, #8]
2000044e:	60d3      	str	r3, [r2, #12]
20000450:	4a14      	ldr	r2, [pc, #80]	; (200004a4 <reset_non_control_endpoints+0xb0>)
20000452:	6093      	str	r3, [r2, #8]
20000454:	60d3      	str	r3, [r2, #12]
20000456:	22f0      	movs	r2, #240	; 0xf0
20000458:	0092      	lsls	r2, r2, #2
2000045a:	f000 fdb9 	bl	20000fd0 <____wrap_memset_veneer>
2000045e:	4b12      	ldr	r3, [pc, #72]	; (200004a8 <reset_non_control_endpoints+0xb4>)
20000460:	4a12      	ldr	r2, [pc, #72]	; (200004ac <reset_non_control_endpoints+0xb8>)
20000462:	601a      	str	r2, [r3, #0]
20000464:	bd10      	pop	{r4, pc}
20000466:	46c0      	nop			; (mov r8, r8)
20000468:	50100000 	.word	0x50100000
2000046c:	50100008 	.word	0x50100008
20000470:	50100010 	.word	0x50100010
20000474:	20001af8 	.word	0x20001af8
20000478:	50100018 	.word	0x50100018
2000047c:	50100020 	.word	0x50100020
20000480:	50100028 	.word	0x50100028
20000484:	50100030 	.word	0x50100030
20000488:	50100038 	.word	0x50100038
2000048c:	50100040 	.word	0x50100040
20000490:	50100048 	.word	0x50100048
20000494:	50100050 	.word	0x50100050
20000498:	50100058 	.word	0x50100058
2000049c:	50100060 	.word	0x50100060
200004a0:	50100068 	.word	0x50100068
200004a4:	50100070 	.word	0x50100070
200004a8:	20001ec0 	.word	0x20001ec0
200004ac:	50100180 	.word	0x50100180

200004b0 <hw_handle_buff_status>:
200004b0:	b5f0      	push	{r4, r5, r6, r7, lr}
200004b2:	464f      	mov	r7, r9
200004b4:	46d6      	mov	lr, sl
200004b6:	4646      	mov	r6, r8
200004b8:	b5c0      	push	{r6, r7, lr}
200004ba:	4b20      	ldr	r3, [pc, #128]	; (2000053c <hw_handle_buff_status+0x8c>)
200004bc:	b084      	sub	sp, #16
200004be:	6d9f      	ldr	r7, [r3, #88]	; 0x58
200004c0:	2f00      	cmp	r7, #0
200004c2:	d023      	beq.n	2000050c <hw_handle_buff_status+0x5c>
200004c4:	4b1e      	ldr	r3, [pc, #120]	; (20000540 <hw_handle_buff_status+0x90>)
200004c6:	2400      	movs	r4, #0
200004c8:	469a      	mov	sl, r3
200004ca:	2301      	movs	r3, #1
200004cc:	4699      	mov	r9, r3
200004ce:	4b1d      	ldr	r3, [pc, #116]	; (20000544 <hw_handle_buff_status+0x94>)
200004d0:	2601      	movs	r6, #1
200004d2:	4698      	mov	r8, r3
200004d4:	e004      	b.n	200004e0 <hw_handle_buff_status+0x30>
200004d6:	3401      	adds	r4, #1
200004d8:	0076      	lsls	r6, r6, #1
200004da:	b2e4      	uxtb	r4, r4
200004dc:	2c20      	cmp	r4, #32
200004de:	d015      	beq.n	2000050c <hw_handle_buff_status+0x5c>
200004e0:	423e      	tst	r6, r7
200004e2:	d0f8      	beq.n	200004d6 <hw_handle_buff_status+0x26>
200004e4:	4653      	mov	r3, sl
200004e6:	659e      	str	r6, [r3, #88]	; 0x58
200004e8:	464b      	mov	r3, r9
200004ea:	0865      	lsrs	r5, r4, #1
200004ec:	006d      	lsls	r5, r5, #1
200004ee:	43a3      	bics	r3, r4
200004f0:	18ed      	adds	r5, r5, r3
200004f2:	016d      	lsls	r5, r5, #5
200004f4:	4445      	add	r5, r8
200004f6:	0028      	movs	r0, r5
200004f8:	f000 fc38 	bl	20000d6c <hw_endpoint_xfer_continue>
200004fc:	2800      	cmp	r0, #0
200004fe:	d10b      	bne.n	20000518 <hw_handle_buff_status+0x68>
20000500:	3401      	adds	r4, #1
20000502:	43b7      	bics	r7, r6
20000504:	b2e4      	uxtb	r4, r4
20000506:	0076      	lsls	r6, r6, #1
20000508:	2f00      	cmp	r7, #0
2000050a:	d1e7      	bne.n	200004dc <hw_handle_buff_status+0x2c>
2000050c:	b004      	add	sp, #16
2000050e:	bce0      	pop	{r5, r6, r7}
20000510:	46ba      	mov	sl, r7
20000512:	46b1      	mov	r9, r6
20000514:	46a8      	mov	r8, r5
20000516:	bdf0      	pop	{r4, r5, r6, r7, pc}
20000518:	8aeb      	ldrh	r3, [r5, #22]
2000051a:	21e0      	movs	r1, #224	; 0xe0
2000051c:	9303      	str	r3, [sp, #12]
2000051e:	2300      	movs	r3, #0
20000520:	a801      	add	r0, sp, #4
20000522:	78aa      	ldrb	r2, [r5, #2]
20000524:	00c9      	lsls	r1, r1, #3
20000526:	8001      	strh	r1, [r0, #0]
20000528:	2101      	movs	r1, #1
2000052a:	7102      	strb	r2, [r0, #4]
2000052c:	7143      	strb	r3, [r0, #5]
2000052e:	f000 fc3d 	bl	20000dac <dcd_event_handler>
20000532:	0028      	movs	r0, r5
20000534:	f000 fbb6 	bl	20000ca4 <hw_endpoint_reset_transfer>
20000538:	e7e2      	b.n	20000500 <hw_handle_buff_status+0x50>
2000053a:	46c0      	nop			; (mov r8, r8)
2000053c:	50110000 	.word	0x50110000
20000540:	50113000 	.word	0x50113000
20000544:	20001ab8 	.word	0x20001ab8

20000548 <dcd_rp2040_irq>:
20000548:	2398      	movs	r3, #152	; 0x98
2000054a:	b5f0      	push	{r4, r5, r6, r7, lr}
2000054c:	4646      	mov	r6, r8
2000054e:	46d6      	mov	lr, sl
20000550:	464f      	mov	r7, r9
20000552:	4acd      	ldr	r2, [pc, #820]	; (20000888 <dcd_rp2040_irq+0x340>)
20000554:	b5c0      	push	{r6, r7, lr}
20000556:	58d5      	ldr	r5, [r2, r3]
20000558:	2380      	movs	r3, #128	; 0x80
2000055a:	002c      	movs	r4, r5
2000055c:	029b      	lsls	r3, r3, #10
2000055e:	2610      	movs	r6, #16
20000560:	b084      	sub	sp, #16
20000562:	401c      	ands	r4, r3
20000564:	421d      	tst	r5, r3
20000566:	d073      	beq.n	20000650 <dcd_rp2040_irq+0x108>
20000568:	4bc8      	ldr	r3, [pc, #800]	; (2000088c <dcd_rp2040_irq+0x344>)
2000056a:	4cc9      	ldr	r4, [pc, #804]	; (20000890 <dcd_rp2040_irq+0x348>)
2000056c:	6a9a      	ldr	r2, [r3, #40]	; 0x28
2000056e:	4bc9      	ldr	r3, [pc, #804]	; (20000894 <dcd_rp2040_irq+0x34c>)
20000570:	2600      	movs	r6, #0
20000572:	601a      	str	r2, [r3, #0]
20000574:	233b      	movs	r3, #59	; 0x3b
20000576:	5ce3      	ldrb	r3, [r4, r3]
20000578:	2b02      	cmp	r3, #2
2000057a:	d100      	bne.n	2000057e <dcd_rp2040_irq+0x36>
2000057c:	e0fe      	b.n	2000077c <dcd_rp2040_irq+0x234>
2000057e:	237b      	movs	r3, #123	; 0x7b
20000580:	5ce3      	ldrb	r3, [r4, r3]
20000582:	2b02      	cmp	r3, #2
20000584:	d100      	bne.n	20000588 <dcd_rp2040_irq+0x40>
20000586:	e11c      	b.n	200007c2 <dcd_rp2040_irq+0x27a>
20000588:	23bb      	movs	r3, #187	; 0xbb
2000058a:	5ce3      	ldrb	r3, [r4, r3]
2000058c:	2b02      	cmp	r3, #2
2000058e:	d100      	bne.n	20000592 <dcd_rp2040_irq+0x4a>
20000590:	e105      	b.n	2000079e <dcd_rp2040_irq+0x256>
20000592:	23fb      	movs	r3, #251	; 0xfb
20000594:	5ce3      	ldrb	r3, [r4, r3]
20000596:	2b02      	cmp	r3, #2
20000598:	d100      	bne.n	2000059c <dcd_rp2040_irq+0x54>
2000059a:	e163      	b.n	20000864 <dcd_rp2040_irq+0x31c>
2000059c:	233c      	movs	r3, #60	; 0x3c
2000059e:	33ff      	adds	r3, #255	; 0xff
200005a0:	5ce3      	ldrb	r3, [r4, r3]
200005a2:	2b02      	cmp	r3, #2
200005a4:	d100      	bne.n	200005a8 <dcd_rp2040_irq+0x60>
200005a6:	e148      	b.n	2000083a <dcd_rp2040_irq+0x2f2>
200005a8:	237c      	movs	r3, #124	; 0x7c
200005aa:	33ff      	adds	r3, #255	; 0xff
200005ac:	5ce3      	ldrb	r3, [r4, r3]
200005ae:	2b02      	cmp	r3, #2
200005b0:	d100      	bne.n	200005b4 <dcd_rp2040_irq+0x6c>
200005b2:	e12d      	b.n	20000810 <dcd_rp2040_irq+0x2c8>
200005b4:	23bc      	movs	r3, #188	; 0xbc
200005b6:	33ff      	adds	r3, #255	; 0xff
200005b8:	5ce3      	ldrb	r3, [r4, r3]
200005ba:	2b02      	cmp	r3, #2
200005bc:	d100      	bne.n	200005c0 <dcd_rp2040_irq+0x78>
200005be:	e112      	b.n	200007e6 <dcd_rp2040_irq+0x29e>
200005c0:	23fc      	movs	r3, #252	; 0xfc
200005c2:	33ff      	adds	r3, #255	; 0xff
200005c4:	5ce3      	ldrb	r3, [r4, r3]
200005c6:	2b02      	cmp	r3, #2
200005c8:	d100      	bne.n	200005cc <dcd_rp2040_irq+0x84>
200005ca:	e20d      	b.n	200009e8 <dcd_rp2040_irq+0x4a0>
200005cc:	4bb2      	ldr	r3, [pc, #712]	; (20000898 <dcd_rp2040_irq+0x350>)
200005ce:	5ce3      	ldrb	r3, [r4, r3]
200005d0:	2b02      	cmp	r3, #2
200005d2:	d100      	bne.n	200005d6 <dcd_rp2040_irq+0x8e>
200005d4:	e1f4      	b.n	200009c0 <dcd_rp2040_irq+0x478>
200005d6:	4bb1      	ldr	r3, [pc, #708]	; (2000089c <dcd_rp2040_irq+0x354>)
200005d8:	5ce3      	ldrb	r3, [r4, r3]
200005da:	2b02      	cmp	r3, #2
200005dc:	d100      	bne.n	200005e0 <dcd_rp2040_irq+0x98>
200005de:	e1db      	b.n	20000998 <dcd_rp2040_irq+0x450>
200005e0:	4baf      	ldr	r3, [pc, #700]	; (200008a0 <dcd_rp2040_irq+0x358>)
200005e2:	5ce3      	ldrb	r3, [r4, r3]
200005e4:	2b02      	cmp	r3, #2
200005e6:	d100      	bne.n	200005ea <dcd_rp2040_irq+0xa2>
200005e8:	e1c2      	b.n	20000970 <dcd_rp2040_irq+0x428>
200005ea:	4bae      	ldr	r3, [pc, #696]	; (200008a4 <dcd_rp2040_irq+0x35c>)
200005ec:	5ce3      	ldrb	r3, [r4, r3]
200005ee:	2b02      	cmp	r3, #2
200005f0:	d100      	bne.n	200005f4 <dcd_rp2040_irq+0xac>
200005f2:	e1a9      	b.n	20000948 <dcd_rp2040_irq+0x400>
200005f4:	4bac      	ldr	r3, [pc, #688]	; (200008a8 <dcd_rp2040_irq+0x360>)
200005f6:	5ce3      	ldrb	r3, [r4, r3]
200005f8:	2b02      	cmp	r3, #2
200005fa:	d100      	bne.n	200005fe <dcd_rp2040_irq+0xb6>
200005fc:	e190      	b.n	20000920 <dcd_rp2040_irq+0x3d8>
200005fe:	4bab      	ldr	r3, [pc, #684]	; (200008ac <dcd_rp2040_irq+0x364>)
20000600:	5ce3      	ldrb	r3, [r4, r3]
20000602:	2b02      	cmp	r3, #2
20000604:	d100      	bne.n	20000608 <dcd_rp2040_irq+0xc0>
20000606:	e177      	b.n	200008f8 <dcd_rp2040_irq+0x3b0>
20000608:	4ba9      	ldr	r3, [pc, #676]	; (200008b0 <dcd_rp2040_irq+0x368>)
2000060a:	5ce3      	ldrb	r3, [r4, r3]
2000060c:	2b02      	cmp	r3, #2
2000060e:	d100      	bne.n	20000612 <dcd_rp2040_irq+0xca>
20000610:	e15c      	b.n	200008cc <dcd_rp2040_irq+0x384>
20000612:	4ba8      	ldr	r3, [pc, #672]	; (200008b4 <dcd_rp2040_irq+0x36c>)
20000614:	5ce3      	ldrb	r3, [r4, r3]
20000616:	2b02      	cmp	r3, #2
20000618:	d100      	bne.n	2000061c <dcd_rp2040_irq+0xd4>
2000061a:	e1fa      	b.n	20000a12 <dcd_rp2040_irq+0x4ca>
2000061c:	2e00      	cmp	r6, #0
2000061e:	d108      	bne.n	20000632 <dcd_rp2040_irq+0xea>
20000620:	4ba5      	ldr	r3, [pc, #660]	; (200008b8 <dcd_rp2040_irq+0x370>)
20000622:	781b      	ldrb	r3, [r3, #0]
20000624:	2b00      	cmp	r3, #0
20000626:	d104      	bne.n	20000632 <dcd_rp2040_irq+0xea>
20000628:	2180      	movs	r1, #128	; 0x80
2000062a:	4aa4      	ldr	r2, [pc, #656]	; (200008bc <dcd_rp2040_irq+0x374>)
2000062c:	3390      	adds	r3, #144	; 0x90
2000062e:	0289      	lsls	r1, r1, #10
20000630:	50d1      	str	r1, [r2, r3]
20000632:	22c0      	movs	r2, #192	; 0xc0
20000634:	4b94      	ldr	r3, [pc, #592]	; (20000888 <dcd_rp2040_irq+0x340>)
20000636:	a801      	add	r0, sp, #4
20000638:	6c9b      	ldr	r3, [r3, #72]	; 0x48
2000063a:	0092      	lsls	r2, r2, #2
2000063c:	055b      	lsls	r3, r3, #21
2000063e:	0d5b      	lsrs	r3, r3, #21
20000640:	2101      	movs	r1, #1
20000642:	2480      	movs	r4, #128	; 0x80
20000644:	8002      	strh	r2, [r0, #0]
20000646:	6043      	str	r3, [r0, #4]
20000648:	f000 fbb0 	bl	20000dac <dcd_event_handler>
2000064c:	4e9c      	ldr	r6, [pc, #624]	; (200008c0 <dcd_rp2040_irq+0x378>)
2000064e:	02a4      	lsls	r4, r4, #10
20000650:	06eb      	lsls	r3, r5, #27
20000652:	d500      	bpl.n	20000656 <dcd_rp2040_irq+0x10e>
20000654:	e086      	b.n	20000764 <dcd_rp2040_irq+0x21c>
20000656:	2380      	movs	r3, #128	; 0x80
20000658:	025b      	lsls	r3, r3, #9
2000065a:	421d      	tst	r5, r3
2000065c:	d037      	beq.n	200006ce <dcd_rp2040_irq+0x186>
2000065e:	431c      	orrs	r4, r3
20000660:	2300      	movs	r3, #0
20000662:	4698      	mov	r8, r3
20000664:	3302      	adds	r3, #2
20000666:	4699      	mov	r9, r3
20000668:	4b96      	ldr	r3, [pc, #600]	; (200008c4 <dcd_rp2040_irq+0x37c>)
2000066a:	4e89      	ldr	r6, [pc, #548]	; (20000890 <dcd_rp2040_irq+0x348>)
2000066c:	469a      	mov	sl, r3
2000066e:	7eb3      	ldrb	r3, [r6, #26]
20000670:	2b00      	cmp	r3, #0
20000672:	d017      	beq.n	200006a4 <dcd_rp2040_irq+0x15c>
20000674:	464b      	mov	r3, r9
20000676:	4642      	mov	r2, r8
20000678:	1a9f      	subs	r7, r3, r2
2000067a:	f000 fcc1 	bl	20001000 <__rp2040_chip_version_veneer>
2000067e:	2801      	cmp	r0, #1
20000680:	d900      	bls.n	20000684 <dcd_rp2040_irq+0x13c>
20000682:	e073      	b.n	2000076c <dcd_rp2040_irq+0x224>
20000684:	22c0      	movs	r2, #192	; 0xc0
20000686:	2100      	movs	r1, #0
20000688:	0030      	movs	r0, r6
2000068a:	0192      	lsls	r2, r2, #6
2000068c:	f000 fb10 	bl	20000cb0 <_hw_endpoint_buffer_control_update32>
20000690:	0030      	movs	r0, r6
20000692:	f000 fb07 	bl	20000ca4 <hw_endpoint_reset_transfer>
20000696:	f000 fcb3 	bl	20001000 <__rp2040_chip_version_veneer>
2000069a:	2801      	cmp	r0, #1
2000069c:	d902      	bls.n	200006a4 <dcd_rp2040_irq+0x15c>
2000069e:	4b87      	ldr	r3, [pc, #540]	; (200008bc <dcd_rp2040_irq+0x374>)
200006a0:	665f      	str	r7, [r3, #100]	; 0x64
200006a2:	661f      	str	r7, [r3, #96]	; 0x60
200006a4:	2301      	movs	r3, #1
200006a6:	70f3      	strb	r3, [r6, #3]
200006a8:	4643      	mov	r3, r8
200006aa:	3620      	adds	r6, #32
200006ac:	2b01      	cmp	r3, #1
200006ae:	d123      	bne.n	200006f8 <dcd_rp2040_irq+0x1b0>
200006b0:	23c0      	movs	r3, #192	; 0xc0
200006b2:	a801      	add	r0, sp, #4
200006b4:	00db      	lsls	r3, r3, #3
200006b6:	4a84      	ldr	r2, [pc, #528]	; (200008c8 <dcd_rp2040_irq+0x380>)
200006b8:	8003      	strh	r3, [r0, #0]
200006ba:	ab02      	add	r3, sp, #8
200006bc:	ca42      	ldmia	r2!, {r1, r6}
200006be:	c342      	stmia	r3!, {r1, r6}
200006c0:	2101      	movs	r1, #1
200006c2:	f000 fb73 	bl	20000dac <dcd_event_handler>
200006c6:	2280      	movs	r2, #128	; 0x80
200006c8:	4b7c      	ldr	r3, [pc, #496]	; (200008bc <dcd_rp2040_irq+0x374>)
200006ca:	0292      	lsls	r2, r2, #10
200006cc:	651a      	str	r2, [r3, #80]	; 0x50
200006ce:	2380      	movs	r3, #128	; 0x80
200006d0:	015b      	lsls	r3, r3, #5
200006d2:	421d      	tst	r5, r3
200006d4:	d113      	bne.n	200006fe <dcd_rp2040_irq+0x1b6>
200006d6:	2380      	movs	r3, #128	; 0x80
200006d8:	01db      	lsls	r3, r3, #7
200006da:	421d      	tst	r5, r3
200006dc:	d126      	bne.n	2000072c <dcd_rp2040_irq+0x1e4>
200006de:	2380      	movs	r3, #128	; 0x80
200006e0:	021b      	lsls	r3, r3, #8
200006e2:	421d      	tst	r5, r3
200006e4:	d131      	bne.n	2000074a <dcd_rp2040_irq+0x202>
200006e6:	42ac      	cmp	r4, r5
200006e8:	d000      	beq.n	200006ec <dcd_rp2040_irq+0x1a4>
200006ea:	e1ac      	b.n	20000a46 <dcd_rp2040_irq+0x4fe>
200006ec:	b004      	add	sp, #16
200006ee:	bce0      	pop	{r5, r6, r7}
200006f0:	46ba      	mov	sl, r7
200006f2:	46b1      	mov	r9, r6
200006f4:	46a8      	mov	r8, r5
200006f6:	bdf0      	pop	{r4, r5, r6, r7, pc}
200006f8:	2301      	movs	r3, #1
200006fa:	4698      	mov	r8, r3
200006fc:	e7b7      	b.n	2000066e <dcd_rp2040_irq+0x126>
200006fe:	2600      	movs	r6, #0
20000700:	431c      	orrs	r4, r3
20000702:	4b61      	ldr	r3, [pc, #388]	; (20000888 <dcd_rp2040_irq+0x340>)
20000704:	601e      	str	r6, [r3, #0]
20000706:	f7ff fe75 	bl	200003f4 <reset_non_control_endpoints>
2000070a:	2380      	movs	r3, #128	; 0x80
2000070c:	466a      	mov	r2, sp
2000070e:	005b      	lsls	r3, r3, #1
20000710:	8093      	strh	r3, [r2, #4]
20000712:	7216      	strb	r6, [r2, #8]
20000714:	2101      	movs	r1, #1
20000716:	a801      	add	r0, sp, #4
20000718:	f000 fb48 	bl	20000dac <dcd_event_handler>
2000071c:	2280      	movs	r2, #128	; 0x80
2000071e:	4b67      	ldr	r3, [pc, #412]	; (200008bc <dcd_rp2040_irq+0x374>)
20000720:	0312      	lsls	r2, r2, #12
20000722:	651a      	str	r2, [r3, #80]	; 0x50
20000724:	2380      	movs	r3, #128	; 0x80
20000726:	01db      	lsls	r3, r3, #7
20000728:	421d      	tst	r5, r3
2000072a:	d0d8      	beq.n	200006de <dcd_rp2040_irq+0x196>
2000072c:	431c      	orrs	r4, r3
2000072e:	2380      	movs	r3, #128	; 0x80
20000730:	a801      	add	r0, sp, #4
20000732:	00db      	lsls	r3, r3, #3
20000734:	8003      	strh	r3, [r0, #0]
20000736:	2101      	movs	r1, #1
20000738:	f000 fb38 	bl	20000dac <dcd_event_handler>
2000073c:	2210      	movs	r2, #16
2000073e:	4b5f      	ldr	r3, [pc, #380]	; (200008bc <dcd_rp2040_irq+0x374>)
20000740:	651a      	str	r2, [r3, #80]	; 0x50
20000742:	2380      	movs	r3, #128	; 0x80
20000744:	021b      	lsls	r3, r3, #8
20000746:	421d      	tst	r5, r3
20000748:	d0cd      	beq.n	200006e6 <dcd_rp2040_irq+0x19e>
2000074a:	431c      	orrs	r4, r3
2000074c:	23a0      	movs	r3, #160	; 0xa0
2000074e:	a801      	add	r0, sp, #4
20000750:	00db      	lsls	r3, r3, #3
20000752:	8003      	strh	r3, [r0, #0]
20000754:	2101      	movs	r1, #1
20000756:	f000 fb29 	bl	20000dac <dcd_event_handler>
2000075a:	2280      	movs	r2, #128	; 0x80
2000075c:	4b57      	ldr	r3, [pc, #348]	; (200008bc <dcd_rp2040_irq+0x374>)
2000075e:	0112      	lsls	r2, r2, #4
20000760:	651a      	str	r2, [r3, #80]	; 0x50
20000762:	e7c0      	b.n	200006e6 <dcd_rp2040_irq+0x19e>
20000764:	f7ff fea4 	bl	200004b0 <hw_handle_buff_status>
20000768:	0034      	movs	r4, r6
2000076a:	e774      	b.n	20000656 <dcd_rp2040_irq+0x10e>
2000076c:	4653      	mov	r3, sl
2000076e:	4a46      	ldr	r2, [pc, #280]	; (20000888 <dcd_rp2040_irq+0x340>)
20000770:	661f      	str	r7, [r3, #96]	; 0x60
20000772:	6e53      	ldr	r3, [r2, #100]	; 0x64
20000774:	403b      	ands	r3, r7
20000776:	42bb      	cmp	r3, r7
20000778:	d1fb      	bne.n	20000772 <dcd_rp2040_irq+0x22a>
2000077a:	e783      	b.n	20000684 <dcd_rp2040_irq+0x13c>
2000077c:	3338      	adds	r3, #56	; 0x38
2000077e:	5ce6      	ldrb	r6, [r4, r3]
20000780:	2e00      	cmp	r6, #0
20000782:	d100      	bne.n	20000786 <dcd_rp2040_irq+0x23e>
20000784:	e6fb      	b.n	2000057e <dcd_rp2040_irq+0x36>
20000786:	3302      	adds	r3, #2
20000788:	5ce2      	ldrb	r2, [r4, r3]
2000078a:	2a00      	cmp	r2, #0
2000078c:	d100      	bne.n	20000790 <dcd_rp2040_irq+0x248>
2000078e:	e6f6      	b.n	2000057e <dcd_rp2040_irq+0x36>
20000790:	2200      	movs	r2, #0
20000792:	0020      	movs	r0, r4
20000794:	54e2      	strb	r2, [r4, r3]
20000796:	3020      	adds	r0, #32
20000798:	f000 fab2 	bl	20000d00 <hw_endpoint_start_next_buffer>
2000079c:	e6ef      	b.n	2000057e <dcd_rp2040_irq+0x36>
2000079e:	33b8      	adds	r3, #184	; 0xb8
200007a0:	5ce3      	ldrb	r3, [r4, r3]
200007a2:	2b00      	cmp	r3, #0
200007a4:	d100      	bne.n	200007a8 <dcd_rp2040_irq+0x260>
200007a6:	e6f4      	b.n	20000592 <dcd_rp2040_irq+0x4a>
200007a8:	22bc      	movs	r2, #188	; 0xbc
200007aa:	5ca1      	ldrb	r1, [r4, r2]
200007ac:	001e      	movs	r6, r3
200007ae:	2900      	cmp	r1, #0
200007b0:	d100      	bne.n	200007b4 <dcd_rp2040_irq+0x26c>
200007b2:	e6ee      	b.n	20000592 <dcd_rp2040_irq+0x4a>
200007b4:	2300      	movs	r3, #0
200007b6:	0020      	movs	r0, r4
200007b8:	54a3      	strb	r3, [r4, r2]
200007ba:	30a0      	adds	r0, #160	; 0xa0
200007bc:	f000 faa0 	bl	20000d00 <hw_endpoint_start_next_buffer>
200007c0:	e6e7      	b.n	20000592 <dcd_rp2040_irq+0x4a>
200007c2:	3378      	adds	r3, #120	; 0x78
200007c4:	5ce3      	ldrb	r3, [r4, r3]
200007c6:	2b00      	cmp	r3, #0
200007c8:	d100      	bne.n	200007cc <dcd_rp2040_irq+0x284>
200007ca:	e6dd      	b.n	20000588 <dcd_rp2040_irq+0x40>
200007cc:	227c      	movs	r2, #124	; 0x7c
200007ce:	5ca1      	ldrb	r1, [r4, r2]
200007d0:	001e      	movs	r6, r3
200007d2:	2900      	cmp	r1, #0
200007d4:	d100      	bne.n	200007d8 <dcd_rp2040_irq+0x290>
200007d6:	e6d7      	b.n	20000588 <dcd_rp2040_irq+0x40>
200007d8:	2300      	movs	r3, #0
200007da:	0020      	movs	r0, r4
200007dc:	54a3      	strb	r3, [r4, r2]
200007de:	3060      	adds	r0, #96	; 0x60
200007e0:	f000 fa8e 	bl	20000d00 <hw_endpoint_start_next_buffer>
200007e4:	e6d0      	b.n	20000588 <dcd_rp2040_irq+0x40>
200007e6:	33b9      	adds	r3, #185	; 0xb9
200007e8:	33ff      	adds	r3, #255	; 0xff
200007ea:	5ce3      	ldrb	r3, [r4, r3]
200007ec:	2b00      	cmp	r3, #0
200007ee:	d100      	bne.n	200007f2 <dcd_rp2040_irq+0x2aa>
200007f0:	e6e6      	b.n	200005c0 <dcd_rp2040_irq+0x78>
200007f2:	22de      	movs	r2, #222	; 0xde
200007f4:	0052      	lsls	r2, r2, #1
200007f6:	5ca1      	ldrb	r1, [r4, r2]
200007f8:	001e      	movs	r6, r3
200007fa:	2900      	cmp	r1, #0
200007fc:	d100      	bne.n	20000800 <dcd_rp2040_irq+0x2b8>
200007fe:	e6df      	b.n	200005c0 <dcd_rp2040_irq+0x78>
20000800:	0020      	movs	r0, r4
20000802:	2300      	movs	r3, #0
20000804:	30a1      	adds	r0, #161	; 0xa1
20000806:	54a3      	strb	r3, [r4, r2]
20000808:	30ff      	adds	r0, #255	; 0xff
2000080a:	f000 fa79 	bl	20000d00 <hw_endpoint_start_next_buffer>
2000080e:	e6d7      	b.n	200005c0 <dcd_rp2040_irq+0x78>
20000810:	3379      	adds	r3, #121	; 0x79
20000812:	33ff      	adds	r3, #255	; 0xff
20000814:	5ce3      	ldrb	r3, [r4, r3]
20000816:	2b00      	cmp	r3, #0
20000818:	d100      	bne.n	2000081c <dcd_rp2040_irq+0x2d4>
2000081a:	e6cb      	b.n	200005b4 <dcd_rp2040_irq+0x6c>
2000081c:	22be      	movs	r2, #190	; 0xbe
2000081e:	0052      	lsls	r2, r2, #1
20000820:	5ca1      	ldrb	r1, [r4, r2]
20000822:	001e      	movs	r6, r3
20000824:	2900      	cmp	r1, #0
20000826:	d100      	bne.n	2000082a <dcd_rp2040_irq+0x2e2>
20000828:	e6c4      	b.n	200005b4 <dcd_rp2040_irq+0x6c>
2000082a:	0020      	movs	r0, r4
2000082c:	2300      	movs	r3, #0
2000082e:	3061      	adds	r0, #97	; 0x61
20000830:	54a3      	strb	r3, [r4, r2]
20000832:	30ff      	adds	r0, #255	; 0xff
20000834:	f000 fa64 	bl	20000d00 <hw_endpoint_start_next_buffer>
20000838:	e6bc      	b.n	200005b4 <dcd_rp2040_irq+0x6c>
2000083a:	3339      	adds	r3, #57	; 0x39
2000083c:	33ff      	adds	r3, #255	; 0xff
2000083e:	5ce3      	ldrb	r3, [r4, r3]
20000840:	2b00      	cmp	r3, #0
20000842:	d100      	bne.n	20000846 <dcd_rp2040_irq+0x2fe>
20000844:	e6b0      	b.n	200005a8 <dcd_rp2040_irq+0x60>
20000846:	229e      	movs	r2, #158	; 0x9e
20000848:	0052      	lsls	r2, r2, #1
2000084a:	5ca1      	ldrb	r1, [r4, r2]
2000084c:	001e      	movs	r6, r3
2000084e:	2900      	cmp	r1, #0
20000850:	d100      	bne.n	20000854 <dcd_rp2040_irq+0x30c>
20000852:	e6a9      	b.n	200005a8 <dcd_rp2040_irq+0x60>
20000854:	0020      	movs	r0, r4
20000856:	2300      	movs	r3, #0
20000858:	3021      	adds	r0, #33	; 0x21
2000085a:	54a3      	strb	r3, [r4, r2]
2000085c:	30ff      	adds	r0, #255	; 0xff
2000085e:	f000 fa4f 	bl	20000d00 <hw_endpoint_start_next_buffer>
20000862:	e6a1      	b.n	200005a8 <dcd_rp2040_irq+0x60>
20000864:	33f8      	adds	r3, #248	; 0xf8
20000866:	5ce3      	ldrb	r3, [r4, r3]
20000868:	2b00      	cmp	r3, #0
2000086a:	d100      	bne.n	2000086e <dcd_rp2040_irq+0x326>
2000086c:	e696      	b.n	2000059c <dcd_rp2040_irq+0x54>
2000086e:	22fc      	movs	r2, #252	; 0xfc
20000870:	5ca1      	ldrb	r1, [r4, r2]
20000872:	001e      	movs	r6, r3
20000874:	2900      	cmp	r1, #0
20000876:	d100      	bne.n	2000087a <dcd_rp2040_irq+0x332>
20000878:	e690      	b.n	2000059c <dcd_rp2040_irq+0x54>
2000087a:	2300      	movs	r3, #0
2000087c:	0020      	movs	r0, r4
2000087e:	54a3      	strb	r3, [r4, r2]
20000880:	30e0      	adds	r0, #224	; 0xe0
20000882:	f000 fa3d 	bl	20000d00 <hw_endpoint_start_next_buffer>
20000886:	e689      	b.n	2000059c <dcd_rp2040_irq+0x54>
20000888:	50110000 	.word	0x50110000
2000088c:	40054000 	.word	0x40054000
20000890:	20001ab8 	.word	0x20001ab8
20000894:	20001ab0 	.word	0x20001ab0
20000898:	0000023b 	.word	0x0000023b
2000089c:	0000027b 	.word	0x0000027b
200008a0:	000002bb 	.word	0x000002bb
200008a4:	000002fb 	.word	0x000002fb
200008a8:	0000033b 	.word	0x0000033b
200008ac:	0000037b 	.word	0x0000037b
200008b0:	000003bb 	.word	0x000003bb
200008b4:	000003fb 	.word	0x000003fb
200008b8:	2000200e 	.word	0x2000200e
200008bc:	50113000 	.word	0x50113000
200008c0:	00020010 	.word	0x00020010
200008c4:	50112000 	.word	0x50112000
200008c8:	50100000 	.word	0x50100000
200008cc:	4b60      	ldr	r3, [pc, #384]	; (20000a50 <dcd_rp2040_irq+0x508>)
200008ce:	5ce3      	ldrb	r3, [r4, r3]
200008d0:	2b00      	cmp	r3, #0
200008d2:	d100      	bne.n	200008d6 <dcd_rp2040_irq+0x38e>
200008d4:	e69d      	b.n	20000612 <dcd_rp2040_irq+0xca>
200008d6:	23ef      	movs	r3, #239	; 0xef
200008d8:	009b      	lsls	r3, r3, #2
200008da:	5ce2      	ldrb	r2, [r4, r3]
200008dc:	2a00      	cmp	r2, #0
200008de:	d000      	beq.n	200008e2 <dcd_rp2040_irq+0x39a>
200008e0:	e0a9      	b.n	20000a36 <dcd_rp2040_irq+0x4ee>
200008e2:	4b5c      	ldr	r3, [pc, #368]	; (20000a54 <dcd_rp2040_irq+0x50c>)
200008e4:	5ce3      	ldrb	r3, [r4, r3]
200008e6:	2b02      	cmp	r3, #2
200008e8:	d000      	beq.n	200008ec <dcd_rp2040_irq+0x3a4>
200008ea:	e6a2      	b.n	20000632 <dcd_rp2040_irq+0xea>
200008ec:	4b5a      	ldr	r3, [pc, #360]	; (20000a58 <dcd_rp2040_irq+0x510>)
200008ee:	5ce3      	ldrb	r3, [r4, r3]
200008f0:	2b00      	cmp	r3, #0
200008f2:	d000      	beq.n	200008f6 <dcd_rp2040_irq+0x3ae>
200008f4:	e092      	b.n	20000a1c <dcd_rp2040_irq+0x4d4>
200008f6:	e69c      	b.n	20000632 <dcd_rp2040_irq+0xea>
200008f8:	4b58      	ldr	r3, [pc, #352]	; (20000a5c <dcd_rp2040_irq+0x514>)
200008fa:	5ce3      	ldrb	r3, [r4, r3]
200008fc:	2b00      	cmp	r3, #0
200008fe:	d100      	bne.n	20000902 <dcd_rp2040_irq+0x3ba>
20000900:	e682      	b.n	20000608 <dcd_rp2040_irq+0xc0>
20000902:	22df      	movs	r2, #223	; 0xdf
20000904:	0092      	lsls	r2, r2, #2
20000906:	5ca1      	ldrb	r1, [r4, r2]
20000908:	001e      	movs	r6, r3
2000090a:	2900      	cmp	r1, #0
2000090c:	d100      	bne.n	20000910 <dcd_rp2040_irq+0x3c8>
2000090e:	e67b      	b.n	20000608 <dcd_rp2040_irq+0xc0>
20000910:	2300      	movs	r3, #0
20000912:	54a3      	strb	r3, [r4, r2]
20000914:	23d8      	movs	r3, #216	; 0xd8
20000916:	009b      	lsls	r3, r3, #2
20000918:	18e0      	adds	r0, r4, r3
2000091a:	f000 f9f1 	bl	20000d00 <hw_endpoint_start_next_buffer>
2000091e:	e673      	b.n	20000608 <dcd_rp2040_irq+0xc0>
20000920:	4b4f      	ldr	r3, [pc, #316]	; (20000a60 <dcd_rp2040_irq+0x518>)
20000922:	5ce3      	ldrb	r3, [r4, r3]
20000924:	2b00      	cmp	r3, #0
20000926:	d100      	bne.n	2000092a <dcd_rp2040_irq+0x3e2>
20000928:	e669      	b.n	200005fe <dcd_rp2040_irq+0xb6>
2000092a:	22cf      	movs	r2, #207	; 0xcf
2000092c:	0092      	lsls	r2, r2, #2
2000092e:	5ca1      	ldrb	r1, [r4, r2]
20000930:	001e      	movs	r6, r3
20000932:	2900      	cmp	r1, #0
20000934:	d100      	bne.n	20000938 <dcd_rp2040_irq+0x3f0>
20000936:	e662      	b.n	200005fe <dcd_rp2040_irq+0xb6>
20000938:	2300      	movs	r3, #0
2000093a:	54a3      	strb	r3, [r4, r2]
2000093c:	23c8      	movs	r3, #200	; 0xc8
2000093e:	009b      	lsls	r3, r3, #2
20000940:	18e0      	adds	r0, r4, r3
20000942:	f000 f9dd 	bl	20000d00 <hw_endpoint_start_next_buffer>
20000946:	e65a      	b.n	200005fe <dcd_rp2040_irq+0xb6>
20000948:	4b46      	ldr	r3, [pc, #280]	; (20000a64 <dcd_rp2040_irq+0x51c>)
2000094a:	5ce3      	ldrb	r3, [r4, r3]
2000094c:	2b00      	cmp	r3, #0
2000094e:	d100      	bne.n	20000952 <dcd_rp2040_irq+0x40a>
20000950:	e650      	b.n	200005f4 <dcd_rp2040_irq+0xac>
20000952:	22bf      	movs	r2, #191	; 0xbf
20000954:	0092      	lsls	r2, r2, #2
20000956:	5ca1      	ldrb	r1, [r4, r2]
20000958:	001e      	movs	r6, r3
2000095a:	2900      	cmp	r1, #0
2000095c:	d100      	bne.n	20000960 <dcd_rp2040_irq+0x418>
2000095e:	e649      	b.n	200005f4 <dcd_rp2040_irq+0xac>
20000960:	2300      	movs	r3, #0
20000962:	54a3      	strb	r3, [r4, r2]
20000964:	23b8      	movs	r3, #184	; 0xb8
20000966:	009b      	lsls	r3, r3, #2
20000968:	18e0      	adds	r0, r4, r3
2000096a:	f000 f9c9 	bl	20000d00 <hw_endpoint_start_next_buffer>
2000096e:	e641      	b.n	200005f4 <dcd_rp2040_irq+0xac>
20000970:	4b3d      	ldr	r3, [pc, #244]	; (20000a68 <dcd_rp2040_irq+0x520>)
20000972:	5ce3      	ldrb	r3, [r4, r3]
20000974:	2b00      	cmp	r3, #0
20000976:	d100      	bne.n	2000097a <dcd_rp2040_irq+0x432>
20000978:	e637      	b.n	200005ea <dcd_rp2040_irq+0xa2>
2000097a:	22af      	movs	r2, #175	; 0xaf
2000097c:	0092      	lsls	r2, r2, #2
2000097e:	5ca1      	ldrb	r1, [r4, r2]
20000980:	001e      	movs	r6, r3
20000982:	2900      	cmp	r1, #0
20000984:	d100      	bne.n	20000988 <dcd_rp2040_irq+0x440>
20000986:	e630      	b.n	200005ea <dcd_rp2040_irq+0xa2>
20000988:	2300      	movs	r3, #0
2000098a:	54a3      	strb	r3, [r4, r2]
2000098c:	23a8      	movs	r3, #168	; 0xa8
2000098e:	009b      	lsls	r3, r3, #2
20000990:	18e0      	adds	r0, r4, r3
20000992:	f000 f9b5 	bl	20000d00 <hw_endpoint_start_next_buffer>
20000996:	e628      	b.n	200005ea <dcd_rp2040_irq+0xa2>
20000998:	4b34      	ldr	r3, [pc, #208]	; (20000a6c <dcd_rp2040_irq+0x524>)
2000099a:	5ce3      	ldrb	r3, [r4, r3]
2000099c:	2b00      	cmp	r3, #0
2000099e:	d100      	bne.n	200009a2 <dcd_rp2040_irq+0x45a>
200009a0:	e61e      	b.n	200005e0 <dcd_rp2040_irq+0x98>
200009a2:	229f      	movs	r2, #159	; 0x9f
200009a4:	0092      	lsls	r2, r2, #2
200009a6:	5ca1      	ldrb	r1, [r4, r2]
200009a8:	001e      	movs	r6, r3
200009aa:	2900      	cmp	r1, #0
200009ac:	d100      	bne.n	200009b0 <dcd_rp2040_irq+0x468>
200009ae:	e617      	b.n	200005e0 <dcd_rp2040_irq+0x98>
200009b0:	2300      	movs	r3, #0
200009b2:	54a3      	strb	r3, [r4, r2]
200009b4:	2398      	movs	r3, #152	; 0x98
200009b6:	009b      	lsls	r3, r3, #2
200009b8:	18e0      	adds	r0, r4, r3
200009ba:	f000 f9a1 	bl	20000d00 <hw_endpoint_start_next_buffer>
200009be:	e60f      	b.n	200005e0 <dcd_rp2040_irq+0x98>
200009c0:	4b2b      	ldr	r3, [pc, #172]	; (20000a70 <dcd_rp2040_irq+0x528>)
200009c2:	5ce3      	ldrb	r3, [r4, r3]
200009c4:	2b00      	cmp	r3, #0
200009c6:	d100      	bne.n	200009ca <dcd_rp2040_irq+0x482>
200009c8:	e605      	b.n	200005d6 <dcd_rp2040_irq+0x8e>
200009ca:	228f      	movs	r2, #143	; 0x8f
200009cc:	0092      	lsls	r2, r2, #2
200009ce:	5ca1      	ldrb	r1, [r4, r2]
200009d0:	001e      	movs	r6, r3
200009d2:	2900      	cmp	r1, #0
200009d4:	d100      	bne.n	200009d8 <dcd_rp2040_irq+0x490>
200009d6:	e5fe      	b.n	200005d6 <dcd_rp2040_irq+0x8e>
200009d8:	2300      	movs	r3, #0
200009da:	54a3      	strb	r3, [r4, r2]
200009dc:	2388      	movs	r3, #136	; 0x88
200009de:	009b      	lsls	r3, r3, #2
200009e0:	18e0      	adds	r0, r4, r3
200009e2:	f000 f98d 	bl	20000d00 <hw_endpoint_start_next_buffer>
200009e6:	e5f6      	b.n	200005d6 <dcd_rp2040_irq+0x8e>
200009e8:	33f9      	adds	r3, #249	; 0xf9
200009ea:	33ff      	adds	r3, #255	; 0xff
200009ec:	5ce3      	ldrb	r3, [r4, r3]
200009ee:	2b00      	cmp	r3, #0
200009f0:	d100      	bne.n	200009f4 <dcd_rp2040_irq+0x4ac>
200009f2:	e5eb      	b.n	200005cc <dcd_rp2040_irq+0x84>
200009f4:	22fe      	movs	r2, #254	; 0xfe
200009f6:	0052      	lsls	r2, r2, #1
200009f8:	5ca1      	ldrb	r1, [r4, r2]
200009fa:	001e      	movs	r6, r3
200009fc:	2900      	cmp	r1, #0
200009fe:	d100      	bne.n	20000a02 <dcd_rp2040_irq+0x4ba>
20000a00:	e5e4      	b.n	200005cc <dcd_rp2040_irq+0x84>
20000a02:	0020      	movs	r0, r4
20000a04:	2300      	movs	r3, #0
20000a06:	30e1      	adds	r0, #225	; 0xe1
20000a08:	54a3      	strb	r3, [r4, r2]
20000a0a:	30ff      	adds	r0, #255	; 0xff
20000a0c:	f000 f978 	bl	20000d00 <hw_endpoint_start_next_buffer>
20000a10:	e5dc      	b.n	200005cc <dcd_rp2040_irq+0x84>
20000a12:	4b11      	ldr	r3, [pc, #68]	; (20000a58 <dcd_rp2040_irq+0x510>)
20000a14:	5ce3      	ldrb	r3, [r4, r3]
20000a16:	2b00      	cmp	r3, #0
20000a18:	d100      	bne.n	20000a1c <dcd_rp2040_irq+0x4d4>
20000a1a:	e5ff      	b.n	2000061c <dcd_rp2040_irq+0xd4>
20000a1c:	23ff      	movs	r3, #255	; 0xff
20000a1e:	009b      	lsls	r3, r3, #2
20000a20:	5ce2      	ldrb	r2, [r4, r3]
20000a22:	2a00      	cmp	r2, #0
20000a24:	d100      	bne.n	20000a28 <dcd_rp2040_irq+0x4e0>
20000a26:	e604      	b.n	20000632 <dcd_rp2040_irq+0xea>
20000a28:	2200      	movs	r2, #0
20000a2a:	54e2      	strb	r2, [r4, r3]
20000a2c:	3b1c      	subs	r3, #28
20000a2e:	18e0      	adds	r0, r4, r3
20000a30:	f000 f966 	bl	20000d00 <hw_endpoint_start_next_buffer>
20000a34:	e5fd      	b.n	20000632 <dcd_rp2040_irq+0xea>
20000a36:	2200      	movs	r2, #0
20000a38:	54e2      	strb	r2, [r4, r3]
20000a3a:	23e8      	movs	r3, #232	; 0xe8
20000a3c:	009b      	lsls	r3, r3, #2
20000a3e:	18e0      	adds	r0, r4, r3
20000a40:	f000 f95e 	bl	20000d00 <hw_endpoint_start_next_buffer>
20000a44:	e74d      	b.n	200008e2 <dcd_rp2040_irq+0x39a>
20000a46:	0021      	movs	r1, r4
20000a48:	480a      	ldr	r0, [pc, #40]	; (20000a74 <dcd_rp2040_irq+0x52c>)
20000a4a:	4069      	eors	r1, r5
20000a4c:	f000 fac8 	bl	20000fe0 <__panic_veneer>
20000a50:	000003ba 	.word	0x000003ba
20000a54:	000003fb 	.word	0x000003fb
20000a58:	000003fa 	.word	0x000003fa
20000a5c:	0000037a 	.word	0x0000037a
20000a60:	0000033a 	.word	0x0000033a
20000a64:	000002fa 	.word	0x000002fa
20000a68:	000002ba 	.word	0x000002ba
20000a6c:	0000027a 	.word	0x0000027a
20000a70:	0000023a 	.word	0x0000023a
20000a74:	10005320 	.word	0x10005320

20000a78 <prepare_ep_buffer>:
20000a78:	b5f0      	push	{r4, r5, r6, r7, lr}
20000a7a:	46d6      	mov	lr, sl
20000a7c:	464f      	mov	r7, r9
20000a7e:	4646      	mov	r6, r8
20000a80:	0003      	movs	r3, r0
20000a82:	b5c0      	push	{r6, r7, lr}
20000a84:	8b1c      	ldrh	r4, [r3, #24]
20000a86:	8a80      	ldrh	r0, [r0, #20]
20000a88:	468a      	mov	sl, r1
20000a8a:	1c22      	adds	r2, r4, #0
20000a8c:	4284      	cmp	r4, r0
20000a8e:	d900      	bls.n	20000a92 <prepare_ep_buffer+0x1a>
20000a90:	1c02      	adds	r2, r0, #0
20000a92:	2680      	movs	r6, #128	; 0x80
20000a94:	b292      	uxth	r2, r2
20000a96:	1a80      	subs	r0, r0, r2
20000a98:	78dd      	ldrb	r5, [r3, #3]
20000a9a:	b284      	uxth	r4, r0
20000a9c:	00f6      	lsls	r6, r6, #3
20000a9e:	829c      	strh	r4, [r3, #20]
20000aa0:	4316      	orrs	r6, r2
20000aa2:	2d00      	cmp	r5, #0
20000aa4:	d002      	beq.n	20000aac <prepare_ep_buffer+0x34>
20000aa6:	2690      	movs	r6, #144	; 0x90
20000aa8:	01b6      	lsls	r6, r6, #6
20000aaa:	4316      	orrs	r6, r2
20000aac:	2701      	movs	r7, #1
20000aae:	407d      	eors	r5, r7
20000ab0:	70dd      	strb	r5, [r3, #3]
20000ab2:	785d      	ldrb	r5, [r3, #1]
20000ab4:	0030      	movs	r0, r6
20000ab6:	2d00      	cmp	r5, #0
20000ab8:	d141      	bne.n	20000b3e <prepare_ep_buffer+0xc6>
20000aba:	4651      	mov	r1, sl
20000abc:	0188      	lsls	r0, r1, #6
20000abe:	68d9      	ldr	r1, [r3, #12]
20000ac0:	691f      	ldr	r7, [r3, #16]
20000ac2:	468c      	mov	ip, r1
20000ac4:	1e51      	subs	r1, r2, #1
20000ac6:	4688      	mov	r8, r1
20000ac8:	4484      	add	ip, r0
20000aca:	2a00      	cmp	r2, #0
20000acc:	d032      	beq.n	20000b34 <prepare_ep_buffer+0xbc>
20000ace:	4661      	mov	r1, ip
20000ad0:	2002      	movs	r0, #2
20000ad2:	1c7c      	adds	r4, r7, #1
20000ad4:	1b0c      	subs	r4, r1, r4
20000ad6:	42a0      	cmp	r0, r4
20000ad8:	4180      	sbcs	r0, r0
20000ada:	2408      	movs	r4, #8
20000adc:	4544      	cmp	r4, r8
20000ade:	41a4      	sbcs	r4, r4
20000ae0:	4240      	negs	r0, r0
20000ae2:	4264      	negs	r4, r4
20000ae4:	4204      	tst	r4, r0
20000ae6:	d038      	beq.n	20000b5a <prepare_ep_buffer+0xe2>
20000ae8:	4660      	mov	r0, ip
20000aea:	4338      	orrs	r0, r7
20000aec:	0781      	lsls	r1, r0, #30
20000aee:	d134      	bne.n	20000b5a <prepare_ep_buffer+0xe2>
20000af0:	1f15      	subs	r5, r2, #4
20000af2:	08ad      	lsrs	r5, r5, #2
20000af4:	1c69      	adds	r1, r5, #1
20000af6:	4689      	mov	r9, r1
20000af8:	2000      	movs	r0, #0
20000afa:	2400      	movs	r4, #0
20000afc:	4661      	mov	r1, ip
20000afe:	583d      	ldr	r5, [r7, r0]
20000b00:	3401      	adds	r4, #1
20000b02:	500d      	str	r5, [r1, r0]
20000b04:	3004      	adds	r0, #4
20000b06:	45a1      	cmp	r9, r4
20000b08:	d8f8      	bhi.n	20000afc <prepare_ep_buffer+0x84>
20000b0a:	4649      	mov	r1, r9
20000b0c:	008d      	lsls	r5, r1, #2
20000b0e:	4661      	mov	r1, ip
20000b10:	194c      	adds	r4, r1, r5
20000b12:	4641      	mov	r1, r8
20000b14:	197f      	adds	r7, r7, r5
20000b16:	1b48      	subs	r0, r1, r5
20000b18:	42aa      	cmp	r2, r5
20000b1a:	d009      	beq.n	20000b30 <prepare_ep_buffer+0xb8>
20000b1c:	783d      	ldrb	r5, [r7, #0]
20000b1e:	7025      	strb	r5, [r4, #0]
20000b20:	2800      	cmp	r0, #0
20000b22:	d005      	beq.n	20000b30 <prepare_ep_buffer+0xb8>
20000b24:	787d      	ldrb	r5, [r7, #1]
20000b26:	7065      	strb	r5, [r4, #1]
20000b28:	2801      	cmp	r0, #1
20000b2a:	d001      	beq.n	20000b30 <prepare_ep_buffer+0xb8>
20000b2c:	78b8      	ldrb	r0, [r7, #2]
20000b2e:	70a0      	strb	r0, [r4, #2]
20000b30:	691f      	ldr	r7, [r3, #16]
20000b32:	8a9c      	ldrh	r4, [r3, #20]
20000b34:	2080      	movs	r0, #128	; 0x80
20000b36:	18ba      	adds	r2, r7, r2
20000b38:	0200      	lsls	r0, r0, #8
20000b3a:	611a      	str	r2, [r3, #16]
20000b3c:	4330      	orrs	r0, r6
20000b3e:	2c00      	cmp	r4, #0
20000b40:	d102      	bne.n	20000b48 <prepare_ep_buffer+0xd0>
20000b42:	2380      	movs	r3, #128	; 0x80
20000b44:	01db      	lsls	r3, r3, #7
20000b46:	4318      	orrs	r0, r3
20000b48:	4653      	mov	r3, sl
20000b4a:	2b00      	cmp	r3, #0
20000b4c:	d000      	beq.n	20000b50 <prepare_ep_buffer+0xd8>
20000b4e:	0400      	lsls	r0, r0, #16
20000b50:	bce0      	pop	{r5, r6, r7}
20000b52:	46ba      	mov	sl, r7
20000b54:	46b1      	mov	r9, r6
20000b56:	46a8      	mov	r8, r5
20000b58:	bdf0      	pop	{r4, r5, r6, r7, pc}
20000b5a:	2000      	movs	r0, #0
20000b5c:	4661      	mov	r1, ip
20000b5e:	5c3c      	ldrb	r4, [r7, r0]
20000b60:	540c      	strb	r4, [r1, r0]
20000b62:	3001      	adds	r0, #1
20000b64:	4282      	cmp	r2, r0
20000b66:	d1f9      	bne.n	20000b5c <prepare_ep_buffer+0xe4>
20000b68:	e7e2      	b.n	20000b30 <prepare_ep_buffer+0xb8>
20000b6a:	46c0      	nop			; (mov r8, r8)

20000b6c <sync_ep_buffer>:
20000b6c:	6882      	ldr	r2, [r0, #8]
20000b6e:	0003      	movs	r3, r0
20000b70:	b5f0      	push	{r4, r5, r6, r7, lr}
20000b72:	6810      	ldr	r0, [r2, #0]
20000b74:	2900      	cmp	r1, #0
20000b76:	d000      	beq.n	20000b7a <sync_ep_buffer+0xe>
20000b78:	0c00      	lsrs	r0, r0, #16
20000b7a:	785a      	ldrb	r2, [r3, #1]
20000b7c:	0580      	lsls	r0, r0, #22
20000b7e:	0d80      	lsrs	r0, r0, #22
20000b80:	2a00      	cmp	r2, #0
20000b82:	d108      	bne.n	20000b96 <sync_ep_buffer+0x2a>
20000b84:	8ada      	ldrh	r2, [r3, #22]
20000b86:	1882      	adds	r2, r0, r2
20000b88:	82da      	strh	r2, [r3, #22]
20000b8a:	8b1a      	ldrh	r2, [r3, #24]
20000b8c:	4282      	cmp	r2, r0
20000b8e:	d901      	bls.n	20000b94 <sync_ep_buffer+0x28>
20000b90:	2200      	movs	r2, #0
20000b92:	829a      	strh	r2, [r3, #20]
20000b94:	bdf0      	pop	{r4, r5, r6, r7, pc}
20000b96:	68da      	ldr	r2, [r3, #12]
20000b98:	0189      	lsls	r1, r1, #6
20000b9a:	1e45      	subs	r5, r0, #1
20000b9c:	46ac      	mov	ip, r5
20000b9e:	691c      	ldr	r4, [r3, #16]
20000ba0:	1856      	adds	r6, r2, r1
20000ba2:	2800      	cmp	r0, #0
20000ba4:	d02e      	beq.n	20000c04 <sync_ep_buffer+0x98>
20000ba6:	3101      	adds	r1, #1
20000ba8:	1851      	adds	r1, r2, r1
20000baa:	0025      	movs	r5, r4
20000bac:	2202      	movs	r2, #2
20000bae:	1a61      	subs	r1, r4, r1
20000bb0:	428a      	cmp	r2, r1
20000bb2:	4189      	sbcs	r1, r1
20000bb4:	4335      	orrs	r5, r6
20000bb6:	3201      	adds	r2, #1
20000bb8:	402a      	ands	r2, r5
20000bba:	4255      	negs	r5, r2
20000bbc:	416a      	adcs	r2, r5
20000bbe:	4249      	negs	r1, r1
20000bc0:	420a      	tst	r2, r1
20000bc2:	d025      	beq.n	20000c10 <sync_ep_buffer+0xa4>
20000bc4:	4662      	mov	r2, ip
20000bc6:	2a08      	cmp	r2, #8
20000bc8:	d922      	bls.n	20000c10 <sync_ep_buffer+0xa4>
20000bca:	2200      	movs	r2, #0
20000bcc:	2100      	movs	r1, #0
20000bce:	1f05      	subs	r5, r0, #4
20000bd0:	08ad      	lsrs	r5, r5, #2
20000bd2:	3501      	adds	r5, #1
20000bd4:	58b7      	ldr	r7, [r6, r2]
20000bd6:	3101      	adds	r1, #1
20000bd8:	50a7      	str	r7, [r4, r2]
20000bda:	3204      	adds	r2, #4
20000bdc:	428d      	cmp	r5, r1
20000bde:	d8f9      	bhi.n	20000bd4 <sync_ep_buffer+0x68>
20000be0:	4662      	mov	r2, ip
20000be2:	00ad      	lsls	r5, r5, #2
20000be4:	1976      	adds	r6, r6, r5
20000be6:	1964      	adds	r4, r4, r5
20000be8:	1b57      	subs	r7, r2, r5
20000bea:	42a8      	cmp	r0, r5
20000bec:	d009      	beq.n	20000c02 <sync_ep_buffer+0x96>
20000bee:	7832      	ldrb	r2, [r6, #0]
20000bf0:	7022      	strb	r2, [r4, #0]
20000bf2:	2f00      	cmp	r7, #0
20000bf4:	d005      	beq.n	20000c02 <sync_ep_buffer+0x96>
20000bf6:	7872      	ldrb	r2, [r6, #1]
20000bf8:	7062      	strb	r2, [r4, #1]
20000bfa:	2f01      	cmp	r7, #1
20000bfc:	d001      	beq.n	20000c02 <sync_ep_buffer+0x96>
20000bfe:	78b2      	ldrb	r2, [r6, #2]
20000c00:	70a2      	strb	r2, [r4, #2]
20000c02:	691c      	ldr	r4, [r3, #16]
20000c04:	8ada      	ldrh	r2, [r3, #22]
20000c06:	1824      	adds	r4, r4, r0
20000c08:	1882      	adds	r2, r0, r2
20000c0a:	82da      	strh	r2, [r3, #22]
20000c0c:	611c      	str	r4, [r3, #16]
20000c0e:	e7bc      	b.n	20000b8a <sync_ep_buffer+0x1e>
20000c10:	2200      	movs	r2, #0
20000c12:	5cb1      	ldrb	r1, [r6, r2]
20000c14:	54a1      	strb	r1, [r4, r2]
20000c16:	3201      	adds	r2, #1
20000c18:	4290      	cmp	r0, r2
20000c1a:	d1fa      	bne.n	20000c12 <sync_ep_buffer+0xa6>
20000c1c:	691c      	ldr	r4, [r3, #16]
20000c1e:	e7f1      	b.n	20000c04 <sync_ep_buffer+0x98>

20000c20 <_hw_endpoint_xfer_sync>:
20000c20:	b510      	push	{r4, lr}
20000c22:	0004      	movs	r4, r0
20000c24:	6883      	ldr	r3, [r0, #8]
20000c26:	2100      	movs	r1, #0
20000c28:	681b      	ldr	r3, [r3, #0]
20000c2a:	f7ff ff9f 	bl	20000b6c <sync_ep_buffer>
20000c2e:	6863      	ldr	r3, [r4, #4]
20000c30:	681b      	ldr	r3, [r3, #0]
20000c32:	005b      	lsls	r3, r3, #1
20000c34:	d502      	bpl.n	20000c3c <_hw_endpoint_xfer_sync+0x1c>
20000c36:	8b23      	ldrh	r3, [r4, #24]
20000c38:	4283      	cmp	r3, r0
20000c3a:	d000      	beq.n	20000c3e <_hw_endpoint_xfer_sync+0x1e>
20000c3c:	bd10      	pop	{r4, pc}
20000c3e:	2101      	movs	r1, #1
20000c40:	0020      	movs	r0, r4
20000c42:	f7ff ff93 	bl	20000b6c <sync_ep_buffer>
20000c46:	e7f9      	b.n	20000c3c <_hw_endpoint_xfer_sync+0x1c>

20000c48 <e15_is_bulkin_ep>:
20000c48:	4a08      	ldr	r2, [pc, #32]	; (20000c6c <e15_is_bulkin_ep+0x24>)
20000c4a:	0003      	movs	r3, r0
20000c4c:	6c12      	ldr	r2, [r2, #64]	; 0x40
20000c4e:	2000      	movs	r0, #0
20000c50:	0792      	lsls	r2, r2, #30
20000c52:	d403      	bmi.n	20000c5c <e15_is_bulkin_ep+0x14>
20000c54:	789a      	ldrb	r2, [r3, #2]
20000c56:	09d2      	lsrs	r2, r2, #7
20000c58:	2a01      	cmp	r2, #1
20000c5a:	d000      	beq.n	20000c5e <e15_is_bulkin_ep+0x16>
20000c5c:	4770      	bx	lr
20000c5e:	7ed8      	ldrb	r0, [r3, #27]
20000c60:	3802      	subs	r0, #2
20000c62:	4243      	negs	r3, r0
20000c64:	4158      	adcs	r0, r3
20000c66:	b2c0      	uxtb	r0, r0
20000c68:	e7f8      	b.n	20000c5c <e15_is_bulkin_ep+0x14>
20000c6a:	46c0      	nop			; (mov r8, r8)
20000c6c:	50110000 	.word	0x50110000

20000c70 <e15_is_critical_frame_period>:
20000c70:	b510      	push	{r4, lr}
20000c72:	f7ff ffe9 	bl	20000c48 <e15_is_bulkin_ep>
20000c76:	2800      	cmp	r0, #0
20000c78:	d00c      	beq.n	20000c94 <e15_is_critical_frame_period+0x24>
20000c7a:	4907      	ldr	r1, [pc, #28]	; (20000c98 <e15_is_critical_frame_period+0x28>)
20000c7c:	4b07      	ldr	r3, [pc, #28]	; (20000c9c <e15_is_critical_frame_period+0x2c>)
20000c7e:	468c      	mov	ip, r1
20000c80:	4a07      	ldr	r2, [pc, #28]	; (20000ca0 <e15_is_critical_frame_period+0x30>)
20000c82:	6a9b      	ldr	r3, [r3, #40]	; 0x28
20000c84:	6812      	ldr	r2, [r2, #0]
20000c86:	4463      	add	r3, ip
20000c88:	1a9b      	subs	r3, r3, r2
20000c8a:	2000      	movs	r0, #0
20000c8c:	22c6      	movs	r2, #198	; 0xc6
20000c8e:	429a      	cmp	r2, r3
20000c90:	4140      	adcs	r0, r0
20000c92:	b2c0      	uxtb	r0, r0
20000c94:	bd10      	pop	{r4, pc}
20000c96:	46c0      	nop			; (mov r8, r8)
20000c98:	fffffce0 	.word	0xfffffce0
20000c9c:	40054000 	.word	0x40054000
20000ca0:	20001ab0 	.word	0x20001ab0

20000ca4 <hw_endpoint_reset_transfer>:
20000ca4:	2300      	movs	r3, #0
20000ca6:	7683      	strb	r3, [r0, #26]
20000ca8:	6143      	str	r3, [r0, #20]
20000caa:	6103      	str	r3, [r0, #16]
20000cac:	4770      	bx	lr
20000cae:	46c0      	nop			; (mov r8, r8)

20000cb0 <_hw_endpoint_buffer_control_update32>:
20000cb0:	b510      	push	{r4, lr}
20000cb2:	6883      	ldr	r3, [r0, #8]
20000cb4:	2900      	cmp	r1, #0
20000cb6:	d001      	beq.n	20000cbc <_hw_endpoint_buffer_control_update32+0xc>
20000cb8:	681c      	ldr	r4, [r3, #0]
20000cba:	4021      	ands	r1, r4
20000cbc:	2a00      	cmp	r2, #0
20000cbe:	d012      	beq.n	20000ce6 <_hw_endpoint_buffer_control_update32+0x36>
20000cc0:	2480      	movs	r4, #128	; 0x80
20000cc2:	00e4      	lsls	r4, r4, #3
20000cc4:	4311      	orrs	r1, r2
20000cc6:	4222      	tst	r2, r4
20000cc8:	d00d      	beq.n	20000ce6 <_hw_endpoint_buffer_control_update32+0x36>
20000cca:	681a      	ldr	r2, [r3, #0]
20000ccc:	4222      	tst	r2, r4
20000cce:	d10c      	bne.n	20000cea <_hw_endpoint_buffer_control_update32+0x3a>
20000cd0:	4a08      	ldr	r2, [pc, #32]	; (20000cf4 <_hw_endpoint_buffer_control_update32+0x44>)
20000cd2:	400a      	ands	r2, r1
20000cd4:	601a      	str	r2, [r3, #0]
20000cd6:	4a08      	ldr	r2, [pc, #32]	; (20000cf8 <_hw_endpoint_buffer_control_update32+0x48>)
20000cd8:	6c12      	ldr	r2, [r2, #64]	; 0x40
20000cda:	0792      	lsls	r2, r2, #30
20000cdc:	d403      	bmi.n	20000ce6 <_hw_endpoint_buffer_control_update32+0x36>
20000cde:	230c      	movs	r3, #12
20000ce0:	3b03      	subs	r3, #3
20000ce2:	d2fd      	bcs.n	20000ce0 <_hw_endpoint_buffer_control_update32+0x30>
20000ce4:	6883      	ldr	r3, [r0, #8]
20000ce6:	6019      	str	r1, [r3, #0]
20000ce8:	bd10      	pop	{r4, pc}
20000cea:	7881      	ldrb	r1, [r0, #2]
20000cec:	4803      	ldr	r0, [pc, #12]	; (20000cfc <_hw_endpoint_buffer_control_update32+0x4c>)
20000cee:	f000 f977 	bl	20000fe0 <__panic_veneer>
20000cf2:	46c0      	nop			; (mov r8, r8)
20000cf4:	fffffbff 	.word	0xfffffbff
20000cf8:	50110000 	.word	0x50110000
20000cfc:	10005334 	.word	0x10005334

20000d00 <hw_endpoint_start_next_buffer>:
20000d00:	6843      	ldr	r3, [r0, #4]
20000d02:	b570      	push	{r4, r5, r6, lr}
20000d04:	2100      	movs	r1, #0
20000d06:	2580      	movs	r5, #128	; 0x80
20000d08:	681e      	ldr	r6, [r3, #0]
20000d0a:	0004      	movs	r4, r0
20000d0c:	f7ff feb4 	bl	20000a78 <prepare_ep_buffer>
20000d10:	4b13      	ldr	r3, [pc, #76]	; (20000d60 <hw_endpoint_start_next_buffer+0x60>)
20000d12:	016d      	lsls	r5, r5, #5
20000d14:	6c1b      	ldr	r3, [r3, #64]	; 0x40
20000d16:	4305      	orrs	r5, r0
20000d18:	079b      	lsls	r3, r3, #30
20000d1a:	d50f      	bpl.n	20000d3c <hw_endpoint_start_next_buffer+0x3c>
20000d1c:	78a3      	ldrb	r3, [r4, #2]
20000d1e:	065b      	lsls	r3, r3, #25
20000d20:	d00f      	beq.n	20000d42 <hw_endpoint_start_next_buffer+0x42>
20000d22:	4b10      	ldr	r3, [pc, #64]	; (20000d64 <hw_endpoint_start_next_buffer+0x64>)
20000d24:	401e      	ands	r6, r3
20000d26:	2380      	movs	r3, #128	; 0x80
20000d28:	059b      	lsls	r3, r3, #22
20000d2a:	4333      	orrs	r3, r6
20000d2c:	6862      	ldr	r2, [r4, #4]
20000d2e:	2100      	movs	r1, #0
20000d30:	6013      	str	r3, [r2, #0]
20000d32:	0020      	movs	r0, r4
20000d34:	002a      	movs	r2, r5
20000d36:	f7ff ffbb 	bl	20000cb0 <_hw_endpoint_buffer_control_update32>
20000d3a:	bd70      	pop	{r4, r5, r6, pc}
20000d3c:	78a3      	ldrb	r3, [r4, #2]
20000d3e:	09db      	lsrs	r3, r3, #7
20000d40:	d0ef      	beq.n	20000d22 <hw_endpoint_start_next_buffer+0x22>
20000d42:	8aa3      	ldrh	r3, [r4, #20]
20000d44:	2b00      	cmp	r3, #0
20000d46:	d0ec      	beq.n	20000d22 <hw_endpoint_start_next_buffer+0x22>
20000d48:	2101      	movs	r1, #1
20000d4a:	0020      	movs	r0, r4
20000d4c:	f7ff fe94 	bl	20000a78 <prepare_ep_buffer>
20000d50:	23a0      	movs	r3, #160	; 0xa0
20000d52:	4a05      	ldr	r2, [pc, #20]	; (20000d68 <hw_endpoint_start_next_buffer+0x68>)
20000d54:	05db      	lsls	r3, r3, #23
20000d56:	4032      	ands	r2, r6
20000d58:	4305      	orrs	r5, r0
20000d5a:	4313      	orrs	r3, r2
20000d5c:	e7e6      	b.n	20000d2c <hw_endpoint_start_next_buffer+0x2c>
20000d5e:	46c0      	nop			; (mov r8, r8)
20000d60:	50110000 	.word	0x50110000
20000d64:	afffffff 	.word	0xafffffff
20000d68:	dfffffff 	.word	0xdfffffff

20000d6c <hw_endpoint_xfer_continue>:
20000d6c:	b570      	push	{r4, r5, r6, lr}
20000d6e:	7e85      	ldrb	r5, [r0, #26]
20000d70:	0004      	movs	r4, r0
20000d72:	2d00      	cmp	r5, #0
20000d74:	d013      	beq.n	20000d9e <hw_endpoint_xfer_continue+0x32>
20000d76:	f7ff ff53 	bl	20000c20 <_hw_endpoint_xfer_sync>
20000d7a:	8aa3      	ldrh	r3, [r4, #20]
20000d7c:	2b00      	cmp	r3, #0
20000d7e:	d101      	bne.n	20000d84 <hw_endpoint_xfer_continue+0x18>
20000d80:	0028      	movs	r0, r5
20000d82:	bd70      	pop	{r4, r5, r6, pc}
20000d84:	0020      	movs	r0, r4
20000d86:	f7ff ff73 	bl	20000c70 <e15_is_critical_frame_period>
20000d8a:	1e05      	subs	r5, r0, #0
20000d8c:	d003      	beq.n	20000d96 <hw_endpoint_xfer_continue+0x2a>
20000d8e:	2301      	movs	r3, #1
20000d90:	2500      	movs	r5, #0
20000d92:	7723      	strb	r3, [r4, #28]
20000d94:	e7f4      	b.n	20000d80 <hw_endpoint_xfer_continue+0x14>
20000d96:	0020      	movs	r0, r4
20000d98:	f7ff ffb2 	bl	20000d00 <hw_endpoint_start_next_buffer>
20000d9c:	e7f0      	b.n	20000d80 <hw_endpoint_xfer_continue+0x14>
20000d9e:	7881      	ldrb	r1, [r0, #2]
20000da0:	4801      	ldr	r0, [pc, #4]	; (20000da8 <hw_endpoint_xfer_continue+0x3c>)
20000da2:	f000 f91d 	bl	20000fe0 <__panic_veneer>
20000da6:	46c0      	nop			; (mov r8, r8)
20000da8:	10005354 	.word	0x10005354

20000dac <dcd_event_handler>:
20000dac:	b5f0      	push	{r4, r5, r6, r7, lr}
20000dae:	46ce      	mov	lr, r9
20000db0:	4647      	mov	r7, r8
20000db2:	b580      	push	{r7, lr}
20000db4:	7843      	ldrb	r3, [r0, #1]
20000db6:	0005      	movs	r5, r0
20000db8:	000e      	movs	r6, r1
20000dba:	b085      	sub	sp, #20
20000dbc:	2b06      	cmp	r3, #6
20000dbe:	d812      	bhi.n	20000de6 <dcd_event_handler+0x3a>
20000dc0:	4a6f      	ldr	r2, [pc, #444]	; (20000f80 <dcd_event_handler+0x1d4>)
20000dc2:	009b      	lsls	r3, r3, #2
20000dc4:	58d3      	ldr	r3, [r2, r3]
20000dc6:	469f      	mov	pc, r3
20000dc8:	2101      	movs	r1, #1
20000dca:	4b6e      	ldr	r3, [pc, #440]	; (20000f84 <dcd_event_handler+0x1d8>)
20000dcc:	781a      	ldrb	r2, [r3, #0]
20000dce:	438a      	bics	r2, r1
20000dd0:	701a      	strb	r2, [r3, #0]
20000dd2:	781a      	ldrb	r2, [r3, #0]
20000dd4:	3101      	adds	r1, #1
20000dd6:	438a      	bics	r2, r1
20000dd8:	701a      	strb	r2, [r3, #0]
20000dda:	2200      	movs	r2, #0
20000ddc:	705a      	strb	r2, [r3, #1]
20000dde:	781a      	ldrb	r2, [r3, #0]
20000de0:	3102      	adds	r1, #2
20000de2:	438a      	bics	r2, r1
20000de4:	701a      	strb	r2, [r3, #0]
20000de6:	4b68      	ldr	r3, [pc, #416]	; (20000f88 <dcd_event_handler+0x1dc>)
20000de8:	681c      	ldr	r4, [r3, #0]
20000dea:	6962      	ldr	r2, [r4, #20]
20000dec:	f3ef 8110 	mrs	r1, PRIMASK
20000df0:	b672      	cpsid	i
20000df2:	6813      	ldr	r3, [r2, #0]
20000df4:	2b00      	cmp	r3, #0
20000df6:	d0fc      	beq.n	20000df2 <dcd_event_handler+0x46>
20000df8:	f3bf 8f5f 	dmb	sy
20000dfc:	61a1      	str	r1, [r4, #24]
20000dfe:	0020      	movs	r0, r4
20000e00:	0029      	movs	r1, r5
20000e02:	f000 f8f5 	bl	20000ff0 <__tu_fifo_write_veneer>
20000e06:	6962      	ldr	r2, [r4, #20]
20000e08:	69a3      	ldr	r3, [r4, #24]
20000e0a:	f3bf 8f5f 	dmb	sy
20000e0e:	2100      	movs	r1, #0
20000e10:	6011      	str	r1, [r2, #0]
20000e12:	f383 8810 	msr	PRIMASK, r3
20000e16:	2800      	cmp	r0, #0
20000e18:	d104      	bne.n	20000e24 <dcd_event_handler+0x78>
20000e1a:	b005      	add	sp, #20
20000e1c:	bcc0      	pop	{r6, r7}
20000e1e:	46b9      	mov	r9, r7
20000e20:	46b0      	mov	r8, r6
20000e22:	bdf0      	pop	{r4, r5, r6, r7, pc}
20000e24:	0032      	movs	r2, r6
20000e26:	7869      	ldrb	r1, [r5, #1]
20000e28:	7828      	ldrb	r0, [r5, #0]
20000e2a:	f000 f8b9 	bl	20000fa0 <__tud_event_hook_cb_veneer>
20000e2e:	e7f4      	b.n	20000e1a <dcd_event_handler+0x6e>
20000e30:	4a56      	ldr	r2, [pc, #344]	; (20000f8c <dcd_event_handler+0x1e0>)
20000e32:	7813      	ldrb	r3, [r2, #0]
20000e34:	3301      	adds	r3, #1
20000e36:	b2db      	uxtb	r3, r3
20000e38:	7013      	strb	r3, [r2, #0]
20000e3a:	e7d4      	b.n	20000de6 <dcd_event_handler+0x3a>
20000e3c:	4954      	ldr	r1, [pc, #336]	; (20000f90 <dcd_event_handler+0x1e4>)
20000e3e:	4f55      	ldr	r7, [pc, #340]	; (20000f94 <dcd_event_handler+0x1e8>)
20000e40:	4689      	mov	r9, r1
20000e42:	4955      	ldr	r1, [pc, #340]	; (20000f98 <dcd_event_handler+0x1ec>)
20000e44:	2400      	movs	r4, #0
20000e46:	2300      	movs	r3, #0
20000e48:	4688      	mov	r8, r1
20000e4a:	783a      	ldrb	r2, [r7, #0]
20000e4c:	e00c      	b.n	20000e68 <dcd_event_handler+0xbc>
20000e4e:	4641      	mov	r1, r8
20000e50:	6809      	ldr	r1, [r1, #0]
20000e52:	0163      	lsls	r3, r4, #5
20000e54:	468c      	mov	ip, r1
20000e56:	4463      	add	r3, ip
20000e58:	2b00      	cmp	r3, #0
20000e5a:	d10a      	bne.n	20000e72 <dcd_event_handler+0xc6>
20000e5c:	3401      	adds	r4, #1
20000e5e:	b2e4      	uxtb	r4, r4
20000e60:	1c51      	adds	r1, r2, #1
20000e62:	0023      	movs	r3, r4
20000e64:	42a1      	cmp	r1, r4
20000e66:	db11      	blt.n	20000e8c <dcd_event_handler+0xe0>
20000e68:	4294      	cmp	r4, r2
20000e6a:	d3f0      	bcc.n	20000e4e <dcd_event_handler+0xa2>
20000e6c:	1a9b      	subs	r3, r3, r2
20000e6e:	015b      	lsls	r3, r3, #5
20000e70:	444b      	add	r3, r9
20000e72:	69db      	ldr	r3, [r3, #28]
20000e74:	2b00      	cmp	r3, #0
20000e76:	d0f1      	beq.n	20000e5c <dcd_event_handler+0xb0>
20000e78:	6869      	ldr	r1, [r5, #4]
20000e7a:	7828      	ldrb	r0, [r5, #0]
20000e7c:	4798      	blx	r3
20000e7e:	783a      	ldrb	r2, [r7, #0]
20000e80:	3401      	adds	r4, #1
20000e82:	b2e4      	uxtb	r4, r4
20000e84:	1c51      	adds	r1, r2, #1
20000e86:	0023      	movs	r3, r4
20000e88:	42a1      	cmp	r1, r4
20000e8a:	daed      	bge.n	20000e68 <dcd_event_handler+0xbc>
20000e8c:	4f3d      	ldr	r7, [pc, #244]	; (20000f84 <dcd_event_handler+0x1d8>)
20000e8e:	783b      	ldrb	r3, [r7, #0]
20000e90:	075b      	lsls	r3, r3, #29
20000e92:	d52a      	bpl.n	20000eea <dcd_event_handler+0x13e>
20000e94:	2204      	movs	r2, #4
20000e96:	783b      	ldrb	r3, [r7, #0]
20000e98:	ac01      	add	r4, sp, #4
20000e9a:	4393      	bics	r3, r2
20000e9c:	2100      	movs	r1, #0
20000e9e:	0020      	movs	r0, r4
20000ea0:	3208      	adds	r2, #8
20000ea2:	703b      	strb	r3, [r7, #0]
20000ea4:	f000 f894 	bl	20000fd0 <____wrap_memset_veneer>
20000ea8:	782b      	ldrb	r3, [r5, #0]
20000eaa:	7023      	strb	r3, [r4, #0]
20000eac:	2305      	movs	r3, #5
20000eae:	7063      	strb	r3, [r4, #1]
20000eb0:	4b35      	ldr	r3, [pc, #212]	; (20000f88 <dcd_event_handler+0x1dc>)
20000eb2:	681b      	ldr	r3, [r3, #0]
20000eb4:	4698      	mov	r8, r3
20000eb6:	695a      	ldr	r2, [r3, #20]
20000eb8:	f3ef 8110 	mrs	r1, PRIMASK
20000ebc:	b672      	cpsid	i
20000ebe:	6813      	ldr	r3, [r2, #0]
20000ec0:	2b00      	cmp	r3, #0
20000ec2:	d0fc      	beq.n	20000ebe <dcd_event_handler+0x112>
20000ec4:	f3bf 8f5f 	dmb	sy
20000ec8:	4643      	mov	r3, r8
20000eca:	4640      	mov	r0, r8
20000ecc:	6199      	str	r1, [r3, #24]
20000ece:	0021      	movs	r1, r4
20000ed0:	f000 f88e 	bl	20000ff0 <__tu_fifo_write_veneer>
20000ed4:	4643      	mov	r3, r8
20000ed6:	695a      	ldr	r2, [r3, #20]
20000ed8:	699b      	ldr	r3, [r3, #24]
20000eda:	f3bf 8f5f 	dmb	sy
20000ede:	2100      	movs	r1, #0
20000ee0:	6011      	str	r1, [r2, #0]
20000ee2:	f383 8810 	msr	PRIMASK, r3
20000ee6:	2800      	cmp	r0, #0
20000ee8:	d144      	bne.n	20000f74 <dcd_event_handler+0x1c8>
20000eea:	78fb      	ldrb	r3, [r7, #3]
20000eec:	07db      	lsls	r3, r3, #31
20000eee:	d400      	bmi.n	20000ef2 <dcd_event_handler+0x146>
20000ef0:	e793      	b.n	20000e1a <dcd_event_handler+0x6e>
20000ef2:	ac01      	add	r4, sp, #4
20000ef4:	220c      	movs	r2, #12
20000ef6:	2100      	movs	r1, #0
20000ef8:	0020      	movs	r0, r4
20000efa:	f000 f869 	bl	20000fd0 <____wrap_memset_veneer>
20000efe:	782b      	ldrb	r3, [r5, #0]
20000f00:	7023      	strb	r3, [r4, #0]
20000f02:	2303      	movs	r3, #3
20000f04:	7063      	strb	r3, [r4, #1]
20000f06:	686b      	ldr	r3, [r5, #4]
20000f08:	6063      	str	r3, [r4, #4]
20000f0a:	4b1f      	ldr	r3, [pc, #124]	; (20000f88 <dcd_event_handler+0x1dc>)
20000f0c:	681d      	ldr	r5, [r3, #0]
20000f0e:	696a      	ldr	r2, [r5, #20]
20000f10:	f3ef 8110 	mrs	r1, PRIMASK
20000f14:	b672      	cpsid	i
20000f16:	6813      	ldr	r3, [r2, #0]
20000f18:	2b00      	cmp	r3, #0
20000f1a:	d0fc      	beq.n	20000f16 <dcd_event_handler+0x16a>
20000f1c:	f3bf 8f5f 	dmb	sy
20000f20:	61a9      	str	r1, [r5, #24]
20000f22:	0028      	movs	r0, r5
20000f24:	0021      	movs	r1, r4
20000f26:	f000 f863 	bl	20000ff0 <__tu_fifo_write_veneer>
20000f2a:	696a      	ldr	r2, [r5, #20]
20000f2c:	69ab      	ldr	r3, [r5, #24]
20000f2e:	f3bf 8f5f 	dmb	sy
20000f32:	2100      	movs	r1, #0
20000f34:	6011      	str	r1, [r2, #0]
20000f36:	f383 8810 	msr	PRIMASK, r3
20000f3a:	2800      	cmp	r0, #0
20000f3c:	d100      	bne.n	20000f40 <dcd_event_handler+0x194>
20000f3e:	e76c      	b.n	20000e1a <dcd_event_handler+0x6e>
20000f40:	0032      	movs	r2, r6
20000f42:	7861      	ldrb	r1, [r4, #1]
20000f44:	7820      	ldrb	r0, [r4, #0]
20000f46:	f000 f82b 	bl	20000fa0 <__tud_event_hook_cb_veneer>
20000f4a:	e766      	b.n	20000e1a <dcd_event_handler+0x6e>
20000f4c:	4b0d      	ldr	r3, [pc, #52]	; (20000f84 <dcd_event_handler+0x1d8>)
20000f4e:	781a      	ldrb	r2, [r3, #0]
20000f50:	07d2      	lsls	r2, r2, #31
20000f52:	d400      	bmi.n	20000f56 <dcd_event_handler+0x1aa>
20000f54:	e761      	b.n	20000e1a <dcd_event_handler+0x6e>
20000f56:	2104      	movs	r1, #4
20000f58:	781a      	ldrb	r2, [r3, #0]
20000f5a:	430a      	orrs	r2, r1
20000f5c:	701a      	strb	r2, [r3, #0]
20000f5e:	e742      	b.n	20000de6 <dcd_event_handler+0x3a>
20000f60:	4b08      	ldr	r3, [pc, #32]	; (20000f84 <dcd_event_handler+0x1d8>)
20000f62:	781a      	ldrb	r2, [r3, #0]
20000f64:	07d2      	lsls	r2, r2, #31
20000f66:	d400      	bmi.n	20000f6a <dcd_event_handler+0x1be>
20000f68:	e757      	b.n	20000e1a <dcd_event_handler+0x6e>
20000f6a:	2104      	movs	r1, #4
20000f6c:	781a      	ldrb	r2, [r3, #0]
20000f6e:	438a      	bics	r2, r1
20000f70:	701a      	strb	r2, [r3, #0]
20000f72:	e738      	b.n	20000de6 <dcd_event_handler+0x3a>
20000f74:	0032      	movs	r2, r6
20000f76:	7861      	ldrb	r1, [r4, #1]
20000f78:	7820      	ldrb	r0, [r4, #0]
20000f7a:	f000 f811 	bl	20000fa0 <__tud_event_hook_cb_veneer>
20000f7e:	e7b4      	b.n	20000eea <dcd_event_handler+0x13e>
20000f80:	10005408 	.word	0x10005408
20000f84:	2000155c 	.word	0x2000155c
20000f88:	200015b4 	.word	0x200015b4
20000f8c:	2000200f 	.word	0x2000200f
20000f90:	10005424 	.word	0x10005424
20000f94:	2000200d 	.word	0x2000200d
20000f98:	200013ac 	.word	0x200013ac

20000f9c <__aeabi_idiv0>:
20000f9c:	4770      	bx	lr
20000f9e:	46c0      	nop			; (mov r8, r8)

20000fa0 <__tud_event_hook_cb_veneer>:
20000fa0:	b401      	push	{r0}
20000fa2:	4802      	ldr	r0, [pc, #8]	; (20000fac <__tud_event_hook_cb_veneer+0xc>)
20000fa4:	4684      	mov	ip, r0
20000fa6:	bc01      	pop	{r0}
20000fa8:	4760      	bx	ip
20000faa:	bf00      	nop
20000fac:	10003189 	.word	0x10003189

20000fb0 <____wrap___aeabi_lmul_veneer>:
20000fb0:	b401      	push	{r0}
20000fb2:	4802      	ldr	r0, [pc, #8]	; (20000fbc <____wrap___aeabi_lmul_veneer+0xc>)
20000fb4:	4684      	mov	ip, r0
20000fb6:	bc01      	pop	{r0}
20000fb8:	4760      	bx	ip
20000fba:	bf00      	nop
20000fbc:	100020cd 	.word	0x100020cd

20000fc0 <__time_us_64_veneer>:
20000fc0:	b401      	push	{r0}
20000fc2:	4802      	ldr	r0, [pc, #8]	; (20000fcc <__time_us_64_veneer+0xc>)
20000fc4:	4684      	mov	ip, r0
20000fc6:	bc01      	pop	{r0}
20000fc8:	4760      	bx	ip
20000fca:	bf00      	nop
20000fcc:	100016d5 	.word	0x100016d5

20000fd0 <____wrap_memset_veneer>:
20000fd0:	b401      	push	{r0}
20000fd2:	4802      	ldr	r0, [pc, #8]	; (20000fdc <____wrap_memset_veneer+0xc>)
20000fd4:	4684      	mov	ip, r0
20000fd6:	bc01      	pop	{r0}
20000fd8:	4760      	bx	ip
20000fda:	bf00      	nop
20000fdc:	10002179 	.word	0x10002179

20000fe0 <__panic_veneer>:
20000fe0:	b401      	push	{r0}
20000fe2:	4802      	ldr	r0, [pc, #8]	; (20000fec <__panic_veneer+0xc>)
20000fe4:	4684      	mov	ip, r0
20000fe6:	bc01      	pop	{r0}
20000fe8:	4760      	bx	ip
20000fea:	bf00      	nop
20000fec:	10000711 	.word	0x10000711

20000ff0 <__tu_fifo_write_veneer>:
20000ff0:	b401      	push	{r0}
20000ff2:	4802      	ldr	r0, [pc, #8]	; (20000ffc <__tu_fifo_write_veneer+0xc>)
20000ff4:	4684      	mov	ip, r0
20000ff6:	bc01      	pop	{r0}
20000ff8:	4760      	bx	ip
20000ffa:	bf00      	nop
20000ffc:	10004c11 	.word	0x10004c11

20001000 <__rp2040_chip_version_veneer>:
20001000:	b401      	push	{r0}
20001002:	4802      	ldr	r0, [pc, #8]	; (2000100c <__rp2040_chip_version_veneer+0xc>)
20001004:	4684      	mov	ip, r0
20001006:	bc01      	pop	{r0}
20001008:	4760      	bx	ip
2000100a:	bf00      	nop
2000100c:	10000705 	.word	0x10000705

20001010 <__best_effort_wfe_or_timeout_veneer>:
20001010:	b401      	push	{r0}
20001012:	4802      	ldr	r0, [pc, #8]	; (2000101c <__best_effort_wfe_or_timeout_veneer+0xc>)
20001014:	4684      	mov	ip, r0
20001016:	bc01      	pop	{r0}
20001018:	4760      	bx	ip
2000101a:	bf00      	nop
2000101c:	100015b5 	.word	0x100015b5

20001020 <striped_spin_lock_num>:
20001020:	00000010                                ....

20001024 <irq_handler_chain_slots>:
20001024:	00000000 	.word	0x00000000
20001028:	00010000 	.word	0x00010000
	...
20001034:	00020000 	.word	0x00020000
	...
20001040:	00030000 	.word	0x00030000
	...
2000104c:	00ff0000 	.word	0x00ff0000
20001050:	00000000 	.word	0x00000000

20001054 <irq_handler_chain_first_slot>:
20001054:	b501      	push	{r0, lr}
20001056:	6848      	ldr	r0, [r1, #4]
20001058:	3101      	adds	r1, #1
2000105a:	468e      	mov	lr, r1
2000105c:	4700      	bx	r0

2000105e <irq_handler_chain_remove_tail>:
2000105e:	4670      	mov	r0, lr
20001060:	3809      	subs	r0, #9
20001062:	4901      	ldr	r1, [pc, #4]	; (20001068 <irq_handler_chain_remove_tail+0xa>)
20001064:	4788      	blx	r1
20001066:	bd01      	pop	{r0, pc}
20001068:	10000d09 	.word	0x10000d09

2000106c <default_alarm_pool>:
	...
20001080:	20001108 00000000 00000000 00000000     ... ............

20001090 <aeabi_bits_funcs>:
20001090:	00003350 	.word	0x00003350
20001094:	0000334c 	.word	0x0000334c
20001098:	00003354 	.word	0x00003354
2000109c:	00003352 	.word	0x00003352

200010a0 <aeabi_bits_funcs_end>:
200010a0:	0000534d 	.word	0x0000534d
200010a4:	0000434d 	.word	0x0000434d
200010a8:	00003453 	.word	0x00003453
200010ac:	00003443 	.word	0x00003443

200010b0 <stdio_uart>:
200010b0:	100024e1 100025d9 1000252d 100025ed     .$...%..-%...%..
200010c0:	00000000 00000100                       ........

200010c8 <stdio_usb>:
200010c8:	1000293d 100028ed 1000285d 100027d5     =)...(..](...'..
200010d8:	00000000 00000100                       ........

200010e0 <_usbd_qdef>:
200010e0:	200015b8 000c0010 00000000 00000000     ... ............
	...

200010fc <_usbd_rhport>:
200010fc:	000000ff                                ....

20001100 <print_mutex>:
	...
