
/home/kwon/pico_ws/uart/build/uart.elf:     file format elf32-littlearm

Sections:
Idx Name          Size      VMA       LMA       File off  Algn
  0 .boot2        00000100  10000000  10000000  00001000  2**0
                  CONTENTS, ALLOC, LOAD, READONLY, CODE
  1 .text         000049d4  10000100  10000100  00001100  2**3
                  CONTENTS, ALLOC, LOAD, READONLY, CODE
  2 .rodata       00000440  10004ad4  10004ad4  00005ad4  2**2
                  CONTENTS, ALLOC, LOAD, READONLY, DATA
  3 .binary_info  00000020  10004f14  10004f14  00005f14  2**2
                  CONTENTS, ALLOC, LOAD, READONLY, DATA
  4 .ram_vector_table 000000c0  20000000  20000000  00008000  2**2
                  ALLOC
  5 .uninitialized_data 00000000  200000c0  200000c0  000070f0  2**0
                  CONTENTS
  6 .data         00001030  200000c0  10004f34  000060c0  2**4
                  CONTENTS, ALLOC, LOAD, READONLY, CODE
  7 .tdata        00000000  200010f0  200010f0  000070f0  2**0
                  CONTENTS, ALLOC, LOAD, DATA, THREAD_LOCAL
  8 .tbss         00000000  200010f0  200010f0  00000000  2**0
                  ALLOC, THREAD_LOCAL
  9 .bss          00000f04  200010f0  10005f64  000070f0  2**3
                  ALLOC
 10 .heap         00000800  20001ff4  10005f64  00007ff4  2**2
                  ALLOC, READONLY
 11 .scratch_x    00000000  20040000  20040000  000070f0  2**0
                  CONTENTS
 12 .scratch_y    00000000  20041000  20041000  000070f0  2**0
                  CONTENTS
 13 .stack_dummy  00000800  20041000  20041000  00008000  2**5
                  ALLOC, READONLY
 14 .ARM.attributes 00000028  00000000  00000000  000070f0  2**0
                  CONTENTS, READONLY
 15 .comment      00000033  00000000  00000000  00007118  2**0
                  CONTENTS, READONLY
 16 .debug_info   00032be4  00000000  00000000  0000714b  2**0
                  CONTENTS, READONLY, DEBUGGING, OCTETS
 17 .debug_abbrev 00008674  00000000  00000000  00039d2f  2**0
                  CONTENTS, READONLY, DEBUGGING, OCTETS
 18 .debug_loc    00027c3d  00000000  00000000  000423a3  2**0
                  CONTENTS, READONLY, DEBUGGING, OCTETS
 19 .debug_aranges 000015f8  00000000  00000000  00069fe0  2**3
                  CONTENTS, READONLY, DEBUGGING, OCTETS
 20 .debug_ranges 0000d150  00000000  00000000  0006b5d8  2**3
                  CONTENTS, READONLY, DEBUGGING, OCTETS
 21 .debug_line   00020d91  00000000  00000000  00078728  2**0
                  CONTENTS, READONLY, DEBUGGING, OCTETS
 22 .debug_str    00008e3b  00000000  00000000  000994b9  2**0
                  CONTENTS, READONLY, DEBUGGING, OCTETS
 23 .debug_frame  00002fec  00000000  00000000  000a22f4  2**2
                  CONTENTS, READONLY, DEBUGGING, OCTETS

/home/kwon/pico_ws/uart/build/uart.elf:     file format elf32-littlearm


Disassembly of section .boot2:

10000000 <__boot2_start__>:
10000000:	4b32b500 	.word	0x4b32b500
10000004:	60582021 	.word	0x60582021
10000008:	21026898 	.word	0x21026898
1000000c:	60984388 	.word	0x60984388
10000010:	611860d8 	.word	0x611860d8
10000014:	4b2e6158 	.word	0x4b2e6158
10000018:	60992100 	.word	0x60992100
1000001c:	61592102 	.word	0x61592102
10000020:	22f02101 	.word	0x22f02101
10000024:	492b5099 	.word	0x492b5099
10000028:	21016019 	.word	0x21016019
1000002c:	20356099 	.word	0x20356099
10000030:	f844f000 	.word	0xf844f000
10000034:	42902202 	.word	0x42902202
10000038:	2106d014 	.word	0x2106d014
1000003c:	f0006619 	.word	0xf0006619
10000040:	6e19f834 	.word	0x6e19f834
10000044:	66192101 	.word	0x66192101
10000048:	66182000 	.word	0x66182000
1000004c:	f000661a 	.word	0xf000661a
10000050:	6e19f82c 	.word	0x6e19f82c
10000054:	6e196e19 	.word	0x6e196e19
10000058:	f0002005 	.word	0xf0002005
1000005c:	2101f82f 	.word	0x2101f82f
10000060:	d1f94208 	.word	0xd1f94208
10000064:	60992100 	.word	0x60992100
10000068:	6019491b 	.word	0x6019491b
1000006c:	60592100 	.word	0x60592100
10000070:	481b491a 	.word	0x481b491a
10000074:	21016001 	.word	0x21016001
10000078:	21eb6099 	.word	0x21eb6099
1000007c:	21a06619 	.word	0x21a06619
10000080:	f0006619 	.word	0xf0006619
10000084:	2100f812 	.word	0x2100f812
10000088:	49166099 	.word	0x49166099
1000008c:	60014814 	.word	0x60014814
10000090:	60992101 	.word	0x60992101
10000094:	2800bc01 	.word	0x2800bc01
10000098:	4700d000 	.word	0x4700d000
1000009c:	49134812 	.word	0x49134812
100000a0:	c8036008 	.word	0xc8036008
100000a4:	8808f380 	.word	0x8808f380
100000a8:	b5034708 	.word	0xb5034708
100000ac:	20046a99 	.word	0x20046a99
100000b0:	d0fb4201 	.word	0xd0fb4201
100000b4:	42012001 	.word	0x42012001
100000b8:	bd03d1f8 	.word	0xbd03d1f8
100000bc:	6618b502 	.word	0x6618b502
100000c0:	f7ff6618 	.word	0xf7ff6618
100000c4:	6e18fff2 	.word	0x6e18fff2
100000c8:	bd026e18 	.word	0xbd026e18
100000cc:	40020000 	.word	0x40020000
100000d0:	18000000 	.word	0x18000000
100000d4:	00070000 	.word	0x00070000
100000d8:	005f0300 	.word	0x005f0300
100000dc:	00002221 	.word	0x00002221
100000e0:	180000f4 	.word	0x180000f4
100000e4:	a0002022 	.word	0xa0002022
100000e8:	10000100 	.word	0x10000100
100000ec:	e000ed08 	.word	0xe000ed08
	...
100000fc:	7a4eb274 	.word	0x7a4eb274

Disassembly of section .text:

10000100 <__VECTOR_TABLE>:
10000100:	20042000 	.word	0x20042000
10000104:	100001f7 	.word	0x100001f7
10000108:	100001cb 	.word	0x100001cb
1000010c:	100001cd 	.word	0x100001cd
10000110:	100001c9 	.word	0x100001c9
10000114:	100001c9 	.word	0x100001c9
10000118:	100001c9 	.word	0x100001c9
1000011c:	100001c9 	.word	0x100001c9
10000120:	100001c9 	.word	0x100001c9
10000124:	100001c9 	.word	0x100001c9
10000128:	100001c9 	.word	0x100001c9
1000012c:	100001cf 	.word	0x100001cf
10000130:	100001c9 	.word	0x100001c9
10000134:	100001c9 	.word	0x100001c9
10000138:	100001d1 	.word	0x100001d1
1000013c:	100001d3 	.word	0x100001d3
10000140:	100001c1 	.word	0x100001c1
10000144:	100001c1 	.word	0x100001c1
10000148:	100001c1 	.word	0x100001c1
1000014c:	100001c1 	.word	0x100001c1
10000150:	100001c1 	.word	0x100001c1
10000154:	100001c1 	.word	0x100001c1
10000158:	100001c1 	.word	0x100001c1
1000015c:	100001c1 	.word	0x100001c1
10000160:	100001c1 	.word	0x100001c1
10000164:	100001c1 	.word	0x100001c1
10000168:	100001c1 	.word	0x100001c1
1000016c:	100001c1 	.word	0x100001c1
10000170:	100001c1 	.word	0x100001c1
10000174:	100001c1 	.word	0x100001c1
10000178:	100001c1 	.word	0x100001c1
1000017c:	100001c1 	.word	0x100001c1
10000180:	100001c1 	.word	0x100001c1
10000184:	100001c1 	.word	0x100001c1
10000188:	100001c1 	.word	0x100001c1
1000018c:	100001c1 	.word	0x100001c1
10000190:	100001c1 	.word	0x100001c1
10000194:	100001c1 	.word	0x100001c1
10000198:	100001c1 	.word	0x100001c1
1000019c:	100001c1 	.word	0x100001c1
100001a0:	100001c1 	.word	0x100001c1
100001a4:	100001c1 	.word	0x100001c1
100001a8:	100001c1 	.word	0x100001c1
100001ac:	100001c1 	.word	0x100001c1
100001b0:	100001c1 	.word	0x100001c1
100001b4:	100001c1 	.word	0x100001c1
100001b8:	100001c1 	.word	0x100001c1
100001bc:	100001c1 	.word	0x100001c1

100001c0 <__unhandled_user_irq>:
100001c0:	f3ef 8005 	mrs	r0, IPSR
100001c4:	3810      	subs	r0, #16

100001c6 <unhandled_user_irq_num_in_r0>:
100001c6:	be00      	bkpt	0x0000

100001c8 <isr_invalid>:
100001c8:	be00      	bkpt	0x0000

100001ca <isr_nmi>:
100001ca:	be00      	bkpt	0x0000

100001cc <isr_hardfault>:
100001cc:	be00      	bkpt	0x0000

100001ce <isr_svcall>:
100001ce:	be00      	bkpt	0x0000

100001d0 <isr_pendsv>:
100001d0:	be00      	bkpt	0x0000

100001d2 <isr_systick>:
100001d2:	be00      	bkpt	0x0000

100001d4 <__default_isrs_end>:
100001d4:	7188ebf2 	.word	0x7188ebf2
100001d8:	10004f14 	.word	0x10004f14
100001dc:	10004f34 	.word	0x10004f34
100001e0:	10000238 	.word	0x10000238
100001e4:	e71aa390 	.word	0xe71aa390

100001e8 <_entry_point>:
100001e8:	481e      	ldr	r0, [pc, #120]	; (10000264 <data_cpy_table+0x2c>)

100001ea <_enter_vtable_in_r0>:
100001ea:	491f      	ldr	r1, [pc, #124]	; (10000268 <data_cpy_table+0x30>)
100001ec:	6008      	str	r0, [r1, #0]
100001ee:	c806      	ldmia	r0!, {r1, r2}
100001f0:	f381 8808 	msr	MSP, r1
100001f4:	4710      	bx	r2

100001f6 <_reset_handler>:
100001f6:	481d      	ldr	r0, [pc, #116]	; (1000026c <data_cpy_table+0x34>)
100001f8:	6800      	ldr	r0, [r0, #0]
100001fa:	2800      	cmp	r0, #0
100001fc:	d001      	beq.n	10000202 <hold_non_core0_in_bootrom+0x4>

100001fe <hold_non_core0_in_bootrom>:
100001fe:	4819      	ldr	r0, [pc, #100]	; (10000264 <data_cpy_table+0x2c>)
10000200:	e7f3      	b.n	100001ea <_enter_vtable_in_r0>
10000202:	a40d      	add	r4, pc, #52	; (adr r4, 10000238 <data_cpy_table>)
10000204:	cc0e      	ldmia	r4!, {r1, r2, r3}
10000206:	2900      	cmp	r1, #0
10000208:	d002      	beq.n	10000210 <hold_non_core0_in_bootrom+0x12>
1000020a:	f000 f812 	bl	10000232 <data_cpy>
1000020e:	e7f9      	b.n	10000204 <hold_non_core0_in_bootrom+0x6>
10000210:	4917      	ldr	r1, [pc, #92]	; (10000270 <data_cpy_table+0x38>)
10000212:	4a18      	ldr	r2, [pc, #96]	; (10000274 <data_cpy_table+0x3c>)
10000214:	2000      	movs	r0, #0
10000216:	e000      	b.n	1000021a <bss_fill_test>

10000218 <bss_fill_loop>:
10000218:	c101      	stmia	r1!, {r0}

1000021a <bss_fill_test>:
1000021a:	4291      	cmp	r1, r2
1000021c:	d1fc      	bne.n	10000218 <bss_fill_loop>

1000021e <platform_entry>:
1000021e:	4916      	ldr	r1, [pc, #88]	; (10000278 <data_cpy_table+0x40>)
10000220:	4788      	blx	r1
10000222:	4916      	ldr	r1, [pc, #88]	; (1000027c <data_cpy_table+0x44>)
10000224:	4788      	blx	r1
10000226:	4916      	ldr	r1, [pc, #88]	; (10000280 <data_cpy_table+0x48>)
10000228:	4788      	blx	r1
1000022a:	be00      	bkpt	0x0000
1000022c:	e7fd      	b.n	1000022a <platform_entry+0xc>

1000022e <data_cpy_loop>:
1000022e:	c901      	ldmia	r1!, {r0}
10000230:	c201      	stmia	r2!, {r0}

10000232 <data_cpy>:
10000232:	429a      	cmp	r2, r3
10000234:	d3fb      	bcc.n	1000022e <data_cpy_loop>
10000236:	4770      	bx	lr

10000238 <data_cpy_table>:
10000238:	10004f34 	.word	0x10004f34
1000023c:	200000c0 	.word	0x200000c0
10000240:	200010f0 	.word	0x200010f0
10000244:	10005f64 	.word	0x10005f64
10000248:	20040000 	.word	0x20040000
1000024c:	20040000 	.word	0x20040000
10000250:	10005f64 	.word	0x10005f64
10000254:	20041000 	.word	0x20041000
10000258:	20041000 	.word	0x20041000
1000025c:	00000000 	.word	0x00000000
10000260:	4770      	bx	lr
10000262:	0000      	.short	0x0000
10000264:	00000000 	.word	0x00000000
10000268:	e000ed08 	.word	0xe000ed08
1000026c:	d0000000 	.word	0xd0000000
10000270:	200010f0 	.word	0x200010f0
10000274:	20001ff4 	.word	0x20001ff4
10000278:	10001eb1 	.word	0x10001eb1
1000027c:	10000321 	.word	0x10000321
10000280:	10001ea9 	.word	0x10001ea9

10000284 <_init>:
10000284:	b5f8      	push	{r3, r4, r5, r6, r7, lr}
10000286:	46c0      	nop			; (mov r8, r8)

10000288 <deregister_tm_clones>:
10000288:	4804      	ldr	r0, [pc, #16]	; (1000029c <deregister_tm_clones+0x14>)
1000028a:	4b05      	ldr	r3, [pc, #20]	; (100002a0 <deregister_tm_clones+0x18>)
1000028c:	b510      	push	{r4, lr}
1000028e:	4283      	cmp	r3, r0
10000290:	d003      	beq.n	1000029a <deregister_tm_clones+0x12>
10000292:	4b04      	ldr	r3, [pc, #16]	; (100002a4 <deregister_tm_clones+0x1c>)
10000294:	2b00      	cmp	r3, #0
10000296:	d000      	beq.n	1000029a <deregister_tm_clones+0x12>
10000298:	4798      	blx	r3
1000029a:	bd10      	pop	{r4, pc}
1000029c:	200010f0 	.word	0x200010f0
100002a0:	200010f0 	.word	0x200010f0
100002a4:	00000000 	.word	0x00000000

100002a8 <register_tm_clones>:
100002a8:	4806      	ldr	r0, [pc, #24]	; (100002c4 <register_tm_clones+0x1c>)
100002aa:	4907      	ldr	r1, [pc, #28]	; (100002c8 <register_tm_clones+0x20>)
100002ac:	1a09      	subs	r1, r1, r0
100002ae:	108b      	asrs	r3, r1, #2
100002b0:	0fc9      	lsrs	r1, r1, #31
100002b2:	18c9      	adds	r1, r1, r3
100002b4:	b510      	push	{r4, lr}
100002b6:	1049      	asrs	r1, r1, #1
100002b8:	d003      	beq.n	100002c2 <register_tm_clones+0x1a>
100002ba:	4b04      	ldr	r3, [pc, #16]	; (100002cc <register_tm_clones+0x24>)
100002bc:	2b00      	cmp	r3, #0
100002be:	d000      	beq.n	100002c2 <register_tm_clones+0x1a>
100002c0:	4798      	blx	r3
100002c2:	bd10      	pop	{r4, pc}
100002c4:	200010f0 	.word	0x200010f0
100002c8:	200010f0 	.word	0x200010f0
100002cc:	00000000 	.word	0x00000000

100002d0 <__do_global_dtors_aux>:
100002d0:	b510      	push	{r4, lr}
100002d2:	4c07      	ldr	r4, [pc, #28]	; (100002f0 <__do_global_dtors_aux+0x20>)
100002d4:	7823      	ldrb	r3, [r4, #0]
100002d6:	2b00      	cmp	r3, #0
100002d8:	d109      	bne.n	100002ee <__do_global_dtors_aux+0x1e>
100002da:	f7ff ffd5 	bl	10000288 <deregister_tm_clones>
100002de:	4b05      	ldr	r3, [pc, #20]	; (100002f4 <__do_global_dtors_aux+0x24>)
100002e0:	2b00      	cmp	r3, #0
100002e2:	d002      	beq.n	100002ea <__do_global_dtors_aux+0x1a>
100002e4:	4804      	ldr	r0, [pc, #16]	; (100002f8 <__do_global_dtors_aux+0x28>)
100002e6:	e000      	b.n	100002ea <__do_global_dtors_aux+0x1a>
100002e8:	bf00      	nop
100002ea:	2301      	movs	r3, #1
100002ec:	7023      	strb	r3, [r4, #0]
100002ee:	bd10      	pop	{r4, pc}
100002f0:	20001378 	.word	0x20001378
100002f4:	00000000 	.word	0x00000000
100002f8:	10004ad4 	.word	0x10004ad4

100002fc <frame_dummy>:
100002fc:	4b05      	ldr	r3, [pc, #20]	; (10000314 <frame_dummy+0x18>)
100002fe:	b510      	push	{r4, lr}
10000300:	2b00      	cmp	r3, #0
10000302:	d003      	beq.n	1000030c <frame_dummy+0x10>
10000304:	4904      	ldr	r1, [pc, #16]	; (10000318 <frame_dummy+0x1c>)
10000306:	4805      	ldr	r0, [pc, #20]	; (1000031c <frame_dummy+0x20>)
10000308:	e000      	b.n	1000030c <frame_dummy+0x10>
1000030a:	bf00      	nop
1000030c:	f7ff ffcc 	bl	100002a8 <register_tm_clones>
10000310:	bd10      	pop	{r4, pc}
10000312:	46c0      	nop			; (mov r8, r8)
10000314:	00000000 	.word	0x00000000
10000318:	2000137c 	.word	0x2000137c
1000031c:	10004ad4 	.word	0x10004ad4

10000320 <main>:
10000320:	b5f8      	push	{r3, r4, r5, r6, r7, lr}
10000322:	46de      	mov	lr, fp
10000324:	4645      	mov	r5, r8
10000326:	4657      	mov	r7, sl
10000328:	464e      	mov	r6, r9
1000032a:	b5e0      	push	{r5, r6, r7, lr}
1000032c:	f001 fed0 	bl	100020d0 <stdio_init_all>
10000330:	4869      	ldr	r0, [pc, #420]	; (100004d8 <main+0x1b8>)
10000332:	f000 ff8f 	bl	10001254 <sleep_ms>
10000336:	2019      	movs	r0, #25
10000338:	f000 f910 	bl	1000055c <gpio_init>
1000033c:	23d0      	movs	r3, #208	; 0xd0
1000033e:	2280      	movs	r2, #128	; 0x80
10000340:	2196      	movs	r1, #150	; 0x96
10000342:	4c66      	ldr	r4, [pc, #408]	; (100004dc <main+0x1bc>)
10000344:	061b      	lsls	r3, r3, #24
10000346:	0492      	lsls	r2, r2, #18
10000348:	625a      	str	r2, [r3, #36]	; 0x24
1000034a:	0189      	lsls	r1, r1, #6
1000034c:	619a      	str	r2, [r3, #24]
1000034e:	0020      	movs	r0, r4
10000350:	f001 f86e 	bl	10001430 <uart_init>
10000354:	2102      	movs	r1, #2
10000356:	2004      	movs	r0, #4
10000358:	f000 f8cc 	bl	100004f4 <gpio_set_function>
1000035c:	2102      	movs	r1, #2
1000035e:	2005      	movs	r0, #5
10000360:	f000 f8c8 	bl	100004f4 <gpio_set_function>
10000364:	2200      	movs	r2, #0
10000366:	2101      	movs	r1, #1
10000368:	2005      	movs	r0, #5
1000036a:	f000 f8dd 	bl	10000528 <gpio_set_pulls>
1000036e:	2300      	movs	r3, #0
10000370:	2201      	movs	r2, #1
10000372:	2108      	movs	r1, #8
10000374:	0020      	movs	r0, r4
10000376:	f001 f8e9 	bl	1000154c <uart_set_format>
1000037a:	22c0      	movs	r2, #192	; 0xc0
1000037c:	6b23      	ldr	r3, [r4, #48]	; 0x30
1000037e:	0212      	lsls	r2, r2, #8
10000380:	4013      	ands	r3, r2
10000382:	4a57      	ldr	r2, [pc, #348]	; (100004e0 <main+0x1c0>)
10000384:	2101      	movs	r1, #1
10000386:	6013      	str	r3, [r2, #0]
10000388:	0020      	movs	r0, r4
1000038a:	f001 f91b 	bl	100015c4 <uart_set_fifo_enabled>
1000038e:	4b55      	ldr	r3, [pc, #340]	; (100004e4 <main+0x1c4>)
10000390:	2510      	movs	r5, #16
10000392:	469b      	mov	fp, r3
10000394:	4b54      	ldr	r3, [pc, #336]	; (100004e8 <main+0x1c8>)
10000396:	469a      	mov	sl, r3
10000398:	4b54      	ldr	r3, [pc, #336]	; (100004ec <main+0x1cc>)
1000039a:	4698      	mov	r8, r3
1000039c:	4b54      	ldr	r3, [pc, #336]	; (100004f0 <main+0x1d0>)
1000039e:	4699      	mov	r9, r3
100003a0:	69a3      	ldr	r3, [r4, #24]
100003a2:	421d      	tst	r5, r3
100003a4:	d1fc      	bne.n	100003a0 <main+0x80>
100003a6:	69a3      	ldr	r3, [r4, #24]
100003a8:	421d      	tst	r5, r3
100003aa:	d1fc      	bne.n	100003a6 <main+0x86>
100003ac:	20ff      	movs	r0, #255	; 0xff
100003ae:	6823      	ldr	r3, [r4, #0]
100003b0:	b2df      	uxtb	r7, r3
100003b2:	4018      	ands	r0, r3
100003b4:	f001 fe90 	bl	100020d8 <__wrap_putchar>
100003b8:	2f61      	cmp	r7, #97	; 0x61
100003ba:	d032      	beq.n	10000422 <main+0x102>
100003bc:	2f62      	cmp	r7, #98	; 0x62
100003be:	d05c      	beq.n	1000047a <main+0x15a>
100003c0:	2f74      	cmp	r7, #116	; 0x74
100003c2:	d1ed      	bne.n	100003a0 <main+0x80>
100003c4:	465b      	mov	r3, fp
100003c6:	260d      	movs	r6, #13
100003c8:	2002      	movs	r0, #2
100003ca:	5e18      	ldrsh	r0, [r3, r0]
100003cc:	4649      	mov	r1, r9
100003ce:	2200      	movs	r2, #0
100003d0:	2320      	movs	r3, #32
100003d2:	46b4      	mov	ip, r6
100003d4:	2a00      	cmp	r2, #0
100003d6:	d117      	bne.n	10000408 <main+0xe8>
100003d8:	42b8      	cmp	r0, r7
100003da:	d01c      	beq.n	10000416 <main+0xf6>
100003dc:	69a2      	ldr	r2, [r4, #24]
100003de:	4213      	tst	r3, r2
100003e0:	d1fc      	bne.n	100003dc <main+0xbc>
100003e2:	6027      	str	r7, [r4, #0]
100003e4:	780a      	ldrb	r2, [r1, #0]
100003e6:	3101      	adds	r1, #1
100003e8:	3a0d      	subs	r2, #13
100003ea:	4256      	negs	r6, r2
100003ec:	4172      	adcs	r2, r6
100003ee:	780f      	ldrb	r7, [r1, #0]
100003f0:	b2d2      	uxtb	r2, r2
100003f2:	2f00      	cmp	r7, #0
100003f4:	d1ee      	bne.n	100003d4 <main+0xb4>
100003f6:	23d0      	movs	r3, #208	; 0xd0
100003f8:	2280      	movs	r2, #128	; 0x80
100003fa:	061b      	lsls	r3, r3, #24
100003fc:	6859      	ldr	r1, [r3, #4]
100003fe:	0492      	lsls	r2, r2, #18
10000400:	4211      	tst	r1, r2
10000402:	d167      	bne.n	100004d4 <main+0x1b4>
10000404:	615a      	str	r2, [r3, #20]
10000406:	e7cb      	b.n	100003a0 <main+0x80>
10000408:	69a2      	ldr	r2, [r4, #24]
1000040a:	4213      	tst	r3, r2
1000040c:	d0e9      	beq.n	100003e2 <main+0xc2>
1000040e:	69a2      	ldr	r2, [r4, #24]
10000410:	4213      	tst	r3, r2
10000412:	d1f9      	bne.n	10000408 <main+0xe8>
10000414:	e7e5      	b.n	100003e2 <main+0xc2>
10000416:	69a2      	ldr	r2, [r4, #24]
10000418:	4213      	tst	r3, r2
1000041a:	d1fc      	bne.n	10000416 <main+0xf6>
1000041c:	4662      	mov	r2, ip
1000041e:	6022      	str	r2, [r4, #0]
10000420:	e7dc      	b.n	100003dc <main+0xbc>
10000422:	23d0      	movs	r3, #208	; 0xd0
10000424:	2280      	movs	r2, #128	; 0x80
10000426:	061b      	lsls	r3, r3, #24
10000428:	0492      	lsls	r2, r2, #18
1000042a:	615a      	str	r2, [r3, #20]
1000042c:	465b      	mov	r3, fp
1000042e:	2200      	movs	r2, #0
10000430:	2602      	movs	r6, #2
10000432:	5f9e      	ldrsh	r6, [r3, r6]
10000434:	4651      	mov	r1, sl
10000436:	204c      	movs	r0, #76	; 0x4c
10000438:	2320      	movs	r3, #32
1000043a:	3f54      	subs	r7, #84	; 0x54
1000043c:	2a00      	cmp	r2, #0
1000043e:	d110      	bne.n	10000462 <main+0x142>
10000440:	4286      	cmp	r6, r0
10000442:	d015      	beq.n	10000470 <main+0x150>
10000444:	69a2      	ldr	r2, [r4, #24]
10000446:	4213      	tst	r3, r2
10000448:	d1fc      	bne.n	10000444 <main+0x124>
1000044a:	6020      	str	r0, [r4, #0]
1000044c:	780a      	ldrb	r2, [r1, #0]
1000044e:	3101      	adds	r1, #1
10000450:	3a0d      	subs	r2, #13
10000452:	4250      	negs	r0, r2
10000454:	4142      	adcs	r2, r0
10000456:	7808      	ldrb	r0, [r1, #0]
10000458:	b2d2      	uxtb	r2, r2
1000045a:	2800      	cmp	r0, #0
1000045c:	d0a0      	beq.n	100003a0 <main+0x80>
1000045e:	2a00      	cmp	r2, #0
10000460:	d0ee      	beq.n	10000440 <main+0x120>
10000462:	69a2      	ldr	r2, [r4, #24]
10000464:	4213      	tst	r3, r2
10000466:	d0f0      	beq.n	1000044a <main+0x12a>
10000468:	69a2      	ldr	r2, [r4, #24]
1000046a:	4213      	tst	r3, r2
1000046c:	d1f9      	bne.n	10000462 <main+0x142>
1000046e:	e7ec      	b.n	1000044a <main+0x12a>
10000470:	69a2      	ldr	r2, [r4, #24]
10000472:	4213      	tst	r3, r2
10000474:	d1fc      	bne.n	10000470 <main+0x150>
10000476:	6027      	str	r7, [r4, #0]
10000478:	e7e4      	b.n	10000444 <main+0x124>
1000047a:	23d0      	movs	r3, #208	; 0xd0
1000047c:	2280      	movs	r2, #128	; 0x80
1000047e:	061b      	lsls	r3, r3, #24
10000480:	0492      	lsls	r2, r2, #18
10000482:	619a      	str	r2, [r3, #24]
10000484:	465b      	mov	r3, fp
10000486:	2200      	movs	r2, #0
10000488:	2702      	movs	r7, #2
1000048a:	5fdf      	ldrsh	r7, [r3, r7]
1000048c:	4641      	mov	r1, r8
1000048e:	204c      	movs	r0, #76	; 0x4c
10000490:	2320      	movs	r3, #32
10000492:	260d      	movs	r6, #13
10000494:	2a00      	cmp	r2, #0
10000496:	d111      	bne.n	100004bc <main+0x19c>
10000498:	4287      	cmp	r7, r0
1000049a:	d016      	beq.n	100004ca <main+0x1aa>
1000049c:	69a2      	ldr	r2, [r4, #24]
1000049e:	4213      	tst	r3, r2
100004a0:	d1fc      	bne.n	1000049c <main+0x17c>
100004a2:	6020      	str	r0, [r4, #0]
100004a4:	780a      	ldrb	r2, [r1, #0]
100004a6:	3101      	adds	r1, #1
100004a8:	3a0d      	subs	r2, #13
100004aa:	4250      	negs	r0, r2
100004ac:	4142      	adcs	r2, r0
100004ae:	7808      	ldrb	r0, [r1, #0]
100004b0:	b2d2      	uxtb	r2, r2
100004b2:	2800      	cmp	r0, #0
100004b4:	d100      	bne.n	100004b8 <main+0x198>
100004b6:	e773      	b.n	100003a0 <main+0x80>
100004b8:	2a00      	cmp	r2, #0
100004ba:	d0ed      	beq.n	10000498 <main+0x178>
100004bc:	69a2      	ldr	r2, [r4, #24]
100004be:	4213      	tst	r3, r2
100004c0:	d0ef      	beq.n	100004a2 <main+0x182>
100004c2:	69a2      	ldr	r2, [r4, #24]
100004c4:	4213      	tst	r3, r2
100004c6:	d1f9      	bne.n	100004bc <main+0x19c>
100004c8:	e7eb      	b.n	100004a2 <main+0x182>
100004ca:	69a2      	ldr	r2, [r4, #24]
100004cc:	4213      	tst	r3, r2
100004ce:	d1fc      	bne.n	100004ca <main+0x1aa>
100004d0:	6026      	str	r6, [r4, #0]
100004d2:	e7e3      	b.n	1000049c <main+0x17c>
100004d4:	619a      	str	r2, [r3, #24]
100004d6:	e763      	b.n	100003a0 <main+0x80>
100004d8:	000005dc 	.word	0x000005dc
100004dc:	40038000 	.word	0x40038000
100004e0:	40039030 	.word	0x40039030
100004e4:	20001fd4 	.word	0x20001fd4
100004e8:	10004ad4 	.word	0x10004ad4
100004ec:	10004adc 	.word	0x10004adc
100004f0:	10004ae8 	.word	0x10004ae8

100004f4 <gpio_set_function>:
100004f4:	b510      	push	{r4, lr}
100004f6:	2440      	movs	r4, #64	; 0x40
100004f8:	4a08      	ldr	r2, [pc, #32]	; (1000051c <gpio_set_function+0x28>)
100004fa:	0083      	lsls	r3, r0, #2
100004fc:	189a      	adds	r2, r3, r2
100004fe:	6812      	ldr	r2, [r2, #0]
10000500:	00c0      	lsls	r0, r0, #3
10000502:	4054      	eors	r4, r2
10000504:	22c0      	movs	r2, #192	; 0xc0
10000506:	4022      	ands	r2, r4
10000508:	4c05      	ldr	r4, [pc, #20]	; (10000520 <gpio_set_function+0x2c>)
1000050a:	46a4      	mov	ip, r4
1000050c:	4463      	add	r3, ip
1000050e:	601a      	str	r2, [r3, #0]
10000510:	4b04      	ldr	r3, [pc, #16]	; (10000524 <gpio_set_function+0x30>)
10000512:	469c      	mov	ip, r3
10000514:	4460      	add	r0, ip
10000516:	6041      	str	r1, [r0, #4]
10000518:	bd10      	pop	{r4, pc}
1000051a:	46c0      	nop			; (mov r8, r8)
1000051c:	4001c004 	.word	0x4001c004
10000520:	4001d004 	.word	0x4001d004
10000524:	40014000 	.word	0x40014000

10000528 <gpio_set_pulls>:
10000528:	4b0b      	ldr	r3, [pc, #44]	; (10000558 <gpio_set_pulls+0x30>)
1000052a:	0080      	lsls	r0, r0, #2
1000052c:	469c      	mov	ip, r3
1000052e:	4460      	add	r0, ip
10000530:	2900      	cmp	r1, #0
10000532:	d10e      	bne.n	10000552 <gpio_set_pulls+0x2a>
10000534:	2300      	movs	r3, #0
10000536:	3104      	adds	r1, #4
10000538:	2a00      	cmp	r2, #0
1000053a:	d100      	bne.n	1000053e <gpio_set_pulls+0x16>
1000053c:	0019      	movs	r1, r3
1000053e:	2280      	movs	r2, #128	; 0x80
10000540:	6803      	ldr	r3, [r0, #0]
10000542:	0152      	lsls	r2, r2, #5
10000544:	4059      	eors	r1, r3
10000546:	4694      	mov	ip, r2
10000548:	230c      	movs	r3, #12
1000054a:	4460      	add	r0, ip
1000054c:	400b      	ands	r3, r1
1000054e:	6003      	str	r3, [r0, #0]
10000550:	4770      	bx	lr
10000552:	210c      	movs	r1, #12
10000554:	2308      	movs	r3, #8
10000556:	e7ef      	b.n	10000538 <gpio_set_pulls+0x10>
10000558:	4001c004 	.word	0x4001c004

1000055c <gpio_init>:
1000055c:	2301      	movs	r3, #1
1000055e:	22d0      	movs	r2, #208	; 0xd0
10000560:	4083      	lsls	r3, r0
10000562:	2140      	movs	r1, #64	; 0x40
10000564:	0612      	lsls	r2, r2, #24
10000566:	6293      	str	r3, [r2, #40]	; 0x28
10000568:	6193      	str	r3, [r2, #24]
1000056a:	4a09      	ldr	r2, [pc, #36]	; (10000590 <gpio_init+0x34>)
1000056c:	0083      	lsls	r3, r0, #2
1000056e:	189a      	adds	r2, r3, r2
10000570:	6812      	ldr	r2, [r2, #0]
10000572:	00c0      	lsls	r0, r0, #3
10000574:	4051      	eors	r1, r2
10000576:	22c0      	movs	r2, #192	; 0xc0
10000578:	400a      	ands	r2, r1
1000057a:	4906      	ldr	r1, [pc, #24]	; (10000594 <gpio_init+0x38>)
1000057c:	468c      	mov	ip, r1
1000057e:	4463      	add	r3, ip
10000580:	601a      	str	r2, [r3, #0]
10000582:	4b05      	ldr	r3, [pc, #20]	; (10000598 <gpio_init+0x3c>)
10000584:	469c      	mov	ip, r3
10000586:	2305      	movs	r3, #5
10000588:	4460      	add	r0, ip
1000058a:	6043      	str	r3, [r0, #4]
1000058c:	4770      	bx	lr
1000058e:	46c0      	nop			; (mov r8, r8)
10000590:	4001c004 	.word	0x4001c004
10000594:	4001d004 	.word	0x4001d004
10000598:	40014000 	.word	0x40014000

1000059c <rp2040_chip_version>:
1000059c:	2380      	movs	r3, #128	; 0x80
1000059e:	05db      	lsls	r3, r3, #23
100005a0:	6818      	ldr	r0, [r3, #0]
100005a2:	0f00      	lsrs	r0, r0, #28
100005a4:	4770      	bx	lr
100005a6:	46c0      	nop			; (mov r8, r8)

100005a8 <panic>:
100005a8:	b40f      	push	{r0, r1, r2, r3}
100005aa:	b500      	push	{lr}
100005ac:	4808      	ldr	r0, [pc, #32]	; (100005d0 <panic+0x28>)
100005ae:	b083      	sub	sp, #12
100005b0:	f001 fdde 	bl	10002170 <__wrap_puts>
100005b4:	9b04      	ldr	r3, [sp, #16]
100005b6:	2b00      	cmp	r3, #0
100005b8:	d007      	beq.n	100005ca <panic+0x22>
100005ba:	a905      	add	r1, sp, #20
100005bc:	0018      	movs	r0, r3
100005be:	9101      	str	r1, [sp, #4]
100005c0:	f001 fc58 	bl	10001e74 <weak_raw_vprintf>
100005c4:	4803      	ldr	r0, [pc, #12]	; (100005d4 <panic+0x2c>)
100005c6:	f001 fdd3 	bl	10002170 <__wrap_puts>
100005ca:	2001      	movs	r0, #1
100005cc:	f001 fc6a 	bl	10001ea4 <_exit>
100005d0:	10004af0 	.word	0x10004af0
100005d4:	10004b00 	.word	0x10004b00

100005d8 <hw_claim_or_assert>:
100005d8:	b570      	push	{r4, r5, r6, lr}
100005da:	f3ef 8c10 	mrs	ip, PRIMASK
100005de:	b672      	cpsid	i
100005e0:	4d0d      	ldr	r5, [pc, #52]	; (10000618 <hw_claim_or_assert+0x40>)
100005e2:	682b      	ldr	r3, [r5, #0]
100005e4:	2b00      	cmp	r3, #0
100005e6:	d0fc      	beq.n	100005e2 <hw_claim_or_assert+0xa>
100005e8:	f3bf 8f5f 	dmb	sy
100005ec:	2407      	movs	r4, #7
100005ee:	08cb      	lsrs	r3, r1, #3
100005f0:	18c6      	adds	r6, r0, r3
100005f2:	5cc0      	ldrb	r0, [r0, r3]
100005f4:	2301      	movs	r3, #1
100005f6:	400c      	ands	r4, r1
100005f8:	40a3      	lsls	r3, r4
100005fa:	001c      	movs	r4, r3
100005fc:	4004      	ands	r4, r0
100005fe:	4203      	tst	r3, r0
10000600:	d107      	bne.n	10000612 <hw_claim_or_assert+0x3a>
10000602:	4303      	orrs	r3, r0
10000604:	7033      	strb	r3, [r6, #0]
10000606:	f3bf 8f5f 	dmb	sy
1000060a:	602c      	str	r4, [r5, #0]
1000060c:	f38c 8810 	msr	PRIMASK, ip
10000610:	bd70      	pop	{r4, r5, r6, pc}
10000612:	0010      	movs	r0, r2
10000614:	f7ff ffc8 	bl	100005a8 <panic>
10000618:	d000012c 	.word	0xd000012c

1000061c <hw_claim_unused_from_range>:
1000061c:	b5f8      	push	{r3, r4, r5, r6, r7, lr}
1000061e:	4647      	mov	r7, r8
10000620:	46ce      	mov	lr, r9
10000622:	4688      	mov	r8, r1
10000624:	b580      	push	{r7, lr}
10000626:	f3ef 8c10 	mrs	ip, PRIMASK
1000062a:	b672      	cpsid	i
1000062c:	4d21      	ldr	r5, [pc, #132]	; (100006b4 <hw_claim_unused_from_range+0x98>)
1000062e:	682c      	ldr	r4, [r5, #0]
10000630:	2c00      	cmp	r4, #0
10000632:	d0fc      	beq.n	1000062e <hw_claim_unused_from_range+0x12>
10000634:	f3bf 8f5f 	dmb	sy
10000638:	429a      	cmp	r2, r3
1000063a:	d82c      	bhi.n	10000696 <hw_claim_unused_from_range+0x7a>
1000063c:	08d4      	lsrs	r4, r2, #3
1000063e:	2707      	movs	r7, #7
10000640:	5d05      	ldrb	r5, [r0, r4]
10000642:	1906      	adds	r6, r0, r4
10000644:	2401      	movs	r4, #1
10000646:	4017      	ands	r7, r2
10000648:	40bc      	lsls	r4, r7
1000064a:	422c      	tst	r4, r5
1000064c:	d01f      	beq.n	1000068e <hw_claim_unused_from_range+0x72>
1000064e:	2107      	movs	r1, #7
10000650:	2701      	movs	r7, #1
10000652:	4689      	mov	r9, r1
10000654:	e009      	b.n	1000066a <hw_claim_unused_from_range+0x4e>
10000656:	08d4      	lsrs	r4, r2, #3
10000658:	5d05      	ldrb	r5, [r0, r4]
1000065a:	1906      	adds	r6, r0, r4
1000065c:	464c      	mov	r4, r9
1000065e:	0039      	movs	r1, r7
10000660:	4014      	ands	r4, r2
10000662:	40a1      	lsls	r1, r4
10000664:	000c      	movs	r4, r1
10000666:	4229      	tst	r1, r5
10000668:	d011      	beq.n	1000068e <hw_claim_unused_from_range+0x72>
1000066a:	3201      	adds	r2, #1
1000066c:	4293      	cmp	r3, r2
1000066e:	d2f2      	bcs.n	10000656 <hw_claim_unused_from_range+0x3a>
10000670:	2001      	movs	r0, #1
10000672:	4240      	negs	r0, r0
10000674:	f3bf 8f5f 	dmb	sy
10000678:	2200      	movs	r2, #0
1000067a:	4b0e      	ldr	r3, [pc, #56]	; (100006b4 <hw_claim_unused_from_range+0x98>)
1000067c:	601a      	str	r2, [r3, #0]
1000067e:	f38c 8810 	msr	PRIMASK, ip
10000682:	2800      	cmp	r0, #0
10000684:	db0f      	blt.n	100006a6 <hw_claim_unused_from_range+0x8a>
10000686:	bcc0      	pop	{r6, r7}
10000688:	46b9      	mov	r9, r7
1000068a:	46b0      	mov	r8, r6
1000068c:	bdf8      	pop	{r3, r4, r5, r6, r7, pc}
1000068e:	432c      	orrs	r4, r5
10000690:	0010      	movs	r0, r2
10000692:	7034      	strb	r4, [r6, #0]
10000694:	e7ee      	b.n	10000674 <hw_claim_unused_from_range+0x58>
10000696:	f3bf 8f5f 	dmb	sy
1000069a:	2300      	movs	r3, #0
1000069c:	602b      	str	r3, [r5, #0]
1000069e:	f38c 8810 	msr	PRIMASK, ip
100006a2:	2001      	movs	r0, #1
100006a4:	4240      	negs	r0, r0
100006a6:	4643      	mov	r3, r8
100006a8:	2b00      	cmp	r3, #0
100006aa:	d0ec      	beq.n	10000686 <hw_claim_unused_from_range+0x6a>
100006ac:	9808      	ldr	r0, [sp, #32]
100006ae:	f7ff ff7b 	bl	100005a8 <panic>
100006b2:	46c0      	nop			; (mov r8, r8)
100006b4:	d000012c 	.word	0xd000012c

100006b8 <next_striped_spin_lock_num>:
100006b8:	4a04      	ldr	r2, [pc, #16]	; (100006cc <next_striped_spin_lock_num+0x14>)
100006ba:	7810      	ldrb	r0, [r2, #0]
100006bc:	1c43      	adds	r3, r0, #1
100006be:	b2db      	uxtb	r3, r3
100006c0:	2b17      	cmp	r3, #23
100006c2:	d900      	bls.n	100006c6 <next_striped_spin_lock_num+0xe>
100006c4:	2310      	movs	r3, #16
100006c6:	7013      	strb	r3, [r2, #0]
100006c8:	4770      	bx	lr
100006ca:	46c0      	nop			; (mov r8, r8)
100006cc:	20001020 	.word	0x20001020

100006d0 <spin_lock_claim_unused>:
100006d0:	b500      	push	{lr}
100006d2:	4b05      	ldr	r3, [pc, #20]	; (100006e8 <spin_lock_claim_unused+0x18>)
100006d4:	b083      	sub	sp, #12
100006d6:	0001      	movs	r1, r0
100006d8:	9300      	str	r3, [sp, #0]
100006da:	2218      	movs	r2, #24
100006dc:	231f      	movs	r3, #31
100006de:	4803      	ldr	r0, [pc, #12]	; (100006ec <spin_lock_claim_unused+0x1c>)
100006e0:	f7ff ff9c 	bl	1000061c <hw_claim_unused_from_range>
100006e4:	b003      	add	sp, #12
100006e6:	bd00      	pop	{pc}
100006e8:	10004b04 	.word	0x10004b04
100006ec:	20001a34 	.word	0x20001a34

100006f0 <spin_locks_reset>:
100006f0:	2100      	movs	r1, #0
100006f2:	4b04      	ldr	r3, [pc, #16]	; (10000704 <spin_locks_reset+0x14>)
100006f4:	4a04      	ldr	r2, [pc, #16]	; (10000708 <spin_locks_reset+0x18>)
100006f6:	f3bf 8f5f 	dmb	sy
100006fa:	c302      	stmia	r3!, {r1}
100006fc:	4293      	cmp	r3, r2
100006fe:	d1fa      	bne.n	100006f6 <spin_locks_reset+0x6>
10000700:	4770      	bx	lr
10000702:	46c0      	nop			; (mov r8, r8)
10000704:	d0000100 	.word	0xd0000100
10000708:	d0000180 	.word	0xd0000180

1000070c <runtime_init_per_core_irq_priorities>:
1000070c:	4b05      	ldr	r3, [pc, #20]	; (10000724 <runtime_init_per_core_irq_priorities+0x18>)
1000070e:	4a06      	ldr	r2, [pc, #24]	; (10000728 <runtime_init_per_core_irq_priorities+0x1c>)
10000710:	6013      	str	r3, [r2, #0]
10000712:	4a06      	ldr	r2, [pc, #24]	; (1000072c <runtime_init_per_core_irq_priorities+0x20>)
10000714:	6013      	str	r3, [r2, #0]
10000716:	6053      	str	r3, [r2, #4]
10000718:	6093      	str	r3, [r2, #8]
1000071a:	60d3      	str	r3, [r2, #12]
1000071c:	6113      	str	r3, [r2, #16]
1000071e:	6153      	str	r3, [r2, #20]
10000720:	6193      	str	r3, [r2, #24]
10000722:	4770      	bx	lr
10000724:	80808080 	.word	0x80808080
10000728:	e000e400 	.word	0xe000e400
1000072c:	e000e404 	.word	0xe000e404

10000730 <irq_set_enabled>:
10000730:	231f      	movs	r3, #31
10000732:	4018      	ands	r0, r3
10000734:	3b1e      	subs	r3, #30
10000736:	4083      	lsls	r3, r0
10000738:	2900      	cmp	r1, #0
1000073a:	d005      	beq.n	10000748 <irq_set_enabled+0x18>
1000073c:	21c0      	movs	r1, #192	; 0xc0
1000073e:	4a04      	ldr	r2, [pc, #16]	; (10000750 <irq_set_enabled+0x20>)
10000740:	0049      	lsls	r1, r1, #1
10000742:	5053      	str	r3, [r2, r1]
10000744:	6013      	str	r3, [r2, #0]
10000746:	4770      	bx	lr
10000748:	2280      	movs	r2, #128	; 0x80
1000074a:	4901      	ldr	r1, [pc, #4]	; (10000750 <irq_set_enabled+0x20>)
1000074c:	508b      	str	r3, [r1, r2]
1000074e:	e7fa      	b.n	10000746 <irq_set_enabled+0x16>
10000750:	e000e100 	.word	0xe000e100

10000754 <irq_is_enabled>:
10000754:	2201      	movs	r2, #1
10000756:	4082      	lsls	r2, r0
10000758:	4b03      	ldr	r3, [pc, #12]	; (10000768 <irq_is_enabled+0x14>)
1000075a:	681b      	ldr	r3, [r3, #0]
1000075c:	4013      	ands	r3, r2
1000075e:	1e5a      	subs	r2, r3, #1
10000760:	4193      	sbcs	r3, r2
10000762:	b2d8      	uxtb	r0, r3
10000764:	4770      	bx	lr
10000766:	46c0      	nop			; (mov r8, r8)
10000768:	e000e100 	.word	0xe000e100

1000076c <irq_set_pending>:
1000076c:	2301      	movs	r3, #1
1000076e:	4083      	lsls	r3, r0
10000770:	4a01      	ldr	r2, [pc, #4]	; (10000778 <irq_set_pending+0xc>)
10000772:	6013      	str	r3, [r2, #0]
10000774:	4770      	bx	lr
10000776:	46c0      	nop			; (mov r8, r8)
10000778:	e000e200 	.word	0xe000e200

1000077c <irq_has_shared_handler>:
1000077c:	4b06      	ldr	r3, [pc, #24]	; (10000798 <irq_has_shared_handler+0x1c>)
1000077e:	3010      	adds	r0, #16
10000780:	689b      	ldr	r3, [r3, #8]
10000782:	0080      	lsls	r0, r0, #2
10000784:	58c3      	ldr	r3, [r0, r3]
10000786:	4a05      	ldr	r2, [pc, #20]	; (1000079c <irq_has_shared_handler+0x20>)
10000788:	2000      	movs	r0, #0
1000078a:	1a9b      	subs	r3, r3, r2
1000078c:	222f      	movs	r2, #47	; 0x2f
1000078e:	429a      	cmp	r2, r3
10000790:	4140      	adcs	r0, r0
10000792:	b2c0      	uxtb	r0, r0
10000794:	4770      	bx	lr
10000796:	46c0      	nop			; (mov r8, r8)
10000798:	e000ed00 	.word	0xe000ed00
1000079c:	20001024 	.word	0x20001024

100007a0 <irq_set_exclusive_handler>:
100007a0:	b570      	push	{r4, r5, r6, lr}
100007a2:	000d      	movs	r5, r1
100007a4:	f3ef 8610 	mrs	r6, PRIMASK
100007a8:	b672      	cpsid	i
100007aa:	4a0f      	ldr	r2, [pc, #60]	; (100007e8 <irq_set_exclusive_handler+0x48>)
100007ac:	6813      	ldr	r3, [r2, #0]
100007ae:	2b00      	cmp	r3, #0
100007b0:	d0fc      	beq.n	100007ac <irq_set_exclusive_handler+0xc>
100007b2:	f3bf 8f5f 	dmb	sy
100007b6:	4b0d      	ldr	r3, [pc, #52]	; (100007ec <irq_set_exclusive_handler+0x4c>)
100007b8:	3010      	adds	r0, #16
100007ba:	689b      	ldr	r3, [r3, #8]
100007bc:	0084      	lsls	r4, r0, #2
100007be:	591b      	ldr	r3, [r3, r4]
100007c0:	4a0b      	ldr	r2, [pc, #44]	; (100007f0 <irq_set_exclusive_handler+0x50>)
100007c2:	4293      	cmp	r3, r2
100007c4:	d003      	beq.n	100007ce <irq_set_exclusive_handler+0x2e>
100007c6:	429d      	cmp	r5, r3
100007c8:	d001      	beq.n	100007ce <irq_set_exclusive_handler+0x2e>
100007ca:	f001 f91f 	bl	10001a0c <hard_assertion_failure>
100007ce:	4b07      	ldr	r3, [pc, #28]	; (100007ec <irq_set_exclusive_handler+0x4c>)
100007d0:	689b      	ldr	r3, [r3, #8]
100007d2:	511d      	str	r5, [r3, r4]
100007d4:	f3bf 8f5f 	dmb	sy
100007d8:	f3bf 8f5f 	dmb	sy
100007dc:	2200      	movs	r2, #0
100007de:	4b02      	ldr	r3, [pc, #8]	; (100007e8 <irq_set_exclusive_handler+0x48>)
100007e0:	601a      	str	r2, [r3, #0]
100007e2:	f386 8810 	msr	PRIMASK, r6
100007e6:	bd70      	pop	{r4, r5, r6, pc}
100007e8:	d0000124 	.word	0xd0000124
100007ec:	e000ed00 	.word	0xe000ed00
100007f0:	100001c1 	.word	0x100001c1

100007f4 <irq_add_shared_handler>:
100007f4:	b5f0      	push	{r4, r5, r6, r7, lr}
100007f6:	4657      	mov	r7, sl
100007f8:	464e      	mov	r6, r9
100007fa:	46de      	mov	lr, fp
100007fc:	4645      	mov	r5, r8
100007fe:	b5e0      	push	{r5, r6, r7, lr}
10000800:	b085      	sub	sp, #20
10000802:	0006      	movs	r6, r0
10000804:	9102      	str	r1, [sp, #8]
10000806:	0017      	movs	r7, r2
10000808:	f3ef 8b10 	mrs	fp, PRIMASK
1000080c:	b672      	cpsid	i
1000080e:	4a67      	ldr	r2, [pc, #412]	; (100009ac <irq_add_shared_handler+0x1b8>)
10000810:	6813      	ldr	r3, [r2, #0]
10000812:	2b00      	cmp	r3, #0
10000814:	d0fc      	beq.n	10000810 <irq_add_shared_handler+0x1c>
10000816:	f3bf 8f5f 	dmb	sy
1000081a:	2500      	movs	r5, #0
1000081c:	4b64      	ldr	r3, [pc, #400]	; (100009b0 <irq_add_shared_handler+0x1bc>)
1000081e:	575d      	ldrsb	r5, [r3, r5]
10000820:	469a      	mov	sl, r3
10000822:	2d00      	cmp	r5, #0
10000824:	da00      	bge.n	10000828 <irq_add_shared_handler+0x34>
10000826:	e0a4      	b.n	10000972 <irq_add_shared_handler+0x17e>
10000828:	006b      	lsls	r3, r5, #1
1000082a:	4c62      	ldr	r4, [pc, #392]	; (100009b4 <irq_add_shared_handler+0x1c0>)
1000082c:	9303      	str	r3, [sp, #12]
1000082e:	195b      	adds	r3, r3, r5
10000830:	009b      	lsls	r3, r3, #2
10000832:	4698      	mov	r8, r3
10000834:	46a1      	mov	r9, r4
10000836:	44c1      	add	r9, r8
10000838:	464b      	mov	r3, r9
1000083a:	4652      	mov	r2, sl
1000083c:	799b      	ldrb	r3, [r3, #6]
1000083e:	3610      	adds	r6, #16
10000840:	7013      	strb	r3, [r2, #0]
10000842:	4b5d      	ldr	r3, [pc, #372]	; (100009b8 <irq_add_shared_handler+0x1c4>)
10000844:	00b2      	lsls	r2, r6, #2
10000846:	689b      	ldr	r3, [r3, #8]
10000848:	9201      	str	r2, [sp, #4]
1000084a:	5899      	ldr	r1, [r3, r2]
1000084c:	1b0b      	subs	r3, r1, r4
1000084e:	2b2f      	cmp	r3, #47	; 0x2f
10000850:	d934      	bls.n	100008bc <irq_add_shared_handler+0xc8>
10000852:	4b5a      	ldr	r3, [pc, #360]	; (100009bc <irq_add_shared_handler+0x1c8>)
10000854:	4299      	cmp	r1, r3
10000856:	d000      	beq.n	1000085a <irq_add_shared_handler+0x66>
10000858:	e0a4      	b.n	100009a4 <irq_add_shared_handler+0x1b0>
1000085a:	9b03      	ldr	r3, [sp, #12]
1000085c:	4a58      	ldr	r2, [pc, #352]	; (100009c0 <irq_add_shared_handler+0x1cc>)
1000085e:	469c      	mov	ip, r3
10000860:	4b58      	ldr	r3, [pc, #352]	; (100009c4 <irq_add_shared_handler+0x1d0>)
10000862:	4465      	add	r5, ip
10000864:	00ad      	lsls	r5, r5, #2
10000866:	5363      	strh	r3, [r4, r5]
10000868:	4643      	mov	r3, r8
1000086a:	3302      	adds	r3, #2
1000086c:	1965      	adds	r5, r4, r5
1000086e:	18e4      	adds	r4, r4, r3
10000870:	4b55      	ldr	r3, [pc, #340]	; (100009c8 <irq_add_shared_handler+0x1d4>)
10000872:	2101      	movs	r1, #1
10000874:	3b04      	subs	r3, #4
10000876:	1b1b      	subs	r3, r3, r4
10000878:	051b      	lsls	r3, r3, #20
1000087a:	0d5b      	lsrs	r3, r3, #21
1000087c:	4313      	orrs	r3, r2
1000087e:	806b      	strh	r3, [r5, #2]
10000880:	4b52      	ldr	r3, [pc, #328]	; (100009cc <irq_add_shared_handler+0x1d8>)
10000882:	71ef      	strb	r7, [r5, #7]
10000884:	80ab      	strh	r3, [r5, #4]
10000886:	23ff      	movs	r3, #255	; 0xff
10000888:	71ab      	strb	r3, [r5, #6]
1000088a:	9b02      	ldr	r3, [sp, #8]
1000088c:	60ab      	str	r3, [r5, #8]
1000088e:	464b      	mov	r3, r9
10000890:	430b      	orrs	r3, r1
10000892:	0019      	movs	r1, r3
10000894:	4b48      	ldr	r3, [pc, #288]	; (100009b8 <irq_add_shared_handler+0x1c4>)
10000896:	9a01      	ldr	r2, [sp, #4]
10000898:	689b      	ldr	r3, [r3, #8]
1000089a:	5099      	str	r1, [r3, r2]
1000089c:	f3bf 8f5f 	dmb	sy
100008a0:	f3bf 8f5f 	dmb	sy
100008a4:	2200      	movs	r2, #0
100008a6:	4b41      	ldr	r3, [pc, #260]	; (100009ac <irq_add_shared_handler+0x1b8>)
100008a8:	601a      	str	r2, [r3, #0]
100008aa:	f38b 8810 	msr	PRIMASK, fp
100008ae:	b005      	add	sp, #20
100008b0:	bcf0      	pop	{r4, r5, r6, r7}
100008b2:	46bb      	mov	fp, r7
100008b4:	46b2      	mov	sl, r6
100008b6:	46a9      	mov	r9, r5
100008b8:	46a0      	mov	r8, r4
100008ba:	bdf0      	pop	{r4, r5, r6, r7, pc}
100008bc:	2001      	movs	r0, #1
100008be:	000a      	movs	r2, r1
100008c0:	4382      	bics	r2, r0
100008c2:	79d3      	ldrb	r3, [r2, #7]
100008c4:	42bb      	cmp	r3, r7
100008c6:	d82f      	bhi.n	10000928 <irq_add_shared_handler+0x134>
100008c8:	4645      	mov	r5, r8
100008ca:	464e      	mov	r6, r9
100008cc:	0013      	movs	r3, r2
100008ce:	4940      	ldr	r1, [pc, #256]	; (100009d0 <irq_add_shared_handler+0x1dc>)
100008d0:	1b1b      	subs	r3, r3, r4
100008d2:	415b      	adcs	r3, r3
100008d4:	4359      	muls	r1, r3
100008d6:	0d09      	lsrs	r1, r1, #20
100008d8:	4b3a      	ldr	r3, [pc, #232]	; (100009c4 <irq_add_shared_handler+0x1d0>)
100008da:	5363      	strh	r3, [r4, r5]
100008dc:	4b3a      	ldr	r3, [pc, #232]	; (100009c8 <irq_add_shared_handler+0x1d4>)
100008de:	3502      	adds	r5, #2
100008e0:	1965      	adds	r5, r4, r5
100008e2:	3b04      	subs	r3, #4
100008e4:	1b5b      	subs	r3, r3, r5
100008e6:	051b      	lsls	r3, r3, #20
100008e8:	4d35      	ldr	r5, [pc, #212]	; (100009c0 <irq_add_shared_handler+0x1cc>)
100008ea:	0d5b      	lsrs	r3, r3, #21
100008ec:	432b      	orrs	r3, r5
100008ee:	8073      	strh	r3, [r6, #2]
100008f0:	2604      	movs	r6, #4
100008f2:	46b4      	mov	ip, r6
100008f4:	44e0      	add	r8, ip
100008f6:	4444      	add	r4, r8
100008f8:	1f13      	subs	r3, r2, #4
100008fa:	1b1b      	subs	r3, r3, r4
100008fc:	464c      	mov	r4, r9
100008fe:	71a1      	strb	r1, [r4, #6]
10000900:	9902      	ldr	r1, [sp, #8]
10000902:	051b      	lsls	r3, r3, #20
10000904:	60a1      	str	r1, [r4, #8]
10000906:	4649      	mov	r1, r9
10000908:	0d5b      	lsrs	r3, r3, #21
1000090a:	432b      	orrs	r3, r5
1000090c:	80a3      	strh	r3, [r4, #4]
1000090e:	4b31      	ldr	r3, [pc, #196]	; (100009d4 <irq_add_shared_handler+0x1e0>)
10000910:	71e7      	strb	r7, [r4, #7]
10000912:	4301      	orrs	r1, r0
10000914:	6013      	str	r3, [r2, #0]
10000916:	e7bd      	b.n	10000894 <irq_add_shared_handler+0xa0>
10000918:	0058      	lsls	r0, r3, #1
1000091a:	18c0      	adds	r0, r0, r3
1000091c:	0080      	lsls	r0, r0, #2
1000091e:	1820      	adds	r0, r4, r0
10000920:	79c6      	ldrb	r6, [r0, #7]
10000922:	42be      	cmp	r6, r7
10000924:	d92b      	bls.n	1000097e <irq_add_shared_handler+0x18a>
10000926:	0002      	movs	r2, r0
10000928:	2306      	movs	r3, #6
1000092a:	56d3      	ldrsb	r3, [r2, r3]
1000092c:	2b00      	cmp	r3, #0
1000092e:	daf3      	bge.n	10000918 <irq_add_shared_handler+0x124>
10000930:	1d10      	adds	r0, r2, #4
10000932:	4682      	mov	sl, r0
10000934:	4828      	ldr	r0, [pc, #160]	; (100009d8 <irq_add_shared_handler+0x1e4>)
10000936:	4680      	mov	r8, r0
10000938:	2604      	movs	r6, #4
1000093a:	4276      	negs	r6, r6
1000093c:	46b4      	mov	ip, r6
1000093e:	44e1      	add	r9, ip
10000940:	4650      	mov	r0, sl
10000942:	464e      	mov	r6, r9
10000944:	1a36      	subs	r6, r6, r0
10000946:	0530      	lsls	r0, r6, #20
10000948:	0d40      	lsrs	r0, r0, #21
1000094a:	4682      	mov	sl, r0
1000094c:	4656      	mov	r6, sl
1000094e:	481c      	ldr	r0, [pc, #112]	; (100009c0 <irq_add_shared_handler+0x1cc>)
10000950:	7195      	strb	r5, [r2, #6]
10000952:	4306      	orrs	r6, r0
10000954:	8096      	strh	r6, [r2, #4]
10000956:	9a03      	ldr	r2, [sp, #12]
10000958:	4694      	mov	ip, r2
1000095a:	4465      	add	r5, ip
1000095c:	4a1d      	ldr	r2, [pc, #116]	; (100009d4 <irq_add_shared_handler+0x1e0>)
1000095e:	00ad      	lsls	r5, r5, #2
10000960:	1964      	adds	r4, r4, r5
10000962:	6022      	str	r2, [r4, #0]
10000964:	4642      	mov	r2, r8
10000966:	71a3      	strb	r3, [r4, #6]
10000968:	9b02      	ldr	r3, [sp, #8]
1000096a:	80a2      	strh	r2, [r4, #4]
1000096c:	71e7      	strb	r7, [r4, #7]
1000096e:	60a3      	str	r3, [r4, #8]
10000970:	e790      	b.n	10000894 <irq_add_shared_handler+0xa0>
10000972:	f001 f84b 	bl	10001a0c <hard_assertion_failure>
10000976:	2500      	movs	r5, #0
10000978:	4653      	mov	r3, sl
1000097a:	575d      	ldrsb	r5, [r3, r5]
1000097c:	e754      	b.n	10000828 <irq_add_shared_handler+0x34>
1000097e:	1d10      	adds	r0, r2, #4
10000980:	4682      	mov	sl, r0
10000982:	8890      	ldrh	r0, [r2, #4]
10000984:	0540      	lsls	r0, r0, #21
10000986:	1500      	asrs	r0, r0, #20
10000988:	4684      	mov	ip, r0
1000098a:	4640      	mov	r0, r8
1000098c:	44d4      	add	ip, sl
1000098e:	4666      	mov	r6, ip
10000990:	3004      	adds	r0, #4
10000992:	1820      	adds	r0, r4, r0
10000994:	1a30      	subs	r0, r6, r0
10000996:	26e0      	movs	r6, #224	; 0xe0
10000998:	0500      	lsls	r0, r0, #20
1000099a:	0d40      	lsrs	r0, r0, #21
1000099c:	0236      	lsls	r6, r6, #8
1000099e:	4330      	orrs	r0, r6
100009a0:	4680      	mov	r8, r0
100009a2:	e7c9      	b.n	10000938 <irq_add_shared_handler+0x144>
100009a4:	f001 f832 	bl	10001a0c <hard_assertion_failure>
100009a8:	e757      	b.n	1000085a <irq_add_shared_handler+0x66>
100009aa:	46c0      	nop			; (mov r8, r8)
100009ac:	d0000124 	.word	0xd0000124
100009b0:	20001fed 	.word	0x20001fed
100009b4:	20001024 	.word	0x20001024
100009b8:	e000ed00 	.word	0xe000ed00
100009bc:	100001c1 	.word	0x100001c1
100009c0:	ffffe000 	.word	0xffffe000
100009c4:	ffffa100 	.word	0xffffa100
100009c8:	20001054 	.word	0x20001054
100009cc:	ffffbd01 	.word	0xffffbd01
100009d0:	0000aaaa 	.word	0x0000aaaa
100009d4:	47804801 	.word	0x47804801
100009d8:	0000bd01 	.word	0x0000bd01

100009dc <irq_add_tail_to_free_list>:
100009dc:	b570      	push	{r4, r5, r6, lr}
100009de:	2401      	movs	r4, #1
100009e0:	4304      	orrs	r4, r0
100009e2:	f3ef 8105 	mrs	r1, IPSR
100009e6:	f3ef 8c10 	mrs	ip, PRIMASK
100009ea:	b672      	cpsid	i
100009ec:	4a21      	ldr	r2, [pc, #132]	; (10000a74 <irq_add_tail_to_free_list+0x98>)
100009ee:	6813      	ldr	r3, [r2, #0]
100009f0:	2b00      	cmp	r3, #0
100009f2:	d0fc      	beq.n	100009ee <irq_add_tail_to_free_list+0x12>
100009f4:	f3bf 8f5f 	dmb	sy
100009f8:	4b1f      	ldr	r3, [pc, #124]	; (10000a78 <irq_add_tail_to_free_list+0x9c>)
100009fa:	0005      	movs	r5, r0
100009fc:	4a1f      	ldr	r2, [pc, #124]	; (10000a7c <irq_add_tail_to_free_list+0xa0>)
100009fe:	1aed      	subs	r5, r5, r3
10000a00:	416d      	adcs	r5, r5
10000a02:	436a      	muls	r2, r5
10000a04:	0d12      	lsrs	r2, r2, #20
10000a06:	4d1e      	ldr	r5, [pc, #120]	; (10000a80 <irq_add_tail_to_free_list+0xa4>)
10000a08:	0089      	lsls	r1, r1, #2
10000a0a:	68ae      	ldr	r6, [r5, #8]
10000a0c:	b252      	sxtb	r2, r2
10000a0e:	5876      	ldr	r6, [r6, r1]
10000a10:	42a6      	cmp	r6, r4
10000a12:	d01c      	beq.n	10000a4e <irq_add_tail_to_free_list+0x72>
10000a14:	2106      	movs	r1, #6
10000a16:	5659      	ldrsb	r1, [r3, r1]
10000a18:	4291      	cmp	r1, r2
10000a1a:	d01c      	beq.n	10000a56 <irq_add_tail_to_free_list+0x7a>
10000a1c:	2112      	movs	r1, #18
10000a1e:	5659      	ldrsb	r1, [r3, r1]
10000a20:	4291      	cmp	r1, r2
10000a22:	d022      	beq.n	10000a6a <irq_add_tail_to_free_list+0x8e>
10000a24:	211e      	movs	r1, #30
10000a26:	5659      	ldrsb	r1, [r3, r1]
10000a28:	4291      	cmp	r1, r2
10000a2a:	d020      	beq.n	10000a6e <irq_add_tail_to_free_list+0x92>
10000a2c:	212a      	movs	r1, #42	; 0x2a
10000a2e:	5659      	ldrsb	r1, [r3, r1]
10000a30:	2403      	movs	r4, #3
10000a32:	4291      	cmp	r1, r2
10000a34:	d010      	beq.n	10000a58 <irq_add_tail_to_free_list+0x7c>
10000a36:	4b13      	ldr	r3, [pc, #76]	; (10000a84 <irq_add_tail_to_free_list+0xa8>)
10000a38:	7819      	ldrb	r1, [r3, #0]
10000a3a:	701a      	strb	r2, [r3, #0]
10000a3c:	7181      	strb	r1, [r0, #6]
10000a3e:	f3bf 8f5f 	dmb	sy
10000a42:	2200      	movs	r2, #0
10000a44:	4b0b      	ldr	r3, [pc, #44]	; (10000a74 <irq_add_tail_to_free_list+0x98>)
10000a46:	601a      	str	r2, [r3, #0]
10000a48:	f38c 8810 	msr	PRIMASK, ip
10000a4c:	bd70      	pop	{r4, r5, r6, pc}
10000a4e:	68ab      	ldr	r3, [r5, #8]
10000a50:	4c0d      	ldr	r4, [pc, #52]	; (10000a88 <irq_add_tail_to_free_list+0xac>)
10000a52:	505c      	str	r4, [r3, r1]
10000a54:	e7ef      	b.n	10000a36 <irq_add_tail_to_free_list+0x5a>
10000a56:	2400      	movs	r4, #0
10000a58:	0061      	lsls	r1, r4, #1
10000a5a:	1909      	adds	r1, r1, r4
10000a5c:	0089      	lsls	r1, r1, #2
10000a5e:	185b      	adds	r3, r3, r1
10000a60:	21ff      	movs	r1, #255	; 0xff
10000a62:	7199      	strb	r1, [r3, #6]
10000a64:	4909      	ldr	r1, [pc, #36]	; (10000a8c <irq_add_tail_to_free_list+0xb0>)
10000a66:	8099      	strh	r1, [r3, #4]
10000a68:	e7e5      	b.n	10000a36 <irq_add_tail_to_free_list+0x5a>
10000a6a:	2401      	movs	r4, #1
10000a6c:	e7f4      	b.n	10000a58 <irq_add_tail_to_free_list+0x7c>
10000a6e:	2402      	movs	r4, #2
10000a70:	e7f2      	b.n	10000a58 <irq_add_tail_to_free_list+0x7c>
10000a72:	46c0      	nop			; (mov r8, r8)
10000a74:	d0000124 	.word	0xd0000124
10000a78:	20001024 	.word	0x20001024
10000a7c:	0000aaaa 	.word	0x0000aaaa
10000a80:	e000ed00 	.word	0xe000ed00
10000a84:	20001fed 	.word	0x20001fed
10000a88:	100001c1 	.word	0x100001c1
10000a8c:	ffffbd01 	.word	0xffffbd01

10000a90 <user_irq_claim_unused>:
10000a90:	b500      	push	{lr}
10000a92:	4b07      	ldr	r3, [pc, #28]	; (10000ab0 <user_irq_claim_unused+0x20>)
10000a94:	b083      	sub	sp, #12
10000a96:	0001      	movs	r1, r0
10000a98:	9300      	str	r3, [sp, #0]
10000a9a:	2200      	movs	r2, #0
10000a9c:	2305      	movs	r3, #5
10000a9e:	4805      	ldr	r0, [pc, #20]	; (10000ab4 <user_irq_claim_unused+0x24>)
10000aa0:	f7ff fdbc 	bl	1000061c <hw_claim_unused_from_range>
10000aa4:	2800      	cmp	r0, #0
10000aa6:	db01      	blt.n	10000aac <user_irq_claim_unused+0x1c>
10000aa8:	231f      	movs	r3, #31
10000aaa:	1a18      	subs	r0, r3, r0
10000aac:	b003      	add	sp, #12
10000aae:	bd00      	pop	{pc}
10000ab0:	10004b20 	.word	0x10004b20
10000ab4:	20001ff1 	.word	0x20001ff1

10000ab8 <lock_init>:
10000ab8:	4b02      	ldr	r3, [pc, #8]	; (10000ac4 <lock_init+0xc>)
10000aba:	469c      	mov	ip, r3
10000abc:	4461      	add	r1, ip
10000abe:	0089      	lsls	r1, r1, #2
10000ac0:	6001      	str	r1, [r0, #0]
10000ac2:	4770      	bx	lr
10000ac4:	34000040 	.word	0x34000040

10000ac8 <runtime_init_mutex>:
10000ac8:	b5f8      	push	{r3, r4, r5, r6, r7, lr}
10000aca:	4d13      	ldr	r5, [pc, #76]	; (10000b18 <runtime_init_mutex+0x50>)
10000acc:	4e13      	ldr	r6, [pc, #76]	; (10000b1c <runtime_init_mutex+0x54>)
10000ace:	002c      	movs	r4, r5
10000ad0:	27ff      	movs	r7, #255	; 0xff
10000ad2:	42b5      	cmp	r5, r6
10000ad4:	d21e      	bcs.n	10000b14 <runtime_init_mutex+0x4c>
10000ad6:	6823      	ldr	r3, [r4, #0]
10000ad8:	2b00      	cmp	r3, #0
10000ada:	d00f      	beq.n	10000afc <runtime_init_mutex+0x34>
10000adc:	f7ff fdec 	bl	100006b8 <next_striped_spin_lock_num>
10000ae0:	0001      	movs	r1, r0
10000ae2:	0028      	movs	r0, r5
10000ae4:	f7ff ffe8 	bl	10000ab8 <lock_init>
10000ae8:	80a7      	strh	r7, [r4, #4]
10000aea:	f3bf 8f5f 	dmb	sy
10000aee:	3408      	adds	r4, #8
10000af0:	42b4      	cmp	r4, r6
10000af2:	d20f      	bcs.n	10000b14 <runtime_init_mutex+0x4c>
10000af4:	6823      	ldr	r3, [r4, #0]
10000af6:	0025      	movs	r5, r4
10000af8:	2b00      	cmp	r3, #0
10000afa:	d1ef      	bne.n	10000adc <runtime_init_mutex+0x14>
10000afc:	f7ff fddc 	bl	100006b8 <next_striped_spin_lock_num>
10000b00:	0001      	movs	r1, r0
10000b02:	0028      	movs	r0, r5
10000b04:	f7ff ffd8 	bl	10000ab8 <lock_init>
10000b08:	7127      	strb	r7, [r4, #4]
10000b0a:	f3bf 8f5f 	dmb	sy
10000b0e:	3408      	adds	r4, #8
10000b10:	42b4      	cmp	r4, r6
10000b12:	d3ef      	bcc.n	10000af4 <runtime_init_mutex+0x2c>
10000b14:	bdf8      	pop	{r3, r4, r5, r6, r7, pc}
10000b16:	46c0      	nop			; (mov r8, r8)
10000b18:	200010e8 	.word	0x200010e8
10000b1c:	200010f0 	.word	0x200010f0

10000b20 <mutex_init>:
10000b20:	b510      	push	{r4, lr}
10000b22:	0004      	movs	r4, r0
10000b24:	f7ff fdc8 	bl	100006b8 <next_striped_spin_lock_num>
10000b28:	0001      	movs	r1, r0
10000b2a:	0020      	movs	r0, r4
10000b2c:	f7ff ffc4 	bl	10000ab8 <lock_init>
10000b30:	23ff      	movs	r3, #255	; 0xff
10000b32:	7123      	strb	r3, [r4, #4]
10000b34:	f3bf 8f5f 	dmb	sy
10000b38:	bd10      	pop	{r4, pc}
10000b3a:	46c0      	nop			; (mov r8, r8)

10000b3c <critical_section_init>:
10000b3c:	b510      	push	{r4, lr}
10000b3e:	0004      	movs	r4, r0
10000b40:	2001      	movs	r0, #1
10000b42:	f7ff fdc5 	bl	100006d0 <spin_lock_claim_unused>
10000b46:	4b04      	ldr	r3, [pc, #16]	; (10000b58 <critical_section_init+0x1c>)
10000b48:	469c      	mov	ip, r3
10000b4a:	4460      	add	r0, ip
10000b4c:	0080      	lsls	r0, r0, #2
10000b4e:	6020      	str	r0, [r4, #0]
10000b50:	f3bf 8f5f 	dmb	sy
10000b54:	bd10      	pop	{r4, pc}
10000b56:	46c0      	nop			; (mov r8, r8)
10000b58:	34000040 	.word	0x34000040

10000b5c <critical_section_init_with_lock_num>:
10000b5c:	4b03      	ldr	r3, [pc, #12]	; (10000b6c <critical_section_init_with_lock_num+0x10>)
10000b5e:	469c      	mov	ip, r3
10000b60:	4461      	add	r1, ip
10000b62:	0089      	lsls	r1, r1, #2
10000b64:	6001      	str	r1, [r0, #0]
10000b66:	f3bf 8f5f 	dmb	sy
10000b6a:	4770      	bx	lr
10000b6c:	34000040 	.word	0x34000040

10000b70 <sleep_until_callback>:
10000b70:	4b0a      	ldr	r3, [pc, #40]	; (10000b9c <sleep_until_callback+0x2c>)
10000b72:	6819      	ldr	r1, [r3, #0]
10000b74:	f3ef 8010 	mrs	r0, PRIMASK
10000b78:	b672      	cpsid	i
10000b7a:	680a      	ldr	r2, [r1, #0]
10000b7c:	2a00      	cmp	r2, #0
10000b7e:	d0fc      	beq.n	10000b7a <sleep_until_callback+0xa>
10000b80:	f3bf 8f5f 	dmb	sy
10000b84:	681b      	ldr	r3, [r3, #0]
10000b86:	f3bf 8f5f 	dmb	sy
10000b8a:	2200      	movs	r2, #0
10000b8c:	601a      	str	r2, [r3, #0]
10000b8e:	f380 8810 	msr	PRIMASK, r0
10000b92:	bf40      	sev
10000b94:	2000      	movs	r0, #0
10000b96:	2100      	movs	r1, #0
10000b98:	4770      	bx	lr
10000b9a:	46c0      	nop			; (mov r8, r8)
10000b9c:	20001fc8 	.word	0x20001fc8

10000ba0 <alarm_pool_irq_handler>:
10000ba0:	b5f0      	push	{r4, r5, r6, r7, lr}
10000ba2:	46de      	mov	lr, fp
10000ba4:	4657      	mov	r7, sl
10000ba6:	464e      	mov	r6, r9
10000ba8:	4645      	mov	r5, r8
10000baa:	b5e0      	push	{r5, r6, r7, lr}
10000bac:	b085      	sub	sp, #20
10000bae:	f3ef 8205 	mrs	r2, IPSR
10000bb2:	2303      	movs	r3, #3
10000bb4:	4013      	ands	r3, r2
10000bb6:	009a      	lsls	r2, r3, #2
10000bb8:	0011      	movs	r1, r2
10000bba:	9203      	str	r2, [sp, #12]
10000bbc:	4ab6      	ldr	r2, [pc, #728]	; (10000e98 <alarm_pool_irq_handler+0x2f8>)
10000bbe:	5852      	ldr	r2, [r2, r1]
10000bc0:	4690      	mov	r8, r2
10000bc2:	2201      	movs	r2, #1
10000bc4:	409a      	lsls	r2, r3
10000bc6:	4691      	mov	r9, r2
10000bc8:	4bb4      	ldr	r3, [pc, #720]	; (10000e9c <alarm_pool_irq_handler+0x2fc>)
10000bca:	601a      	str	r2, [r3, #0]
10000bcc:	464b      	mov	r3, r9
10000bce:	48b4      	ldr	r0, [pc, #720]	; (10000ea0 <alarm_pool_irq_handler+0x300>)
10000bd0:	6343      	str	r3, [r0, #52]	; 0x34
10000bd2:	4643      	mov	r3, r8
10000bd4:	2208      	movs	r2, #8
10000bd6:	5e9b      	ldrsh	r3, [r3, r2]
10000bd8:	469a      	mov	sl, r3
10000bda:	2b00      	cmp	r3, #0
10000bdc:	da3d      	bge.n	10000c5a <alarm_pool_irq_handler+0xba>
10000bde:	4643      	mov	r3, r8
10000be0:	889b      	ldrh	r3, [r3, #4]
10000be2:	b21b      	sxth	r3, r3
10000be4:	2b00      	cmp	r3, #0
10000be6:	db00      	blt.n	10000bea <alarm_pool_irq_handler+0x4a>
10000be8:	e0a1      	b.n	10000d2e <alarm_pool_irq_handler+0x18e>
10000bea:	4643      	mov	r3, r8
10000bec:	799b      	ldrb	r3, [r3, #6]
10000bee:	2b00      	cmp	r3, #0
10000bf0:	d000      	beq.n	10000bf4 <alarm_pool_irq_handler+0x54>
10000bf2:	e0f3      	b.n	10000ddc <alarm_pool_irq_handler+0x23c>
10000bf4:	4643      	mov	r3, r8
10000bf6:	2408      	movs	r4, #8
10000bf8:	5f1c      	ldrsh	r4, [r3, r4]
10000bfa:	2c00      	cmp	r4, #0
10000bfc:	db23      	blt.n	10000c46 <alarm_pool_irq_handler+0xa6>
10000bfe:	4642      	mov	r2, r8
10000c00:	6952      	ldr	r2, [r2, #20]
10000c02:	0063      	lsls	r3, r4, #1
10000c04:	4694      	mov	ip, r2
10000c06:	191b      	adds	r3, r3, r4
10000c08:	00db      	lsls	r3, r3, #3
10000c0a:	4463      	add	r3, ip
10000c0c:	689c      	ldr	r4, [r3, #8]
10000c0e:	68dd      	ldr	r5, [r3, #12]
10000c10:	1c63      	adds	r3, r4, #1
10000c12:	d100      	bne.n	10000c16 <alarm_pool_irq_handler+0x76>
10000c14:	e10f      	b.n	10000e36 <alarm_pool_irq_handler+0x296>
10000c16:	48a2      	ldr	r0, [pc, #648]	; (10000ea0 <alarm_pool_irq_handler+0x300>)
10000c18:	9903      	ldr	r1, [sp, #12]
10000c1a:	4684      	mov	ip, r0
10000c1c:	4461      	add	r1, ip
10000c1e:	6a82      	ldr	r2, [r0, #40]	; 0x28
10000c20:	690b      	ldr	r3, [r1, #16]
10000c22:	1aa6      	subs	r6, r4, r2
10000c24:	1a9b      	subs	r3, r3, r2
10000c26:	429e      	cmp	r6, r3
10000c28:	d315      	bcc.n	10000c56 <alarm_pool_irq_handler+0xb6>
10000c2a:	464a      	mov	r2, r9
10000c2c:	6a03      	ldr	r3, [r0, #32]
10000c2e:	421a      	tst	r2, r3
10000c30:	d011      	beq.n	10000c56 <alarm_pool_irq_handler+0xb6>
10000c32:	489b      	ldr	r0, [pc, #620]	; (10000ea0 <alarm_pool_irq_handler+0x300>)
10000c34:	f000 fbb0 	bl	10001398 <timer_time_us_64>
10000c38:	1a24      	subs	r4, r4, r0
10000c3a:	418d      	sbcs	r5, r1
10000c3c:	2d00      	cmp	r5, #0
10000c3e:	dc02      	bgt.n	10000c46 <alarm_pool_irq_handler+0xa6>
10000c40:	d1c4      	bne.n	10000bcc <alarm_pool_irq_handler+0x2c>
10000c42:	2c00      	cmp	r4, #0
10000c44:	d0c2      	beq.n	10000bcc <alarm_pool_irq_handler+0x2c>
10000c46:	bf40      	sev
10000c48:	b005      	add	sp, #20
10000c4a:	bcf0      	pop	{r4, r5, r6, r7}
10000c4c:	46bb      	mov	fp, r7
10000c4e:	46b2      	mov	sl, r6
10000c50:	46a9      	mov	r9, r5
10000c52:	46a0      	mov	r8, r4
10000c54:	bdf0      	pop	{r4, r5, r6, r7, pc}
10000c56:	610c      	str	r4, [r1, #16]
10000c58:	e7eb      	b.n	10000c32 <alarm_pool_irq_handler+0x92>
10000c5a:	4642      	mov	r2, r8
10000c5c:	6952      	ldr	r2, [r2, #20]
10000c5e:	005b      	lsls	r3, r3, #1
10000c60:	4693      	mov	fp, r2
10000c62:	4453      	add	r3, sl
10000c64:	00db      	lsls	r3, r3, #3
10000c66:	449b      	add	fp, r3
10000c68:	465b      	mov	r3, fp
10000c6a:	689e      	ldr	r6, [r3, #8]
10000c6c:	68df      	ldr	r7, [r3, #12]
10000c6e:	f000 fb93 	bl	10001398 <timer_time_us_64>
10000c72:	1b80      	subs	r0, r0, r6
10000c74:	41b9      	sbcs	r1, r7
10000c76:	2900      	cmp	r1, #0
10000c78:	dbb1      	blt.n	10000bde <alarm_pool_irq_handler+0x3e>
10000c7a:	2f00      	cmp	r7, #0
10000c7c:	da00      	bge.n	10000c80 <alarm_pool_irq_handler+0xe0>
10000c7e:	e0e5      	b.n	10000e4c <alarm_pool_irq_handler+0x2ac>
10000c80:	465b      	mov	r3, fp
10000c82:	4a88      	ldr	r2, [pc, #544]	; (10000ea4 <alarm_pool_irq_handler+0x304>)
10000c84:	691b      	ldr	r3, [r3, #16]
10000c86:	4293      	cmp	r3, r2
10000c88:	d100      	bne.n	10000c8c <alarm_pool_irq_handler+0xec>
10000c8a:	e0d8      	b.n	10000e3e <alarm_pool_irq_handler+0x29e>
10000c8c:	4641      	mov	r1, r8
10000c8e:	465a      	mov	r2, fp
10000c90:	2008      	movs	r0, #8
10000c92:	5e08      	ldrsh	r0, [r1, r0]
10000c94:	8852      	ldrh	r2, [r2, #2]
10000c96:	0400      	lsls	r0, r0, #16
10000c98:	4310      	orrs	r0, r2
10000c9a:	465a      	mov	r2, fp
10000c9c:	6951      	ldr	r1, [r2, #20]
10000c9e:	4798      	blx	r3
10000ca0:	0004      	movs	r4, r0
10000ca2:	000d      	movs	r5, r1
10000ca4:	0023      	movs	r3, r4
10000ca6:	432b      	orrs	r3, r5
10000ca8:	d100      	bne.n	10000cac <alarm_pool_irq_handler+0x10c>
10000caa:	e0cf      	b.n	10000e4c <alarm_pool_irq_handler+0x2ac>
10000cac:	2d00      	cmp	r5, #0
10000cae:	db00      	blt.n	10000cb2 <alarm_pool_irq_handler+0x112>
10000cb0:	e0e8      	b.n	10000e84 <alarm_pool_irq_handler+0x2e4>
10000cb2:	1b36      	subs	r6, r6, r4
10000cb4:	41af      	sbcs	r7, r5
10000cb6:	0034      	movs	r4, r6
10000cb8:	003d      	movs	r5, r7
10000cba:	465b      	mov	r3, fp
10000cbc:	609c      	str	r4, [r3, #8]
10000cbe:	60dd      	str	r5, [r3, #12]
10000cc0:	2100      	movs	r1, #0
10000cc2:	5e59      	ldrsh	r1, [r3, r1]
10000cc4:	2900      	cmp	r1, #0
10000cc6:	da00      	bge.n	10000cca <alarm_pool_irq_handler+0x12a>
10000cc8:	e789      	b.n	10000bde <alarm_pool_irq_handler+0x3e>
10000cca:	4643      	mov	r3, r8
10000ccc:	695b      	ldr	r3, [r3, #20]
10000cce:	0022      	movs	r2, r4
10000cd0:	469c      	mov	ip, r3
10000cd2:	002b      	movs	r3, r5
10000cd4:	0048      	lsls	r0, r1, #1
10000cd6:	1840      	adds	r0, r0, r1
10000cd8:	00c0      	lsls	r0, r0, #3
10000cda:	4460      	add	r0, ip
10000cdc:	6886      	ldr	r6, [r0, #8]
10000cde:	68c7      	ldr	r7, [r0, #12]
10000ce0:	1b92      	subs	r2, r2, r6
10000ce2:	41bb      	sbcs	r3, r7
10000ce4:	2b00      	cmp	r3, #0
10000ce6:	da00      	bge.n	10000cea <alarm_pool_irq_handler+0x14a>
10000ce8:	e779      	b.n	10000bde <alarm_pool_irq_handler+0x3e>
10000cea:	4643      	mov	r3, r8
10000cec:	4666      	mov	r6, ip
10000cee:	0002      	movs	r2, r0
10000cf0:	9400      	str	r4, [sp, #0]
10000cf2:	9501      	str	r5, [sp, #4]
10000cf4:	8119      	strh	r1, [r3, #8]
10000cf6:	e00c      	b.n	10000d12 <alarm_pool_irq_handler+0x172>
10000cf8:	007b      	lsls	r3, r7, #1
10000cfa:	19db      	adds	r3, r3, r7
10000cfc:	00db      	lsls	r3, r3, #3
10000cfe:	18f3      	adds	r3, r6, r3
10000d00:	9800      	ldr	r0, [sp, #0]
10000d02:	9901      	ldr	r1, [sp, #4]
10000d04:	689c      	ldr	r4, [r3, #8]
10000d06:	68dd      	ldr	r5, [r3, #12]
10000d08:	1b00      	subs	r0, r0, r4
10000d0a:	41a9      	sbcs	r1, r5
10000d0c:	2900      	cmp	r1, #0
10000d0e:	db04      	blt.n	10000d1a <alarm_pool_irq_handler+0x17a>
10000d10:	001a      	movs	r2, r3
10000d12:	2300      	movs	r3, #0
10000d14:	5ed7      	ldrsh	r7, [r2, r3]
10000d16:	2f00      	cmp	r7, #0
10000d18:	daee      	bge.n	10000cf8 <alarm_pool_irq_handler+0x158>
10000d1a:	465b      	mov	r3, fp
10000d1c:	801f      	strh	r7, [r3, #0]
10000d1e:	4653      	mov	r3, sl
10000d20:	8013      	strh	r3, [r2, #0]
10000d22:	4643      	mov	r3, r8
10000d24:	889b      	ldrh	r3, [r3, #4]
10000d26:	b21b      	sxth	r3, r3
10000d28:	2b00      	cmp	r3, #0
10000d2a:	da00      	bge.n	10000d2e <alarm_pool_irq_handler+0x18e>
10000d2c:	e75d      	b.n	10000bea <alarm_pool_irq_handler+0x4a>
10000d2e:	4643      	mov	r3, r8
10000d30:	691a      	ldr	r2, [r3, #16]
10000d32:	f3ef 8110 	mrs	r1, PRIMASK
10000d36:	b672      	cpsid	i
10000d38:	6813      	ldr	r3, [r2, #0]
10000d3a:	2b00      	cmp	r3, #0
10000d3c:	d0fc      	beq.n	10000d38 <alarm_pool_irq_handler+0x198>
10000d3e:	f3bf 8f5f 	dmb	sy
10000d42:	4643      	mov	r3, r8
10000d44:	889b      	ldrh	r3, [r3, #4]
10000d46:	4642      	mov	r2, r8
10000d48:	b21b      	sxth	r3, r3
10000d4a:	469a      	mov	sl, r3
10000d4c:	2301      	movs	r3, #1
10000d4e:	425b      	negs	r3, r3
10000d50:	8093      	strh	r3, [r2, #4]
10000d52:	6913      	ldr	r3, [r2, #16]
10000d54:	f3bf 8f5f 	dmb	sy
10000d58:	2200      	movs	r2, #0
10000d5a:	601a      	str	r2, [r3, #0]
10000d5c:	f381 8810 	msr	PRIMASK, r1
10000d60:	4653      	mov	r3, sl
10000d62:	2b00      	cmp	r3, #0
10000d64:	da00      	bge.n	10000d68 <alarm_pool_irq_handler+0x1c8>
10000d66:	e740      	b.n	10000bea <alarm_pool_irq_handler+0x4a>
10000d68:	4643      	mov	r3, r8
10000d6a:	695b      	ldr	r3, [r3, #20]
10000d6c:	469c      	mov	ip, r3
10000d6e:	2308      	movs	r3, #8
10000d70:	4443      	add	r3, r8
10000d72:	469b      	mov	fp, r3
10000d74:	4653      	mov	r3, sl
10000d76:	005f      	lsls	r7, r3, #1
10000d78:	4643      	mov	r3, r8
10000d7a:	4457      	add	r7, sl
10000d7c:	00ff      	lsls	r7, r7, #3
10000d7e:	2208      	movs	r2, #8
10000d80:	5e9a      	ldrsh	r2, [r3, r2]
10000d82:	4467      	add	r7, ip
10000d84:	465e      	mov	r6, fp
10000d86:	68bc      	ldr	r4, [r7, #8]
10000d88:	68fd      	ldr	r5, [r7, #12]
10000d8a:	2a00      	cmp	r2, #0
10000d8c:	db19      	blt.n	10000dc2 <alarm_pool_irq_handler+0x222>
10000d8e:	003b      	movs	r3, r7
10000d90:	9400      	str	r4, [sp, #0]
10000d92:	9501      	str	r5, [sp, #4]
10000d94:	4667      	mov	r7, ip
10000d96:	469c      	mov	ip, r3
10000d98:	e004      	b.n	10000da4 <alarm_pool_irq_handler+0x204>
10000d9a:	001e      	movs	r6, r3
10000d9c:	2300      	movs	r3, #0
10000d9e:	5ef2      	ldrsh	r2, [r6, r3]
10000da0:	2a00      	cmp	r2, #0
10000da2:	db0b      	blt.n	10000dbc <alarm_pool_irq_handler+0x21c>
10000da4:	9800      	ldr	r0, [sp, #0]
10000da6:	9901      	ldr	r1, [sp, #4]
10000da8:	0053      	lsls	r3, r2, #1
10000daa:	189b      	adds	r3, r3, r2
10000dac:	00db      	lsls	r3, r3, #3
10000dae:	18fb      	adds	r3, r7, r3
10000db0:	689c      	ldr	r4, [r3, #8]
10000db2:	68dd      	ldr	r5, [r3, #12]
10000db4:	1b00      	subs	r0, r0, r4
10000db6:	41a9      	sbcs	r1, r5
10000db8:	2900      	cmp	r1, #0
10000dba:	daee      	bge.n	10000d9a <alarm_pool_irq_handler+0x1fa>
10000dbc:	4663      	mov	r3, ip
10000dbe:	46bc      	mov	ip, r7
10000dc0:	001f      	movs	r7, r3
10000dc2:	4653      	mov	r3, sl
10000dc4:	8033      	strh	r3, [r6, #0]
10000dc6:	2100      	movs	r1, #0
10000dc8:	5e7b      	ldrsh	r3, [r7, r1]
10000dca:	803a      	strh	r2, [r7, #0]
10000dcc:	469a      	mov	sl, r3
10000dce:	2b00      	cmp	r3, #0
10000dd0:	dad0      	bge.n	10000d74 <alarm_pool_irq_handler+0x1d4>
10000dd2:	4643      	mov	r3, r8
10000dd4:	799b      	ldrb	r3, [r3, #6]
10000dd6:	2b00      	cmp	r3, #0
10000dd8:	d100      	bne.n	10000ddc <alarm_pool_irq_handler+0x23c>
10000dda:	e70b      	b.n	10000bf4 <alarm_pool_irq_handler+0x54>
10000ddc:	2300      	movs	r3, #0
10000dde:	4642      	mov	r2, r8
10000de0:	7193      	strb	r3, [r2, #6]
10000de2:	4643      	mov	r3, r8
10000de4:	4646      	mov	r6, r8
10000de6:	2108      	movs	r1, #8
10000de8:	5e59      	ldrsh	r1, [r3, r1]
10000dea:	3608      	adds	r6, #8
10000dec:	1c4b      	adds	r3, r1, #1
10000dee:	d100      	bne.n	10000df2 <alarm_pool_irq_handler+0x252>
10000df0:	e729      	b.n	10000c46 <alarm_pool_irq_handler+0xa6>
10000df2:	4647      	mov	r7, r8
10000df4:	468c      	mov	ip, r1
10000df6:	6955      	ldr	r5, [r2, #20]
10000df8:	e002      	b.n	10000e00 <alarm_pool_irq_handler+0x260>
10000dfa:	0006      	movs	r6, r0
10000dfc:	1c4b      	adds	r3, r1, #1
10000dfe:	d017      	beq.n	10000e30 <alarm_pool_irq_handler+0x290>
10000e00:	004b      	lsls	r3, r1, #1
10000e02:	185b      	adds	r3, r3, r1
10000e04:	00db      	lsls	r3, r3, #3
10000e06:	18e8      	adds	r0, r5, r3
10000e08:	000a      	movs	r2, r1
10000e0a:	5ee9      	ldrsh	r1, [r5, r3]
10000e0c:	8843      	ldrh	r3, [r0, #2]
10000e0e:	b21b      	sxth	r3, r3
10000e10:	2b00      	cmp	r3, #0
10000e12:	daf2      	bge.n	10000dfa <alarm_pool_irq_handler+0x25a>
10000e14:	2301      	movs	r3, #1
10000e16:	425b      	negs	r3, r3
10000e18:	17dc      	asrs	r4, r3, #31
10000e1a:	6083      	str	r3, [r0, #8]
10000e1c:	60c4      	str	r4, [r0, #12]
10000e1e:	4562      	cmp	r2, ip
10000e20:	d0ec      	beq.n	10000dfc <alarm_pool_irq_handler+0x25c>
10000e22:	8031      	strh	r1, [r6, #0]
10000e24:	893b      	ldrh	r3, [r7, #8]
10000e26:	4694      	mov	ip, r2
10000e28:	8003      	strh	r3, [r0, #0]
10000e2a:	813a      	strh	r2, [r7, #8]
10000e2c:	1c4b      	adds	r3, r1, #1
10000e2e:	d1e7      	bne.n	10000e00 <alarm_pool_irq_handler+0x260>
10000e30:	46b8      	mov	r8, r7
10000e32:	4664      	mov	r4, ip
10000e34:	e6e1      	b.n	10000bfa <alarm_pool_irq_handler+0x5a>
10000e36:	1c6b      	adds	r3, r5, #1
10000e38:	d000      	beq.n	10000e3c <alarm_pool_irq_handler+0x29c>
10000e3a:	e6ec      	b.n	10000c16 <alarm_pool_irq_handler+0x76>
10000e3c:	e6f9      	b.n	10000c32 <alarm_pool_irq_handler+0x92>
10000e3e:	465b      	mov	r3, fp
10000e40:	695c      	ldr	r4, [r3, #20]
10000e42:	0020      	movs	r0, r4
10000e44:	6923      	ldr	r3, [r4, #16]
10000e46:	4798      	blx	r3
10000e48:	2800      	cmp	r0, #0
10000e4a:	d121      	bne.n	10000e90 <alarm_pool_irq_handler+0x2f0>
10000e4c:	465b      	mov	r3, fp
10000e4e:	4642      	mov	r2, r8
10000e50:	881b      	ldrh	r3, [r3, #0]
10000e52:	8113      	strh	r3, [r2, #8]
10000e54:	6912      	ldr	r2, [r2, #16]
10000e56:	f3ef 8310 	mrs	r3, PRIMASK
10000e5a:	b672      	cpsid	i
10000e5c:	6811      	ldr	r1, [r2, #0]
10000e5e:	2900      	cmp	r1, #0
10000e60:	d0fc      	beq.n	10000e5c <alarm_pool_irq_handler+0x2bc>
10000e62:	f3bf 8f5f 	dmb	sy
10000e66:	4642      	mov	r2, r8
10000e68:	4659      	mov	r1, fp
10000e6a:	8852      	ldrh	r2, [r2, #2]
10000e6c:	800a      	strh	r2, [r1, #0]
10000e6e:	4642      	mov	r2, r8
10000e70:	4651      	mov	r1, sl
10000e72:	8051      	strh	r1, [r2, #2]
10000e74:	6912      	ldr	r2, [r2, #16]
10000e76:	f3bf 8f5f 	dmb	sy
10000e7a:	2100      	movs	r1, #0
10000e7c:	6011      	str	r1, [r2, #0]
10000e7e:	f383 8810 	msr	PRIMASK, r3
10000e82:	e6ac      	b.n	10000bde <alarm_pool_irq_handler+0x3e>
10000e84:	4806      	ldr	r0, [pc, #24]	; (10000ea0 <alarm_pool_irq_handler+0x300>)
10000e86:	f000 fa87 	bl	10001398 <timer_time_us_64>
10000e8a:	1824      	adds	r4, r4, r0
10000e8c:	414d      	adcs	r5, r1
10000e8e:	e714      	b.n	10000cba <alarm_pool_irq_handler+0x11a>
10000e90:	6865      	ldr	r5, [r4, #4]
10000e92:	6824      	ldr	r4, [r4, #0]
10000e94:	e706      	b.n	10000ca4 <alarm_pool_irq_handler+0x104>
10000e96:	46c0      	nop			; (mov r8, r8)
10000e98:	20001eac 	.word	0x20001eac
10000e9c:	4005703c 	.word	0x4005703c
10000ea0:	40054000 	.word	0x40054000
10000ea4:	10000ba1 	.word	0x10000ba1

10000ea8 <runtime_init_default_alarm_pool>:
10000ea8:	b570      	push	{r4, r5, r6, lr}
10000eaa:	4c2e      	ldr	r4, [pc, #184]	; (10000f64 <runtime_init_default_alarm_pool+0xbc>)
10000eac:	6925      	ldr	r5, [r4, #16]
10000eae:	2d00      	cmp	r5, #0
10000eb0:	d004      	beq.n	10000ebc <runtime_init_default_alarm_pool+0x14>
10000eb2:	210a      	movs	r1, #10
10000eb4:	482c      	ldr	r0, [pc, #176]	; (10000f68 <runtime_init_default_alarm_pool+0xc0>)
10000eb6:	f7ff fdff 	bl	10000ab8 <lock_init>
10000eba:	bd70      	pop	{r4, r5, r6, pc}
10000ebc:	4e2b      	ldr	r6, [pc, #172]	; (10000f6c <runtime_init_default_alarm_pool+0xc4>)
10000ebe:	2103      	movs	r1, #3
10000ec0:	0030      	movs	r0, r6
10000ec2:	f000 fa5f 	bl	10001384 <timer_hardware_alarm_claim>
10000ec6:	60e6      	str	r6, [r4, #12]
10000ec8:	f7ff fbf6 	bl	100006b8 <next_striped_spin_lock_num>
10000ecc:	4b28      	ldr	r3, [pc, #160]	; (10000f70 <runtime_init_default_alarm_pool+0xc8>)
10000ece:	2203      	movs	r2, #3
10000ed0:	469c      	mov	ip, r3
10000ed2:	23d0      	movs	r3, #208	; 0xd0
10000ed4:	7022      	strb	r2, [r4, #0]
10000ed6:	061b      	lsls	r3, r3, #24
10000ed8:	681b      	ldr	r3, [r3, #0]
10000eda:	2101      	movs	r1, #1
10000edc:	7063      	strb	r3, [r4, #1]
10000ede:	4b25      	ldr	r3, [pc, #148]	; (10000f74 <runtime_init_default_alarm_pool+0xcc>)
10000ee0:	4460      	add	r0, ip
10000ee2:	60a3      	str	r3, [r4, #8]
10000ee4:	230f      	movs	r3, #15
10000ee6:	0080      	lsls	r0, r0, #2
10000ee8:	6120      	str	r0, [r4, #16]
10000eea:	2002      	movs	r0, #2
10000eec:	8063      	strh	r3, [r4, #2]
10000eee:	6963      	ldr	r3, [r4, #20]
10000ef0:	4249      	negs	r1, r1
10000ef2:	80a1      	strh	r1, [r4, #4]
10000ef4:	8019      	strh	r1, [r3, #0]
10000ef6:	3102      	adds	r1, #2
10000ef8:	8619      	strh	r1, [r3, #48]	; 0x30
10000efa:	3147      	adds	r1, #71	; 0x47
10000efc:	831d      	strh	r5, [r3, #24]
10000efe:	5258      	strh	r0, [r3, r1]
10000f00:	3118      	adds	r1, #24
10000f02:	525a      	strh	r2, [r3, r1]
10000f04:	3275      	adds	r2, #117	; 0x75
10000f06:	395c      	subs	r1, #92	; 0x5c
10000f08:	5299      	strh	r1, [r3, r2]
10000f0a:	3218      	adds	r2, #24
10000f0c:	3101      	adds	r1, #1
10000f0e:	5299      	strh	r1, [r3, r2]
10000f10:	3218      	adds	r2, #24
10000f12:	3101      	adds	r1, #1
10000f14:	5299      	strh	r1, [r3, r2]
10000f16:	3218      	adds	r2, #24
10000f18:	3101      	adds	r1, #1
10000f1a:	5299      	strh	r1, [r3, r2]
10000f1c:	3508      	adds	r5, #8
10000f1e:	3218      	adds	r2, #24
10000f20:	529d      	strh	r5, [r3, r2]
10000f22:	3102      	adds	r1, #2
10000f24:	3218      	adds	r2, #24
10000f26:	5299      	strh	r1, [r3, r2]
10000f28:	3218      	adds	r2, #24
10000f2a:	3101      	adds	r1, #1
10000f2c:	5299      	strh	r1, [r3, r2]
10000f2e:	3218      	adds	r2, #24
10000f30:	3101      	adds	r1, #1
10000f32:	5299      	strh	r1, [r3, r2]
10000f34:	3218      	adds	r2, #24
10000f36:	3101      	adds	r1, #1
10000f38:	5299      	strh	r1, [r3, r2]
10000f3a:	3218      	adds	r2, #24
10000f3c:	3101      	adds	r1, #1
10000f3e:	5299      	strh	r1, [r3, r2]
10000f40:	3218      	adds	r2, #24
10000f42:	3101      	adds	r1, #1
10000f44:	5299      	strh	r1, [r3, r2]
10000f46:	4b0c      	ldr	r3, [pc, #48]	; (10000f78 <runtime_init_default_alarm_pool+0xd0>)
10000f48:	490c      	ldr	r1, [pc, #48]	; (10000f7c <runtime_init_default_alarm_pool+0xd4>)
10000f4a:	60dc      	str	r4, [r3, #12]
10000f4c:	3001      	adds	r0, #1
10000f4e:	6235      	str	r5, [r6, #32]
10000f50:	f7ff fc26 	bl	100007a0 <irq_set_exclusive_handler>
10000f54:	2101      	movs	r1, #1
10000f56:	2003      	movs	r0, #3
10000f58:	f7ff fbea 	bl	10000730 <irq_set_enabled>
10000f5c:	4b08      	ldr	r3, [pc, #32]	; (10000f80 <runtime_init_default_alarm_pool+0xd8>)
10000f5e:	601d      	str	r5, [r3, #0]
10000f60:	e7a7      	b.n	10000eb2 <runtime_init_default_alarm_pool+0xa>
10000f62:	46c0      	nop			; (mov r8, r8)
10000f64:	2000106c 	.word	0x2000106c
10000f68:	20001fc8 	.word	0x20001fc8
10000f6c:	40054000 	.word	0x40054000
10000f70:	34000040 	.word	0x34000040
10000f74:	0010ffff 	.word	0x0010ffff
10000f78:	20001eac 	.word	0x20001eac
10000f7c:	10000ba1 	.word	0x10000ba1
10000f80:	40056038 	.word	0x40056038

10000f84 <alarm_pool_get_default>:
10000f84:	4800      	ldr	r0, [pc, #0]	; (10000f88 <alarm_pool_get_default+0x4>)
10000f86:	4770      	bx	lr
10000f88:	2000106c 	.word	0x2000106c

10000f8c <alarm_pool_add_alarm_at>:
10000f8c:	b5f8      	push	{r3, r4, r5, r6, r7, lr}
10000f8e:	001f      	movs	r7, r3
10000f90:	ab08      	add	r3, sp, #32
10000f92:	781b      	ldrb	r3, [r3, #0]
10000f94:	0004      	movs	r4, r0
10000f96:	0016      	movs	r6, r2
10000f98:	2b00      	cmp	r3, #0
10000f9a:	d107      	bne.n	10000fac <alarm_pool_add_alarm_at+0x20>
10000f9c:	f000 fa04 	bl	100013a8 <time_us_64>
10000fa0:	0032      	movs	r2, r6
10000fa2:	003b      	movs	r3, r7
10000fa4:	1a12      	subs	r2, r2, r0
10000fa6:	418b      	sbcs	r3, r1
10000fa8:	2b00      	cmp	r3, #0
10000faa:	db4c      	blt.n	10001046 <alarm_pool_add_alarm_at+0xba>
10000fac:	6922      	ldr	r2, [r4, #16]
10000fae:	f3ef 8010 	mrs	r0, PRIMASK
10000fb2:	b672      	cpsid	i
10000fb4:	6813      	ldr	r3, [r2, #0]
10000fb6:	2b00      	cmp	r3, #0
10000fb8:	d0fc      	beq.n	10000fb4 <alarm_pool_add_alarm_at+0x28>
10000fba:	f3bf 8f5f 	dmb	sy
10000fbe:	6962      	ldr	r2, [r4, #20]
10000fc0:	2302      	movs	r3, #2
10000fc2:	5ee1      	ldrsh	r1, [r4, r3]
10000fc4:	4694      	mov	ip, r2
10000fc6:	004b      	lsls	r3, r1, #1
10000fc8:	185b      	adds	r3, r3, r1
10000fca:	00db      	lsls	r3, r3, #3
10000fcc:	4463      	add	r3, ip
10000fce:	2900      	cmp	r1, #0
10000fd0:	db01      	blt.n	10000fd6 <alarm_pool_add_alarm_at+0x4a>
10000fd2:	881a      	ldrh	r2, [r3, #0]
10000fd4:	8062      	strh	r2, [r4, #2]
10000fd6:	6922      	ldr	r2, [r4, #16]
10000fd8:	f3bf 8f5f 	dmb	sy
10000fdc:	2500      	movs	r5, #0
10000fde:	6015      	str	r5, [r2, #0]
10000fe0:	f380 8810 	msr	PRIMASK, r0
10000fe4:	2900      	cmp	r1, #0
10000fe6:	db30      	blt.n	1000104a <alarm_pool_add_alarm_at+0xbe>
10000fe8:	9a06      	ldr	r2, [sp, #24]
10000fea:	609e      	str	r6, [r3, #8]
10000fec:	60df      	str	r7, [r3, #12]
10000fee:	611a      	str	r2, [r3, #16]
10000ff0:	9a07      	ldr	r2, [sp, #28]
10000ff2:	615a      	str	r2, [r3, #20]
10000ff4:	885a      	ldrh	r2, [r3, #2]
10000ff6:	3201      	adds	r2, #1
10000ff8:	0452      	lsls	r2, r2, #17
10000ffa:	0c52      	lsrs	r2, r2, #17
10000ffc:	1c16      	adds	r6, r2, #0
10000ffe:	2a00      	cmp	r2, #0
10001000:	d01f      	beq.n	10001042 <alarm_pool_add_alarm_at+0xb6>
10001002:	b2b0      	uxth	r0, r6
10001004:	040a      	lsls	r2, r1, #16
10001006:	805e      	strh	r6, [r3, #2]
10001008:	4310      	orrs	r0, r2
1000100a:	6926      	ldr	r6, [r4, #16]
1000100c:	f3ef 8510 	mrs	r5, PRIMASK
10001010:	b672      	cpsid	i
10001012:	6832      	ldr	r2, [r6, #0]
10001014:	2a00      	cmp	r2, #0
10001016:	d0fc      	beq.n	10001012 <alarm_pool_add_alarm_at+0x86>
10001018:	f3bf 8f5f 	dmb	sy
1000101c:	88a2      	ldrh	r2, [r4, #4]
1000101e:	801a      	strh	r2, [r3, #0]
10001020:	80a1      	strh	r1, [r4, #4]
10001022:	6923      	ldr	r3, [r4, #16]
10001024:	f3bf 8f5f 	dmb	sy
10001028:	2200      	movs	r2, #0
1000102a:	601a      	str	r2, [r3, #0]
1000102c:	f385 8810 	msr	PRIMASK, r5
10001030:	4907      	ldr	r1, [pc, #28]	; (10001050 <alarm_pool_add_alarm_at+0xc4>)
10001032:	7823      	ldrb	r3, [r4, #0]
10001034:	468c      	mov	ip, r1
10001036:	3201      	adds	r2, #1
10001038:	409a      	lsls	r2, r3
1000103a:	68e3      	ldr	r3, [r4, #12]
1000103c:	4463      	add	r3, ip
1000103e:	601a      	str	r2, [r3, #0]
10001040:	bdf8      	pop	{r3, r4, r5, r6, r7, pc}
10001042:	2601      	movs	r6, #1
10001044:	e7dd      	b.n	10001002 <alarm_pool_add_alarm_at+0x76>
10001046:	2000      	movs	r0, #0
10001048:	e7fa      	b.n	10001040 <alarm_pool_add_alarm_at+0xb4>
1000104a:	2001      	movs	r0, #1
1000104c:	4240      	negs	r0, r0
1000104e:	e7f7      	b.n	10001040 <alarm_pool_add_alarm_at+0xb4>
10001050:	0000203c 	.word	0x0000203c

10001054 <alarm_pool_add_alarm_at_force_in_context>:
10001054:	b570      	push	{r4, r5, r6, lr}
10001056:	46c6      	mov	lr, r8
10001058:	0001      	movs	r1, r0
1000105a:	b500      	push	{lr}
1000105c:	6904      	ldr	r4, [r0, #16]
1000105e:	f3ef 8c10 	mrs	ip, PRIMASK
10001062:	b672      	cpsid	i
10001064:	6820      	ldr	r0, [r4, #0]
10001066:	2800      	cmp	r0, #0
10001068:	d0fc      	beq.n	10001064 <alarm_pool_add_alarm_at_force_in_context+0x10>
1000106a:	f3bf 8f5f 	dmb	sy
1000106e:	2002      	movs	r0, #2
10001070:	5e0d      	ldrsh	r5, [r1, r0]
10001072:	6948      	ldr	r0, [r1, #20]
10001074:	006c      	lsls	r4, r5, #1
10001076:	4680      	mov	r8, r0
10001078:	1964      	adds	r4, r4, r5
1000107a:	00e4      	lsls	r4, r4, #3
1000107c:	4444      	add	r4, r8
1000107e:	2d00      	cmp	r5, #0
10001080:	db01      	blt.n	10001086 <alarm_pool_add_alarm_at_force_in_context+0x32>
10001082:	8820      	ldrh	r0, [r4, #0]
10001084:	8048      	strh	r0, [r1, #2]
10001086:	6908      	ldr	r0, [r1, #16]
10001088:	f3bf 8f5f 	dmb	sy
1000108c:	2600      	movs	r6, #0
1000108e:	6006      	str	r6, [r0, #0]
10001090:	f38c 8810 	msr	PRIMASK, ip
10001094:	2d00      	cmp	r5, #0
10001096:	db30      	blt.n	100010fa <alarm_pool_add_alarm_at_force_in_context+0xa6>
10001098:	60e3      	str	r3, [r4, #12]
1000109a:	8863      	ldrh	r3, [r4, #2]
1000109c:	9805      	ldr	r0, [sp, #20]
1000109e:	3301      	adds	r3, #1
100010a0:	6120      	str	r0, [r4, #16]
100010a2:	045b      	lsls	r3, r3, #17
100010a4:	9806      	ldr	r0, [sp, #24]
100010a6:	0c5b      	lsrs	r3, r3, #17
100010a8:	60a2      	str	r2, [r4, #8]
100010aa:	6160      	str	r0, [r4, #20]
100010ac:	1c1a      	adds	r2, r3, #0
100010ae:	2b00      	cmp	r3, #0
100010b0:	d021      	beq.n	100010f6 <alarm_pool_add_alarm_at_force_in_context+0xa2>
100010b2:	b290      	uxth	r0, r2
100010b4:	042b      	lsls	r3, r5, #16
100010b6:	8062      	strh	r2, [r4, #2]
100010b8:	4318      	orrs	r0, r3
100010ba:	690a      	ldr	r2, [r1, #16]
100010bc:	f3ef 8610 	mrs	r6, PRIMASK
100010c0:	b672      	cpsid	i
100010c2:	6813      	ldr	r3, [r2, #0]
100010c4:	2b00      	cmp	r3, #0
100010c6:	d0fc      	beq.n	100010c2 <alarm_pool_add_alarm_at_force_in_context+0x6e>
100010c8:	f3bf 8f5f 	dmb	sy
100010cc:	888b      	ldrh	r3, [r1, #4]
100010ce:	8023      	strh	r3, [r4, #0]
100010d0:	808d      	strh	r5, [r1, #4]
100010d2:	690b      	ldr	r3, [r1, #16]
100010d4:	f3bf 8f5f 	dmb	sy
100010d8:	2200      	movs	r2, #0
100010da:	601a      	str	r2, [r3, #0]
100010dc:	f386 8810 	msr	PRIMASK, r6
100010e0:	780b      	ldrb	r3, [r1, #0]
100010e2:	3201      	adds	r2, #1
100010e4:	409a      	lsls	r2, r3
100010e6:	68cb      	ldr	r3, [r1, #12]
100010e8:	4905      	ldr	r1, [pc, #20]	; (10001100 <alarm_pool_add_alarm_at_force_in_context+0xac>)
100010ea:	468c      	mov	ip, r1
100010ec:	4463      	add	r3, ip
100010ee:	601a      	str	r2, [r3, #0]
100010f0:	bc40      	pop	{r6}
100010f2:	46b0      	mov	r8, r6
100010f4:	bd70      	pop	{r4, r5, r6, pc}
100010f6:	2201      	movs	r2, #1
100010f8:	e7db      	b.n	100010b2 <alarm_pool_add_alarm_at_force_in_context+0x5e>
100010fa:	2001      	movs	r0, #1
100010fc:	4240      	negs	r0, r0
100010fe:	e7f7      	b.n	100010f0 <alarm_pool_add_alarm_at_force_in_context+0x9c>
10001100:	0000203c 	.word	0x0000203c

10001104 <alarm_pool_cancel_alarm>:
10001104:	b510      	push	{r4, lr}
10001106:	8943      	ldrh	r3, [r0, #10]
10001108:	140a      	asrs	r2, r1, #16
1000110a:	4293      	cmp	r3, r2
1000110c:	dd33      	ble.n	10001176 <alarm_pool_cancel_alarm+0x72>
1000110e:	0053      	lsls	r3, r2, #1
10001110:	189b      	adds	r3, r3, r2
10001112:	6942      	ldr	r2, [r0, #20]
10001114:	00db      	lsls	r3, r3, #3
10001116:	4694      	mov	ip, r2
10001118:	6904      	ldr	r4, [r0, #16]
1000111a:	4463      	add	r3, ip
1000111c:	f3ef 8c10 	mrs	ip, PRIMASK
10001120:	b672      	cpsid	i
10001122:	6822      	ldr	r2, [r4, #0]
10001124:	2a00      	cmp	r2, #0
10001126:	d0fc      	beq.n	10001122 <alarm_pool_cancel_alarm+0x1e>
10001128:	f3bf 8f5f 	dmb	sy
1000112c:	885a      	ldrh	r2, [r3, #2]
1000112e:	0409      	lsls	r1, r1, #16
10001130:	b294      	uxth	r4, r2
10001132:	0c09      	lsrs	r1, r1, #16
10001134:	428a      	cmp	r2, r1
10001136:	d008      	beq.n	1000114a <alarm_pool_cancel_alarm+0x46>
10001138:	6903      	ldr	r3, [r0, #16]
1000113a:	f3bf 8f5f 	dmb	sy
1000113e:	2200      	movs	r2, #0
10001140:	601a      	str	r2, [r3, #0]
10001142:	f38c 8810 	msr	PRIMASK, ip
10001146:	2000      	movs	r0, #0
10001148:	bd10      	pop	{r4, pc}
1000114a:	2280      	movs	r2, #128	; 0x80
1000114c:	0212      	lsls	r2, r2, #8
1000114e:	4314      	orrs	r4, r2
10001150:	805c      	strh	r4, [r3, #2]
10001152:	2301      	movs	r3, #1
10001154:	6902      	ldr	r2, [r0, #16]
10001156:	7183      	strb	r3, [r0, #6]
10001158:	f3bf 8f5f 	dmb	sy
1000115c:	2100      	movs	r1, #0
1000115e:	6011      	str	r1, [r2, #0]
10001160:	f38c 8810 	msr	PRIMASK, ip
10001164:	4905      	ldr	r1, [pc, #20]	; (1000117c <alarm_pool_cancel_alarm+0x78>)
10001166:	7802      	ldrb	r2, [r0, #0]
10001168:	468c      	mov	ip, r1
1000116a:	4093      	lsls	r3, r2
1000116c:	68c2      	ldr	r2, [r0, #12]
1000116e:	2001      	movs	r0, #1
10001170:	4462      	add	r2, ip
10001172:	6013      	str	r3, [r2, #0]
10001174:	e7e8      	b.n	10001148 <alarm_pool_cancel_alarm+0x44>
10001176:	2000      	movs	r0, #0
10001178:	e7e6      	b.n	10001148 <alarm_pool_cancel_alarm+0x44>
1000117a:	46c0      	nop			; (mov r8, r8)
1000117c:	0000203c 	.word	0x0000203c

10001180 <alarm_pool_core_num>:
10001180:	7840      	ldrb	r0, [r0, #1]
10001182:	4770      	bx	lr

10001184 <sleep_until>:
10001184:	b5f0      	push	{r4, r5, r6, r7, lr}
10001186:	0004      	movs	r4, r0
10001188:	000d      	movs	r5, r1
1000118a:	2606      	movs	r6, #6
1000118c:	4276      	negs	r6, r6
1000118e:	17f7      	asrs	r7, r6, #31
10001190:	46c6      	mov	lr, r8
10001192:	1936      	adds	r6, r6, r4
10001194:	416f      	adcs	r7, r5
10001196:	b500      	push	{lr}
10001198:	b082      	sub	sp, #8
1000119a:	428f      	cmp	r7, r1
1000119c:	d814      	bhi.n	100011c8 <sleep_until+0x44>
1000119e:	d011      	beq.n	100011c4 <sleep_until+0x40>
100011a0:	f000 f902 	bl	100013a8 <time_us_64>
100011a4:	0032      	movs	r2, r6
100011a6:	003b      	movs	r3, r7
100011a8:	1a12      	subs	r2, r2, r0
100011aa:	418b      	sbcs	r3, r1
100011ac:	2b00      	cmp	r3, #0
100011ae:	dc15      	bgt.n	100011dc <sleep_until+0x58>
100011b0:	2b00      	cmp	r3, #0
100011b2:	d044      	beq.n	1000123e <sleep_until+0xba>
100011b4:	0020      	movs	r0, r4
100011b6:	0029      	movs	r1, r5
100011b8:	f000 f92a 	bl	10001410 <busy_wait_until>
100011bc:	b002      	add	sp, #8
100011be:	bc80      	pop	{r7}
100011c0:	46b8      	mov	r8, r7
100011c2:	bdf0      	pop	{r4, r5, r6, r7, pc}
100011c4:	4286      	cmp	r6, r0
100011c6:	d9eb      	bls.n	100011a0 <sleep_until+0x1c>
100011c8:	2600      	movs	r6, #0
100011ca:	2700      	movs	r7, #0
100011cc:	f000 f8ec 	bl	100013a8 <time_us_64>
100011d0:	0032      	movs	r2, r6
100011d2:	003b      	movs	r3, r7
100011d4:	1a12      	subs	r2, r2, r0
100011d6:	418b      	sbcs	r3, r1
100011d8:	2b00      	cmp	r3, #0
100011da:	dde9      	ble.n	100011b0 <sleep_until+0x2c>
100011dc:	f000 f8e4 	bl	100013a8 <time_us_64>
100011e0:	0032      	movs	r2, r6
100011e2:	003b      	movs	r3, r7
100011e4:	1a12      	subs	r2, r2, r0
100011e6:	418b      	sbcs	r3, r1
100011e8:	2b00      	cmp	r3, #0
100011ea:	db0a      	blt.n	10001202 <sleep_until+0x7e>
100011ec:	2300      	movs	r3, #0
100011ee:	9301      	str	r3, [sp, #4]
100011f0:	4b14      	ldr	r3, [pc, #80]	; (10001244 <sleep_until+0xc0>)
100011f2:	0032      	movs	r2, r6
100011f4:	9300      	str	r3, [sp, #0]
100011f6:	4814      	ldr	r0, [pc, #80]	; (10001248 <sleep_until+0xc4>)
100011f8:	003b      	movs	r3, r7
100011fa:	f7ff ff2b 	bl	10001054 <alarm_pool_add_alarm_at_force_in_context>
100011fe:	2800      	cmp	r0, #0
10001200:	dbd8      	blt.n	100011b4 <sleep_until+0x30>
10001202:	46b0      	mov	r8, r6
10001204:	2600      	movs	r6, #0
10001206:	46bc      	mov	ip, r7
10001208:	4a10      	ldr	r2, [pc, #64]	; (1000124c <sleep_until+0xc8>)
1000120a:	4f11      	ldr	r7, [pc, #68]	; (10001250 <sleep_until+0xcc>)
1000120c:	6a7b      	ldr	r3, [r7, #36]	; 0x24
1000120e:	459c      	cmp	ip, r3
10001210:	d804      	bhi.n	1000121c <sleep_until+0x98>
10001212:	6ab9      	ldr	r1, [r7, #40]	; 0x28
10001214:	4588      	cmp	r8, r1
10001216:	d9cd      	bls.n	100011b4 <sleep_until+0x30>
10001218:	459c      	cmp	ip, r3
1000121a:	d1cb      	bne.n	100011b4 <sleep_until+0x30>
1000121c:	6811      	ldr	r1, [r2, #0]
1000121e:	f3ef 8010 	mrs	r0, PRIMASK
10001222:	b672      	cpsid	i
10001224:	680b      	ldr	r3, [r1, #0]
10001226:	2b00      	cmp	r3, #0
10001228:	d0fc      	beq.n	10001224 <sleep_until+0xa0>
1000122a:	f3bf 8f5f 	dmb	sy
1000122e:	6813      	ldr	r3, [r2, #0]
10001230:	f3bf 8f5f 	dmb	sy
10001234:	601e      	str	r6, [r3, #0]
10001236:	f380 8810 	msr	PRIMASK, r0
1000123a:	bf20      	wfe
1000123c:	e7e6      	b.n	1000120c <sleep_until+0x88>
1000123e:	2a00      	cmp	r2, #0
10001240:	d0b8      	beq.n	100011b4 <sleep_until+0x30>
10001242:	e7cb      	b.n	100011dc <sleep_until+0x58>
10001244:	10000b71 	.word	0x10000b71
10001248:	2000106c 	.word	0x2000106c
1000124c:	20001fc8 	.word	0x20001fc8
10001250:	40054000 	.word	0x40054000

10001254 <sleep_ms>:
10001254:	b570      	push	{r4, r5, r6, lr}
10001256:	0006      	movs	r6, r0
10001258:	f000 f8a6 	bl	100013a8 <time_us_64>
1000125c:	22fa      	movs	r2, #250	; 0xfa
1000125e:	0004      	movs	r4, r0
10001260:	000d      	movs	r5, r1
10001262:	2300      	movs	r3, #0
10001264:	0030      	movs	r0, r6
10001266:	2100      	movs	r1, #0
10001268:	0092      	lsls	r2, r2, #2
1000126a:	f000 fd99 	bl	10001da0 <__wrap___aeabi_lmul>
1000126e:	1900      	adds	r0, r0, r4
10001270:	4169      	adcs	r1, r5
10001272:	2900      	cmp	r1, #0
10001274:	db02      	blt.n	1000127c <sleep_ms+0x28>
10001276:	f7ff ff85 	bl	10001184 <sleep_until>
1000127a:	bd70      	pop	{r4, r5, r6, pc}
1000127c:	2001      	movs	r0, #1
1000127e:	4901      	ldr	r1, [pc, #4]	; (10001284 <sleep_ms+0x30>)
10001280:	4240      	negs	r0, r0
10001282:	e7f8      	b.n	10001276 <sleep_ms+0x22>
10001284:	7fffffff 	.word	0x7fffffff

10001288 <best_effort_wfe_or_timeout>:
10001288:	b5f0      	push	{r4, r5, r6, r7, lr}
1000128a:	46ce      	mov	lr, r9
1000128c:	4647      	mov	r7, r8
1000128e:	b580      	push	{r7, lr}
10001290:	0004      	movs	r4, r0
10001292:	000d      	movs	r5, r1
10001294:	b083      	sub	sp, #12
10001296:	f3ef 8705 	mrs	r7, IPSR
1000129a:	2f00      	cmp	r7, #0
1000129c:	d00d      	beq.n	100012ba <best_effort_wfe_or_timeout+0x32>
1000129e:	4a36      	ldr	r2, [pc, #216]	; (10001378 <best_effort_wfe_or_timeout+0xf0>)
100012a0:	2000      	movs	r0, #0
100012a2:	6a53      	ldr	r3, [r2, #36]	; 0x24
100012a4:	428b      	cmp	r3, r1
100012a6:	d303      	bcc.n	100012b0 <best_effort_wfe_or_timeout+0x28>
100012a8:	6a92      	ldr	r2, [r2, #40]	; 0x28
100012aa:	3001      	adds	r0, #1
100012ac:	42a2      	cmp	r2, r4
100012ae:	d350      	bcc.n	10001352 <best_effort_wfe_or_timeout+0xca>
100012b0:	b003      	add	sp, #12
100012b2:	bcc0      	pop	{r6, r7}
100012b4:	46b9      	mov	r9, r7
100012b6:	46b0      	mov	r8, r6
100012b8:	bdf0      	pop	{r4, r5, r6, r7, pc}
100012ba:	4b30      	ldr	r3, [pc, #192]	; (1000137c <best_effort_wfe_or_timeout+0xf4>)
100012bc:	4698      	mov	r8, r3
100012be:	68db      	ldr	r3, [r3, #12]
100012c0:	4699      	mov	r9, r3
100012c2:	4643      	mov	r3, r8
100012c4:	4648      	mov	r0, r9
100012c6:	781e      	ldrb	r6, [r3, #0]
100012c8:	f000 f866 	bl	10001398 <timer_time_us_64>
100012cc:	000b      	movs	r3, r1
100012ce:	4649      	mov	r1, r9
100012d0:	0002      	movs	r2, r0
100012d2:	3604      	adds	r6, #4
100012d4:	00b6      	lsls	r6, r6, #2
100012d6:	5871      	ldr	r1, [r6, r1]
100012d8:	0020      	movs	r0, r4
100012da:	1a8e      	subs	r6, r1, r2
100012dc:	0029      	movs	r1, r5
100012de:	1a80      	subs	r0, r0, r2
100012e0:	4199      	sbcs	r1, r3
100012e2:	428f      	cmp	r7, r1
100012e4:	dc11      	bgt.n	1000130a <best_effort_wfe_or_timeout+0x82>
100012e6:	d00e      	beq.n	10001306 <best_effort_wfe_or_timeout+0x7e>
100012e8:	bf20      	wfe
100012ea:	4a23      	ldr	r2, [pc, #140]	; (10001378 <best_effort_wfe_or_timeout+0xf0>)
100012ec:	2000      	movs	r0, #0
100012ee:	6a53      	ldr	r3, [r2, #36]	; 0x24
100012f0:	42ab      	cmp	r3, r5
100012f2:	d3dd      	bcc.n	100012b0 <best_effort_wfe_or_timeout+0x28>
100012f4:	6a92      	ldr	r2, [r2, #40]	; 0x28
100012f6:	3001      	adds	r0, #1
100012f8:	42a2      	cmp	r2, r4
100012fa:	d2d9      	bcs.n	100012b0 <best_effort_wfe_or_timeout+0x28>
100012fc:	1ae8      	subs	r0, r5, r3
100012fe:	1e42      	subs	r2, r0, #1
10001300:	4190      	sbcs	r0, r2
10001302:	b2c0      	uxtb	r0, r0
10001304:	e7d4      	b.n	100012b0 <best_effort_wfe_or_timeout+0x28>
10001306:	4286      	cmp	r6, r0
10001308:	d9ee      	bls.n	100012e8 <best_effort_wfe_or_timeout+0x60>
1000130a:	f000 f84d 	bl	100013a8 <time_us_64>
1000130e:	0022      	movs	r2, r4
10001310:	002b      	movs	r3, r5
10001312:	1a12      	subs	r2, r2, r0
10001314:	418b      	sbcs	r3, r1
10001316:	2b00      	cmp	r3, #0
10001318:	db20      	blt.n	1000135c <best_effort_wfe_or_timeout+0xd4>
1000131a:	2300      	movs	r3, #0
1000131c:	9301      	str	r3, [sp, #4]
1000131e:	4b18      	ldr	r3, [pc, #96]	; (10001380 <best_effort_wfe_or_timeout+0xf8>)
10001320:	0022      	movs	r2, r4
10001322:	9300      	str	r3, [sp, #0]
10001324:	4640      	mov	r0, r8
10001326:	002b      	movs	r3, r5
10001328:	f7ff fe94 	bl	10001054 <alarm_pool_add_alarm_at_force_in_context>
1000132c:	1e01      	subs	r1, r0, #0
1000132e:	dd15      	ble.n	1000135c <best_effort_wfe_or_timeout+0xd4>
10001330:	4b11      	ldr	r3, [pc, #68]	; (10001378 <best_effort_wfe_or_timeout+0xf0>)
10001332:	002e      	movs	r6, r5
10001334:	6a5a      	ldr	r2, [r3, #36]	; 0x24
10001336:	4295      	cmp	r5, r2
10001338:	d81c      	bhi.n	10001374 <best_effort_wfe_or_timeout+0xec>
1000133a:	6a9b      	ldr	r3, [r3, #40]	; 0x28
1000133c:	42a3      	cmp	r3, r4
1000133e:	d317      	bcc.n	10001370 <best_effort_wfe_or_timeout+0xe8>
10001340:	4640      	mov	r0, r8
10001342:	f7ff fedf 	bl	10001104 <alarm_pool_cancel_alarm>
10001346:	4a0c      	ldr	r2, [pc, #48]	; (10001378 <best_effort_wfe_or_timeout+0xf0>)
10001348:	2000      	movs	r0, #0
1000134a:	6a53      	ldr	r3, [r2, #36]	; 0x24
1000134c:	429e      	cmp	r6, r3
1000134e:	d8af      	bhi.n	100012b0 <best_effort_wfe_or_timeout+0x28>
10001350:	e7d0      	b.n	100012f4 <best_effort_wfe_or_timeout+0x6c>
10001352:	1a58      	subs	r0, r3, r1
10001354:	1e42      	subs	r2, r0, #1
10001356:	4190      	sbcs	r0, r2
10001358:	b2c0      	uxtb	r0, r0
1000135a:	e7a9      	b.n	100012b0 <best_effort_wfe_or_timeout+0x28>
1000135c:	4a06      	ldr	r2, [pc, #24]	; (10001378 <best_effort_wfe_or_timeout+0xf0>)
1000135e:	2000      	movs	r0, #0
10001360:	6a53      	ldr	r3, [r2, #36]	; 0x24
10001362:	42ab      	cmp	r3, r5
10001364:	d3a4      	bcc.n	100012b0 <best_effort_wfe_or_timeout+0x28>
10001366:	6a92      	ldr	r2, [r2, #40]	; 0x28
10001368:	2001      	movs	r0, #1
1000136a:	42a2      	cmp	r2, r4
1000136c:	d2a0      	bcs.n	100012b0 <best_effort_wfe_or_timeout+0x28>
1000136e:	e7c5      	b.n	100012fc <best_effort_wfe_or_timeout+0x74>
10001370:	4295      	cmp	r5, r2
10001372:	d1e5      	bne.n	10001340 <best_effort_wfe_or_timeout+0xb8>
10001374:	bf20      	wfe
10001376:	e7e3      	b.n	10001340 <best_effort_wfe_or_timeout+0xb8>
10001378:	40054000 	.word	0x40054000
1000137c:	2000106c 	.word	0x2000106c
10001380:	10000b71 	.word	0x10000b71

10001384 <timer_hardware_alarm_claim>:
10001384:	b510      	push	{r4, lr}
10001386:	4a02      	ldr	r2, [pc, #8]	; (10001390 <timer_hardware_alarm_claim+0xc>)
10001388:	4802      	ldr	r0, [pc, #8]	; (10001394 <timer_hardware_alarm_claim+0x10>)
1000138a:	f7ff f925 	bl	100005d8 <hw_claim_or_assert>
1000138e:	bd10      	pop	{r4, pc}
10001390:	10004b3c 	.word	0x10004b3c
10001394:	20001a38 	.word	0x20001a38

10001398 <timer_time_us_64>:
10001398:	0003      	movs	r3, r0
1000139a:	6a41      	ldr	r1, [r0, #36]	; 0x24
1000139c:	000a      	movs	r2, r1
1000139e:	6a98      	ldr	r0, [r3, #40]	; 0x28
100013a0:	6a59      	ldr	r1, [r3, #36]	; 0x24
100013a2:	428a      	cmp	r2, r1
100013a4:	d1fa      	bne.n	1000139c <timer_time_us_64+0x4>
100013a6:	4770      	bx	lr

100013a8 <time_us_64>:
100013a8:	4b03      	ldr	r3, [pc, #12]	; (100013b8 <time_us_64+0x10>)
100013aa:	6a59      	ldr	r1, [r3, #36]	; 0x24
100013ac:	000a      	movs	r2, r1
100013ae:	6a98      	ldr	r0, [r3, #40]	; 0x28
100013b0:	6a59      	ldr	r1, [r3, #36]	; 0x24
100013b2:	4291      	cmp	r1, r2
100013b4:	d1fa      	bne.n	100013ac <time_us_64+0x4>
100013b6:	4770      	bx	lr
100013b8:	40054000 	.word	0x40054000

100013bc <busy_wait_us>:
100013bc:	b570      	push	{r4, r5, r6, lr}
100013be:	0004      	movs	r4, r0
100013c0:	000d      	movs	r5, r1
100013c2:	4a12      	ldr	r2, [pc, #72]	; (1000140c <busy_wait_us+0x50>)
100013c4:	6a53      	ldr	r3, [r2, #36]	; 0x24
100013c6:	0019      	movs	r1, r3
100013c8:	6a96      	ldr	r6, [r2, #40]	; 0x28
100013ca:	6a53      	ldr	r3, [r2, #36]	; 0x24
100013cc:	428b      	cmp	r3, r1
100013ce:	d1fa      	bne.n	100013c6 <busy_wait_us+0xa>
100013d0:	0030      	movs	r0, r6
100013d2:	0019      	movs	r1, r3
100013d4:	1824      	adds	r4, r4, r0
100013d6:	414d      	adcs	r5, r1
100013d8:	42ab      	cmp	r3, r5
100013da:	d811      	bhi.n	10001400 <busy_wait_us+0x44>
100013dc:	d00e      	beq.n	100013fc <busy_wait_us+0x40>
100013de:	002b      	movs	r3, r5
100013e0:	490a      	ldr	r1, [pc, #40]	; (1000140c <busy_wait_us+0x50>)
100013e2:	6a4a      	ldr	r2, [r1, #36]	; 0x24
100013e4:	429a      	cmp	r2, r3
100013e6:	d3fc      	bcc.n	100013e2 <busy_wait_us+0x26>
100013e8:	d107      	bne.n	100013fa <busy_wait_us+0x3e>
100013ea:	4a08      	ldr	r2, [pc, #32]	; (1000140c <busy_wait_us+0x50>)
100013ec:	e002      	b.n	100013f4 <busy_wait_us+0x38>
100013ee:	6a51      	ldr	r1, [r2, #36]	; 0x24
100013f0:	4299      	cmp	r1, r3
100013f2:	d102      	bne.n	100013fa <busy_wait_us+0x3e>
100013f4:	6a91      	ldr	r1, [r2, #40]	; 0x28
100013f6:	42a1      	cmp	r1, r4
100013f8:	d3f9      	bcc.n	100013ee <busy_wait_us+0x32>
100013fa:	bd70      	pop	{r4, r5, r6, pc}
100013fc:	42a6      	cmp	r6, r4
100013fe:	d9ee      	bls.n	100013de <busy_wait_us+0x22>
10001400:	2301      	movs	r3, #1
10001402:	2401      	movs	r4, #1
10001404:	4264      	negs	r4, r4
10001406:	17e5      	asrs	r5, r4, #31
10001408:	425b      	negs	r3, r3
1000140a:	e7e9      	b.n	100013e0 <busy_wait_us+0x24>
1000140c:	40054000 	.word	0x40054000

10001410 <busy_wait_until>:
10001410:	4a06      	ldr	r2, [pc, #24]	; (1000142c <busy_wait_until+0x1c>)
10001412:	6a53      	ldr	r3, [r2, #36]	; 0x24
10001414:	4299      	cmp	r1, r3
10001416:	d8fc      	bhi.n	10001412 <busy_wait_until+0x2>
10001418:	d107      	bne.n	1000142a <busy_wait_until+0x1a>
1000141a:	4b04      	ldr	r3, [pc, #16]	; (1000142c <busy_wait_until+0x1c>)
1000141c:	e002      	b.n	10001424 <busy_wait_until+0x14>
1000141e:	6a5a      	ldr	r2, [r3, #36]	; 0x24
10001420:	4291      	cmp	r1, r2
10001422:	d102      	bne.n	1000142a <busy_wait_until+0x1a>
10001424:	6a9a      	ldr	r2, [r3, #40]	; 0x28
10001426:	4282      	cmp	r2, r0
10001428:	d3f9      	bcc.n	1000141e <busy_wait_until+0xe>
1000142a:	4770      	bx	lr
1000142c:	40054000 	.word	0x40054000

10001430 <uart_init>:
10001430:	b5f8      	push	{r3, r4, r5, r6, r7, lr}
10001432:	0004      	movs	r4, r0
10001434:	2006      	movs	r0, #6
10001436:	000d      	movs	r5, r1
10001438:	f000 f9e2 	bl	10001800 <clock_get_hz>
1000143c:	2800      	cmp	r0, #0
1000143e:	d042      	beq.n	100014c6 <uart_init+0x96>
10001440:	4b36      	ldr	r3, [pc, #216]	; (1000151c <uart_init+0xec>)
10001442:	4937      	ldr	r1, [pc, #220]	; (10001520 <uart_init+0xf0>)
10001444:	18e2      	adds	r2, r4, r3
10001446:	4253      	negs	r3, r2
10001448:	415a      	adcs	r2, r3
1000144a:	2380      	movs	r3, #128	; 0x80
1000144c:	03db      	lsls	r3, r3, #15
1000144e:	469c      	mov	ip, r3
10001450:	0592      	lsls	r2, r2, #22
10001452:	4b34      	ldr	r3, [pc, #208]	; (10001524 <uart_init+0xf4>)
10001454:	4462      	add	r2, ip
10001456:	601a      	str	r2, [r3, #0]
10001458:	4b33      	ldr	r3, [pc, #204]	; (10001528 <uart_init+0xf8>)
1000145a:	601a      	str	r2, [r3, #0]
1000145c:	0010      	movs	r0, r2
1000145e:	680b      	ldr	r3, [r1, #0]
10001460:	4398      	bics	r0, r3
10001462:	d1fb      	bne.n	1000145c <uart_init+0x2c>
10001464:	4b2d      	ldr	r3, [pc, #180]	; (1000151c <uart_init+0xec>)
10001466:	2180      	movs	r1, #128	; 0x80
10001468:	18e3      	adds	r3, r4, r3
1000146a:	425a      	negs	r2, r3
1000146c:	4153      	adcs	r3, r2
1000146e:	4a2f      	ldr	r2, [pc, #188]	; (1000152c <uart_init+0xfc>)
10001470:	005b      	lsls	r3, r3, #1
10001472:	0049      	lsls	r1, r1, #1
10001474:	5299      	strh	r1, [r3, r2]
10001476:	2006      	movs	r0, #6
10001478:	f000 f9c2 	bl	10001800 <clock_get_hz>
1000147c:	0029      	movs	r1, r5
1000147e:	00c0      	lsls	r0, r0, #3
10001480:	f000 fbfa 	bl	10001c78 <__wrap___aeabi_uidiv>
10001484:	3001      	adds	r0, #1
10001486:	09c3      	lsrs	r3, r0, #7
10001488:	d11e      	bne.n	100014c8 <uart_init+0x98>
1000148a:	2740      	movs	r7, #64	; 0x40
1000148c:	2201      	movs	r2, #1
1000148e:	6262      	str	r2, [r4, #36]	; 0x24
10001490:	62a3      	str	r3, [r4, #40]	; 0x28
10001492:	6b26      	ldr	r6, [r4, #48]	; 0x30
10001494:	07f3      	lsls	r3, r6, #31
10001496:	d422      	bmi.n	100014de <uart_init+0xae>
10001498:	6ae3      	ldr	r3, [r4, #44]	; 0x2c
1000149a:	4b25      	ldr	r3, [pc, #148]	; (10001530 <uart_init+0x100>)
1000149c:	2006      	movs	r0, #6
1000149e:	18e5      	adds	r5, r4, r3
100014a0:	2300      	movs	r3, #0
100014a2:	602b      	str	r3, [r5, #0]
100014a4:	6326      	str	r6, [r4, #48]	; 0x30
100014a6:	f000 f9ab 	bl	10001800 <clock_get_hz>
100014aa:	0039      	movs	r1, r7
100014ac:	0080      	lsls	r0, r0, #2
100014ae:	f000 fbe3 	bl	10001c78 <__wrap___aeabi_uidiv>
100014b2:	2270      	movs	r2, #112	; 0x70
100014b4:	6ae3      	ldr	r3, [r4, #44]	; 0x2c
100014b6:	405a      	eors	r2, r3
100014b8:	237e      	movs	r3, #126	; 0x7e
100014ba:	4013      	ands	r3, r2
100014bc:	602b      	str	r3, [r5, #0]
100014be:	4b1d      	ldr	r3, [pc, #116]	; (10001534 <uart_init+0x104>)
100014c0:	6323      	str	r3, [r4, #48]	; 0x30
100014c2:	2303      	movs	r3, #3
100014c4:	64a3      	str	r3, [r4, #72]	; 0x48
100014c6:	bdf8      	pop	{r3, r4, r5, r6, r7, pc}
100014c8:	4a1b      	ldr	r2, [pc, #108]	; (10001538 <uart_init+0x108>)
100014ca:	4293      	cmp	r3, r2
100014cc:	d91e      	bls.n	1000150c <uart_init+0xdc>
100014ce:	2300      	movs	r3, #0
100014d0:	4a1a      	ldr	r2, [pc, #104]	; (1000153c <uart_init+0x10c>)
100014d2:	4f1b      	ldr	r7, [pc, #108]	; (10001540 <uart_init+0x110>)
100014d4:	6262      	str	r2, [r4, #36]	; 0x24
100014d6:	62a3      	str	r3, [r4, #40]	; 0x28
100014d8:	6b26      	ldr	r6, [r4, #48]	; 0x30
100014da:	07f3      	lsls	r3, r6, #31
100014dc:	d5dc      	bpl.n	10001498 <uart_init+0x68>
100014de:	4b19      	ldr	r3, [pc, #100]	; (10001544 <uart_init+0x114>)
100014e0:	4a14      	ldr	r2, [pc, #80]	; (10001534 <uart_init+0x104>)
100014e2:	18e3      	adds	r3, r4, r3
100014e4:	601a      	str	r2, [r3, #0]
100014e6:	6a65      	ldr	r5, [r4, #36]	; 0x24
100014e8:	6aa2      	ldr	r2, [r4, #40]	; 0x28
100014ea:	2006      	movs	r0, #6
100014ec:	01ad      	lsls	r5, r5, #6
100014ee:	18ad      	adds	r5, r5, r2
100014f0:	f000 f986 	bl	10001800 <clock_get_hz>
100014f4:	4914      	ldr	r1, [pc, #80]	; (10001548 <uart_init+0x118>)
100014f6:	f000 fbbf 	bl	10001c78 <__wrap___aeabi_uidiv>
100014fa:	02ad      	lsls	r5, r5, #10
100014fc:	0001      	movs	r1, r0
100014fe:	0028      	movs	r0, r5
10001500:	f000 fbba 	bl	10001c78 <__wrap___aeabi_uidiv>
10001504:	2100      	movs	r1, #0
10001506:	f7ff ff59 	bl	100013bc <busy_wait_us>
1000150a:	e7c5      	b.n	10001498 <uart_init+0x68>
1000150c:	0640      	lsls	r0, r0, #25
1000150e:	0e80      	lsrs	r0, r0, #26
10001510:	019f      	lsls	r7, r3, #6
10001512:	001a      	movs	r2, r3
10001514:	183f      	adds	r7, r7, r0
10001516:	0003      	movs	r3, r0
10001518:	e7b9      	b.n	1000148e <uart_init+0x5e>
1000151a:	46c0      	nop			; (mov r8, r8)
1000151c:	bffc8000 	.word	0xbffc8000
10001520:	4000c008 	.word	0x4000c008
10001524:	4000e000 	.word	0x4000e000
10001528:	4000f000 	.word	0x4000f000
1000152c:	20001fd4 	.word	0x20001fd4
10001530:	0000102c 	.word	0x0000102c
10001534:	00000301 	.word	0x00000301
10001538:	0000fffe 	.word	0x0000fffe
1000153c:	0000ffff 	.word	0x0000ffff
10001540:	003fffc0 	.word	0x003fffc0
10001544:	00003030 	.word	0x00003030
10001548:	00000e4e 	.word	0x00000e4e

1000154c <uart_set_format>:
1000154c:	3905      	subs	r1, #5
1000154e:	3a01      	subs	r2, #1
10001550:	b5f8      	push	{r3, r4, r5, r6, r7, lr}
10001552:	00d2      	lsls	r2, r2, #3
10001554:	014c      	lsls	r4, r1, #5
10001556:	0005      	movs	r5, r0
10001558:	4314      	orrs	r4, r2
1000155a:	2b00      	cmp	r3, #0
1000155c:	d005      	beq.n	1000156a <uart_set_format+0x1e>
1000155e:	2202      	movs	r2, #2
10001560:	4322      	orrs	r2, r4
10001562:	2b01      	cmp	r3, #1
10001564:	d124      	bne.n	100015b0 <uart_set_format+0x64>
10001566:	3305      	adds	r3, #5
10001568:	431c      	orrs	r4, r3
1000156a:	6b2e      	ldr	r6, [r5, #48]	; 0x30
1000156c:	07f3      	lsls	r3, r6, #31
1000156e:	d408      	bmi.n	10001582 <uart_set_format+0x36>
10001570:	6aea      	ldr	r2, [r5, #44]	; 0x2c
10001572:	4b10      	ldr	r3, [pc, #64]	; (100015b4 <uart_set_format+0x68>)
10001574:	4062      	eors	r2, r4
10001576:	246e      	movs	r4, #110	; 0x6e
10001578:	18eb      	adds	r3, r5, r3
1000157a:	4014      	ands	r4, r2
1000157c:	601c      	str	r4, [r3, #0]
1000157e:	632e      	str	r6, [r5, #48]	; 0x30
10001580:	bdf8      	pop	{r3, r4, r5, r6, r7, pc}
10001582:	4b0d      	ldr	r3, [pc, #52]	; (100015b8 <uart_set_format+0x6c>)
10001584:	4a0d      	ldr	r2, [pc, #52]	; (100015bc <uart_set_format+0x70>)
10001586:	18eb      	adds	r3, r5, r3
10001588:	601a      	str	r2, [r3, #0]
1000158a:	6a6f      	ldr	r7, [r5, #36]	; 0x24
1000158c:	6aaa      	ldr	r2, [r5, #40]	; 0x28
1000158e:	2006      	movs	r0, #6
10001590:	01bf      	lsls	r7, r7, #6
10001592:	18bf      	adds	r7, r7, r2
10001594:	f000 f934 	bl	10001800 <clock_get_hz>
10001598:	4909      	ldr	r1, [pc, #36]	; (100015c0 <uart_set_format+0x74>)
1000159a:	f000 fb6d 	bl	10001c78 <__wrap___aeabi_uidiv>
1000159e:	02bf      	lsls	r7, r7, #10
100015a0:	0001      	movs	r1, r0
100015a2:	0038      	movs	r0, r7
100015a4:	f000 fb68 	bl	10001c78 <__wrap___aeabi_uidiv>
100015a8:	2100      	movs	r1, #0
100015aa:	f7ff ff07 	bl	100013bc <busy_wait_us>
100015ae:	e7df      	b.n	10001570 <uart_set_format+0x24>
100015b0:	0014      	movs	r4, r2
100015b2:	e7da      	b.n	1000156a <uart_set_format+0x1e>
100015b4:	0000102c 	.word	0x0000102c
100015b8:	00003030 	.word	0x00003030
100015bc:	00000301 	.word	0x00000301
100015c0:	00000e4e 	.word	0x00000e4e

100015c4 <uart_set_fifo_enabled>:
100015c4:	b5f8      	push	{r3, r4, r5, r6, r7, lr}
100015c6:	1e4b      	subs	r3, r1, #1
100015c8:	4199      	sbcs	r1, r3
100015ca:	6b06      	ldr	r6, [r0, #48]	; 0x30
100015cc:	0005      	movs	r5, r0
100015ce:	010c      	lsls	r4, r1, #4
100015d0:	07f3      	lsls	r3, r6, #31
100015d2:	d408      	bmi.n	100015e6 <uart_set_fifo_enabled+0x22>
100015d4:	2310      	movs	r3, #16
100015d6:	6ae9      	ldr	r1, [r5, #44]	; 0x2c
100015d8:	404c      	eors	r4, r1
100015da:	401c      	ands	r4, r3
100015dc:	4b0d      	ldr	r3, [pc, #52]	; (10001614 <uart_set_fifo_enabled+0x50>)
100015de:	18eb      	adds	r3, r5, r3
100015e0:	601c      	str	r4, [r3, #0]
100015e2:	632e      	str	r6, [r5, #48]	; 0x30
100015e4:	bdf8      	pop	{r3, r4, r5, r6, r7, pc}
100015e6:	4b0c      	ldr	r3, [pc, #48]	; (10001618 <uart_set_fifo_enabled+0x54>)
100015e8:	4a0c      	ldr	r2, [pc, #48]	; (1000161c <uart_set_fifo_enabled+0x58>)
100015ea:	18c3      	adds	r3, r0, r3
100015ec:	601a      	str	r2, [r3, #0]
100015ee:	6a47      	ldr	r7, [r0, #36]	; 0x24
100015f0:	6a82      	ldr	r2, [r0, #40]	; 0x28
100015f2:	01bf      	lsls	r7, r7, #6
100015f4:	2006      	movs	r0, #6
100015f6:	18bf      	adds	r7, r7, r2
100015f8:	f000 f902 	bl	10001800 <clock_get_hz>
100015fc:	4908      	ldr	r1, [pc, #32]	; (10001620 <uart_set_fifo_enabled+0x5c>)
100015fe:	f000 fb3b 	bl	10001c78 <__wrap___aeabi_uidiv>
10001602:	02bf      	lsls	r7, r7, #10
10001604:	0001      	movs	r1, r0
10001606:	0038      	movs	r0, r7
10001608:	f000 fb36 	bl	10001c78 <__wrap___aeabi_uidiv>
1000160c:	2100      	movs	r1, #0
1000160e:	f7ff fed5 	bl	100013bc <busy_wait_us>
10001612:	e7df      	b.n	100015d4 <uart_set_fifo_enabled+0x10>
10001614:	0000102c 	.word	0x0000102c
10001618:	00003030 	.word	0x00003030
1000161c:	00000301 	.word	0x00000301
10001620:	00000e4e 	.word	0x00000e4e

10001624 <clock_configure_int_divider>:
10001624:	b5f8      	push	{r3, r4, r5, r6, r7, lr}
10001626:	46de      	mov	lr, fp
10001628:	464e      	mov	r6, r9
1000162a:	4657      	mov	r7, sl
1000162c:	4645      	mov	r5, r8
1000162e:	b5e0      	push	{r5, r6, r7, lr}
10001630:	468b      	mov	fp, r1
10001632:	0005      	movs	r5, r0
10001634:	990a      	ldr	r1, [sp, #40]	; 0x28
10001636:	0018      	movs	r0, r3
10001638:	0016      	movs	r6, r2
1000163a:	f000 fb1d 	bl	10001c78 <__wrap___aeabi_uidiv>
1000163e:	9b0a      	ldr	r3, [sp, #40]	; 0x28
10001640:	006c      	lsls	r4, r5, #1
10001642:	021f      	lsls	r7, r3, #8
10001644:	4b32      	ldr	r3, [pc, #200]	; (10001710 <clock_configure_int_divider+0xec>)
10001646:	1964      	adds	r4, r4, r5
10001648:	469c      	mov	ip, r3
1000164a:	00a4      	lsls	r4, r4, #2
1000164c:	4464      	add	r4, ip
1000164e:	6863      	ldr	r3, [r4, #4]
10001650:	4681      	mov	r9, r0
10001652:	429f      	cmp	r7, r3
10001654:	d900      	bls.n	10001658 <clock_configure_int_divider+0x34>
10001656:	6067      	str	r7, [r4, #4]
10001658:	1f2b      	subs	r3, r5, #4
1000165a:	b2db      	uxtb	r3, r3
1000165c:	4698      	mov	r8, r3
1000165e:	2b01      	cmp	r3, #1
10001660:	d930      	bls.n	100016c4 <clock_configure_int_divider+0xa0>
10001662:	23c0      	movs	r3, #192	; 0xc0
10001664:	2280      	movs	r2, #128	; 0x80
10001666:	019b      	lsls	r3, r3, #6
10001668:	18e3      	adds	r3, r4, r3
1000166a:	0112      	lsls	r2, r2, #4
1000166c:	601a      	str	r2, [r3, #0]
1000166e:	4b29      	ldr	r3, [pc, #164]	; (10001714 <clock_configure_int_divider+0xf0>)
10001670:	00ad      	lsls	r5, r5, #2
10001672:	5959      	ldr	r1, [r3, r5]
10001674:	469a      	mov	sl, r3
10001676:	2900      	cmp	r1, #0
10001678:	d11b      	bne.n	100016b2 <clock_configure_int_divider+0x8e>
1000167a:	6822      	ldr	r2, [r4, #0]
1000167c:	0176      	lsls	r6, r6, #5
1000167e:	4072      	eors	r2, r6
10001680:	26e0      	movs	r6, #224	; 0xe0
10001682:	2380      	movs	r3, #128	; 0x80
10001684:	4016      	ands	r6, r2
10001686:	4642      	mov	r2, r8
10001688:	015b      	lsls	r3, r3, #5
1000168a:	18e3      	adds	r3, r4, r3
1000168c:	601e      	str	r6, [r3, #0]
1000168e:	2a01      	cmp	r2, #1
10001690:	d930      	bls.n	100016f4 <clock_configure_int_divider+0xd0>
10001692:	2380      	movs	r3, #128	; 0x80
10001694:	2280      	movs	r2, #128	; 0x80
10001696:	019b      	lsls	r3, r3, #6
10001698:	18e3      	adds	r3, r4, r3
1000169a:	0112      	lsls	r2, r2, #4
1000169c:	601a      	str	r2, [r3, #0]
1000169e:	4653      	mov	r3, sl
100016a0:	464a      	mov	r2, r9
100016a2:	6067      	str	r7, [r4, #4]
100016a4:	515a      	str	r2, [r3, r5]
100016a6:	bcf0      	pop	{r4, r5, r6, r7}
100016a8:	46bb      	mov	fp, r7
100016aa:	46b2      	mov	sl, r6
100016ac:	46a9      	mov	r9, r5
100016ae:	46a0      	mov	r8, r4
100016b0:	bdf8      	pop	{r3, r4, r5, r6, r7, pc}
100016b2:	6958      	ldr	r0, [r3, #20]
100016b4:	f000 fae0 	bl	10001c78 <__wrap___aeabi_uidiv>
100016b8:	1c43      	adds	r3, r0, #1
100016ba:	0058      	lsls	r0, r3, #1
100016bc:	18c0      	adds	r0, r0, r3
100016be:	3803      	subs	r0, #3
100016c0:	d2fd      	bcs.n	100016be <clock_configure_int_divider+0x9a>
100016c2:	e7da      	b.n	1000167a <clock_configure_int_divider+0x56>
100016c4:	465b      	mov	r3, fp
100016c6:	2b01      	cmp	r3, #1
100016c8:	d1cb      	bne.n	10001662 <clock_configure_int_divider+0x3e>
100016ca:	23c0      	movs	r3, #192	; 0xc0
100016cc:	2203      	movs	r2, #3
100016ce:	019b      	lsls	r3, r3, #6
100016d0:	18e3      	adds	r3, r4, r3
100016d2:	601a      	str	r2, [r3, #0]
100016d4:	3a02      	subs	r2, #2
100016d6:	68a3      	ldr	r3, [r4, #8]
100016d8:	421a      	tst	r2, r3
100016da:	d0fc      	beq.n	100016d6 <clock_configure_int_divider+0xb2>
100016dc:	23e0      	movs	r3, #224	; 0xe0
100016de:	6822      	ldr	r2, [r4, #0]
100016e0:	0176      	lsls	r6, r6, #5
100016e2:	4056      	eors	r6, r2
100016e4:	401e      	ands	r6, r3
100016e6:	2380      	movs	r3, #128	; 0x80
100016e8:	4a0a      	ldr	r2, [pc, #40]	; (10001714 <clock_configure_int_divider+0xf0>)
100016ea:	015b      	lsls	r3, r3, #5
100016ec:	4692      	mov	sl, r2
100016ee:	18e3      	adds	r3, r4, r3
100016f0:	601e      	str	r6, [r3, #0]
100016f2:	00ad      	lsls	r5, r5, #2
100016f4:	465a      	mov	r2, fp
100016f6:	6821      	ldr	r1, [r4, #0]
100016f8:	4051      	eors	r1, r2
100016fa:	2203      	movs	r2, #3
100016fc:	400a      	ands	r2, r1
100016fe:	601a      	str	r2, [r3, #0]
10001700:	2201      	movs	r2, #1
10001702:	465b      	mov	r3, fp
10001704:	409a      	lsls	r2, r3
10001706:	68a3      	ldr	r3, [r4, #8]
10001708:	421a      	tst	r2, r3
1000170a:	d0fc      	beq.n	10001706 <clock_configure_int_divider+0xe2>
1000170c:	e7c1      	b.n	10001692 <clock_configure_int_divider+0x6e>
1000170e:	46c0      	nop			; (mov r8, r8)
10001710:	40008000 	.word	0x40008000
10001714:	20001a3c 	.word	0x20001a3c

10001718 <clock_configure_undivided>:
10001718:	b5f0      	push	{r4, r5, r6, r7, lr}
1000171a:	4646      	mov	r6, r8
1000171c:	464f      	mov	r7, r9
1000171e:	46d6      	mov	lr, sl
10001720:	b5c0      	push	{r6, r7, lr}
10001722:	001f      	movs	r7, r3
10001724:	4b34      	ldr	r3, [pc, #208]	; (100017f8 <clock_configure_undivided+0xe0>)
10001726:	0044      	lsls	r4, r0, #1
10001728:	469c      	mov	ip, r3
1000172a:	1824      	adds	r4, r4, r0
1000172c:	00a4      	lsls	r4, r4, #2
1000172e:	4464      	add	r4, ip
10001730:	6863      	ldr	r3, [r4, #4]
10001732:	4688      	mov	r8, r1
10001734:	0016      	movs	r6, r2
10001736:	2bff      	cmp	r3, #255	; 0xff
10001738:	d802      	bhi.n	10001740 <clock_configure_undivided+0x28>
1000173a:	2380      	movs	r3, #128	; 0x80
1000173c:	005b      	lsls	r3, r3, #1
1000173e:	6063      	str	r3, [r4, #4]
10001740:	1f03      	subs	r3, r0, #4
10001742:	b2db      	uxtb	r3, r3
10001744:	469a      	mov	sl, r3
10001746:	2b01      	cmp	r3, #1
10001748:	d930      	bls.n	100017ac <clock_configure_undivided+0x94>
1000174a:	23c0      	movs	r3, #192	; 0xc0
1000174c:	2280      	movs	r2, #128	; 0x80
1000174e:	019b      	lsls	r3, r3, #6
10001750:	18e3      	adds	r3, r4, r3
10001752:	0112      	lsls	r2, r2, #4
10001754:	601a      	str	r2, [r3, #0]
10001756:	4b29      	ldr	r3, [pc, #164]	; (100017fc <clock_configure_undivided+0xe4>)
10001758:	0085      	lsls	r5, r0, #2
1000175a:	5959      	ldr	r1, [r3, r5]
1000175c:	4699      	mov	r9, r3
1000175e:	2900      	cmp	r1, #0
10001760:	d11b      	bne.n	1000179a <clock_configure_undivided+0x82>
10001762:	6822      	ldr	r2, [r4, #0]
10001764:	0176      	lsls	r6, r6, #5
10001766:	4072      	eors	r2, r6
10001768:	26e0      	movs	r6, #224	; 0xe0
1000176a:	2380      	movs	r3, #128	; 0x80
1000176c:	4016      	ands	r6, r2
1000176e:	4652      	mov	r2, sl
10001770:	015b      	lsls	r3, r3, #5
10001772:	18e3      	adds	r3, r4, r3
10001774:	601e      	str	r6, [r3, #0]
10001776:	2a01      	cmp	r2, #1
10001778:	d930      	bls.n	100017dc <clock_configure_undivided+0xc4>
1000177a:	2380      	movs	r3, #128	; 0x80
1000177c:	2280      	movs	r2, #128	; 0x80
1000177e:	019b      	lsls	r3, r3, #6
10001780:	18e3      	adds	r3, r4, r3
10001782:	0112      	lsls	r2, r2, #4
10001784:	601a      	str	r2, [r3, #0]
10001786:	2380      	movs	r3, #128	; 0x80
10001788:	005b      	lsls	r3, r3, #1
1000178a:	6063      	str	r3, [r4, #4]
1000178c:	464b      	mov	r3, r9
1000178e:	515f      	str	r7, [r3, r5]
10001790:	bce0      	pop	{r5, r6, r7}
10001792:	46ba      	mov	sl, r7
10001794:	46b1      	mov	r9, r6
10001796:	46a8      	mov	r8, r5
10001798:	bdf0      	pop	{r4, r5, r6, r7, pc}
1000179a:	6958      	ldr	r0, [r3, #20]
1000179c:	f000 fa6c 	bl	10001c78 <__wrap___aeabi_uidiv>
100017a0:	1c43      	adds	r3, r0, #1
100017a2:	0058      	lsls	r0, r3, #1
100017a4:	18c0      	adds	r0, r0, r3
100017a6:	3803      	subs	r0, #3
100017a8:	d2fd      	bcs.n	100017a6 <clock_configure_undivided+0x8e>
100017aa:	e7da      	b.n	10001762 <clock_configure_undivided+0x4a>
100017ac:	4643      	mov	r3, r8
100017ae:	2b01      	cmp	r3, #1
100017b0:	d1cb      	bne.n	1000174a <clock_configure_undivided+0x32>
100017b2:	23c0      	movs	r3, #192	; 0xc0
100017b4:	2203      	movs	r2, #3
100017b6:	019b      	lsls	r3, r3, #6
100017b8:	18e3      	adds	r3, r4, r3
100017ba:	601a      	str	r2, [r3, #0]
100017bc:	3a02      	subs	r2, #2
100017be:	68a3      	ldr	r3, [r4, #8]
100017c0:	421a      	tst	r2, r3
100017c2:	d0fc      	beq.n	100017be <clock_configure_undivided+0xa6>
100017c4:	23e0      	movs	r3, #224	; 0xe0
100017c6:	6822      	ldr	r2, [r4, #0]
100017c8:	0176      	lsls	r6, r6, #5
100017ca:	4056      	eors	r6, r2
100017cc:	401e      	ands	r6, r3
100017ce:	2380      	movs	r3, #128	; 0x80
100017d0:	4a0a      	ldr	r2, [pc, #40]	; (100017fc <clock_configure_undivided+0xe4>)
100017d2:	015b      	lsls	r3, r3, #5
100017d4:	4691      	mov	r9, r2
100017d6:	18e3      	adds	r3, r4, r3
100017d8:	601e      	str	r6, [r3, #0]
100017da:	0085      	lsls	r5, r0, #2
100017dc:	4642      	mov	r2, r8
100017de:	6821      	ldr	r1, [r4, #0]
100017e0:	4051      	eors	r1, r2
100017e2:	2203      	movs	r2, #3
100017e4:	400a      	ands	r2, r1
100017e6:	601a      	str	r2, [r3, #0]
100017e8:	2301      	movs	r3, #1
100017ea:	4642      	mov	r2, r8
100017ec:	4093      	lsls	r3, r2
100017ee:	68a2      	ldr	r2, [r4, #8]
100017f0:	4213      	tst	r3, r2
100017f2:	d0fc      	beq.n	100017ee <clock_configure_undivided+0xd6>
100017f4:	e7c1      	b.n	1000177a <clock_configure_undivided+0x62>
100017f6:	46c0      	nop			; (mov r8, r8)
100017f8:	40008000 	.word	0x40008000
100017fc:	20001a3c 	.word	0x20001a3c

10001800 <clock_get_hz>:
10001800:	4b01      	ldr	r3, [pc, #4]	; (10001808 <clock_get_hz+0x8>)
10001802:	0080      	lsls	r0, r0, #2
10001804:	58c0      	ldr	r0, [r0, r3]
10001806:	4770      	bx	lr
10001808:	20001a3c 	.word	0x20001a3c

1000180c <pll_init>:
1000180c:	b5f8      	push	{r3, r4, r5, r6, r7, lr}
1000180e:	0004      	movs	r4, r0
10001810:	4820      	ldr	r0, [pc, #128]	; (10001894 <pll_init+0x88>)
10001812:	001d      	movs	r5, r3
10001814:	0017      	movs	r7, r2
10001816:	000e      	movs	r6, r1
10001818:	f000 fa2e 	bl	10001c78 <__wrap___aeabi_uidiv>
1000181c:	0001      	movs	r1, r0
1000181e:	0038      	movs	r0, r7
10001820:	f000 fa2a 	bl	10001c78 <__wrap___aeabi_uidiv>
10001824:	9b06      	ldr	r3, [sp, #24]
10001826:	0429      	lsls	r1, r5, #16
10001828:	031b      	lsls	r3, r3, #12
1000182a:	4319      	orrs	r1, r3
1000182c:	6823      	ldr	r3, [r4, #0]
1000182e:	2b00      	cmp	r3, #0
10001830:	db1e      	blt.n	10001870 <pll_init+0x64>
10001832:	4b19      	ldr	r3, [pc, #100]	; (10001898 <pll_init+0x8c>)
10001834:	4d19      	ldr	r5, [pc, #100]	; (1000189c <pll_init+0x90>)
10001836:	18e2      	adds	r2, r4, r3
10001838:	4253      	negs	r3, r2
1000183a:	415a      	adcs	r2, r3
1000183c:	2380      	movs	r3, #128	; 0x80
1000183e:	015b      	lsls	r3, r3, #5
10001840:	469c      	mov	ip, r3
10001842:	0312      	lsls	r2, r2, #12
10001844:	4b16      	ldr	r3, [pc, #88]	; (100018a0 <pll_init+0x94>)
10001846:	4462      	add	r2, ip
10001848:	601a      	str	r2, [r3, #0]
1000184a:	4b16      	ldr	r3, [pc, #88]	; (100018a4 <pll_init+0x98>)
1000184c:	601a      	str	r2, [r3, #0]
1000184e:	0017      	movs	r7, r2
10001850:	682b      	ldr	r3, [r5, #0]
10001852:	439f      	bics	r7, r3
10001854:	d1fb      	bne.n	1000184e <pll_init+0x42>
10001856:	4b14      	ldr	r3, [pc, #80]	; (100018a8 <pll_init+0x9c>)
10001858:	6026      	str	r6, [r4, #0]
1000185a:	18e2      	adds	r2, r4, r3
1000185c:	2321      	movs	r3, #33	; 0x21
1000185e:	60a0      	str	r0, [r4, #8]
10001860:	6013      	str	r3, [r2, #0]
10001862:	6823      	ldr	r3, [r4, #0]
10001864:	2b00      	cmp	r3, #0
10001866:	dafc      	bge.n	10001862 <pll_init+0x56>
10001868:	2308      	movs	r3, #8
1000186a:	60e1      	str	r1, [r4, #12]
1000186c:	6013      	str	r3, [r2, #0]
1000186e:	bdf8      	pop	{r3, r4, r5, r6, r7, pc}
10001870:	233f      	movs	r3, #63	; 0x3f
10001872:	6822      	ldr	r2, [r4, #0]
10001874:	4013      	ands	r3, r2
10001876:	42b3      	cmp	r3, r6
10001878:	d1db      	bne.n	10001832 <pll_init+0x26>
1000187a:	68a3      	ldr	r3, [r4, #8]
1000187c:	051b      	lsls	r3, r3, #20
1000187e:	0d1b      	lsrs	r3, r3, #20
10001880:	4283      	cmp	r3, r0
10001882:	d1d6      	bne.n	10001832 <pll_init+0x26>
10001884:	22ee      	movs	r2, #238	; 0xee
10001886:	68e3      	ldr	r3, [r4, #12]
10001888:	02d2      	lsls	r2, r2, #11
1000188a:	4013      	ands	r3, r2
1000188c:	428b      	cmp	r3, r1
1000188e:	d1d0      	bne.n	10001832 <pll_init+0x26>
10001890:	e7ed      	b.n	1000186e <pll_init+0x62>
10001892:	46c0      	nop			; (mov r8, r8)
10001894:	00b71b00 	.word	0x00b71b00
10001898:	bffd4000 	.word	0xbffd4000
1000189c:	4000c008 	.word	0x4000c008
100018a0:	4000e000 	.word	0x4000e000
100018a4:	4000f000 	.word	0x4000f000
100018a8:	00003004 	.word	0x00003004

100018ac <watchdog_reboot>:
100018ac:	b510      	push	{r4, lr}
100018ae:	0014      	movs	r4, r2
100018b0:	2280      	movs	r2, #128	; 0x80
100018b2:	4b1b      	ldr	r3, [pc, #108]	; (10001920 <watchdog_reboot+0x74>)
100018b4:	05d2      	lsls	r2, r2, #23
100018b6:	601a      	str	r2, [r3, #0]
100018b8:	2800      	cmp	r0, #0
100018ba:	d01a      	beq.n	100018f2 <watchdog_reboot+0x46>
100018bc:	2301      	movs	r3, #1
100018be:	4a19      	ldr	r2, [pc, #100]	; (10001924 <watchdog_reboot+0x78>)
100018c0:	4318      	orrs	r0, r3
100018c2:	4b19      	ldr	r3, [pc, #100]	; (10001928 <watchdog_reboot+0x7c>)
100018c4:	61da      	str	r2, [r3, #28]
100018c6:	4a19      	ldr	r2, [pc, #100]	; (1000192c <watchdog_reboot+0x80>)
100018c8:	4042      	eors	r2, r0
100018ca:	621a      	str	r2, [r3, #32]
100018cc:	6259      	str	r1, [r3, #36]	; 0x24
100018ce:	6298      	str	r0, [r3, #40]	; 0x28
100018d0:	2280      	movs	r2, #128	; 0x80
100018d2:	4b13      	ldr	r3, [pc, #76]	; (10001920 <watchdog_reboot+0x74>)
100018d4:	05d2      	lsls	r2, r2, #23
100018d6:	601a      	str	r2, [r3, #0]
100018d8:	4915      	ldr	r1, [pc, #84]	; (10001930 <watchdog_reboot+0x84>)
100018da:	4a16      	ldr	r2, [pc, #88]	; (10001934 <watchdog_reboot+0x88>)
100018dc:	6011      	str	r1, [r2, #0]
100018de:	22e0      	movs	r2, #224	; 0xe0
100018e0:	04d2      	lsls	r2, r2, #19
100018e2:	601a      	str	r2, [r3, #0]
100018e4:	2c00      	cmp	r4, #0
100018e6:	d107      	bne.n	100018f8 <watchdog_reboot+0x4c>
100018e8:	2280      	movs	r2, #128	; 0x80
100018ea:	4b13      	ldr	r3, [pc, #76]	; (10001938 <watchdog_reboot+0x8c>)
100018ec:	0612      	lsls	r2, r2, #24
100018ee:	601a      	str	r2, [r3, #0]
100018f0:	bd10      	pop	{r4, pc}
100018f2:	4b0d      	ldr	r3, [pc, #52]	; (10001928 <watchdog_reboot+0x7c>)
100018f4:	61d8      	str	r0, [r3, #28]
100018f6:	e7eb      	b.n	100018d0 <watchdog_reboot+0x24>
100018f8:	0163      	lsls	r3, r4, #5
100018fa:	1b1b      	subs	r3, r3, r4
100018fc:	009a      	lsls	r2, r3, #2
100018fe:	2380      	movs	r3, #128	; 0x80
10001900:	1912      	adds	r2, r2, r4
10001902:	0112      	lsls	r2, r2, #4
10001904:	045b      	lsls	r3, r3, #17
10001906:	429a      	cmp	r2, r3
10001908:	d300      	bcc.n	1000190c <watchdog_reboot+0x60>
1000190a:	4a0c      	ldr	r2, [pc, #48]	; (1000193c <watchdog_reboot+0x90>)
1000190c:	4b0c      	ldr	r3, [pc, #48]	; (10001940 <watchdog_reboot+0x94>)
1000190e:	601a      	str	r2, [r3, #0]
10001910:	4b05      	ldr	r3, [pc, #20]	; (10001928 <watchdog_reboot+0x7c>)
10001912:	605a      	str	r2, [r3, #4]
10001914:	2280      	movs	r2, #128	; 0x80
10001916:	4b08      	ldr	r3, [pc, #32]	; (10001938 <watchdog_reboot+0x8c>)
10001918:	05d2      	lsls	r2, r2, #23
1000191a:	601a      	str	r2, [r3, #0]
1000191c:	e7e8      	b.n	100018f0 <watchdog_reboot+0x44>
1000191e:	46c0      	nop			; (mov r8, r8)
10001920:	4005b000 	.word	0x4005b000
10001924:	b007c0d3 	.word	0xb007c0d3
10001928:	40058000 	.word	0x40058000
1000192c:	4ff83f2d 	.word	0x4ff83f2d
10001930:	0001fffc 	.word	0x0001fffc
10001934:	40012008 	.word	0x40012008
10001938:	4005a000 	.word	0x4005a000
1000193c:	00ffffff 	.word	0x00ffffff
10001940:	20001e9c 	.word	0x20001e9c

10001944 <tick_start>:
10001944:	2380      	movs	r3, #128	; 0x80
10001946:	4a02      	ldr	r2, [pc, #8]	; (10001950 <tick_start+0xc>)
10001948:	009b      	lsls	r3, r3, #2
1000194a:	430b      	orrs	r3, r1
1000194c:	62d3      	str	r3, [r2, #44]	; 0x2c
1000194e:	4770      	bx	lr
10001950:	40058000 	.word	0x40058000

10001954 <rom_func_lookup>:
10001954:	2314      	movs	r3, #20
10001956:	b510      	push	{r4, lr}
10001958:	0001      	movs	r1, r0
1000195a:	8818      	ldrh	r0, [r3, #0]
1000195c:	3304      	adds	r3, #4
1000195e:	881b      	ldrh	r3, [r3, #0]
10001960:	4798      	blx	r3
10001962:	bd10      	pop	{r4, pc}

10001964 <rom_data_lookup>:
10001964:	2316      	movs	r3, #22
10001966:	b510      	push	{r4, lr}
10001968:	0001      	movs	r1, r0
1000196a:	8818      	ldrh	r0, [r3, #0]
1000196c:	3302      	adds	r3, #2
1000196e:	881b      	ldrh	r3, [r3, #0]
10001970:	4798      	blx	r3
10001972:	bd10      	pop	{r4, pc}

10001974 <rom_funcs_lookup>:
10001974:	b5f8      	push	{r3, r4, r5, r6, r7, lr}
10001976:	4647      	mov	r7, r8
10001978:	46ce      	mov	lr, r9
1000197a:	b580      	push	{r7, lr}
1000197c:	1e0f      	subs	r7, r1, #0
1000197e:	d019      	beq.n	100019b4 <rom_funcs_lookup+0x40>
10001980:	2314      	movs	r3, #20
10001982:	4699      	mov	r9, r3
10001984:	3304      	adds	r3, #4
10001986:	0004      	movs	r4, r0
10001988:	2500      	movs	r5, #0
1000198a:	2601      	movs	r6, #1
1000198c:	4698      	mov	r8, r3
1000198e:	464b      	mov	r3, r9
10001990:	8818      	ldrh	r0, [r3, #0]
10001992:	4643      	mov	r3, r8
10001994:	6821      	ldr	r1, [r4, #0]
10001996:	881b      	ldrh	r3, [r3, #0]
10001998:	4798      	blx	r3
1000199a:	c401      	stmia	r4!, {r0}
1000199c:	1e43      	subs	r3, r0, #1
1000199e:	4198      	sbcs	r0, r3
100019a0:	3501      	adds	r5, #1
100019a2:	4240      	negs	r0, r0
100019a4:	4006      	ands	r6, r0
100019a6:	42af      	cmp	r7, r5
100019a8:	d1f1      	bne.n	1000198e <rom_funcs_lookup+0x1a>
100019aa:	0030      	movs	r0, r6
100019ac:	bcc0      	pop	{r6, r7}
100019ae:	46b9      	mov	r9, r7
100019b0:	46b0      	mov	r8, r6
100019b2:	bdf8      	pop	{r3, r4, r5, r6, r7, pc}
100019b4:	2601      	movs	r6, #1
100019b6:	e7f8      	b.n	100019aa <rom_funcs_lookup+0x36>

100019b8 <rom_reset_usb_boot_extra>:
100019b8:	2314      	movs	r3, #20
100019ba:	b570      	push	{r4, r5, r6, lr}
100019bc:	0004      	movs	r4, r0
100019be:	8818      	ldrh	r0, [r3, #0]
100019c0:	3304      	adds	r3, #4
100019c2:	881b      	ldrh	r3, [r3, #0]
100019c4:	000d      	movs	r5, r1
100019c6:	4905      	ldr	r1, [pc, #20]	; (100019dc <rom_reset_usb_boot_extra+0x24>)
100019c8:	4798      	blx	r3
100019ca:	0003      	movs	r3, r0
100019cc:	2000      	movs	r0, #0
100019ce:	2c00      	cmp	r4, #0
100019d0:	db01      	blt.n	100019d6 <rom_reset_usb_boot_extra+0x1e>
100019d2:	3001      	adds	r0, #1
100019d4:	40a0      	lsls	r0, r4
100019d6:	0029      	movs	r1, r5
100019d8:	4798      	blx	r3
100019da:	46c0      	nop			; (mov r8, r8)
100019dc:	00004255 	.word	0x00004255

100019e0 <xosc_init>:
100019e0:	23aa      	movs	r3, #170	; 0xaa
100019e2:	4a06      	ldr	r2, [pc, #24]	; (100019fc <xosc_init+0x1c>)
100019e4:	011b      	lsls	r3, r3, #4
100019e6:	6013      	str	r3, [r2, #0]
100019e8:	238d      	movs	r3, #141	; 0x8d
100019ea:	005b      	lsls	r3, r3, #1
100019ec:	60d3      	str	r3, [r2, #12]
100019ee:	4904      	ldr	r1, [pc, #16]	; (10001a00 <xosc_init+0x20>)
100019f0:	4b04      	ldr	r3, [pc, #16]	; (10001a04 <xosc_init+0x24>)
100019f2:	6019      	str	r1, [r3, #0]
100019f4:	6853      	ldr	r3, [r2, #4]
100019f6:	2b00      	cmp	r3, #0
100019f8:	dafc      	bge.n	100019f4 <xosc_init+0x14>
100019fa:	4770      	bx	lr
100019fc:	40024000 	.word	0x40024000
10001a00:	00fab000 	.word	0x00fab000
10001a04:	40026000 	.word	0x40026000

10001a08 <first_per_core_initializer>:
10001a08:	4770      	bx	lr
10001a0a:	46c0      	nop			; (mov r8, r8)

10001a0c <hard_assertion_failure>:
10001a0c:	b510      	push	{r4, lr}
10001a0e:	4801      	ldr	r0, [pc, #4]	; (10001a14 <hard_assertion_failure+0x8>)
10001a10:	f7fe fdca 	bl	100005a8 <panic>
10001a14:	10004b60 	.word	0x10004b60

10001a18 <runtime_run_initializers>:
10001a18:	b570      	push	{r4, r5, r6, lr}
10001a1a:	4d07      	ldr	r5, [pc, #28]	; (10001a38 <runtime_run_initializers+0x20>)
10001a1c:	4e07      	ldr	r6, [pc, #28]	; (10001a3c <runtime_run_initializers+0x24>)
10001a1e:	42b5      	cmp	r5, r6
10001a20:	d209      	bcs.n	10001a36 <runtime_run_initializers+0x1e>
10001a22:	2400      	movs	r4, #0
10001a24:	3e01      	subs	r6, #1
10001a26:	1b76      	subs	r6, r6, r5
10001a28:	08b6      	lsrs	r6, r6, #2
10001a2a:	cd08      	ldmia	r5!, {r3}
10001a2c:	4798      	blx	r3
10001a2e:	0023      	movs	r3, r4
10001a30:	3401      	adds	r4, #1
10001a32:	42b3      	cmp	r3, r6
10001a34:	d1f9      	bne.n	10001a2a <runtime_run_initializers+0x12>
10001a36:	bd70      	pop	{r4, r5, r6, pc}
10001a38:	10004a90 	.word	0x10004a90
10001a3c:	10004acc 	.word	0x10004acc

10001a40 <runtime_init_early_resets>:
10001a40:	4b05      	ldr	r3, [pc, #20]	; (10001a58 <runtime_init_early_resets+0x18>)
10001a42:	4a06      	ldr	r2, [pc, #24]	; (10001a5c <runtime_init_early_resets+0x1c>)
10001a44:	4906      	ldr	r1, [pc, #24]	; (10001a60 <runtime_init_early_resets+0x20>)
10001a46:	601a      	str	r2, [r3, #0]
10001a48:	4a06      	ldr	r2, [pc, #24]	; (10001a64 <runtime_init_early_resets+0x24>)
10001a4a:	4b07      	ldr	r3, [pc, #28]	; (10001a68 <runtime_init_early_resets+0x28>)
10001a4c:	601a      	str	r2, [r3, #0]
10001a4e:	0010      	movs	r0, r2
10001a50:	680b      	ldr	r3, [r1, #0]
10001a52:	4398      	bics	r0, r3
10001a54:	d1fb      	bne.n	10001a4e <runtime_init_early_resets+0xe>
10001a56:	4770      	bx	lr
10001a58:	4000e000 	.word	0x4000e000
10001a5c:	fefbcdbf 	.word	0xfefbcdbf
10001a60:	4000c008 	.word	0x4000c008
10001a64:	003c7ffe 	.word	0x003c7ffe
10001a68:	4000f000 	.word	0x4000f000

10001a6c <runtime_init_usb_power_down>:
10001a6c:	4b04      	ldr	r3, [pc, #16]	; (10001a80 <runtime_init_usb_power_down+0x14>)
10001a6e:	6cdb      	ldr	r3, [r3, #76]	; 0x4c
10001a70:	2b00      	cmp	r3, #0
10001a72:	d103      	bne.n	10001a7c <runtime_init_usb_power_down+0x10>
10001a74:	2280      	movs	r2, #128	; 0x80
10001a76:	4b03      	ldr	r3, [pc, #12]	; (10001a84 <runtime_init_usb_power_down+0x18>)
10001a78:	02d2      	lsls	r2, r2, #11
10001a7a:	601a      	str	r2, [r3, #0]
10001a7c:	4770      	bx	lr
10001a7e:	46c0      	nop			; (mov r8, r8)
10001a80:	50110000 	.word	0x50110000
10001a84:	5011204c 	.word	0x5011204c

10001a88 <runtime_init_post_clock_resets>:
10001a88:	4a04      	ldr	r2, [pc, #16]	; (10001a9c <runtime_init_post_clock_resets+0x14>)
10001a8a:	4b05      	ldr	r3, [pc, #20]	; (10001aa0 <runtime_init_post_clock_resets+0x18>)
10001a8c:	601a      	str	r2, [r3, #0]
10001a8e:	4a05      	ldr	r2, [pc, #20]	; (10001aa4 <runtime_init_post_clock_resets+0x1c>)
10001a90:	6813      	ldr	r3, [r2, #0]
10001a92:	01db      	lsls	r3, r3, #7
10001a94:	3380      	adds	r3, #128	; 0x80
10001a96:	d1fb      	bne.n	10001a90 <runtime_init_post_clock_resets+0x8>
10001a98:	4770      	bx	lr
10001a9a:	46c0      	nop			; (mov r8, r8)
10001a9c:	01ffffff 	.word	0x01ffffff
10001aa0:	4000f000 	.word	0x4000f000
10001aa4:	4000c008 	.word	0x4000c008

10001aa8 <runtime_init_rp2040_gpio_ie_disable>:
10001aa8:	2240      	movs	r2, #64	; 0x40
10001aaa:	4b03      	ldr	r3, [pc, #12]	; (10001ab8 <runtime_init_rp2040_gpio_ie_disable+0x10>)
10001aac:	679a      	str	r2, [r3, #120]	; 0x78
10001aae:	675a      	str	r2, [r3, #116]	; 0x74
10001ab0:	671a      	str	r2, [r3, #112]	; 0x70
10001ab2:	66da      	str	r2, [r3, #108]	; 0x6c
10001ab4:	4770      	bx	lr
10001ab6:	46c0      	nop			; (mov r8, r8)
10001ab8:	4001f000 	.word	0x4001f000

10001abc <runtime_init_spin_locks_reset>:
10001abc:	b510      	push	{r4, lr}
10001abe:	f7fe fe17 	bl	100006f0 <spin_locks_reset>
10001ac2:	bd10      	pop	{r4, pc}

10001ac4 <runtime_init_install_ram_vector_table>:
10001ac4:	b5f8      	push	{r3, r4, r5, r6, r7, lr}
10001ac6:	492d      	ldr	r1, [pc, #180]	; (10001b7c <runtime_init_install_ram_vector_table+0xb8>)
10001ac8:	4c2d      	ldr	r4, [pc, #180]	; (10001b80 <runtime_init_install_ram_vector_table+0xbc>)
10001aca:	4d2e      	ldr	r5, [pc, #184]	; (10001b84 <runtime_init_install_ram_vector_table+0xc0>)
10001acc:	1a64      	subs	r4, r4, r1
10001ace:	10a6      	asrs	r6, r4, #2
10001ad0:	0032      	movs	r2, r6
10001ad2:	2e30      	cmp	r6, #48	; 0x30
10001ad4:	d900      	bls.n	10001ad8 <runtime_init_install_ram_vector_table+0x14>
10001ad6:	2230      	movs	r2, #48	; 0x30
10001ad8:	0028      	movs	r0, r5
10001ada:	0092      	lsls	r2, r2, #2
10001adc:	f000 f9bc 	bl	10001e58 <__wrap___aeabi_memcpy>
10001ae0:	2cbc      	cmp	r4, #188	; 0xbc
10001ae2:	d841      	bhi.n	10001b68 <runtime_init_install_ram_vector_table+0xa4>
10001ae4:	2301      	movs	r3, #1
10001ae6:	1c71      	adds	r1, r6, #1
10001ae8:	0008      	movs	r0, r1
10001aea:	469c      	mov	ip, r3
10001aec:	4a26      	ldr	r2, [pc, #152]	; (10001b88 <runtime_init_install_ram_vector_table+0xc4>)
10001aee:	2930      	cmp	r1, #48	; 0x30
10001af0:	d93d      	bls.n	10001b6e <runtime_init_install_ram_vector_table+0xaa>
10001af2:	272f      	movs	r7, #47	; 0x2f
10001af4:	192c      	adds	r4, r5, r4
10001af6:	0764      	lsls	r4, r4, #29
10001af8:	0fe3      	lsrs	r3, r4, #31
10001afa:	1bbf      	subs	r7, r7, r6
10001afc:	2f05      	cmp	r7, #5
10001afe:	d919      	bls.n	10001b34 <runtime_init_install_ram_vector_table+0x70>
10001b00:	2930      	cmp	r1, #48	; 0x30
10001b02:	d817      	bhi.n	10001b34 <runtime_init_install_ram_vector_table+0x70>
10001b04:	2b00      	cmp	r3, #0
10001b06:	d036      	beq.n	10001b76 <runtime_init_install_ram_vector_table+0xb2>
10001b08:	00b1      	lsls	r1, r6, #2
10001b0a:	506a      	str	r2, [r5, r1]
10001b0c:	4661      	mov	r1, ip
10001b0e:	1acc      	subs	r4, r1, r3
10001b10:	18f3      	adds	r3, r6, r3
10001b12:	009b      	lsls	r3, r3, #2
10001b14:	0861      	lsrs	r1, r4, #1
10001b16:	18eb      	adds	r3, r5, r3
10001b18:	00c9      	lsls	r1, r1, #3
10001b1a:	18c9      	adds	r1, r1, r3
10001b1c:	601a      	str	r2, [r3, #0]
10001b1e:	605a      	str	r2, [r3, #4]
10001b20:	3308      	adds	r3, #8
10001b22:	428b      	cmp	r3, r1
10001b24:	d1fa      	bne.n	10001b1c <runtime_init_install_ram_vector_table+0x58>
10001b26:	2301      	movs	r3, #1
10001b28:	0021      	movs	r1, r4
10001b2a:	4399      	bics	r1, r3
10001b2c:	1846      	adds	r6, r0, r1
10001b2e:	428c      	cmp	r4, r1
10001b30:	d01a      	beq.n	10001b68 <runtime_init_install_ram_vector_table+0xa4>
10001b32:	1c71      	adds	r1, r6, #1
10001b34:	00b3      	lsls	r3, r6, #2
10001b36:	50ea      	str	r2, [r5, r3]
10001b38:	2930      	cmp	r1, #48	; 0x30
10001b3a:	d015      	beq.n	10001b68 <runtime_init_install_ram_vector_table+0xa4>
10001b3c:	0089      	lsls	r1, r1, #2
10001b3e:	506a      	str	r2, [r5, r1]
10001b40:	1cb3      	adds	r3, r6, #2
10001b42:	2e2e      	cmp	r6, #46	; 0x2e
10001b44:	d010      	beq.n	10001b68 <runtime_init_install_ram_vector_table+0xa4>
10001b46:	009b      	lsls	r3, r3, #2
10001b48:	50ea      	str	r2, [r5, r3]
10001b4a:	1cf3      	adds	r3, r6, #3
10001b4c:	2e2d      	cmp	r6, #45	; 0x2d
10001b4e:	d00b      	beq.n	10001b68 <runtime_init_install_ram_vector_table+0xa4>
10001b50:	009b      	lsls	r3, r3, #2
10001b52:	50ea      	str	r2, [r5, r3]
10001b54:	1d33      	adds	r3, r6, #4
10001b56:	2e2c      	cmp	r6, #44	; 0x2c
10001b58:	d006      	beq.n	10001b68 <runtime_init_install_ram_vector_table+0xa4>
10001b5a:	009b      	lsls	r3, r3, #2
10001b5c:	50ea      	str	r2, [r5, r3]
10001b5e:	1d73      	adds	r3, r6, #5
10001b60:	2e2b      	cmp	r6, #43	; 0x2b
10001b62:	d001      	beq.n	10001b68 <runtime_init_install_ram_vector_table+0xa4>
10001b64:	009b      	lsls	r3, r3, #2
10001b66:	50ea      	str	r2, [r5, r3]
10001b68:	4b08      	ldr	r3, [pc, #32]	; (10001b8c <runtime_init_install_ram_vector_table+0xc8>)
10001b6a:	609d      	str	r5, [r3, #8]
10001b6c:	bdf8      	pop	{r3, r4, r5, r6, r7, pc}
10001b6e:	332f      	adds	r3, #47	; 0x2f
10001b70:	1b9b      	subs	r3, r3, r6
10001b72:	469c      	mov	ip, r3
10001b74:	e7bd      	b.n	10001af2 <runtime_init_install_ram_vector_table+0x2e>
10001b76:	0030      	movs	r0, r6
10001b78:	e7c8      	b.n	10001b0c <runtime_init_install_ram_vector_table+0x48>
10001b7a:	46c0      	nop			; (mov r8, r8)
10001b7c:	10000100 	.word	0x10000100
10001b80:	100001c0 	.word	0x100001c0
10001b84:	20000000 	.word	0x20000000
10001b88:	100001c1 	.word	0x100001c1
10001b8c:	e000ed00 	.word	0xe000ed00

10001b90 <runtime_init_clocks>:
10001b90:	2300      	movs	r3, #0
10001b92:	b510      	push	{r4, lr}
10001b94:	4c29      	ldr	r4, [pc, #164]	; (10001c3c <runtime_init_clocks+0xac>)
10001b96:	b082      	sub	sp, #8
10001b98:	67a3      	str	r3, [r4, #120]	; 0x78
10001b9a:	f7ff ff21 	bl	100019e0 <xosc_init>
10001b9e:	2201      	movs	r2, #1
10001ba0:	4b27      	ldr	r3, [pc, #156]	; (10001c40 <runtime_init_clocks+0xb0>)
10001ba2:	601a      	str	r2, [r3, #0]
10001ba4:	6c63      	ldr	r3, [r4, #68]	; 0x44
10001ba6:	2b01      	cmp	r3, #1
10001ba8:	d1fc      	bne.n	10001ba4 <runtime_init_clocks+0x14>
10001baa:	2203      	movs	r2, #3
10001bac:	4b25      	ldr	r3, [pc, #148]	; (10001c44 <runtime_init_clocks+0xb4>)
10001bae:	601a      	str	r2, [r3, #0]
10001bb0:	4a22      	ldr	r2, [pc, #136]	; (10001c3c <runtime_init_clocks+0xac>)
10001bb2:	6b93      	ldr	r3, [r2, #56]	; 0x38
10001bb4:	2b01      	cmp	r3, #1
10001bb6:	d1fc      	bne.n	10001bb2 <runtime_init_clocks+0x22>
10001bb8:	3301      	adds	r3, #1
10001bba:	9300      	str	r3, [sp, #0]
10001bbc:	2101      	movs	r1, #1
10001bbe:	4a22      	ldr	r2, [pc, #136]	; (10001c48 <runtime_init_clocks+0xb8>)
10001bc0:	4822      	ldr	r0, [pc, #136]	; (10001c4c <runtime_init_clocks+0xbc>)
10001bc2:	3304      	adds	r3, #4
10001bc4:	f7ff fe22 	bl	1000180c <pll_init>
10001bc8:	2305      	movs	r3, #5
10001bca:	2101      	movs	r1, #1
10001bcc:	9300      	str	r3, [sp, #0]
10001bce:	4a20      	ldr	r2, [pc, #128]	; (10001c50 <runtime_init_clocks+0xc0>)
10001bd0:	4820      	ldr	r0, [pc, #128]	; (10001c54 <runtime_init_clocks+0xc4>)
10001bd2:	f7ff fe1b 	bl	1000180c <pll_init>
10001bd6:	2200      	movs	r2, #0
10001bd8:	2102      	movs	r1, #2
10001bda:	2004      	movs	r0, #4
10001bdc:	4b1e      	ldr	r3, [pc, #120]	; (10001c58 <runtime_init_clocks+0xc8>)
10001bde:	f7ff fd9b 	bl	10001718 <clock_configure_undivided>
10001be2:	2200      	movs	r2, #0
10001be4:	2101      	movs	r1, #1
10001be6:	2005      	movs	r0, #5
10001be8:	4b1c      	ldr	r3, [pc, #112]	; (10001c5c <runtime_init_clocks+0xcc>)
10001bea:	f7ff fd95 	bl	10001718 <clock_configure_undivided>
10001bee:	2200      	movs	r2, #0
10001bf0:	2100      	movs	r1, #0
10001bf2:	2007      	movs	r0, #7
10001bf4:	4b1a      	ldr	r3, [pc, #104]	; (10001c60 <runtime_init_clocks+0xd0>)
10001bf6:	f7ff fd8f 	bl	10001718 <clock_configure_undivided>
10001bfa:	2200      	movs	r2, #0
10001bfc:	2100      	movs	r1, #0
10001bfe:	2008      	movs	r0, #8
10001c00:	4b17      	ldr	r3, [pc, #92]	; (10001c60 <runtime_init_clocks+0xd0>)
10001c02:	f7ff fd89 	bl	10001718 <clock_configure_undivided>
10001c06:	2380      	movs	r3, #128	; 0x80
10001c08:	00db      	lsls	r3, r3, #3
10001c0a:	9300      	str	r3, [sp, #0]
10001c0c:	2200      	movs	r2, #0
10001c0e:	2100      	movs	r1, #0
10001c10:	2009      	movs	r0, #9
10001c12:	4b13      	ldr	r3, [pc, #76]	; (10001c60 <runtime_init_clocks+0xd0>)
10001c14:	f7ff fd06 	bl	10001624 <clock_configure_int_divider>
10001c18:	2200      	movs	r2, #0
10001c1a:	4b10      	ldr	r3, [pc, #64]	; (10001c5c <runtime_init_clocks+0xcc>)
10001c1c:	2100      	movs	r1, #0
10001c1e:	2006      	movs	r0, #6
10001c20:	f7ff fd7a 	bl	10001718 <clock_configure_undivided>
10001c24:	2004      	movs	r0, #4
10001c26:	f7ff fdeb 	bl	10001800 <clock_get_hz>
10001c2a:	490e      	ldr	r1, [pc, #56]	; (10001c64 <runtime_init_clocks+0xd4>)
10001c2c:	f000 f824 	bl	10001c78 <__wrap___aeabi_uidiv>
10001c30:	0001      	movs	r1, r0
10001c32:	2000      	movs	r0, #0
10001c34:	f7ff fe86 	bl	10001944 <tick_start>
10001c38:	b002      	add	sp, #8
10001c3a:	bd10      	pop	{r4, pc}
10001c3c:	40008000 	.word	0x40008000
10001c40:	4000b03c 	.word	0x4000b03c
10001c44:	4000b030 	.word	0x4000b030
10001c48:	59682f00 	.word	0x59682f00
10001c4c:	40028000 	.word	0x40028000
10001c50:	47868c00 	.word	0x47868c00
10001c54:	4002c000 	.word	0x4002c000
10001c58:	00b71b00 	.word	0x00b71b00
10001c5c:	07735940 	.word	0x07735940
10001c60:	02dc6c00 	.word	0x02dc6c00
10001c64:	000f4240 	.word	0x000f4240

10001c68 <__aeabi_bits_init>:
10001c68:	4801      	ldr	r0, [pc, #4]	; (10001c70 <__aeabi_bits_init+0x8>)
10001c6a:	2104      	movs	r1, #4
10001c6c:	4b01      	ldr	r3, [pc, #4]	; (10001c74 <__aeabi_bits_init+0xc>)
10001c6e:	4718      	bx	r3
10001c70:	20001090 	.word	0x20001090
10001c74:	10001975 	.word	0x10001975

10001c78 <__wrap___aeabi_uidiv>:
10001c78:	4a11      	ldr	r2, [pc, #68]	; (10001cc0 <divmod_u32u32_savestate+0x18>)
10001c7a:	6f93      	ldr	r3, [r2, #120]	; 0x78
10001c7c:	089b      	lsrs	r3, r3, #2
10001c7e:	d213      	bcs.n	10001ca8 <divmod_u32u32_savestate>

10001c80 <divmod_u32u32_unsafe>:
10001c80:	6610      	str	r0, [r2, #96]	; 0x60
10001c82:	6651      	str	r1, [r2, #100]	; 0x64
10001c84:	2900      	cmp	r1, #0
10001c86:	d005      	beq.n	10001c94 <divmod_u32u32_unsafe+0x14>
10001c88:	e7ff      	b.n	10001c8a <divmod_u32u32_unsafe+0xa>
10001c8a:	e7ff      	b.n	10001c8c <divmod_u32u32_unsafe+0xc>
10001c8c:	e7ff      	b.n	10001c8e <divmod_u32u32_unsafe+0xe>
10001c8e:	6f51      	ldr	r1, [r2, #116]	; 0x74
10001c90:	6f10      	ldr	r0, [r2, #112]	; 0x70
10001c92:	4770      	bx	lr
10001c94:	b504      	push	{r2, lr}
10001c96:	2800      	cmp	r0, #0
10001c98:	d001      	beq.n	10001c9e <divmod_u32u32_unsafe+0x1e>
10001c9a:	2000      	movs	r0, #0
10001c9c:	43c0      	mvns	r0, r0
10001c9e:	f002 feb7 	bl	10004a10 <____aeabi_idiv0_veneer>
10001ca2:	2100      	movs	r1, #0
10001ca4:	bd04      	pop	{r2, pc}
10001ca6:	46c0      	nop			; (mov r8, r8)

10001ca8 <divmod_u32u32_savestate>:
10001ca8:	b5f0      	push	{r4, r5, r6, r7, lr}
10001caa:	6e14      	ldr	r4, [r2, #96]	; 0x60
10001cac:	6e55      	ldr	r5, [r2, #100]	; 0x64
10001cae:	6f57      	ldr	r7, [r2, #116]	; 0x74
10001cb0:	6f16      	ldr	r6, [r2, #112]	; 0x70
10001cb2:	f7ff ffe5 	bl	10001c80 <divmod_u32u32_unsafe>
10001cb6:	6614      	str	r4, [r2, #96]	; 0x60
10001cb8:	6655      	str	r5, [r2, #100]	; 0x64
10001cba:	6757      	str	r7, [r2, #116]	; 0x74
10001cbc:	6716      	str	r6, [r2, #112]	; 0x70
10001cbe:	bdf0      	pop	{r4, r5, r6, r7, pc}
10001cc0:	d0000000 	.word	0xd0000000

10001cc4 <missing_double_func_shim>:
10001cc4:	b510      	push	{r4, lr}
10001cc6:	4801      	ldr	r0, [pc, #4]	; (10001ccc <missing_double_func_shim+0x8>)
10001cc8:	f7fe fc6e 	bl	100005a8 <panic>
10001ccc:	10004b6c 	.word	0x10004b6c

10001cd0 <__aeabi_double_init>:
10001cd0:	2313      	movs	r3, #19
10001cd2:	b570      	push	{r4, r5, r6, lr}
10001cd4:	781d      	ldrb	r5, [r3, #0]
10001cd6:	2d01      	cmp	r5, #1
10001cd8:	d015      	beq.n	10001d06 <__aeabi_double_init+0x36>
10001cda:	dd39      	ble.n	10001d50 <__aeabi_double_init+0x80>
10001cdc:	481e      	ldr	r0, [pc, #120]	; (10001d58 <__aeabi_double_init+0x88>)
10001cde:	f7ff fe41 	bl	10001964 <rom_data_lookup>
10001ce2:	0006      	movs	r6, r0
10001ce4:	481d      	ldr	r0, [pc, #116]	; (10001d5c <__aeabi_double_init+0x8c>)
10001ce6:	f7ff fe3d 	bl	10001964 <rom_data_lookup>
10001cea:	4c1d      	ldr	r4, [pc, #116]	; (10001d60 <__aeabi_double_init+0x90>)
10001cec:	2280      	movs	r2, #128	; 0x80
10001cee:	0031      	movs	r1, r6
10001cf0:	0020      	movs	r0, r4
10001cf2:	f000 f8b1 	bl	10001e58 <__wrap___aeabi_memcpy>
10001cf6:	2d02      	cmp	r5, #2
10001cf8:	d027      	beq.n	10001d4a <__aeabi_double_init+0x7a>
10001cfa:	481a      	ldr	r0, [pc, #104]	; (10001d64 <__aeabi_double_init+0x94>)
10001cfc:	f7ff fe2a 	bl	10001954 <rom_func_lookup>
10001d00:	4b19      	ldr	r3, [pc, #100]	; (10001d68 <__aeabi_double_init+0x98>)
10001d02:	6018      	str	r0, [r3, #0]
10001d04:	bd70      	pop	{r4, r5, r6, pc}
10001d06:	4b19      	ldr	r3, [pc, #100]	; (10001d6c <__aeabi_double_init+0x9c>)
10001d08:	4c15      	ldr	r4, [pc, #84]	; (10001d60 <__aeabi_double_init+0x90>)
10001d0a:	6023      	str	r3, [r4, #0]
10001d0c:	6063      	str	r3, [r4, #4]
10001d0e:	60a3      	str	r3, [r4, #8]
10001d10:	60e3      	str	r3, [r4, #12]
10001d12:	6123      	str	r3, [r4, #16]
10001d14:	6163      	str	r3, [r4, #20]
10001d16:	61a3      	str	r3, [r4, #24]
10001d18:	61e3      	str	r3, [r4, #28]
10001d1a:	6223      	str	r3, [r4, #32]
10001d1c:	6263      	str	r3, [r4, #36]	; 0x24
10001d1e:	62a3      	str	r3, [r4, #40]	; 0x28
10001d20:	62e3      	str	r3, [r4, #44]	; 0x2c
10001d22:	6323      	str	r3, [r4, #48]	; 0x30
10001d24:	6363      	str	r3, [r4, #52]	; 0x34
10001d26:	63a3      	str	r3, [r4, #56]	; 0x38
10001d28:	63e3      	str	r3, [r4, #60]	; 0x3c
10001d2a:	6423      	str	r3, [r4, #64]	; 0x40
10001d2c:	6463      	str	r3, [r4, #68]	; 0x44
10001d2e:	64a3      	str	r3, [r4, #72]	; 0x48
10001d30:	64e3      	str	r3, [r4, #76]	; 0x4c
10001d32:	6523      	str	r3, [r4, #80]	; 0x50
10001d34:	6563      	str	r3, [r4, #84]	; 0x54
10001d36:	65a3      	str	r3, [r4, #88]	; 0x58
10001d38:	65e3      	str	r3, [r4, #92]	; 0x5c
10001d3a:	6623      	str	r3, [r4, #96]	; 0x60
10001d3c:	6663      	str	r3, [r4, #100]	; 0x64
10001d3e:	66a3      	str	r3, [r4, #104]	; 0x68
10001d40:	66e3      	str	r3, [r4, #108]	; 0x6c
10001d42:	6723      	str	r3, [r4, #112]	; 0x70
10001d44:	6763      	str	r3, [r4, #116]	; 0x74
10001d46:	67a3      	str	r3, [r4, #120]	; 0x78
10001d48:	67e3      	str	r3, [r4, #124]	; 0x7c
10001d4a:	4b09      	ldr	r3, [pc, #36]	; (10001d70 <__aeabi_double_init+0xa0>)
10001d4c:	64a3      	str	r3, [r4, #72]	; 0x48
10001d4e:	e7d4      	b.n	10001cfa <__aeabi_double_init+0x2a>
10001d50:	4c03      	ldr	r4, [pc, #12]	; (10001d60 <__aeabi_double_init+0x90>)
10001d52:	4b07      	ldr	r3, [pc, #28]	; (10001d70 <__aeabi_double_init+0xa0>)
10001d54:	64a3      	str	r3, [r4, #72]	; 0x48
10001d56:	e7d0      	b.n	10001cfa <__aeabi_double_init+0x2a>
10001d58:	00004453 	.word	0x00004453
10001d5c:	00004653 	.word	0x00004653
10001d60:	20001278 	.word	0x20001278
10001d64:	0000334c 	.word	0x0000334c
10001d68:	20001ec4 	.word	0x20001ec4
10001d6c:	10001cc5 	.word	0x10001cc5
10001d70:	10001d75 	.word	0x10001d75

10001d74 <double_table_shim_on_use_helper>:
10001d74:	b507      	push	{r0, r1, r2, lr}
10001d76:	4660      	mov	r0, ip
10001d78:	8801      	ldrh	r1, [r0, #0]
10001d7a:	0a0a      	lsrs	r2, r1, #8
10001d7c:	3002      	adds	r0, #2
10001d7e:	2adf      	cmp	r2, #223	; 0xdf
10001d80:	d1fa      	bne.n	10001d78 <double_table_shim_on_use_helper+0x4>
10001d82:	b2c9      	uxtb	r1, r1
10001d84:	0882      	lsrs	r2, r0, #2
10001d86:	d304      	bcc.n	10001d92 <double_table_shim_on_use_helper+0x1e>
10001d88:	8802      	ldrh	r2, [r0, #0]
10001d8a:	8840      	ldrh	r0, [r0, #2]
10001d8c:	0400      	lsls	r0, r0, #16
10001d8e:	4310      	orrs	r0, r2
10001d90:	e000      	b.n	10001d94 <double_table_shim_on_use_helper+0x20>
10001d92:	6800      	ldr	r0, [r0, #0]
10001d94:	4a01      	ldr	r2, [pc, #4]	; (10001d9c <double_table_shim_on_use_helper+0x28>)
10001d96:	5050      	str	r0, [r2, r1]
10001d98:	9003      	str	r0, [sp, #12]
10001d9a:	bd07      	pop	{r0, r1, r2, pc}
10001d9c:	20001278 	.word	0x20001278

10001da0 <__wrap___aeabi_lmul>:
10001da0:	4351      	muls	r1, r2
10001da2:	4343      	muls	r3, r0
10001da4:	18c9      	adds	r1, r1, r3
10001da6:	468c      	mov	ip, r1
10001da8:	0c11      	lsrs	r1, r2, #16
10001daa:	b283      	uxth	r3, r0
10001dac:	434b      	muls	r3, r1
10001dae:	b410      	push	{r4}
10001db0:	0c04      	lsrs	r4, r0, #16
10001db2:	4361      	muls	r1, r4
10001db4:	b292      	uxth	r2, r2
10001db6:	b280      	uxth	r0, r0
10001db8:	4350      	muls	r0, r2
10001dba:	4362      	muls	r2, r4
10001dbc:	041c      	lsls	r4, r3, #16
10001dbe:	0c1b      	lsrs	r3, r3, #16
10001dc0:	1900      	adds	r0, r0, r4
10001dc2:	bc10      	pop	{r4}
10001dc4:	4159      	adcs	r1, r3
10001dc6:	0413      	lsls	r3, r2, #16
10001dc8:	0c12      	lsrs	r2, r2, #16
10001dca:	18c0      	adds	r0, r0, r3
10001dcc:	4151      	adcs	r1, r2
10001dce:	4461      	add	r1, ip
10001dd0:	4770      	bx	lr
	...

10001dd4 <missing_float_func_shim>:
10001dd4:	b510      	push	{r4, lr}
10001dd6:	4801      	ldr	r0, [pc, #4]	; (10001ddc <missing_float_func_shim+0x8>)
10001dd8:	f7fe fbe6 	bl	100005a8 <panic>
10001ddc:	10004ae4 	.word	0x10004ae4

10001de0 <__aeabi_float_init>:
10001de0:	2313      	movs	r3, #19
10001de2:	b510      	push	{r4, lr}
10001de4:	4810      	ldr	r0, [pc, #64]	; (10001e28 <__aeabi_float_init+0x48>)
10001de6:	781c      	ldrb	r4, [r3, #0]
10001de8:	f7ff fdbc 	bl	10001964 <rom_data_lookup>
10001dec:	0001      	movs	r1, r0
10001dee:	2c01      	cmp	r4, #1
10001df0:	d00a      	beq.n	10001e08 <__aeabi_float_init+0x28>
10001df2:	dd03      	ble.n	10001dfc <__aeabi_float_init+0x1c>
10001df4:	2280      	movs	r2, #128	; 0x80
10001df6:	480d      	ldr	r0, [pc, #52]	; (10001e2c <__aeabi_float_init+0x4c>)
10001df8:	f000 f82e 	bl	10001e58 <__wrap___aeabi_memcpy>
10001dfc:	480c      	ldr	r0, [pc, #48]	; (10001e30 <__aeabi_float_init+0x50>)
10001dfe:	f7ff fda9 	bl	10001954 <rom_func_lookup>
10001e02:	4b0c      	ldr	r3, [pc, #48]	; (10001e34 <__aeabi_float_init+0x54>)
10001e04:	6018      	str	r0, [r3, #0]
10001e06:	bd10      	pop	{r4, pc}
10001e08:	4c08      	ldr	r4, [pc, #32]	; (10001e2c <__aeabi_float_init+0x4c>)
10001e0a:	2254      	movs	r2, #84	; 0x54
10001e0c:	0020      	movs	r0, r4
10001e0e:	f000 f823 	bl	10001e58 <__wrap___aeabi_memcpy>
10001e12:	0023      	movs	r3, r4
10001e14:	4a08      	ldr	r2, [pc, #32]	; (10001e38 <__aeabi_float_init+0x58>)
10001e16:	3380      	adds	r3, #128	; 0x80
10001e18:	6821      	ldr	r1, [r4, #0]
10001e1a:	2900      	cmp	r1, #0
10001e1c:	d100      	bne.n	10001e20 <__aeabi_float_init+0x40>
10001e1e:	6022      	str	r2, [r4, #0]
10001e20:	3404      	adds	r4, #4
10001e22:	42a3      	cmp	r3, r4
10001e24:	d1f8      	bne.n	10001e18 <__aeabi_float_init+0x38>
10001e26:	e7e9      	b.n	10001dfc <__aeabi_float_init+0x1c>
10001e28:	00004653 	.word	0x00004653
10001e2c:	20001ec8 	.word	0x20001ec8
10001e30:	0000334c 	.word	0x0000334c
10001e34:	20001ec4 	.word	0x20001ec4
10001e38:	10001dd5 	.word	0x10001dd5

10001e3c <__aeabi_mem_init>:
10001e3c:	4801      	ldr	r0, [pc, #4]	; (10001e44 <__aeabi_mem_init+0x8>)
10001e3e:	2104      	movs	r1, #4
10001e40:	4b01      	ldr	r3, [pc, #4]	; (10001e48 <__aeabi_mem_init+0xc>)
10001e42:	4718      	bx	r3
10001e44:	200010a0 	.word	0x200010a0
10001e48:	10001975 	.word	0x10001975

10001e4c <__wrap_memset>:
10001e4c:	4b01      	ldr	r3, [pc, #4]	; (10001e54 <__wrap_memset+0x8>)
10001e4e:	681b      	ldr	r3, [r3, #0]
10001e50:	4718      	bx	r3
10001e52:	0000      	.short	0x0000
10001e54:	200010a0 	.word	0x200010a0

10001e58 <__wrap___aeabi_memcpy>:
10001e58:	4b01      	ldr	r3, [pc, #4]	; (10001e60 <__wrap___aeabi_memcpy+0x8>)
10001e5a:	685b      	ldr	r3, [r3, #4]
10001e5c:	4718      	bx	r3
10001e5e:	0000      	.short	0x0000
10001e60:	200010a0 	.word	0x200010a0

10001e64 <_out_char>:
10001e64:	b510      	push	{r4, lr}
10001e66:	2800      	cmp	r0, #0
10001e68:	d100      	bne.n	10001e6c <_out_char+0x8>
10001e6a:	bd10      	pop	{r4, pc}
10001e6c:	f000 f934 	bl	100020d8 <__wrap_putchar>
10001e70:	e7fb      	b.n	10001e6a <_out_char+0x6>
10001e72:	46c0      	nop			; (mov r8, r8)

10001e74 <weak_raw_vprintf>:
10001e74:	b510      	push	{r4, lr}
10001e76:	4a09      	ldr	r2, [pc, #36]	; (10001e9c <weak_raw_vprintf+0x28>)
10001e78:	0003      	movs	r3, r0
10001e7a:	6814      	ldr	r4, [r2, #0]
10001e7c:	b084      	sub	sp, #16
10001e7e:	2c00      	cmp	r4, #0
10001e80:	d008      	beq.n	10001e94 <weak_raw_vprintf+0x20>
10001e82:	2201      	movs	r2, #1
10001e84:	9100      	str	r1, [sp, #0]
10001e86:	4806      	ldr	r0, [pc, #24]	; (10001ea0 <weak_raw_vprintf+0x2c>)
10001e88:	4252      	negs	r2, r2
10001e8a:	a903      	add	r1, sp, #12
10001e8c:	47a0      	blx	r4
10001e8e:	2001      	movs	r0, #1
10001e90:	b004      	add	sp, #16
10001e92:	bd10      	pop	{r4, pc}
10001e94:	f000 f96c 	bl	10002170 <__wrap_puts>
10001e98:	2000      	movs	r0, #0
10001e9a:	e7f9      	b.n	10001e90 <weak_raw_vprintf+0x1c>
10001e9c:	20001e98 	.word	0x20001e98
10001ea0:	10001e65 	.word	0x10001e65

10001ea4 <_exit>:
10001ea4:	be00      	bkpt	0x0000
10001ea6:	e7fd      	b.n	10001ea4 <_exit>

10001ea8 <exit>:
10001ea8:	b510      	push	{r4, lr}
10001eaa:	f7ff fffb 	bl	10001ea4 <_exit>
10001eae:	46c0      	nop			; (mov r8, r8)

10001eb0 <runtime_init>:
10001eb0:	b570      	push	{r4, r5, r6, lr}
10001eb2:	f7ff fdb1 	bl	10001a18 <runtime_run_initializers>
10001eb6:	4d07      	ldr	r5, [pc, #28]	; (10001ed4 <runtime_init+0x24>)
10001eb8:	4e07      	ldr	r6, [pc, #28]	; (10001ed8 <runtime_init+0x28>)
10001eba:	42b5      	cmp	r5, r6
10001ebc:	d209      	bcs.n	10001ed2 <runtime_init+0x22>
10001ebe:	2400      	movs	r4, #0
10001ec0:	3e01      	subs	r6, #1
10001ec2:	1b76      	subs	r6, r6, r5
10001ec4:	08b6      	lsrs	r6, r6, #2
10001ec6:	cd08      	ldmia	r5!, {r3}
10001ec8:	4798      	blx	r3
10001eca:	0023      	movs	r3, r4
10001ecc:	3401      	adds	r4, #1
10001ece:	42b3      	cmp	r3, r6
10001ed0:	d1f9      	bne.n	10001ec6 <runtime_init+0x16>
10001ed2:	bd70      	pop	{r4, r5, r6, pc}
10001ed4:	10004acc 	.word	0x10004acc
10001ed8:	10004ad4 	.word	0x10004ad4

10001edc <stdio_out_chars_no_crlf>:
10001edc:	0003      	movs	r3, r0
10001ede:	b510      	push	{r4, lr}
10001ee0:	0008      	movs	r0, r1
10001ee2:	0011      	movs	r1, r2
10001ee4:	681b      	ldr	r3, [r3, #0]
10001ee6:	4798      	blx	r3
10001ee8:	bd10      	pop	{r4, pc}
10001eea:	46c0      	nop			; (mov r8, r8)

10001eec <stdio_out_chars_crlf>:
10001eec:	b5f0      	push	{r4, r5, r6, r7, lr}
10001eee:	4646      	mov	r6, r8
10001ef0:	464f      	mov	r7, r9
10001ef2:	46d6      	mov	lr, sl
10001ef4:	b5c0      	push	{r6, r7, lr}
10001ef6:	7d43      	ldrb	r3, [r0, #21]
10001ef8:	4680      	mov	r8, r0
10001efa:	000e      	movs	r6, r1
10001efc:	0017      	movs	r7, r2
10001efe:	2b00      	cmp	r3, #0
10001f00:	d046      	beq.n	10001f90 <stdio_out_chars_crlf+0xa4>
10001f02:	2a00      	cmp	r2, #0
10001f04:	dd3f      	ble.n	10001f86 <stdio_out_chars_crlf+0x9a>
10001f06:	1e4b      	subs	r3, r1, #1
10001f08:	4699      	mov	r9, r3
10001f0a:	4b24      	ldr	r3, [pc, #144]	; (10001f9c <stdio_out_chars_crlf+0xb0>)
10001f0c:	2501      	movs	r5, #1
10001f0e:	2400      	movs	r4, #0
10001f10:	2000      	movs	r0, #0
10001f12:	469a      	mov	sl, r3
10001f14:	e00d      	b.n	10001f32 <stdio_out_chars_crlf+0x46>
10001f16:	464b      	mov	r3, r9
10001f18:	5d1b      	ldrb	r3, [r3, r4]
10001f1a:	3b0d      	subs	r3, #13
10001f1c:	425a      	negs	r2, r3
10001f1e:	4153      	adcs	r3, r2
10001f20:	5d32      	ldrb	r2, [r6, r4]
10001f22:	b2db      	uxtb	r3, r3
10001f24:	2a0a      	cmp	r2, #10
10001f26:	d00b      	beq.n	10001f40 <stdio_out_chars_crlf+0x54>
10001f28:	002b      	movs	r3, r5
10001f2a:	3401      	adds	r4, #1
10001f2c:	3501      	adds	r5, #1
10001f2e:	429f      	cmp	r7, r3
10001f30:	dd1a      	ble.n	10001f68 <stdio_out_chars_crlf+0x7c>
10001f32:	2c00      	cmp	r4, #0
10001f34:	d1ef      	bne.n	10001f16 <stdio_out_chars_crlf+0x2a>
10001f36:	4643      	mov	r3, r8
10001f38:	5d32      	ldrb	r2, [r6, r4]
10001f3a:	7d1b      	ldrb	r3, [r3, #20]
10001f3c:	2a0a      	cmp	r2, #10
10001f3e:	d1f3      	bne.n	10001f28 <stdio_out_chars_crlf+0x3c>
10001f40:	2b00      	cmp	r3, #0
10001f42:	d1f1      	bne.n	10001f28 <stdio_out_chars_crlf+0x3c>
10001f44:	42a0      	cmp	r0, r4
10001f46:	da04      	bge.n	10001f52 <stdio_out_chars_crlf+0x66>
10001f48:	4643      	mov	r3, r8
10001f4a:	1a21      	subs	r1, r4, r0
10001f4c:	681b      	ldr	r3, [r3, #0]
10001f4e:	1830      	adds	r0, r6, r0
10001f50:	4798      	blx	r3
10001f52:	4643      	mov	r3, r8
10001f54:	4650      	mov	r0, sl
10001f56:	681b      	ldr	r3, [r3, #0]
10001f58:	2102      	movs	r1, #2
10001f5a:	4798      	blx	r3
10001f5c:	3401      	adds	r4, #1
10001f5e:	0028      	movs	r0, r5
10001f60:	002b      	movs	r3, r5
10001f62:	3501      	adds	r5, #1
10001f64:	429f      	cmp	r7, r3
10001f66:	dce4      	bgt.n	10001f32 <stdio_out_chars_crlf+0x46>
10001f68:	4287      	cmp	r7, r0
10001f6a:	dd04      	ble.n	10001f76 <stdio_out_chars_crlf+0x8a>
10001f6c:	4643      	mov	r3, r8
10001f6e:	1a39      	subs	r1, r7, r0
10001f70:	681b      	ldr	r3, [r3, #0]
10001f72:	1830      	adds	r0, r6, r0
10001f74:	4798      	blx	r3
10001f76:	19f6      	adds	r6, r6, r7
10001f78:	3e01      	subs	r6, #1
10001f7a:	7833      	ldrb	r3, [r6, #0]
10001f7c:	3b0d      	subs	r3, #13
10001f7e:	425a      	negs	r2, r3
10001f80:	4153      	adcs	r3, r2
10001f82:	4642      	mov	r2, r8
10001f84:	7513      	strb	r3, [r2, #20]
10001f86:	bce0      	pop	{r5, r6, r7}
10001f88:	46ba      	mov	sl, r7
10001f8a:	46b1      	mov	r9, r6
10001f8c:	46a8      	mov	r8, r5
10001f8e:	bdf0      	pop	{r4, r5, r6, r7, pc}
10001f90:	6803      	ldr	r3, [r0, #0]
10001f92:	0011      	movs	r1, r2
10001f94:	0030      	movs	r0, r6
10001f96:	4798      	blx	r3
10001f98:	e7f5      	b.n	10001f86 <stdio_out_chars_crlf+0x9a>
10001f9a:	46c0      	nop			; (mov r8, r8)
10001f9c:	10004c14 	.word	0x10004c14

10001fa0 <stdio_put_string>:
10001fa0:	b5f0      	push	{r4, r5, r6, r7, lr}
10001fa2:	46de      	mov	lr, fp
10001fa4:	4657      	mov	r7, sl
10001fa6:	464e      	mov	r6, r9
10001fa8:	4645      	mov	r5, r8
10001faa:	b5e0      	push	{r5, r6, r7, lr}
10001fac:	b085      	sub	sp, #20
10001fae:	0017      	movs	r7, r2
10001fb0:	001c      	movs	r4, r3
10001fb2:	0006      	movs	r6, r0
10001fb4:	000d      	movs	r5, r1
10001fb6:	f7ff f9f7 	bl	100013a8 <time_us_64>
10001fba:	2300      	movs	r3, #0
10001fbc:	4a31      	ldr	r2, [pc, #196]	; (10002084 <stdio_put_string+0xe4>)
10001fbe:	1812      	adds	r2, r2, r0
10001fc0:	414b      	adcs	r3, r1
10001fc2:	2b00      	cmp	r3, #0
10001fc4:	db59      	blt.n	1000207a <stdio_put_string+0xda>
10001fc6:	4930      	ldr	r1, [pc, #192]	; (10002088 <stdio_put_string+0xe8>)
10001fc8:	0008      	movs	r0, r1
10001fca:	468a      	mov	sl, r1
10001fcc:	f002 fd40 	bl	10004a50 <__mutex_try_enter_block_until_veneer>
10001fd0:	9001      	str	r0, [sp, #4]
10001fd2:	1c6b      	adds	r3, r5, #1
10001fd4:	d103      	bne.n	10001fde <stdio_put_string+0x3e>
10001fd6:	0030      	movs	r0, r6
10001fd8:	f002 fcca 	bl	10004970 <strlen>
10001fdc:	0005      	movs	r5, r0
10001fde:	2c00      	cmp	r4, #0
10001fe0:	d126      	bne.n	10002030 <stdio_put_string+0x90>
10001fe2:	4b2a      	ldr	r3, [pc, #168]	; (1000208c <stdio_put_string+0xec>)
10001fe4:	4698      	mov	r8, r3
10001fe6:	4b2a      	ldr	r3, [pc, #168]	; (10002090 <stdio_put_string+0xf0>)
10001fe8:	681c      	ldr	r4, [r3, #0]
10001fea:	2c00      	cmp	r4, #0
10001fec:	d015      	beq.n	1000201a <stdio_put_string+0x7a>
10001fee:	2f00      	cmp	r7, #0
10001ff0:	d121      	bne.n	10002036 <stdio_put_string+0x96>
10001ff2:	4f28      	ldr	r7, [pc, #160]	; (10002094 <stdio_put_string+0xf4>)
10001ff4:	e002      	b.n	10001ffc <stdio_put_string+0x5c>
10001ff6:	6924      	ldr	r4, [r4, #16]
10001ff8:	2c00      	cmp	r4, #0
10001ffa:	d00e      	beq.n	1000201a <stdio_put_string+0x7a>
10001ffc:	6823      	ldr	r3, [r4, #0]
10001ffe:	2b00      	cmp	r3, #0
10002000:	d0f9      	beq.n	10001ff6 <stdio_put_string+0x56>
10002002:	683b      	ldr	r3, [r7, #0]
10002004:	2b00      	cmp	r3, #0
10002006:	d001      	beq.n	1000200c <stdio_put_string+0x6c>
10002008:	42a3      	cmp	r3, r4
1000200a:	d1f4      	bne.n	10001ff6 <stdio_put_string+0x56>
1000200c:	0020      	movs	r0, r4
1000200e:	002a      	movs	r2, r5
10002010:	0031      	movs	r1, r6
10002012:	47c0      	blx	r8
10002014:	6924      	ldr	r4, [r4, #16]
10002016:	2c00      	cmp	r4, #0
10002018:	d1f0      	bne.n	10001ffc <stdio_put_string+0x5c>
1000201a:	9b01      	ldr	r3, [sp, #4]
1000201c:	2b00      	cmp	r3, #0
1000201e:	d128      	bne.n	10002072 <stdio_put_string+0xd2>
10002020:	0028      	movs	r0, r5
10002022:	b005      	add	sp, #20
10002024:	bcf0      	pop	{r4, r5, r6, r7}
10002026:	46bb      	mov	fp, r7
10002028:	46b2      	mov	sl, r6
1000202a:	46a9      	mov	r9, r5
1000202c:	46a0      	mov	r8, r4
1000202e:	bdf0      	pop	{r4, r5, r6, r7, pc}
10002030:	4b19      	ldr	r3, [pc, #100]	; (10002098 <stdio_put_string+0xf8>)
10002032:	4698      	mov	r8, r3
10002034:	e7d7      	b.n	10001fe6 <stdio_put_string+0x46>
10002036:	4b17      	ldr	r3, [pc, #92]	; (10002094 <stdio_put_string+0xf4>)
10002038:	4699      	mov	r9, r3
1000203a:	ab02      	add	r3, sp, #8
1000203c:	1ddf      	adds	r7, r3, #7
1000203e:	230a      	movs	r3, #10
10002040:	469b      	mov	fp, r3
10002042:	e002      	b.n	1000204a <stdio_put_string+0xaa>
10002044:	6924      	ldr	r4, [r4, #16]
10002046:	2c00      	cmp	r4, #0
10002048:	d0e7      	beq.n	1000201a <stdio_put_string+0x7a>
1000204a:	6823      	ldr	r3, [r4, #0]
1000204c:	2b00      	cmp	r3, #0
1000204e:	d0f9      	beq.n	10002044 <stdio_put_string+0xa4>
10002050:	464b      	mov	r3, r9
10002052:	681b      	ldr	r3, [r3, #0]
10002054:	2b00      	cmp	r3, #0
10002056:	d001      	beq.n	1000205c <stdio_put_string+0xbc>
10002058:	42a3      	cmp	r3, r4
1000205a:	d1f3      	bne.n	10002044 <stdio_put_string+0xa4>
1000205c:	002a      	movs	r2, r5
1000205e:	0031      	movs	r1, r6
10002060:	0020      	movs	r0, r4
10002062:	47c0      	blx	r8
10002064:	465b      	mov	r3, fp
10002066:	2201      	movs	r2, #1
10002068:	0039      	movs	r1, r7
1000206a:	0020      	movs	r0, r4
1000206c:	703b      	strb	r3, [r7, #0]
1000206e:	47c0      	blx	r8
10002070:	e7e8      	b.n	10002044 <stdio_put_string+0xa4>
10002072:	4650      	mov	r0, sl
10002074:	f002 fcbc 	bl	100049f0 <__mutex_exit_veneer>
10002078:	e7d2      	b.n	10002020 <stdio_put_string+0x80>
1000207a:	2201      	movs	r2, #1
1000207c:	4b07      	ldr	r3, [pc, #28]	; (1000209c <stdio_put_string+0xfc>)
1000207e:	4252      	negs	r2, r2
10002080:	e7a1      	b.n	10001fc6 <stdio_put_string+0x26>
10002082:	46c0      	nop			; (mov r8, r8)
10002084:	000f4240 	.word	0x000f4240
10002088:	200010e8 	.word	0x200010e8
1000208c:	10001edd 	.word	0x10001edd
10002090:	20001a8c 	.word	0x20001a8c
10002094:	20001a94 	.word	0x20001a94
10002098:	10001eed 	.word	0x10001eed
1000209c:	7fffffff 	.word	0x7fffffff

100020a0 <stdio_set_driver_enabled>:
100020a0:	4a0a      	ldr	r2, [pc, #40]	; (100020cc <stdio_set_driver_enabled+0x2c>)
100020a2:	6813      	ldr	r3, [r2, #0]
100020a4:	2b00      	cmp	r3, #0
100020a6:	d105      	bne.n	100020b4 <stdio_set_driver_enabled+0x14>
100020a8:	e00c      	b.n	100020c4 <stdio_set_driver_enabled+0x24>
100020aa:	001a      	movs	r2, r3
100020ac:	691b      	ldr	r3, [r3, #16]
100020ae:	3210      	adds	r2, #16
100020b0:	2b00      	cmp	r3, #0
100020b2:	d007      	beq.n	100020c4 <stdio_set_driver_enabled+0x24>
100020b4:	4298      	cmp	r0, r3
100020b6:	d1f8      	bne.n	100020aa <stdio_set_driver_enabled+0xa>
100020b8:	2900      	cmp	r1, #0
100020ba:	d102      	bne.n	100020c2 <stdio_set_driver_enabled+0x22>
100020bc:	6903      	ldr	r3, [r0, #16]
100020be:	6013      	str	r3, [r2, #0]
100020c0:	6101      	str	r1, [r0, #16]
100020c2:	4770      	bx	lr
100020c4:	2900      	cmp	r1, #0
100020c6:	d0fc      	beq.n	100020c2 <stdio_set_driver_enabled+0x22>
100020c8:	6010      	str	r0, [r2, #0]
100020ca:	e7fa      	b.n	100020c2 <stdio_set_driver_enabled+0x22>
100020cc:	20001a8c 	.word	0x20001a8c

100020d0 <stdio_init_all>:
100020d0:	b510      	push	{r4, lr}
100020d2:	f000 fa8b 	bl	100025ec <stdio_usb_init>
100020d6:	bd10      	pop	{r4, pc}

100020d8 <__wrap_putchar>:
100020d8:	b5f0      	push	{r4, r5, r6, r7, lr}
100020da:	46ce      	mov	lr, r9
100020dc:	4647      	mov	r7, r8
100020de:	b580      	push	{r7, lr}
100020e0:	b083      	sub	sp, #12
100020e2:	466b      	mov	r3, sp
100020e4:	0006      	movs	r6, r0
100020e6:	1ddd      	adds	r5, r3, #7
100020e8:	7028      	strb	r0, [r5, #0]
100020ea:	f7ff f95d 	bl	100013a8 <time_us_64>
100020ee:	2300      	movs	r3, #0
100020f0:	4a1a      	ldr	r2, [pc, #104]	; (1000215c <__wrap_putchar+0x84>)
100020f2:	1812      	adds	r2, r2, r0
100020f4:	414b      	adcs	r3, r1
100020f6:	2b00      	cmp	r3, #0
100020f8:	db2b      	blt.n	10002152 <__wrap_putchar+0x7a>
100020fa:	4919      	ldr	r1, [pc, #100]	; (10002160 <__wrap_putchar+0x88>)
100020fc:	0008      	movs	r0, r1
100020fe:	4688      	mov	r8, r1
10002100:	f002 fca6 	bl	10004a50 <__mutex_try_enter_block_until_veneer>
10002104:	4b17      	ldr	r3, [pc, #92]	; (10002164 <__wrap_putchar+0x8c>)
10002106:	4681      	mov	r9, r0
10002108:	681c      	ldr	r4, [r3, #0]
1000210a:	2c00      	cmp	r4, #0
1000210c:	d014      	beq.n	10002138 <__wrap_putchar+0x60>
1000210e:	4f16      	ldr	r7, [pc, #88]	; (10002168 <__wrap_putchar+0x90>)
10002110:	e002      	b.n	10002118 <__wrap_putchar+0x40>
10002112:	6924      	ldr	r4, [r4, #16]
10002114:	2c00      	cmp	r4, #0
10002116:	d00f      	beq.n	10002138 <__wrap_putchar+0x60>
10002118:	6823      	ldr	r3, [r4, #0]
1000211a:	2b00      	cmp	r3, #0
1000211c:	d0f9      	beq.n	10002112 <__wrap_putchar+0x3a>
1000211e:	683b      	ldr	r3, [r7, #0]
10002120:	2b00      	cmp	r3, #0
10002122:	d001      	beq.n	10002128 <__wrap_putchar+0x50>
10002124:	42a3      	cmp	r3, r4
10002126:	d1f4      	bne.n	10002112 <__wrap_putchar+0x3a>
10002128:	0020      	movs	r0, r4
1000212a:	2201      	movs	r2, #1
1000212c:	0029      	movs	r1, r5
1000212e:	f7ff fedd 	bl	10001eec <stdio_out_chars_crlf>
10002132:	6924      	ldr	r4, [r4, #16]
10002134:	2c00      	cmp	r4, #0
10002136:	d1ef      	bne.n	10002118 <__wrap_putchar+0x40>
10002138:	464b      	mov	r3, r9
1000213a:	2b00      	cmp	r3, #0
1000213c:	d105      	bne.n	1000214a <__wrap_putchar+0x72>
1000213e:	0030      	movs	r0, r6
10002140:	b003      	add	sp, #12
10002142:	bcc0      	pop	{r6, r7}
10002144:	46b9      	mov	r9, r7
10002146:	46b0      	mov	r8, r6
10002148:	bdf0      	pop	{r4, r5, r6, r7, pc}
1000214a:	4640      	mov	r0, r8
1000214c:	f002 fc50 	bl	100049f0 <__mutex_exit_veneer>
10002150:	e7f5      	b.n	1000213e <__wrap_putchar+0x66>
10002152:	2201      	movs	r2, #1
10002154:	4b05      	ldr	r3, [pc, #20]	; (1000216c <__wrap_putchar+0x94>)
10002156:	4252      	negs	r2, r2
10002158:	e7cf      	b.n	100020fa <__wrap_putchar+0x22>
1000215a:	46c0      	nop			; (mov r8, r8)
1000215c:	000f4240 	.word	0x000f4240
10002160:	200010e8 	.word	0x200010e8
10002164:	20001a8c 	.word	0x20001a8c
10002168:	20001a94 	.word	0x20001a94
1000216c:	7fffffff 	.word	0x7fffffff

10002170 <__wrap_puts>:
10002170:	b570      	push	{r4, r5, r6, lr}
10002172:	0004      	movs	r4, r0
10002174:	f002 fbfc 	bl	10004970 <strlen>
10002178:	2301      	movs	r3, #1
1000217a:	0001      	movs	r1, r0
1000217c:	0005      	movs	r5, r0
1000217e:	2201      	movs	r2, #1
10002180:	0020      	movs	r0, r4
10002182:	f7ff ff0d 	bl	10001fa0 <stdio_put_string>
10002186:	4b08      	ldr	r3, [pc, #32]	; (100021a8 <__wrap_puts+0x38>)
10002188:	681c      	ldr	r4, [r3, #0]
1000218a:	2c00      	cmp	r4, #0
1000218c:	d006      	beq.n	1000219c <__wrap_puts+0x2c>
1000218e:	6863      	ldr	r3, [r4, #4]
10002190:	2b00      	cmp	r3, #0
10002192:	d005      	beq.n	100021a0 <__wrap_puts+0x30>
10002194:	4798      	blx	r3
10002196:	6924      	ldr	r4, [r4, #16]
10002198:	2c00      	cmp	r4, #0
1000219a:	d1f8      	bne.n	1000218e <__wrap_puts+0x1e>
1000219c:	0028      	movs	r0, r5
1000219e:	bd70      	pop	{r4, r5, r6, pc}
100021a0:	6924      	ldr	r4, [r4, #16]
100021a2:	2c00      	cmp	r4, #0
100021a4:	d1f3      	bne.n	1000218e <__wrap_puts+0x1e>
100021a6:	e7f9      	b.n	1000219c <__wrap_puts+0x2c>
100021a8:	20001a8c 	.word	0x20001a8c

100021ac <resetd_init>:
100021ac:	4770      	bx	lr
100021ae:	46c0      	nop			; (mov r8, r8)

100021b0 <resetd_reset>:
100021b0:	2200      	movs	r2, #0
100021b2:	4b01      	ldr	r3, [pc, #4]	; (100021b8 <resetd_reset+0x8>)
100021b4:	701a      	strb	r2, [r3, #0]
100021b6:	4770      	bx	lr
100021b8:	20001fee 	.word	0x20001fee

100021bc <resetd_open>:
100021bc:	794b      	ldrb	r3, [r1, #5]
100021be:	2000      	movs	r0, #0
100021c0:	2bff      	cmp	r3, #255	; 0xff
100021c2:	d10b      	bne.n	100021dc <resetd_open+0x20>
100021c4:	798b      	ldrb	r3, [r1, #6]
100021c6:	2b00      	cmp	r3, #0
100021c8:	d108      	bne.n	100021dc <resetd_open+0x20>
100021ca:	79cb      	ldrb	r3, [r1, #7]
100021cc:	2b01      	cmp	r3, #1
100021ce:	d105      	bne.n	100021dc <resetd_open+0x20>
100021d0:	2a08      	cmp	r2, #8
100021d2:	d903      	bls.n	100021dc <resetd_open+0x20>
100021d4:	788a      	ldrb	r2, [r1, #2]
100021d6:	4b02      	ldr	r3, [pc, #8]	; (100021e0 <resetd_open+0x24>)
100021d8:	3009      	adds	r0, #9
100021da:	701a      	strb	r2, [r3, #0]
100021dc:	4770      	bx	lr
100021de:	46c0      	nop			; (mov r8, r8)
100021e0:	20001fee 	.word	0x20001fee

100021e4 <resetd_xfer_cb>:
100021e4:	2001      	movs	r0, #1
100021e6:	4770      	bx	lr

100021e8 <resetd_control_xfer_cb>:
100021e8:	b510      	push	{r4, lr}
100021ea:	2901      	cmp	r1, #1
100021ec:	d109      	bne.n	10002202 <resetd_control_xfer_cb+0x1a>
100021ee:	4915      	ldr	r1, [pc, #84]	; (10002244 <resetd_control_xfer_cb+0x5c>)
100021f0:	7953      	ldrb	r3, [r2, #5]
100021f2:	7910      	ldrb	r0, [r2, #4]
100021f4:	7809      	ldrb	r1, [r1, #0]
100021f6:	021b      	lsls	r3, r3, #8
100021f8:	4303      	orrs	r3, r0
100021fa:	2000      	movs	r0, #0
100021fc:	4299      	cmp	r1, r3
100021fe:	d002      	beq.n	10002206 <resetd_control_xfer_cb+0x1e>
10002200:	bd10      	pop	{r4, pc}
10002202:	2001      	movs	r0, #1
10002204:	e7fc      	b.n	10002200 <resetd_control_xfer_cb+0x18>
10002206:	7853      	ldrb	r3, [r2, #1]
10002208:	2b01      	cmp	r3, #1
1000220a:	d008      	beq.n	1000221e <resetd_control_xfer_cb+0x36>
1000220c:	2b02      	cmp	r3, #2
1000220e:	d1f7      	bne.n	10002200 <resetd_control_xfer_cb+0x18>
10002210:	2000      	movs	r0, #0
10002212:	2264      	movs	r2, #100	; 0x64
10002214:	2100      	movs	r1, #0
10002216:	f7ff fb49 	bl	100018ac <watchdog_reboot>
1000221a:	2001      	movs	r0, #1
1000221c:	e7f0      	b.n	10002200 <resetd_control_xfer_cb+0x18>
1000221e:	78d3      	ldrb	r3, [r2, #3]
10002220:	7891      	ldrb	r1, [r2, #2]
10002222:	021b      	lsls	r3, r3, #8
10002224:	4319      	orrs	r1, r3
10002226:	05db      	lsls	r3, r3, #23
10002228:	d507      	bpl.n	1000223a <resetd_control_xfer_cb+0x52>
1000222a:	0a4a      	lsrs	r2, r1, #9
1000222c:	0010      	movs	r0, r2
1000222e:	2301      	movs	r3, #1
10002230:	401a      	ands	r2, r3
10002232:	337e      	adds	r3, #126	; 0x7e
10002234:	4019      	ands	r1, r3
10002236:	f7ff fbbf 	bl	100019b8 <rom_reset_usb_boot_extra>
1000223a:	2001      	movs	r0, #1
1000223c:	0a4a      	lsrs	r2, r1, #9
1000223e:	4240      	negs	r0, r0
10002240:	e7f5      	b.n	1000222e <resetd_control_xfer_cb+0x46>
10002242:	46c0      	nop			; (mov r8, r8)
10002244:	20001fee 	.word	0x20001fee

10002248 <tud_descriptor_bos_cb>:
10002248:	4800      	ldr	r0, [pc, #0]	; (1000224c <tud_descriptor_bos_cb+0x4>)
1000224a:	4770      	bx	lr
1000224c:	10004c38 	.word	0x10004c38

10002250 <tud_vendor_control_xfer_cb>:
10002250:	b570      	push	{r4, r5, r6, lr}
10002252:	0005      	movs	r5, r0
10002254:	0014      	movs	r4, r2
10002256:	2001      	movs	r0, #1
10002258:	2901      	cmp	r1, #1
1000225a:	d109      	bne.n	10002270 <tud_vendor_control_xfer_cb+0x20>
1000225c:	7853      	ldrb	r3, [r2, #1]
1000225e:	2000      	movs	r0, #0
10002260:	2b01      	cmp	r3, #1
10002262:	d105      	bne.n	10002270 <tud_vendor_control_xfer_cb+0x20>
10002264:	7963      	ldrb	r3, [r4, #5]
10002266:	7912      	ldrb	r2, [r2, #4]
10002268:	021b      	lsls	r3, r3, #8
1000226a:	4313      	orrs	r3, r2
1000226c:	2b07      	cmp	r3, #7
1000226e:	d000      	beq.n	10002272 <tud_vendor_control_xfer_cb+0x22>
10002270:	bd70      	pop	{r4, r5, r6, pc}
10002272:	0021      	movs	r1, r4
10002274:	0028      	movs	r0, r5
10002276:	4a02      	ldr	r2, [pc, #8]	; (10002280 <tud_vendor_control_xfer_cb+0x30>)
10002278:	339f      	adds	r3, #159	; 0x9f
1000227a:	f001 fa61 	bl	10003740 <tud_control_xfer>
1000227e:	e7f7      	b.n	10002270 <tud_vendor_control_xfer_cb+0x20>
10002280:	10004c5c 	.word	0x10004c5c

10002284 <usbd_app_driver_get_cb>:
10002284:	2301      	movs	r3, #1
10002286:	7003      	strb	r3, [r0, #0]
10002288:	4800      	ldr	r0, [pc, #0]	; (1000228c <usbd_app_driver_get_cb+0x8>)
1000228a:	4770      	bx	lr
1000228c:	10004c18 	.word	0x10004c18

10002290 <tud_cdc_line_coding_cb>:
10002290:	7848      	ldrb	r0, [r1, #1]
10002292:	780b      	ldrb	r3, [r1, #0]
10002294:	788a      	ldrb	r2, [r1, #2]
10002296:	0200      	lsls	r0, r0, #8
10002298:	4318      	orrs	r0, r3
1000229a:	0412      	lsls	r2, r2, #16
1000229c:	4310      	orrs	r0, r2
1000229e:	2296      	movs	r2, #150	; 0x96
100022a0:	78cb      	ldrb	r3, [r1, #3]
100022a2:	b510      	push	{r4, lr}
100022a4:	061b      	lsls	r3, r3, #24
100022a6:	4303      	orrs	r3, r0
100022a8:	00d2      	lsls	r2, r2, #3
100022aa:	4293      	cmp	r3, r2
100022ac:	d000      	beq.n	100022b0 <tud_cdc_line_coding_cb+0x20>
100022ae:	bd10      	pop	{r4, pc}
100022b0:	2200      	movs	r2, #0
100022b2:	2001      	movs	r0, #1
100022b4:	0011      	movs	r1, r2
100022b6:	4240      	negs	r0, r0
100022b8:	f7ff fb7e 	bl	100019b8 <rom_reset_usb_boot_extra>

100022bc <stdio_usb_set_chars_available_callback>:
100022bc:	4b02      	ldr	r3, [pc, #8]	; (100022c8 <stdio_usb_set_chars_available_callback+0xc>)
100022be:	6018      	str	r0, [r3, #0]
100022c0:	4b02      	ldr	r3, [pc, #8]	; (100022cc <stdio_usb_set_chars_available_callback+0x10>)
100022c2:	6019      	str	r1, [r3, #0]
100022c4:	4770      	bx	lr
100022c6:	46c0      	nop			; (mov r8, r8)
100022c8:	20001a2c 	.word	0x20001a2c
100022cc:	20001a30 	.word	0x20001a30

100022d0 <usb_irq>:
100022d0:	b510      	push	{r4, lr}
100022d2:	4b02      	ldr	r3, [pc, #8]	; (100022dc <usb_irq+0xc>)
100022d4:	7818      	ldrb	r0, [r3, #0]
100022d6:	f7fe fa49 	bl	1000076c <irq_set_pending>
100022da:	bd10      	pop	{r4, pc}
100022dc:	20001fef 	.word	0x20001fef

100022e0 <timer_task>:
100022e0:	4b15      	ldr	r3, [pc, #84]	; (10002338 <timer_task+0x58>)
100022e2:	b570      	push	{r4, r5, r6, lr}
100022e4:	681a      	ldr	r2, [r3, #0]
100022e6:	2a00      	cmp	r2, #0
100022e8:	d022      	beq.n	10002330 <timer_task+0x50>
100022ea:	f3ef 8110 	mrs	r1, PRIMASK
100022ee:	b672      	cpsid	i
100022f0:	6810      	ldr	r0, [r2, #0]
100022f2:	2800      	cmp	r0, #0
100022f4:	d0fc      	beq.n	100022f0 <timer_task+0x10>
100022f6:	f3bf 8f5f 	dmb	sy
100022fa:	2200      	movs	r2, #0
100022fc:	480f      	ldr	r0, [pc, #60]	; (1000233c <timer_task+0x5c>)
100022fe:	6059      	str	r1, [r3, #4]
10002300:	7002      	strb	r2, [r0, #0]
10002302:	681b      	ldr	r3, [r3, #0]
10002304:	f3bf 8f5f 	dmb	sy
10002308:	601a      	str	r2, [r3, #0]
1000230a:	f381 8810 	msr	PRIMASK, r1
1000230e:	2400      	movs	r4, #0
10002310:	2500      	movs	r5, #0
10002312:	4e0b      	ldr	r6, [pc, #44]	; (10002340 <timer_task+0x60>)
10002314:	7830      	ldrb	r0, [r6, #0]
10002316:	f7fe fa1d 	bl	10000754 <irq_is_enabled>
1000231a:	2800      	cmp	r0, #0
1000231c:	d104      	bne.n	10002328 <timer_task+0x48>
1000231e:	2400      	movs	r4, #0
10002320:	2500      	movs	r5, #0
10002322:	0029      	movs	r1, r5
10002324:	0020      	movs	r0, r4
10002326:	bd70      	pop	{r4, r5, r6, pc}
10002328:	7830      	ldrb	r0, [r6, #0]
1000232a:	f7fe fa1f 	bl	1000076c <irq_set_pending>
1000232e:	e7f8      	b.n	10002322 <timer_task+0x42>
10002330:	24fa      	movs	r4, #250	; 0xfa
10002332:	2500      	movs	r5, #0
10002334:	00a4      	lsls	r4, r4, #2
10002336:	e7ec      	b.n	10002312 <timer_task+0x32>
10002338:	20001ea4 	.word	0x20001ea4
1000233c:	20001ff0 	.word	0x20001ff0
10002340:	20001fef 	.word	0x20001fef

10002344 <stdio_usb_in_chars>:
10002344:	b570      	push	{r4, r5, r6, lr}
10002346:	0004      	movs	r4, r0
10002348:	2000      	movs	r0, #0
1000234a:	000e      	movs	r6, r1
1000234c:	f001 fb22 	bl	10003994 <tud_cdc_n_connected>
10002350:	2800      	cmp	r0, #0
10002352:	d035      	beq.n	100023c0 <stdio_usb_in_chars+0x7c>
10002354:	2000      	movs	r0, #0
10002356:	f001 fb33 	bl	100039c0 <tud_cdc_n_available>
1000235a:	2800      	cmp	r0, #0
1000235c:	d030      	beq.n	100023c0 <stdio_usb_in_chars+0x7c>
1000235e:	f7ff f823 	bl	100013a8 <time_us_64>
10002362:	2300      	movs	r3, #0
10002364:	4a18      	ldr	r2, [pc, #96]	; (100023c8 <stdio_usb_in_chars+0x84>)
10002366:	1812      	adds	r2, r2, r0
10002368:	414b      	adcs	r3, r1
1000236a:	2b00      	cmp	r3, #0
1000236c:	db24      	blt.n	100023b8 <stdio_usb_in_chars+0x74>
1000236e:	4d17      	ldr	r5, [pc, #92]	; (100023cc <stdio_usb_in_chars+0x88>)
10002370:	0028      	movs	r0, r5
10002372:	f002 fb6d 	bl	10004a50 <__mutex_try_enter_block_until_veneer>
10002376:	2800      	cmp	r0, #0
10002378:	d022      	beq.n	100023c0 <stdio_usb_in_chars+0x7c>
1000237a:	2000      	movs	r0, #0
1000237c:	f001 fb0a 	bl	10003994 <tud_cdc_n_connected>
10002380:	2800      	cmp	r0, #0
10002382:	d10b      	bne.n	1000239c <stdio_usb_in_chars+0x58>
10002384:	2001      	movs	r0, #1
10002386:	2100      	movs	r1, #0
10002388:	2403      	movs	r4, #3
1000238a:	4240      	negs	r0, r0
1000238c:	f000 fd0a 	bl	10002da4 <tud_task_ext>
10002390:	4264      	negs	r4, r4
10002392:	0028      	movs	r0, r5
10002394:	f002 fb2c 	bl	100049f0 <__mutex_exit_veneer>
10002398:	0020      	movs	r0, r4
1000239a:	bd70      	pop	{r4, r5, r6, pc}
1000239c:	2000      	movs	r0, #0
1000239e:	f001 fb0f 	bl	100039c0 <tud_cdc_n_available>
100023a2:	2800      	cmp	r0, #0
100023a4:	d0ee      	beq.n	10002384 <stdio_usb_in_chars+0x40>
100023a6:	0021      	movs	r1, r4
100023a8:	0032      	movs	r2, r6
100023aa:	2000      	movs	r0, #0
100023ac:	f001 fb14 	bl	100039d8 <tud_cdc_n_read>
100023b0:	1e04      	subs	r4, r0, #0
100023b2:	d1ee      	bne.n	10002392 <stdio_usb_in_chars+0x4e>
100023b4:	3c03      	subs	r4, #3
100023b6:	e7ec      	b.n	10002392 <stdio_usb_in_chars+0x4e>
100023b8:	2201      	movs	r2, #1
100023ba:	4b05      	ldr	r3, [pc, #20]	; (100023d0 <stdio_usb_in_chars+0x8c>)
100023bc:	4252      	negs	r2, r2
100023be:	e7d6      	b.n	1000236e <stdio_usb_in_chars+0x2a>
100023c0:	2403      	movs	r4, #3
100023c2:	4264      	negs	r4, r4
100023c4:	e7e8      	b.n	10002398 <stdio_usb_in_chars+0x54>
100023c6:	46c0      	nop			; (mov r8, r8)
100023c8:	000f4240 	.word	0x000f4240
100023cc:	20001fcc 	.word	0x20001fcc
100023d0:	7fffffff 	.word	0x7fffffff

100023d4 <stdio_usb_out_flush>:
100023d4:	b510      	push	{r4, lr}
100023d6:	f7fe ffe7 	bl	100013a8 <time_us_64>
100023da:	2300      	movs	r3, #0
100023dc:	4a0e      	ldr	r2, [pc, #56]	; (10002418 <stdio_usb_out_flush+0x44>)
100023de:	1812      	adds	r2, r2, r0
100023e0:	414b      	adcs	r3, r1
100023e2:	2b00      	cmp	r3, #0
100023e4:	db13      	blt.n	1000240e <stdio_usb_out_flush+0x3a>
100023e6:	4c0d      	ldr	r4, [pc, #52]	; (1000241c <stdio_usb_out_flush+0x48>)
100023e8:	0020      	movs	r0, r4
100023ea:	f002 fb31 	bl	10004a50 <__mutex_try_enter_block_until_veneer>
100023ee:	2800      	cmp	r0, #0
100023f0:	d00c      	beq.n	1000240c <stdio_usb_out_flush+0x38>
100023f2:	2001      	movs	r0, #1
100023f4:	2100      	movs	r1, #0
100023f6:	4240      	negs	r0, r0
100023f8:	f000 fcd4 	bl	10002da4 <tud_task_ext>
100023fc:	2000      	movs	r0, #0
100023fe:	f001 fb35 	bl	10003a6c <tud_cdc_n_write_flush>
10002402:	2800      	cmp	r0, #0
10002404:	d1f5      	bne.n	100023f2 <stdio_usb_out_flush+0x1e>
10002406:	0020      	movs	r0, r4
10002408:	f002 faf2 	bl	100049f0 <__mutex_exit_veneer>
1000240c:	bd10      	pop	{r4, pc}
1000240e:	2201      	movs	r2, #1
10002410:	4b03      	ldr	r3, [pc, #12]	; (10002420 <stdio_usb_out_flush+0x4c>)
10002412:	4252      	negs	r2, r2
10002414:	e7e7      	b.n	100023e6 <stdio_usb_out_flush+0x12>
10002416:	46c0      	nop			; (mov r8, r8)
10002418:	000f4240 	.word	0x000f4240
1000241c:	20001fcc 	.word	0x20001fcc
10002420:	7fffffff 	.word	0x7fffffff

10002424 <stdio_usb_out_chars>:
10002424:	b5f8      	push	{r3, r4, r5, r6, r7, lr}
10002426:	46de      	mov	lr, fp
10002428:	4657      	mov	r7, sl
1000242a:	b580      	push	{r7, lr}
1000242c:	0005      	movs	r5, r0
1000242e:	000c      	movs	r4, r1
10002430:	f7fe ffba 	bl	100013a8 <time_us_64>
10002434:	2300      	movs	r3, #0
10002436:	4a36      	ldr	r2, [pc, #216]	; (10002510 <stdio_usb_out_chars+0xec>)
10002438:	1812      	adds	r2, r2, r0
1000243a:	414b      	adcs	r3, r1
1000243c:	2b00      	cmp	r3, #0
1000243e:	db5a      	blt.n	100024f6 <stdio_usb_out_chars+0xd2>
10002440:	4934      	ldr	r1, [pc, #208]	; (10002514 <stdio_usb_out_chars+0xf0>)
10002442:	0008      	movs	r0, r1
10002444:	468a      	mov	sl, r1
10002446:	f002 fb03 	bl	10004a50 <__mutex_try_enter_block_until_veneer>
1000244a:	2800      	cmp	r0, #0
1000244c:	d103      	bne.n	10002456 <stdio_usb_out_chars+0x32>
1000244e:	bcc0      	pop	{r6, r7}
10002450:	46bb      	mov	fp, r7
10002452:	46b2      	mov	sl, r6
10002454:	bdf8      	pop	{r3, r4, r5, r6, r7, pc}
10002456:	2000      	movs	r0, #0
10002458:	f001 fa9c 	bl	10003994 <tud_cdc_n_connected>
1000245c:	2800      	cmp	r0, #0
1000245e:	d04e      	beq.n	100024fe <stdio_usb_out_chars+0xda>
10002460:	2600      	movs	r6, #0
10002462:	2c00      	cmp	r4, #0
10002464:	dd43      	ble.n	100024ee <stdio_usb_out_chars+0xca>
10002466:	4b2c      	ldr	r3, [pc, #176]	; (10002518 <stdio_usb_out_chars+0xf4>)
10002468:	469b      	mov	fp, r3
1000246a:	e014      	b.n	10002496 <stdio_usb_out_chars+0x72>
1000246c:	19a9      	adds	r1, r5, r6
1000246e:	2000      	movs	r0, #0
10002470:	f001 fb38 	bl	10003ae4 <tud_cdc_n_write>
10002474:	0007      	movs	r7, r0
10002476:	2001      	movs	r0, #1
10002478:	2100      	movs	r1, #0
1000247a:	4240      	negs	r0, r0
1000247c:	f000 fc92 	bl	10002da4 <tud_task_ext>
10002480:	2000      	movs	r0, #0
10002482:	f001 faf3 	bl	10003a6c <tud_cdc_n_write_flush>
10002486:	f7fe ff8f 	bl	100013a8 <time_us_64>
1000248a:	4b23      	ldr	r3, [pc, #140]	; (10002518 <stdio_usb_out_chars+0xf4>)
1000248c:	19f6      	adds	r6, r6, r7
1000248e:	6018      	str	r0, [r3, #0]
10002490:	6059      	str	r1, [r3, #4]
10002492:	42b4      	cmp	r4, r6
10002494:	dd2b      	ble.n	100024ee <stdio_usb_out_chars+0xca>
10002496:	2000      	movs	r0, #0
10002498:	f001 fb46 	bl	10003b28 <tud_cdc_n_write_available>
1000249c:	1ba7      	subs	r7, r4, r6
1000249e:	0002      	movs	r2, r0
100024a0:	42b8      	cmp	r0, r7
100024a2:	dd00      	ble.n	100024a6 <stdio_usb_out_chars+0x82>
100024a4:	003a      	movs	r2, r7
100024a6:	2a00      	cmp	r2, #0
100024a8:	d1e0      	bne.n	1000246c <stdio_usb_out_chars+0x48>
100024aa:	2001      	movs	r0, #1
100024ac:	2100      	movs	r1, #0
100024ae:	4240      	negs	r0, r0
100024b0:	f000 fc78 	bl	10002da4 <tud_task_ext>
100024b4:	2000      	movs	r0, #0
100024b6:	f001 fad9 	bl	10003a6c <tud_cdc_n_write_flush>
100024ba:	2000      	movs	r0, #0
100024bc:	f001 fa6a 	bl	10003994 <tud_cdc_n_connected>
100024c0:	2800      	cmp	r0, #0
100024c2:	d014      	beq.n	100024ee <stdio_usb_out_chars+0xca>
100024c4:	2000      	movs	r0, #0
100024c6:	f001 fb2f 	bl	10003b28 <tud_cdc_n_write_available>
100024ca:	2800      	cmp	r0, #0
100024cc:	d1e1      	bne.n	10002492 <stdio_usb_out_chars+0x6e>
100024ce:	f7fe ff6b 	bl	100013a8 <time_us_64>
100024d2:	465b      	mov	r3, fp
100024d4:	000f      	movs	r7, r1
100024d6:	681a      	ldr	r2, [r3, #0]
100024d8:	685b      	ldr	r3, [r3, #4]
100024da:	2100      	movs	r1, #0
100024dc:	4684      	mov	ip, r0
100024de:	480f      	ldr	r0, [pc, #60]	; (1000251c <stdio_usb_out_chars+0xf8>)
100024e0:	1812      	adds	r2, r2, r0
100024e2:	414b      	adcs	r3, r1
100024e4:	429f      	cmp	r7, r3
100024e6:	d802      	bhi.n	100024ee <stdio_usb_out_chars+0xca>
100024e8:	d1d3      	bne.n	10002492 <stdio_usb_out_chars+0x6e>
100024ea:	4594      	cmp	ip, r2
100024ec:	d9d1      	bls.n	10002492 <stdio_usb_out_chars+0x6e>
100024ee:	4650      	mov	r0, sl
100024f0:	f002 fa7e 	bl	100049f0 <__mutex_exit_veneer>
100024f4:	e7ab      	b.n	1000244e <stdio_usb_out_chars+0x2a>
100024f6:	2201      	movs	r2, #1
100024f8:	4b09      	ldr	r3, [pc, #36]	; (10002520 <stdio_usb_out_chars+0xfc>)
100024fa:	4252      	negs	r2, r2
100024fc:	e7a0      	b.n	10002440 <stdio_usb_out_chars+0x1c>
100024fe:	2000      	movs	r0, #0
10002500:	2100      	movs	r1, #0
10002502:	4b05      	ldr	r3, [pc, #20]	; (10002518 <stdio_usb_out_chars+0xf4>)
10002504:	6018      	str	r0, [r3, #0]
10002506:	6059      	str	r1, [r3, #4]
10002508:	4650      	mov	r0, sl
1000250a:	f002 fa71 	bl	100049f0 <__mutex_exit_veneer>
1000250e:	e79e      	b.n	1000244e <stdio_usb_out_chars+0x2a>
10002510:	000f4240 	.word	0x000f4240
10002514:	20001fcc 	.word	0x20001fcc
10002518:	20001270 	.word	0x20001270
1000251c:	0007a120 	.word	0x0007a120
10002520:	7fffffff 	.word	0x7fffffff

10002524 <low_priority_worker_irq>:
10002524:	b530      	push	{r4, r5, lr}
10002526:	4c2a      	ldr	r4, [pc, #168]	; (100025d0 <low_priority_worker_irq+0xac>)
10002528:	b085      	sub	sp, #20
1000252a:	2100      	movs	r1, #0
1000252c:	0020      	movs	r0, r4
1000252e:	f002 fa77 	bl	10004a20 <__mutex_try_enter_veneer>
10002532:	2800      	cmp	r0, #0
10002534:	d11c      	bne.n	10002570 <low_priority_worker_irq+0x4c>
10002536:	4b27      	ldr	r3, [pc, #156]	; (100025d4 <low_priority_worker_irq+0xb0>)
10002538:	681a      	ldr	r2, [r3, #0]
1000253a:	2a00      	cmp	r2, #0
1000253c:	d016      	beq.n	1000256c <low_priority_worker_irq+0x48>
1000253e:	f3ef 8110 	mrs	r1, PRIMASK
10002542:	b672      	cpsid	i
10002544:	6810      	ldr	r0, [r2, #0]
10002546:	2800      	cmp	r0, #0
10002548:	d0fc      	beq.n	10002544 <low_priority_worker_irq+0x20>
1000254a:	f3bf 8f5f 	dmb	sy
1000254e:	2401      	movs	r4, #1
10002550:	4821      	ldr	r0, [pc, #132]	; (100025d8 <low_priority_worker_irq+0xb4>)
10002552:	6059      	str	r1, [r3, #4]
10002554:	7802      	ldrb	r2, [r0, #0]
10002556:	681b      	ldr	r3, [r3, #0]
10002558:	b2d2      	uxtb	r2, r2
1000255a:	7004      	strb	r4, [r0, #0]
1000255c:	f3bf 8f5f 	dmb	sy
10002560:	2000      	movs	r0, #0
10002562:	6018      	str	r0, [r3, #0]
10002564:	f381 8810 	msr	PRIMASK, r1
10002568:	2a00      	cmp	r2, #0
1000256a:	d017      	beq.n	1000259c <low_priority_worker_irq+0x78>
1000256c:	b005      	add	sp, #20
1000256e:	bd30      	pop	{r4, r5, pc}
10002570:	2001      	movs	r0, #1
10002572:	2100      	movs	r1, #0
10002574:	4240      	negs	r0, r0
10002576:	f000 fc15 	bl	10002da4 <tud_task_ext>
1000257a:	2000      	movs	r0, #0
1000257c:	f001 fa20 	bl	100039c0 <tud_cdc_n_available>
10002580:	0005      	movs	r5, r0
10002582:	0020      	movs	r0, r4
10002584:	f002 fa34 	bl	100049f0 <__mutex_exit_veneer>
10002588:	2d00      	cmp	r5, #0
1000258a:	d0ef      	beq.n	1000256c <low_priority_worker_irq+0x48>
1000258c:	4b13      	ldr	r3, [pc, #76]	; (100025dc <low_priority_worker_irq+0xb8>)
1000258e:	681b      	ldr	r3, [r3, #0]
10002590:	2b00      	cmp	r3, #0
10002592:	d0eb      	beq.n	1000256c <low_priority_worker_irq+0x48>
10002594:	4a12      	ldr	r2, [pc, #72]	; (100025e0 <low_priority_worker_irq+0xbc>)
10002596:	6810      	ldr	r0, [r2, #0]
10002598:	4798      	blx	r3
1000259a:	e7e7      	b.n	1000256c <low_priority_worker_irq+0x48>
1000259c:	f7fe fcf2 	bl	10000f84 <alarm_pool_get_default>
100025a0:	0004      	movs	r4, r0
100025a2:	f7fe ff01 	bl	100013a8 <time_us_64>
100025a6:	22fa      	movs	r2, #250	; 0xfa
100025a8:	2300      	movs	r3, #0
100025aa:	0092      	lsls	r2, r2, #2
100025ac:	1812      	adds	r2, r2, r0
100025ae:	414b      	adcs	r3, r1
100025b0:	2b00      	cmp	r3, #0
100025b2:	db09      	blt.n	100025c8 <low_priority_worker_irq+0xa4>
100025b4:	2101      	movs	r1, #1
100025b6:	9102      	str	r1, [sp, #8]
100025b8:	2100      	movs	r1, #0
100025ba:	9101      	str	r1, [sp, #4]
100025bc:	4909      	ldr	r1, [pc, #36]	; (100025e4 <low_priority_worker_irq+0xc0>)
100025be:	0020      	movs	r0, r4
100025c0:	9100      	str	r1, [sp, #0]
100025c2:	f7fe fce3 	bl	10000f8c <alarm_pool_add_alarm_at>
100025c6:	e7d1      	b.n	1000256c <low_priority_worker_irq+0x48>
100025c8:	2201      	movs	r2, #1
100025ca:	4b07      	ldr	r3, [pc, #28]	; (100025e8 <low_priority_worker_irq+0xc4>)
100025cc:	4252      	negs	r2, r2
100025ce:	e7f1      	b.n	100025b4 <low_priority_worker_irq+0x90>
100025d0:	20001fcc 	.word	0x20001fcc
100025d4:	20001ea4 	.word	0x20001ea4
100025d8:	20001ff0 	.word	0x20001ff0
100025dc:	20001a2c 	.word	0x20001a2c
100025e0:	20001a30 	.word	0x20001a30
100025e4:	100022e1 	.word	0x100022e1
100025e8:	7fffffff 	.word	0x7fffffff

100025ec <stdio_usb_init>:
100025ec:	23d0      	movs	r3, #208	; 0xd0
100025ee:	b510      	push	{r4, lr}
100025f0:	061b      	lsls	r3, r3, #24
100025f2:	b084      	sub	sp, #16
100025f4:	681c      	ldr	r4, [r3, #0]
100025f6:	f7fe fcc5 	bl	10000f84 <alarm_pool_get_default>
100025fa:	f7fe fdc1 	bl	10001180 <alarm_pool_core_num>
100025fe:	42a0      	cmp	r0, r4
10002600:	d002      	beq.n	10002608 <stdio_usb_init+0x1c>
10002602:	2000      	movs	r0, #0
10002604:	b004      	add	sp, #16
10002606:	bd10      	pop	{r4, pc}
10002608:	4b29      	ldr	r3, [pc, #164]	; (100026b0 <stdio_usb_init+0xc4>)
1000260a:	2100      	movs	r1, #0
1000260c:	2000      	movs	r0, #0
1000260e:	781b      	ldrb	r3, [r3, #0]
10002610:	f001 fd7e 	bl	10004110 <tusb_rhport_init>
10002614:	4827      	ldr	r0, [pc, #156]	; (100026b4 <stdio_usb_init+0xc8>)
10002616:	6803      	ldr	r3, [r0, #0]
10002618:	2b00      	cmp	r3, #0
1000261a:	d041      	beq.n	100026a0 <stdio_usb_init+0xb4>
1000261c:	2001      	movs	r0, #1
1000261e:	f7fe fa37 	bl	10000a90 <user_irq_claim_unused>
10002622:	23ff      	movs	r3, #255	; 0xff
10002624:	4c24      	ldr	r4, [pc, #144]	; (100026b8 <stdio_usb_init+0xcc>)
10002626:	4925      	ldr	r1, [pc, #148]	; (100026bc <stdio_usb_init+0xd0>)
10002628:	7020      	strb	r0, [r4, #0]
1000262a:	4018      	ands	r0, r3
1000262c:	f7fe f8b8 	bl	100007a0 <irq_set_exclusive_handler>
10002630:	7820      	ldrb	r0, [r4, #0]
10002632:	2101      	movs	r1, #1
10002634:	f7fe f87c 	bl	10000730 <irq_set_enabled>
10002638:	2005      	movs	r0, #5
1000263a:	f7fe f89f 	bl	1000077c <irq_has_shared_handler>
1000263e:	2800      	cmp	r0, #0
10002640:	d121      	bne.n	10002686 <stdio_usb_init+0x9a>
10002642:	2208      	movs	r2, #8
10002644:	2100      	movs	r1, #0
10002646:	481e      	ldr	r0, [pc, #120]	; (100026c0 <stdio_usb_init+0xd4>)
10002648:	f7ff fc00 	bl	10001e4c <__wrap_memset>
1000264c:	f7fe fc9a 	bl	10000f84 <alarm_pool_get_default>
10002650:	0004      	movs	r4, r0
10002652:	f7fe fea9 	bl	100013a8 <time_us_64>
10002656:	22fa      	movs	r2, #250	; 0xfa
10002658:	2300      	movs	r3, #0
1000265a:	0092      	lsls	r2, r2, #2
1000265c:	1812      	adds	r2, r2, r0
1000265e:	414b      	adcs	r3, r1
10002660:	2b00      	cmp	r3, #0
10002662:	db20      	blt.n	100026a6 <stdio_usb_init+0xba>
10002664:	2101      	movs	r1, #1
10002666:	9102      	str	r1, [sp, #8]
10002668:	2100      	movs	r1, #0
1000266a:	9101      	str	r1, [sp, #4]
1000266c:	4915      	ldr	r1, [pc, #84]	; (100026c4 <stdio_usb_init+0xd8>)
1000266e:	0020      	movs	r0, r4
10002670:	9100      	str	r1, [sp, #0]
10002672:	f7fe fc8b 	bl	10000f8c <alarm_pool_add_alarm_at>
10002676:	2800      	cmp	r0, #0
10002678:	dbc3      	blt.n	10002602 <stdio_usb_init+0x16>
1000267a:	4813      	ldr	r0, [pc, #76]	; (100026c8 <stdio_usb_init+0xdc>)
1000267c:	2101      	movs	r1, #1
1000267e:	f7ff fd0f 	bl	100020a0 <stdio_set_driver_enabled>
10002682:	2001      	movs	r0, #1
10002684:	e7be      	b.n	10002604 <stdio_usb_init+0x18>
10002686:	2001      	movs	r0, #1
10002688:	f7fe f822 	bl	100006d0 <spin_lock_claim_unused>
1000268c:	0001      	movs	r1, r0
1000268e:	480c      	ldr	r0, [pc, #48]	; (100026c0 <stdio_usb_init+0xd4>)
10002690:	f7fe fa64 	bl	10000b5c <critical_section_init_with_lock_num>
10002694:	2200      	movs	r2, #0
10002696:	2005      	movs	r0, #5
10002698:	490c      	ldr	r1, [pc, #48]	; (100026cc <stdio_usb_init+0xe0>)
1000269a:	f7fe f8ab 	bl	100007f4 <irq_add_shared_handler>
1000269e:	e7ec      	b.n	1000267a <stdio_usb_init+0x8e>
100026a0:	f7fe fa3e 	bl	10000b20 <mutex_init>
100026a4:	e7ba      	b.n	1000261c <stdio_usb_init+0x30>
100026a6:	2201      	movs	r2, #1
100026a8:	4b09      	ldr	r3, [pc, #36]	; (100026d0 <stdio_usb_init+0xe4>)
100026aa:	4252      	negs	r2, r2
100026ac:	e7da      	b.n	10002664 <stdio_usb_init+0x78>
100026ae:	46c0      	nop			; (mov r8, r8)
100026b0:	10004f30 	.word	0x10004f30
100026b4:	20001fcc 	.word	0x20001fcc
100026b8:	20001fef 	.word	0x20001fef
100026bc:	10002525 	.word	0x10002525
100026c0:	20001ea4 	.word	0x20001ea4
100026c4:	100022e1 	.word	0x100022e1
100026c8:	200010b0 	.word	0x200010b0
100026cc:	100022d1 	.word	0x100022d1
100026d0:	7fffffff 	.word	0x7fffffff

100026d4 <tud_descriptor_device_cb>:
100026d4:	4800      	ldr	r0, [pc, #0]	; (100026d8 <tud_descriptor_device_cb+0x4>)
100026d6:	4770      	bx	lr
100026d8:	10004da4 	.word	0x10004da4

100026dc <tud_descriptor_configuration_cb>:
100026dc:	4800      	ldr	r0, [pc, #0]	; (100026e0 <tud_descriptor_configuration_cb+0x4>)
100026de:	4770      	bx	lr
100026e0:	10004d50 	.word	0x10004d50

100026e4 <tud_descriptor_string_cb>:
100026e4:	b570      	push	{r4, r5, r6, lr}
100026e6:	0004      	movs	r4, r0
100026e8:	4817      	ldr	r0, [pc, #92]	; (10002748 <tud_descriptor_string_cb+0x64>)
100026ea:	7803      	ldrb	r3, [r0, #0]
100026ec:	2b00      	cmp	r3, #0
100026ee:	d021      	beq.n	10002734 <tud_descriptor_string_cb+0x50>
100026f0:	2c00      	cmp	r4, #0
100026f2:	d106      	bne.n	10002702 <tud_descriptor_string_cb+0x1e>
100026f4:	24c1      	movs	r4, #193	; 0xc1
100026f6:	4815      	ldr	r0, [pc, #84]	; (1000274c <tud_descriptor_string_cb+0x68>)
100026f8:	4b15      	ldr	r3, [pc, #84]	; (10002750 <tud_descriptor_string_cb+0x6c>)
100026fa:	00a4      	lsls	r4, r4, #2
100026fc:	8043      	strh	r3, [r0, #2]
100026fe:	8004      	strh	r4, [r0, #0]
10002700:	bd70      	pop	{r4, r5, r6, pc}
10002702:	2c05      	cmp	r4, #5
10002704:	d81d      	bhi.n	10002742 <tud_descriptor_string_cb+0x5e>
10002706:	4b13      	ldr	r3, [pc, #76]	; (10002754 <tud_descriptor_string_cb+0x70>)
10002708:	4810      	ldr	r0, [pc, #64]	; (1000274c <tud_descriptor_string_cb+0x68>)
1000270a:	00a4      	lsls	r4, r4, #2
1000270c:	58e5      	ldr	r5, [r4, r3]
1000270e:	1c81      	adds	r1, r0, #2
10002710:	2300      	movs	r3, #0
10002712:	e004      	b.n	1000271e <tud_descriptor_string_cb+0x3a>
10002714:	3301      	adds	r3, #1
10002716:	800a      	strh	r2, [r1, #0]
10002718:	3102      	adds	r1, #2
1000271a:	2b13      	cmp	r3, #19
1000271c:	d00e      	beq.n	1000273c <tud_descriptor_string_cb+0x58>
1000271e:	5cea      	ldrb	r2, [r5, r3]
10002720:	b2dc      	uxtb	r4, r3
10002722:	2a00      	cmp	r2, #0
10002724:	d1f6      	bne.n	10002714 <tud_descriptor_string_cb+0x30>
10002726:	23c0      	movs	r3, #192	; 0xc0
10002728:	3401      	adds	r4, #1
1000272a:	b2e4      	uxtb	r4, r4
1000272c:	0064      	lsls	r4, r4, #1
1000272e:	009b      	lsls	r3, r3, #2
10002730:	431c      	orrs	r4, r3
10002732:	e7e4      	b.n	100026fe <tud_descriptor_string_cb+0x1a>
10002734:	2111      	movs	r1, #17
10002736:	f000 f817 	bl	10002768 <pico_get_unique_board_id_string>
1000273a:	e7d9      	b.n	100026f0 <tud_descriptor_string_cb+0xc>
1000273c:	24ca      	movs	r4, #202	; 0xca
1000273e:	00a4      	lsls	r4, r4, #2
10002740:	e7dd      	b.n	100026fe <tud_descriptor_string_cb+0x1a>
10002742:	2000      	movs	r0, #0
10002744:	e7dc      	b.n	10002700 <tud_descriptor_string_cb+0x1c>
10002746:	46c0      	nop			; (mov r8, r8)
10002748:	20001fd8 	.word	0x20001fd8
1000274c:	20001a64 	.word	0x20001a64
10002750:	00000409 	.word	0x00000409
10002754:	10004db8 	.word	0x10004db8

10002758 <_retrieve_unique_id_on_boot>:
10002758:	b510      	push	{r4, lr}
1000275a:	4802      	ldr	r0, [pc, #8]	; (10002764 <_retrieve_unique_id_on_boot+0xc>)
1000275c:	f000 f8d8 	bl	10002910 <flash_get_unique_id>
10002760:	bd10      	pop	{r4, pc}
10002762:	46c0      	nop			; (mov r8, r8)
10002764:	20001ebc 	.word	0x20001ebc

10002768 <pico_get_unique_board_id_string>:
10002768:	b530      	push	{r4, r5, lr}
1000276a:	1e4b      	subs	r3, r1, #1
1000276c:	2901      	cmp	r1, #1
1000276e:	d100      	bne.n	10002772 <pico_get_unique_board_id_string+0xa>
10002770:	e0a7      	b.n	100028c2 <pico_get_unique_board_id_string+0x15a>
10002772:	4a66      	ldr	r2, [pc, #408]	; (1000290c <pico_get_unique_board_id_string+0x1a4>)
10002774:	7811      	ldrb	r1, [r2, #0]
10002776:	110d      	asrs	r5, r1, #4
10002778:	002c      	movs	r4, r5
1000277a:	3430      	adds	r4, #48	; 0x30
1000277c:	299f      	cmp	r1, #159	; 0x9f
1000277e:	d900      	bls.n	10002782 <pico_get_unique_board_id_string+0x1a>
10002780:	e0a2      	b.n	100028c8 <pico_get_unique_board_id_string+0x160>
10002782:	7004      	strb	r4, [r0, #0]
10002784:	2b01      	cmp	r3, #1
10002786:	d100      	bne.n	1000278a <pico_get_unique_board_id_string+0x22>
10002788:	e0be      	b.n	10002908 <pico_get_unique_board_id_string+0x1a0>
1000278a:	210f      	movs	r1, #15
1000278c:	7814      	ldrb	r4, [r2, #0]
1000278e:	4021      	ands	r1, r4
10002790:	000c      	movs	r4, r1
10002792:	3430      	adds	r4, #48	; 0x30
10002794:	2909      	cmp	r1, #9
10002796:	dd00      	ble.n	1000279a <pico_get_unique_board_id_string+0x32>
10002798:	e098      	b.n	100028cc <pico_get_unique_board_id_string+0x164>
1000279a:	7044      	strb	r4, [r0, #1]
1000279c:	2b02      	cmp	r3, #2
1000279e:	d100      	bne.n	100027a2 <pico_get_unique_board_id_string+0x3a>
100027a0:	e0b2      	b.n	10002908 <pico_get_unique_board_id_string+0x1a0>
100027a2:	7854      	ldrb	r4, [r2, #1]
100027a4:	1125      	asrs	r5, r4, #4
100027a6:	0029      	movs	r1, r5
100027a8:	3130      	adds	r1, #48	; 0x30
100027aa:	2c9f      	cmp	r4, #159	; 0x9f
100027ac:	d900      	bls.n	100027b0 <pico_get_unique_board_id_string+0x48>
100027ae:	e090      	b.n	100028d2 <pico_get_unique_board_id_string+0x16a>
100027b0:	7081      	strb	r1, [r0, #2]
100027b2:	2b03      	cmp	r3, #3
100027b4:	d100      	bne.n	100027b8 <pico_get_unique_board_id_string+0x50>
100027b6:	e0a7      	b.n	10002908 <pico_get_unique_board_id_string+0x1a0>
100027b8:	210f      	movs	r1, #15
100027ba:	4021      	ands	r1, r4
100027bc:	000c      	movs	r4, r1
100027be:	3430      	adds	r4, #48	; 0x30
100027c0:	2909      	cmp	r1, #9
100027c2:	dd00      	ble.n	100027c6 <pico_get_unique_board_id_string+0x5e>
100027c4:	e087      	b.n	100028d6 <pico_get_unique_board_id_string+0x16e>
100027c6:	70c4      	strb	r4, [r0, #3]
100027c8:	2b04      	cmp	r3, #4
100027ca:	d100      	bne.n	100027ce <pico_get_unique_board_id_string+0x66>
100027cc:	e09c      	b.n	10002908 <pico_get_unique_board_id_string+0x1a0>
100027ce:	7894      	ldrb	r4, [r2, #2]
100027d0:	1125      	asrs	r5, r4, #4
100027d2:	0029      	movs	r1, r5
100027d4:	3130      	adds	r1, #48	; 0x30
100027d6:	2c9f      	cmp	r4, #159	; 0x9f
100027d8:	d900      	bls.n	100027dc <pico_get_unique_board_id_string+0x74>
100027da:	e07f      	b.n	100028dc <pico_get_unique_board_id_string+0x174>
100027dc:	7101      	strb	r1, [r0, #4]
100027de:	2b05      	cmp	r3, #5
100027e0:	d100      	bne.n	100027e4 <pico_get_unique_board_id_string+0x7c>
100027e2:	e091      	b.n	10002908 <pico_get_unique_board_id_string+0x1a0>
100027e4:	210f      	movs	r1, #15
100027e6:	4021      	ands	r1, r4
100027e8:	000c      	movs	r4, r1
100027ea:	3430      	adds	r4, #48	; 0x30
100027ec:	2909      	cmp	r1, #9
100027ee:	dd00      	ble.n	100027f2 <pico_get_unique_board_id_string+0x8a>
100027f0:	e076      	b.n	100028e0 <pico_get_unique_board_id_string+0x178>
100027f2:	7144      	strb	r4, [r0, #5]
100027f4:	2b06      	cmp	r3, #6
100027f6:	d100      	bne.n	100027fa <pico_get_unique_board_id_string+0x92>
100027f8:	e086      	b.n	10002908 <pico_get_unique_board_id_string+0x1a0>
100027fa:	78d4      	ldrb	r4, [r2, #3]
100027fc:	1125      	asrs	r5, r4, #4
100027fe:	0029      	movs	r1, r5
10002800:	3130      	adds	r1, #48	; 0x30
10002802:	2c9f      	cmp	r4, #159	; 0x9f
10002804:	d900      	bls.n	10002808 <pico_get_unique_board_id_string+0xa0>
10002806:	e06e      	b.n	100028e6 <pico_get_unique_board_id_string+0x17e>
10002808:	7181      	strb	r1, [r0, #6]
1000280a:	2b07      	cmp	r3, #7
1000280c:	d100      	bne.n	10002810 <pico_get_unique_board_id_string+0xa8>
1000280e:	e07b      	b.n	10002908 <pico_get_unique_board_id_string+0x1a0>
10002810:	210f      	movs	r1, #15
10002812:	4021      	ands	r1, r4
10002814:	000c      	movs	r4, r1
10002816:	3430      	adds	r4, #48	; 0x30
10002818:	2909      	cmp	r1, #9
1000281a:	dc66      	bgt.n	100028ea <pico_get_unique_board_id_string+0x182>
1000281c:	71c4      	strb	r4, [r0, #7]
1000281e:	2b08      	cmp	r3, #8
10002820:	d100      	bne.n	10002824 <pico_get_unique_board_id_string+0xbc>
10002822:	e071      	b.n	10002908 <pico_get_unique_board_id_string+0x1a0>
10002824:	7914      	ldrb	r4, [r2, #4]
10002826:	1125      	asrs	r5, r4, #4
10002828:	0029      	movs	r1, r5
1000282a:	3130      	adds	r1, #48	; 0x30
1000282c:	2c9f      	cmp	r4, #159	; 0x9f
1000282e:	d85f      	bhi.n	100028f0 <pico_get_unique_board_id_string+0x188>
10002830:	7201      	strb	r1, [r0, #8]
10002832:	2b09      	cmp	r3, #9
10002834:	d068      	beq.n	10002908 <pico_get_unique_board_id_string+0x1a0>
10002836:	210f      	movs	r1, #15
10002838:	4021      	ands	r1, r4
1000283a:	000c      	movs	r4, r1
1000283c:	3430      	adds	r4, #48	; 0x30
1000283e:	2909      	cmp	r1, #9
10002840:	dc58      	bgt.n	100028f4 <pico_get_unique_board_id_string+0x18c>
10002842:	7244      	strb	r4, [r0, #9]
10002844:	2b0a      	cmp	r3, #10
10002846:	d05f      	beq.n	10002908 <pico_get_unique_board_id_string+0x1a0>
10002848:	7954      	ldrb	r4, [r2, #5]
1000284a:	1125      	asrs	r5, r4, #4
1000284c:	0029      	movs	r1, r5
1000284e:	3130      	adds	r1, #48	; 0x30
10002850:	2c9f      	cmp	r4, #159	; 0x9f
10002852:	d852      	bhi.n	100028fa <pico_get_unique_board_id_string+0x192>
10002854:	7281      	strb	r1, [r0, #10]
10002856:	2b0b      	cmp	r3, #11
10002858:	d056      	beq.n	10002908 <pico_get_unique_board_id_string+0x1a0>
1000285a:	210f      	movs	r1, #15
1000285c:	4021      	ands	r1, r4
1000285e:	000c      	movs	r4, r1
10002860:	3430      	adds	r4, #48	; 0x30
10002862:	2909      	cmp	r1, #9
10002864:	dc4b      	bgt.n	100028fe <pico_get_unique_board_id_string+0x196>
10002866:	72c4      	strb	r4, [r0, #11]
10002868:	2b0c      	cmp	r3, #12
1000286a:	d04d      	beq.n	10002908 <pico_get_unique_board_id_string+0x1a0>
1000286c:	7994      	ldrb	r4, [r2, #6]
1000286e:	1125      	asrs	r5, r4, #4
10002870:	0029      	movs	r1, r5
10002872:	3130      	adds	r1, #48	; 0x30
10002874:	2c9f      	cmp	r4, #159	; 0x9f
10002876:	d900      	bls.n	1000287a <pico_get_unique_board_id_string+0x112>
10002878:	3107      	adds	r1, #7
1000287a:	7301      	strb	r1, [r0, #12]
1000287c:	2b0d      	cmp	r3, #13
1000287e:	d043      	beq.n	10002908 <pico_get_unique_board_id_string+0x1a0>
10002880:	210f      	movs	r1, #15
10002882:	4021      	ands	r1, r4
10002884:	000c      	movs	r4, r1
10002886:	3430      	adds	r4, #48	; 0x30
10002888:	2909      	cmp	r1, #9
1000288a:	dd01      	ble.n	10002890 <pico_get_unique_board_id_string+0x128>
1000288c:	3137      	adds	r1, #55	; 0x37
1000288e:	000c      	movs	r4, r1
10002890:	7344      	strb	r4, [r0, #13]
10002892:	2b0e      	cmp	r3, #14
10002894:	d038      	beq.n	10002908 <pico_get_unique_board_id_string+0x1a0>
10002896:	79d1      	ldrb	r1, [r2, #7]
10002898:	110c      	asrs	r4, r1, #4
1000289a:	0022      	movs	r2, r4
1000289c:	3230      	adds	r2, #48	; 0x30
1000289e:	299f      	cmp	r1, #159	; 0x9f
100028a0:	d900      	bls.n	100028a4 <pico_get_unique_board_id_string+0x13c>
100028a2:	3207      	adds	r2, #7
100028a4:	7382      	strb	r2, [r0, #14]
100028a6:	2b0f      	cmp	r3, #15
100028a8:	d02e      	beq.n	10002908 <pico_get_unique_board_id_string+0x1a0>
100028aa:	220f      	movs	r2, #15
100028ac:	400a      	ands	r2, r1
100028ae:	0011      	movs	r1, r2
100028b0:	3137      	adds	r1, #55	; 0x37
100028b2:	2a09      	cmp	r2, #9
100028b4:	dc01      	bgt.n	100028ba <pico_get_unique_board_id_string+0x152>
100028b6:	3230      	adds	r2, #48	; 0x30
100028b8:	0011      	movs	r1, r2
100028ba:	73c1      	strb	r1, [r0, #15]
100028bc:	2b10      	cmp	r3, #16
100028be:	d023      	beq.n	10002908 <pico_get_unique_board_id_string+0x1a0>
100028c0:	3010      	adds	r0, #16
100028c2:	2300      	movs	r3, #0
100028c4:	7003      	strb	r3, [r0, #0]
100028c6:	bd30      	pop	{r4, r5, pc}
100028c8:	3407      	adds	r4, #7
100028ca:	e75a      	b.n	10002782 <pico_get_unique_board_id_string+0x1a>
100028cc:	3137      	adds	r1, #55	; 0x37
100028ce:	000c      	movs	r4, r1
100028d0:	e763      	b.n	1000279a <pico_get_unique_board_id_string+0x32>
100028d2:	3107      	adds	r1, #7
100028d4:	e76c      	b.n	100027b0 <pico_get_unique_board_id_string+0x48>
100028d6:	3137      	adds	r1, #55	; 0x37
100028d8:	000c      	movs	r4, r1
100028da:	e774      	b.n	100027c6 <pico_get_unique_board_id_string+0x5e>
100028dc:	3107      	adds	r1, #7
100028de:	e77d      	b.n	100027dc <pico_get_unique_board_id_string+0x74>
100028e0:	3137      	adds	r1, #55	; 0x37
100028e2:	000c      	movs	r4, r1
100028e4:	e785      	b.n	100027f2 <pico_get_unique_board_id_string+0x8a>
100028e6:	3107      	adds	r1, #7
100028e8:	e78e      	b.n	10002808 <pico_get_unique_board_id_string+0xa0>
100028ea:	3137      	adds	r1, #55	; 0x37
100028ec:	000c      	movs	r4, r1
100028ee:	e795      	b.n	1000281c <pico_get_unique_board_id_string+0xb4>
100028f0:	3107      	adds	r1, #7
100028f2:	e79d      	b.n	10002830 <pico_get_unique_board_id_string+0xc8>
100028f4:	3137      	adds	r1, #55	; 0x37
100028f6:	000c      	movs	r4, r1
100028f8:	e7a3      	b.n	10002842 <pico_get_unique_board_id_string+0xda>
100028fa:	3107      	adds	r1, #7
100028fc:	e7aa      	b.n	10002854 <pico_get_unique_board_id_string+0xec>
100028fe:	3137      	adds	r1, #55	; 0x37
10002900:	000c      	movs	r4, r1
10002902:	72c4      	strb	r4, [r0, #11]
10002904:	2b0c      	cmp	r3, #12
10002906:	d1b1      	bne.n	1000286c <pico_get_unique_board_id_string+0x104>
10002908:	18c0      	adds	r0, r0, r3
1000290a:	e7da      	b.n	100028c2 <pico_get_unique_board_id_string+0x15a>
1000290c:	20001ebc 	.word	0x20001ebc

10002910 <flash_get_unique_id>:
10002910:	b530      	push	{r4, r5, lr}
10002912:	2500      	movs	r5, #0
10002914:	b089      	sub	sp, #36	; 0x24
10002916:	0004      	movs	r4, r0
10002918:	2209      	movs	r2, #9
1000291a:	2100      	movs	r1, #0
1000291c:	a801      	add	r0, sp, #4
1000291e:	9500      	str	r5, [sp, #0]
10002920:	f7ff fa94 	bl	10001e4c <__wrap_memset>
10002924:	2209      	movs	r2, #9
10002926:	2100      	movs	r1, #0
10002928:	a805      	add	r0, sp, #20
1000292a:	9504      	str	r5, [sp, #16]
1000292c:	f7ff fa8e 	bl	10001e4c <__wrap_memset>
10002930:	234b      	movs	r3, #75	; 0x4b
10002932:	466a      	mov	r2, sp
10002934:	4668      	mov	r0, sp
10002936:	7013      	strb	r3, [r2, #0]
10002938:	a904      	add	r1, sp, #16
1000293a:	220d      	movs	r2, #13
1000293c:	f002 f850 	bl	100049e0 <__flash_do_cmd_veneer>
10002940:	2115      	movs	r1, #21
10002942:	2208      	movs	r2, #8
10002944:	0020      	movs	r0, r4
10002946:	4469      	add	r1, sp
10002948:	f7ff fa86 	bl	10001e58 <__wrap___aeabi_memcpy>
1000294c:	b009      	add	sp, #36	; 0x24
1000294e:	bd30      	pop	{r4, r5, pc}

10002950 <dcd_init>:
10002950:	b5f8      	push	{r3, r4, r5, r6, r7, lr}
10002952:	f000 f945 	bl	10002be0 <rp2040_usb_init>
10002956:	230c      	movs	r3, #12
10002958:	4d19      	ldr	r5, [pc, #100]	; (100029c0 <dcd_init+0x70>)
1000295a:	22ff      	movs	r2, #255	; 0xff
1000295c:	67ab      	str	r3, [r5, #120]	; 0x78
1000295e:	2005      	movs	r0, #5
10002960:	4918      	ldr	r1, [pc, #96]	; (100029c4 <dcd_init+0x74>)
10002962:	f7fd ff47 	bl	100007f4 <irq_add_shared_handler>
10002966:	4c18      	ldr	r4, [pc, #96]	; (100029c8 <dcd_init+0x78>)
10002968:	2240      	movs	r2, #64	; 0x40
1000296a:	2100      	movs	r1, #0
1000296c:	0020      	movs	r0, r4
1000296e:	f7ff fa6d 	bl	10001e4c <__wrap_memset>
10002972:	2740      	movs	r7, #64	; 0x40
10002974:	2300      	movs	r3, #0
10002976:	2601      	movs	r6, #1
10002978:	2121      	movs	r1, #33	; 0x21
1000297a:	4a14      	ldr	r2, [pc, #80]	; (100029cc <dcd_init+0x7c>)
1000297c:	7066      	strb	r6, [r4, #1]
1000297e:	8327      	strh	r7, [r4, #24]
10002980:	60a2      	str	r2, [r4, #8]
10002982:	6013      	str	r3, [r2, #0]
10002984:	5463      	strb	r3, [r4, r1]
10002986:	315f      	adds	r1, #95	; 0x5f
10002988:	8461      	strh	r1, [r4, #34]	; 0x22
1000298a:	3945      	subs	r1, #69	; 0x45
1000298c:	5463      	strb	r3, [r4, r1]
1000298e:	4a10      	ldr	r2, [pc, #64]	; (100029d0 <dcd_init+0x80>)
10002990:	4910      	ldr	r1, [pc, #64]	; (100029d4 <dcd_init+0x84>)
10002992:	6063      	str	r3, [r4, #4]
10002994:	60e2      	str	r2, [r4, #12]
10002996:	8727      	strh	r7, [r4, #56]	; 0x38
10002998:	62a1      	str	r1, [r4, #40]	; 0x28
1000299a:	600b      	str	r3, [r1, #0]
1000299c:	6263      	str	r3, [r4, #36]	; 0x24
1000299e:	62e2      	str	r2, [r4, #44]	; 0x2c
100029a0:	f002 f82e 	bl	10004a00 <__reset_non_control_endpoints_veneer>
100029a4:	2380      	movs	r3, #128	; 0x80
100029a6:	059b      	lsls	r3, r3, #22
100029a8:	642e      	str	r6, [r5, #64]	; 0x40
100029aa:	64eb      	str	r3, [r5, #76]	; 0x4c
100029ac:	2390      	movs	r3, #144	; 0x90
100029ae:	4a0a      	ldr	r2, [pc, #40]	; (100029d8 <dcd_init+0x88>)
100029b0:	2001      	movs	r0, #1
100029b2:	50ea      	str	r2, [r5, r3]
100029b4:	2280      	movs	r2, #128	; 0x80
100029b6:	4b09      	ldr	r3, [pc, #36]	; (100029dc <dcd_init+0x8c>)
100029b8:	0252      	lsls	r2, r2, #9
100029ba:	64da      	str	r2, [r3, #76]	; 0x4c
100029bc:	bdf8      	pop	{r3, r4, r5, r6, r7, pc}
100029be:	46c0      	nop			; (mov r8, r8)
100029c0:	50110000 	.word	0x50110000
100029c4:	20000549 	.word	0x20000549
100029c8:	20001a98 	.word	0x20001a98
100029cc:	50100084 	.word	0x50100084
100029d0:	50100100 	.word	0x50100100
100029d4:	50100080 	.word	0x50100080
100029d8:	0001d010 	.word	0x0001d010
100029dc:	50112000 	.word	0x50112000

100029e0 <dcd_int_enable>:
100029e0:	b510      	push	{r4, lr}
100029e2:	2101      	movs	r1, #1
100029e4:	2005      	movs	r0, #5
100029e6:	f7fd fea3 	bl	10000730 <irq_set_enabled>
100029ea:	bd10      	pop	{r4, pc}

100029ec <dcd_set_address>:
100029ec:	b510      	push	{r4, lr}
100029ee:	2200      	movs	r2, #0
100029f0:	2100      	movs	r1, #0
100029f2:	4802      	ldr	r0, [pc, #8]	; (100029fc <dcd_set_address+0x10>)
100029f4:	f000 f914 	bl	10002c20 <hw_endpoint_xfer_start>
100029f8:	bd10      	pop	{r4, pc}
100029fa:	46c0      	nop			; (mov r8, r8)
100029fc:	20001ab8 	.word	0x20001ab8

10002a00 <dcd_sof_enable>:
10002a00:	4b04      	ldr	r3, [pc, #16]	; (10002a14 <dcd_sof_enable+0x14>)
10002a02:	7019      	strb	r1, [r3, #0]
10002a04:	2900      	cmp	r1, #0
10002a06:	d004      	beq.n	10002a12 <dcd_sof_enable+0x12>
10002a08:	2180      	movs	r1, #128	; 0x80
10002a0a:	2390      	movs	r3, #144	; 0x90
10002a0c:	4a02      	ldr	r2, [pc, #8]	; (10002a18 <dcd_sof_enable+0x18>)
10002a0e:	0289      	lsls	r1, r1, #10
10002a10:	50d1      	str	r1, [r2, r3]
10002a12:	4770      	bx	lr
10002a14:	20001fea 	.word	0x20001fea
10002a18:	50112000 	.word	0x50112000

10002a1c <dcd_edpt0_status_complete>:
10002a1c:	780b      	ldrb	r3, [r1, #0]
10002a1e:	065b      	lsls	r3, r3, #25
10002a20:	d102      	bne.n	10002a28 <dcd_edpt0_status_complete+0xc>
10002a22:	784b      	ldrb	r3, [r1, #1]
10002a24:	2b05      	cmp	r3, #5
10002a26:	d000      	beq.n	10002a2a <dcd_edpt0_status_complete+0xe>
10002a28:	4770      	bx	lr
10002a2a:	788a      	ldrb	r2, [r1, #2]
10002a2c:	4b01      	ldr	r3, [pc, #4]	; (10002a34 <dcd_edpt0_status_complete+0x18>)
10002a2e:	601a      	str	r2, [r3, #0]
10002a30:	e7fa      	b.n	10002a28 <dcd_edpt0_status_complete+0xc>
10002a32:	46c0      	nop			; (mov r8, r8)
10002a34:	50110000 	.word	0x50110000

10002a38 <dcd_edpt_open>:
10002a38:	b5f0      	push	{r4, r5, r6, r7, lr}
10002a3a:	46c6      	mov	lr, r8
10002a3c:	78c8      	ldrb	r0, [r1, #3]
10002a3e:	b500      	push	{lr}
10002a40:	0780      	lsls	r0, r0, #30
10002a42:	0f83      	lsrs	r3, r0, #30
10002a44:	0018      	movs	r0, r3
10002a46:	2b01      	cmp	r3, #1
10002a48:	d061      	beq.n	10002b0e <dcd_edpt_open+0xd6>
10002a4a:	788f      	ldrb	r7, [r1, #2]
10002a4c:	790c      	ldrb	r4, [r1, #4]
10002a4e:	794b      	ldrb	r3, [r1, #5]
10002a50:	217f      	movs	r1, #127	; 0x7f
10002a52:	021b      	lsls	r3, r3, #8
10002a54:	4039      	ands	r1, r7
10002a56:	4323      	orrs	r3, r4
10002a58:	004e      	lsls	r6, r1, #1
10002a5a:	09fc      	lsrs	r4, r7, #7
10002a5c:	4d33      	ldr	r5, [pc, #204]	; (10002b2c <dcd_edpt_open+0xf4>)
10002a5e:	1932      	adds	r2, r6, r4
10002a60:	0152      	lsls	r2, r2, #5
10002a62:	18aa      	adds	r2, r5, r2
10002a64:	7097      	strb	r7, [r2, #2]
10002a66:	2701      	movs	r7, #1
10002a68:	4067      	eors	r7, r4
10002a6a:	7057      	strb	r7, [r2, #1]
10002a6c:	2700      	movs	r7, #0
10002a6e:	055b      	lsls	r3, r3, #21
10002a70:	0d5b      	lsrs	r3, r3, #21
10002a72:	70d7      	strb	r7, [r2, #3]
10002a74:	8313      	strh	r3, [r2, #24]
10002a76:	76d0      	strb	r0, [r2, #27]
10002a78:	46b8      	mov	r8, r7
10002a7a:	00ca      	lsls	r2, r1, #3
10002a7c:	2c01      	cmp	r4, #1
10002a7e:	d032      	beq.n	10002ae6 <dcd_edpt_open+0xae>
10002a80:	4f2b      	ldr	r7, [pc, #172]	; (10002b30 <dcd_edpt_open+0xf8>)
10002a82:	46bc      	mov	ip, r7
10002a84:	018f      	lsls	r7, r1, #6
10002a86:	4462      	add	r2, ip
10002a88:	46bc      	mov	ip, r7
10002a8a:	44ac      	add	ip, r5
10002a8c:	4667      	mov	r7, ip
10002a8e:	60ba      	str	r2, [r7, #8]
10002a90:	4647      	mov	r7, r8
10002a92:	6017      	str	r7, [r2, #0]
10002a94:	2900      	cmp	r1, #0
10002a96:	d032      	beq.n	10002afe <dcd_edpt_open+0xc6>
10002a98:	4a26      	ldr	r2, [pc, #152]	; (10002b34 <dcd_edpt_open+0xfc>)
10002a9a:	00c9      	lsls	r1, r1, #3
10002a9c:	4690      	mov	r8, r2
10002a9e:	4662      	mov	r2, ip
10002aa0:	4441      	add	r1, r8
10002aa2:	6051      	str	r1, [r2, #4]
10002aa4:	223f      	movs	r2, #63	; 0x3f
10002aa6:	333f      	adds	r3, #63	; 0x3f
10002aa8:	4393      	bics	r3, r2
10002aaa:	2802      	cmp	r0, #2
10002aac:	d038      	beq.n	10002b20 <dcd_edpt_open+0xe8>
10002aae:	4922      	ldr	r1, [pc, #136]	; (10002b38 <dcd_edpt_open+0x100>)
10002ab0:	1937      	adds	r7, r6, r4
10002ab2:	680a      	ldr	r2, [r1, #0]
10002ab4:	017f      	lsls	r7, r7, #5
10002ab6:	18d3      	adds	r3, r2, r3
10002ab8:	600b      	str	r3, [r1, #0]
10002aba:	4920      	ldr	r1, [pc, #128]	; (10002b3c <dcd_edpt_open+0x104>)
10002abc:	19ef      	adds	r7, r5, r7
10002abe:	60fa      	str	r2, [r7, #12]
10002ac0:	428b      	cmp	r3, r1
10002ac2:	d82f      	bhi.n	10002b24 <dcd_edpt_open+0xec>
10002ac4:	1934      	adds	r4, r6, r4
10002ac6:	0164      	lsls	r4, r4, #5
10002ac8:	192d      	adds	r5, r5, r4
10002aca:	7eeb      	ldrb	r3, [r5, #27]
10002acc:	491c      	ldr	r1, [pc, #112]	; (10002b40 <dcd_edpt_open+0x108>)
10002ace:	069b      	lsls	r3, r3, #26
10002ad0:	404a      	eors	r2, r1
10002ad2:	4313      	orrs	r3, r2
10002ad4:	2280      	movs	r2, #128	; 0x80
10002ad6:	2001      	movs	r0, #1
10002ad8:	0612      	lsls	r2, r2, #24
10002ada:	4313      	orrs	r3, r2
10002adc:	686a      	ldr	r2, [r5, #4]
10002ade:	6013      	str	r3, [r2, #0]
10002ae0:	bc80      	pop	{r7}
10002ae2:	46b8      	mov	r8, r7
10002ae4:	bdf0      	pop	{r4, r5, r6, r7, pc}
10002ae6:	4f17      	ldr	r7, [pc, #92]	; (10002b44 <dcd_edpt_open+0x10c>)
10002ae8:	46bc      	mov	ip, r7
10002aea:	018f      	lsls	r7, r1, #6
10002aec:	4462      	add	r2, ip
10002aee:	46bc      	mov	ip, r7
10002af0:	44ac      	add	ip, r5
10002af2:	4667      	mov	r7, ip
10002af4:	62ba      	str	r2, [r7, #40]	; 0x28
10002af6:	4647      	mov	r7, r8
10002af8:	6017      	str	r7, [r2, #0]
10002afa:	2900      	cmp	r1, #0
10002afc:	d109      	bne.n	10002b12 <dcd_edpt_open+0xda>
10002afe:	2300      	movs	r3, #0
10002b00:	0164      	lsls	r4, r4, #5
10002b02:	192d      	adds	r5, r5, r4
10002b04:	606b      	str	r3, [r5, #4]
10002b06:	4b10      	ldr	r3, [pc, #64]	; (10002b48 <dcd_edpt_open+0x110>)
10002b08:	2001      	movs	r0, #1
10002b0a:	60eb      	str	r3, [r5, #12]
10002b0c:	e7e8      	b.n	10002ae0 <dcd_edpt_open+0xa8>
10002b0e:	2000      	movs	r0, #0
10002b10:	e7e6      	b.n	10002ae0 <dcd_edpt_open+0xa8>
10002b12:	4a0b      	ldr	r2, [pc, #44]	; (10002b40 <dcd_edpt_open+0x108>)
10002b14:	00c9      	lsls	r1, r1, #3
10002b16:	4690      	mov	r8, r2
10002b18:	4662      	mov	r2, ip
10002b1a:	4441      	add	r1, r8
10002b1c:	6251      	str	r1, [r2, #36]	; 0x24
10002b1e:	e7c1      	b.n	10002aa4 <dcd_edpt_open+0x6c>
10002b20:	005b      	lsls	r3, r3, #1
10002b22:	e7c4      	b.n	10002aae <dcd_edpt_open+0x76>
10002b24:	f7fe ff72 	bl	10001a0c <hard_assertion_failure>
10002b28:	68fa      	ldr	r2, [r7, #12]
10002b2a:	e7cb      	b.n	10002ac4 <dcd_edpt_open+0x8c>
10002b2c:	20001a98 	.word	0x20001a98
10002b30:	50100084 	.word	0x50100084
10002b34:	50100004 	.word	0x50100004
10002b38:	20001ea0 	.word	0x20001ea0
10002b3c:	50100fff 	.word	0x50100fff
10002b40:	50100000 	.word	0x50100000
10002b44:	50100080 	.word	0x50100080
10002b48:	50100100 	.word	0x50100100

10002b4c <dcd_edpt_close_all>:
10002b4c:	b510      	push	{r4, lr}
10002b4e:	f001 ff57 	bl	10004a00 <__reset_non_control_endpoints_veneer>
10002b52:	bd10      	pop	{r4, pc}

10002b54 <dcd_edpt_xfer>:
10002b54:	b510      	push	{r4, lr}
10002b56:	207f      	movs	r0, #127	; 0x7f
10002b58:	000c      	movs	r4, r1
10002b5a:	4020      	ands	r0, r4
10002b5c:	0040      	lsls	r0, r0, #1
10002b5e:	09e4      	lsrs	r4, r4, #7
10002b60:	0011      	movs	r1, r2
10002b62:	1900      	adds	r0, r0, r4
10002b64:	001a      	movs	r2, r3
10002b66:	4b03      	ldr	r3, [pc, #12]	; (10002b74 <dcd_edpt_xfer+0x20>)
10002b68:	0140      	lsls	r0, r0, #5
10002b6a:	18c0      	adds	r0, r0, r3
10002b6c:	f000 f858 	bl	10002c20 <hw_endpoint_xfer_start>
10002b70:	2001      	movs	r0, #1
10002b72:	bd10      	pop	{r4, pc}
10002b74:	20001a98 	.word	0x20001a98

10002b78 <dcd_edpt_stall>:
10002b78:	227f      	movs	r2, #127	; 0x7f
10002b7a:	0013      	movs	r3, r2
10002b7c:	b510      	push	{r4, lr}
10002b7e:	400b      	ands	r3, r1
10002b80:	420a      	tst	r2, r1
10002b82:	d00b      	beq.n	10002b9c <dcd_edpt_stall+0x24>
10002b84:	09c9      	lsrs	r1, r1, #7
10002b86:	2280      	movs	r2, #128	; 0x80
10002b88:	0058      	lsls	r0, r3, #1
10002b8a:	1840      	adds	r0, r0, r1
10002b8c:	4906      	ldr	r1, [pc, #24]	; (10002ba8 <dcd_edpt_stall+0x30>)
10002b8e:	0140      	lsls	r0, r0, #5
10002b90:	1840      	adds	r0, r0, r1
10002b92:	0112      	lsls	r2, r2, #4
10002b94:	2100      	movs	r1, #0
10002b96:	f001 ff73 	bl	10004a80 <___hw_endpoint_buffer_control_update32_veneer>
10002b9a:	bd10      	pop	{r4, pc}
10002b9c:	2202      	movs	r2, #2
10002b9e:	4803      	ldr	r0, [pc, #12]	; (10002bac <dcd_edpt_stall+0x34>)
10002ba0:	09c9      	lsrs	r1, r1, #7
10002ba2:	1a52      	subs	r2, r2, r1
10002ba4:	6682      	str	r2, [r0, #104]	; 0x68
10002ba6:	e7ee      	b.n	10002b86 <dcd_edpt_stall+0xe>
10002ba8:	20001a98 	.word	0x20001a98
10002bac:	50112000 	.word	0x50112000

10002bb0 <dcd_edpt_clear_stall>:
10002bb0:	227f      	movs	r2, #127	; 0x7f
10002bb2:	0010      	movs	r0, r2
10002bb4:	b510      	push	{r4, lr}
10002bb6:	4008      	ands	r0, r1
10002bb8:	420a      	tst	r2, r1
10002bba:	d100      	bne.n	10002bbe <dcd_edpt_clear_stall+0xe>
10002bbc:	bd10      	pop	{r4, pc}
10002bbe:	2300      	movs	r3, #0
10002bc0:	09c9      	lsrs	r1, r1, #7
10002bc2:	0040      	lsls	r0, r0, #1
10002bc4:	1840      	adds	r0, r0, r1
10002bc6:	4904      	ldr	r1, [pc, #16]	; (10002bd8 <dcd_edpt_clear_stall+0x28>)
10002bc8:	0140      	lsls	r0, r0, #5
10002bca:	1808      	adds	r0, r1, r0
10002bcc:	2200      	movs	r2, #0
10002bce:	4903      	ldr	r1, [pc, #12]	; (10002bdc <dcd_edpt_clear_stall+0x2c>)
10002bd0:	70c3      	strb	r3, [r0, #3]
10002bd2:	f001 ff55 	bl	10004a80 <___hw_endpoint_buffer_control_update32_veneer>
10002bd6:	e7f1      	b.n	10002bbc <dcd_edpt_clear_stall+0xc>
10002bd8:	20001a98 	.word	0x20001a98
10002bdc:	fffff7ff 	.word	0xfffff7ff

10002be0 <rp2040_usb_init>:
10002be0:	2280      	movs	r2, #128	; 0x80
10002be2:	4b0a      	ldr	r3, [pc, #40]	; (10002c0c <rp2040_usb_init+0x2c>)
10002be4:	0452      	lsls	r2, r2, #17
10002be6:	b510      	push	{r4, lr}
10002be8:	601a      	str	r2, [r3, #0]
10002bea:	4b09      	ldr	r3, [pc, #36]	; (10002c10 <rp2040_usb_init+0x30>)
10002bec:	4909      	ldr	r1, [pc, #36]	; (10002c14 <rp2040_usb_init+0x34>)
10002bee:	601a      	str	r2, [r3, #0]
10002bf0:	0010      	movs	r0, r2
10002bf2:	680b      	ldr	r3, [r1, #0]
10002bf4:	4398      	bics	r0, r3
10002bf6:	d1fb      	bne.n	10002bf0 <rp2040_usb_init+0x10>
10002bf8:	2280      	movs	r2, #128	; 0x80
10002bfa:	2100      	movs	r1, #0
10002bfc:	0152      	lsls	r2, r2, #5
10002bfe:	4806      	ldr	r0, [pc, #24]	; (10002c18 <rp2040_usb_init+0x38>)
10002c00:	f7ff f924 	bl	10001e4c <__wrap_memset>
10002c04:	2209      	movs	r2, #9
10002c06:	4b05      	ldr	r3, [pc, #20]	; (10002c1c <rp2040_usb_init+0x3c>)
10002c08:	675a      	str	r2, [r3, #116]	; 0x74
10002c0a:	bd10      	pop	{r4, pc}
10002c0c:	4000e000 	.word	0x4000e000
10002c10:	4000f000 	.word	0x4000f000
10002c14:	4000c008 	.word	0x4000c008
10002c18:	50100000 	.word	0x50100000
10002c1c:	50110000 	.word	0x50110000

10002c20 <hw_endpoint_xfer_start>:
10002c20:	b570      	push	{r4, r5, r6, lr}
10002c22:	7e83      	ldrb	r3, [r0, #26]
10002c24:	0004      	movs	r4, r0
10002c26:	000d      	movs	r5, r1
10002c28:	0016      	movs	r6, r2
10002c2a:	2b00      	cmp	r3, #0
10002c2c:	d117      	bne.n	10002c5e <hw_endpoint_xfer_start+0x3e>
10002c2e:	2300      	movs	r3, #0
10002c30:	82e3      	strh	r3, [r4, #22]
10002c32:	3301      	adds	r3, #1
10002c34:	0020      	movs	r0, r4
10002c36:	82a6      	strh	r6, [r4, #20]
10002c38:	76a3      	strb	r3, [r4, #26]
10002c3a:	6125      	str	r5, [r4, #16]
10002c3c:	f001 fec8 	bl	100049d0 <__e15_is_bulkin_ep_veneer>
10002c40:	2800      	cmp	r0, #0
10002c42:	d004      	beq.n	10002c4e <hw_endpoint_xfer_start+0x2e>
10002c44:	2180      	movs	r1, #128	; 0x80
10002c46:	2390      	movs	r3, #144	; 0x90
10002c48:	4a08      	ldr	r2, [pc, #32]	; (10002c6c <hw_endpoint_xfer_start+0x4c>)
10002c4a:	0289      	lsls	r1, r1, #10
10002c4c:	50d1      	str	r1, [r2, r3]
10002c4e:	0020      	movs	r0, r4
10002c50:	f001 fef6 	bl	10004a40 <__e15_is_critical_frame_period_veneer>
10002c54:	2800      	cmp	r0, #0
10002c56:	d005      	beq.n	10002c64 <hw_endpoint_xfer_start+0x44>
10002c58:	2301      	movs	r3, #1
10002c5a:	7723      	strb	r3, [r4, #28]
10002c5c:	bd70      	pop	{r4, r5, r6, pc}
10002c5e:	f001 ff07 	bl	10004a70 <__hw_endpoint_reset_transfer_veneer>
10002c62:	e7e4      	b.n	10002c2e <hw_endpoint_xfer_start+0xe>
10002c64:	0020      	movs	r0, r4
10002c66:	f001 fefb 	bl	10004a60 <__hw_endpoint_start_next_buffer_veneer>
10002c6a:	e7f7      	b.n	10002c5c <hw_endpoint_xfer_start+0x3c>
10002c6c:	50112000 	.word	0x50112000

10002c70 <tud_event_hook_cb>:
10002c70:	4770      	bx	lr
10002c72:	46c0      	nop			; (mov r8, r8)

10002c74 <tud_sof_cb>:
10002c74:	4770      	bx	lr
10002c76:	46c0      	nop			; (mov r8, r8)

10002c78 <tud_descriptor_device_qualifier_cb>:
10002c78:	2000      	movs	r0, #0
10002c7a:	4770      	bx	lr

10002c7c <tud_descriptor_other_speed_configuration_cb>:
10002c7c:	2000      	movs	r0, #0
10002c7e:	4770      	bx	lr

10002c80 <tud_mount_cb>:
10002c80:	4770      	bx	lr
10002c82:	46c0      	nop			; (mov r8, r8)

10002c84 <tud_umount_cb>:
10002c84:	4770      	bx	lr
10002c86:	46c0      	nop			; (mov r8, r8)

10002c88 <tud_suspend_cb>:
10002c88:	4770      	bx	lr
10002c8a:	46c0      	nop			; (mov r8, r8)

10002c8c <tud_resume_cb>:
10002c8c:	4770      	bx	lr
10002c8e:	46c0      	nop			; (mov r8, r8)

10002c90 <tud_mounted>:
10002c90:	4b02      	ldr	r3, [pc, #8]	; (10002c9c <tud_mounted+0xc>)
10002c92:	7858      	ldrb	r0, [r3, #1]
10002c94:	1e43      	subs	r3, r0, #1
10002c96:	4198      	sbcs	r0, r3
10002c98:	b2c0      	uxtb	r0, r0
10002c9a:	4770      	bx	lr
10002c9c:	20001544 	.word	0x20001544

10002ca0 <tud_suspended>:
10002ca0:	4b02      	ldr	r3, [pc, #8]	; (10002cac <tud_suspended+0xc>)
10002ca2:	7818      	ldrb	r0, [r3, #0]
10002ca4:	0740      	lsls	r0, r0, #29
10002ca6:	0fc0      	lsrs	r0, r0, #31
10002ca8:	4770      	bx	lr
10002caa:	46c0      	nop			; (mov r8, r8)
10002cac:	20001544 	.word	0x20001544

10002cb0 <tud_rhport_init>:
10002cb0:	b5f0      	push	{r4, r5, r6, r7, lr}
10002cb2:	4646      	mov	r6, r8
10002cb4:	464f      	mov	r7, r9
10002cb6:	46d6      	mov	lr, sl
10002cb8:	b5c0      	push	{r6, r7, lr}
10002cba:	4b2f      	ldr	r3, [pc, #188]	; (10002d78 <tud_rhport_init+0xc8>)
10002cbc:	4681      	mov	r9, r0
10002cbe:	4698      	mov	r8, r3
10002cc0:	781b      	ldrb	r3, [r3, #0]
10002cc2:	000e      	movs	r6, r1
10002cc4:	2401      	movs	r4, #1
10002cc6:	2bff      	cmp	r3, #255	; 0xff
10002cc8:	d143      	bne.n	10002d52 <tud_rhport_init+0xa2>
10002cca:	2900      	cmp	r1, #0
10002ccc:	d040      	beq.n	10002d50 <tud_rhport_init+0xa0>
10002cce:	2100      	movs	r1, #0
10002cd0:	2254      	movs	r2, #84	; 0x54
10002cd2:	482a      	ldr	r0, [pc, #168]	; (10002d7c <tud_rhport_init+0xcc>)
10002cd4:	f7ff f8ba 	bl	10001e4c <__wrap_memset>
10002cd8:	2200      	movs	r2, #0
10002cda:	4c29      	ldr	r4, [pc, #164]	; (10002d80 <tud_rhport_init+0xd0>)
10002cdc:	4b29      	ldr	r3, [pc, #164]	; (10002d84 <tud_rhport_init+0xd4>)
10002cde:	0020      	movs	r0, r4
10002ce0:	701a      	strb	r2, [r3, #0]
10002ce2:	f7fd ff1d 	bl	10000b20 <mutex_init>
10002ce6:	4b28      	ldr	r3, [pc, #160]	; (10002d88 <tud_rhport_init+0xd8>)
10002ce8:	601c      	str	r4, [r3, #0]
10002cea:	4c28      	ldr	r4, [pc, #160]	; (10002d8c <tud_rhport_init+0xdc>)
10002cec:	0020      	movs	r0, r4
10002cee:	3014      	adds	r0, #20
10002cf0:	f7fd ff24 	bl	10000b3c <critical_section_init>
10002cf4:	0020      	movs	r0, r4
10002cf6:	f001 fdf7 	bl	100048e8 <tu_fifo_clear>
10002cfa:	4b25      	ldr	r3, [pc, #148]	; (10002d90 <tud_rhport_init+0xe0>)
10002cfc:	4d25      	ldr	r5, [pc, #148]	; (10002d94 <tud_rhport_init+0xe4>)
10002cfe:	601c      	str	r4, [r3, #0]
10002d00:	4b25      	ldr	r3, [pc, #148]	; (10002d98 <tud_rhport_init+0xe8>)
10002d02:	2b00      	cmp	r3, #0
10002d04:	d004      	beq.n	10002d10 <tud_rhport_init+0x60>
10002d06:	0028      	movs	r0, r5
10002d08:	f7ff fabc 	bl	10002284 <usbd_app_driver_get_cb>
10002d0c:	4b23      	ldr	r3, [pc, #140]	; (10002d9c <tud_rhport_init+0xec>)
10002d0e:	6018      	str	r0, [r3, #0]
10002d10:	4923      	ldr	r1, [pc, #140]	; (10002da0 <tud_rhport_init+0xf0>)
10002d12:	2400      	movs	r4, #0
10002d14:	2300      	movs	r3, #0
10002d16:	468a      	mov	sl, r1
10002d18:	782a      	ldrb	r2, [r5, #0]
10002d1a:	4f20      	ldr	r7, [pc, #128]	; (10002d9c <tud_rhport_init+0xec>)
10002d1c:	e010      	b.n	10002d40 <tud_rhport_init+0x90>
10002d1e:	683a      	ldr	r2, [r7, #0]
10002d20:	0163      	lsls	r3, r4, #5
10002d22:	4694      	mov	ip, r2
10002d24:	4463      	add	r3, ip
10002d26:	2b00      	cmp	r3, #0
10002d28:	d012      	beq.n	10002d50 <tud_rhport_init+0xa0>
10002d2a:	685b      	ldr	r3, [r3, #4]
10002d2c:	2b00      	cmp	r3, #0
10002d2e:	d00f      	beq.n	10002d50 <tud_rhport_init+0xa0>
10002d30:	4798      	blx	r3
10002d32:	782a      	ldrb	r2, [r5, #0]
10002d34:	3401      	adds	r4, #1
10002d36:	b2e4      	uxtb	r4, r4
10002d38:	1c51      	adds	r1, r2, #1
10002d3a:	0023      	movs	r3, r4
10002d3c:	42a1      	cmp	r1, r4
10002d3e:	db0e      	blt.n	10002d5e <tud_rhport_init+0xae>
10002d40:	42a2      	cmp	r2, r4
10002d42:	d8ec      	bhi.n	10002d1e <tud_rhport_init+0x6e>
10002d44:	1a9b      	subs	r3, r3, r2
10002d46:	015b      	lsls	r3, r3, #5
10002d48:	4453      	add	r3, sl
10002d4a:	685b      	ldr	r3, [r3, #4]
10002d4c:	2b00      	cmp	r3, #0
10002d4e:	d1ef      	bne.n	10002d30 <tud_rhport_init+0x80>
10002d50:	2400      	movs	r4, #0
10002d52:	0020      	movs	r0, r4
10002d54:	bce0      	pop	{r5, r6, r7}
10002d56:	46ba      	mov	sl, r7
10002d58:	46b1      	mov	r9, r6
10002d5a:	46a8      	mov	r8, r5
10002d5c:	bdf0      	pop	{r4, r5, r6, r7, pc}
10002d5e:	4643      	mov	r3, r8
10002d60:	464a      	mov	r2, r9
10002d62:	0031      	movs	r1, r6
10002d64:	4648      	mov	r0, r9
10002d66:	701a      	strb	r2, [r3, #0]
10002d68:	f7ff fdf2 	bl	10002950 <dcd_init>
10002d6c:	1e04      	subs	r4, r0, #0
10002d6e:	d0ef      	beq.n	10002d50 <tud_rhport_init+0xa0>
10002d70:	4648      	mov	r0, r9
10002d72:	f7ff fe35 	bl	100029e0 <dcd_int_enable>
10002d76:	e7ec      	b.n	10002d52 <tud_rhport_init+0xa2>
10002d78:	200010e4 	.word	0x200010e4
10002d7c:	20001544 	.word	0x20001544
10002d80:	2000153c 	.word	0x2000153c
10002d84:	20001feb 	.word	0x20001feb
10002d88:	20001598 	.word	0x20001598
10002d8c:	200010c8 	.word	0x200010c8
10002d90:	2000159c 	.word	0x2000159c
10002d94:	20001fe9 	.word	0x20001fe9
10002d98:	10002285 	.word	0x10002285
10002d9c:	20001394 	.word	0x20001394
10002da0:	10004ed4 	.word	0x10004ed4

10002da4 <tud_task_ext>:
10002da4:	b5f0      	push	{r4, r5, r6, r7, lr}
10002da6:	46de      	mov	lr, fp
10002da8:	4657      	mov	r7, sl
10002daa:	464e      	mov	r6, r9
10002dac:	4645      	mov	r5, r8
10002dae:	b5e0      	push	{r5, r6, r7, lr}
10002db0:	4bc4      	ldr	r3, [pc, #784]	; (100030c4 <tud_task_ext+0x320>)
10002db2:	b08b      	sub	sp, #44	; 0x2c
10002db4:	781b      	ldrb	r3, [r3, #0]
10002db6:	2bff      	cmp	r3, #255	; 0xff
10002db8:	d100      	bne.n	10002dbc <tud_task_ext+0x18>
10002dba:	e12e      	b.n	1000301a <tud_task_ext+0x276>
10002dbc:	4bc2      	ldr	r3, [pc, #776]	; (100030c8 <tud_task_ext+0x324>)
10002dbe:	4dc3      	ldr	r5, [pc, #780]	; (100030cc <tud_task_ext+0x328>)
10002dc0:	469a      	mov	sl, r3
10002dc2:	ac07      	add	r4, sp, #28
10002dc4:	682e      	ldr	r6, [r5, #0]
10002dc6:	6972      	ldr	r2, [r6, #20]
10002dc8:	f3ef 8110 	mrs	r1, PRIMASK
10002dcc:	b672      	cpsid	i
10002dce:	6813      	ldr	r3, [r2, #0]
10002dd0:	2b00      	cmp	r3, #0
10002dd2:	d0fc      	beq.n	10002dce <tud_task_ext+0x2a>
10002dd4:	f3bf 8f5f 	dmb	sy
10002dd8:	61b1      	str	r1, [r6, #24]
10002dda:	0030      	movs	r0, r6
10002ddc:	0021      	movs	r1, r4
10002dde:	f001 fbc5 	bl	1000456c <tu_fifo_read>
10002de2:	6972      	ldr	r2, [r6, #20]
10002de4:	69b3      	ldr	r3, [r6, #24]
10002de6:	f3bf 8f5f 	dmb	sy
10002dea:	2100      	movs	r1, #0
10002dec:	6011      	str	r1, [r2, #0]
10002dee:	f383 8810 	msr	PRIMASK, r3
10002df2:	2800      	cmp	r0, #0
10002df4:	d100      	bne.n	10002df8 <tud_task_ext+0x54>
10002df6:	e110      	b.n	1000301a <tud_task_ext+0x276>
10002df8:	7863      	ldrb	r3, [r4, #1]
10002dfa:	2b08      	cmp	r3, #8
10002dfc:	d8e2      	bhi.n	10002dc4 <tud_task_ext+0x20>
10002dfe:	4652      	mov	r2, sl
10002e00:	009b      	lsls	r3, r3, #2
10002e02:	58d3      	ldr	r3, [r2, r3]
10002e04:	469f      	mov	pc, r3
10002e06:	6863      	ldr	r3, [r4, #4]
10002e08:	2b00      	cmp	r3, #0
10002e0a:	d0db      	beq.n	10002dc4 <tud_task_ext+0x20>
10002e0c:	68a0      	ldr	r0, [r4, #8]
10002e0e:	4798      	blx	r3
10002e10:	e7d8      	b.n	10002dc4 <tud_task_ext+0x20>
10002e12:	237f      	movs	r3, #127	; 0x7f
10002e14:	7921      	ldrb	r1, [r4, #4]
10002e16:	4eae      	ldr	r6, [pc, #696]	; (100030d0 <tud_task_ext+0x32c>)
10002e18:	400b      	ands	r3, r1
10002e1a:	0058      	lsls	r0, r3, #1
10002e1c:	09ca      	lsrs	r2, r1, #7
10002e1e:	1836      	adds	r6, r6, r0
10002e20:	18b6      	adds	r6, r6, r2
10002e22:	0032      	movs	r2, r6
10002e24:	2701      	movs	r7, #1
10002e26:	3230      	adds	r2, #48	; 0x30
10002e28:	7910      	ldrb	r0, [r2, #4]
10002e2a:	43b8      	bics	r0, r7
10002e2c:	7110      	strb	r0, [r2, #4]
10002e2e:	7910      	ldrb	r0, [r2, #4]
10002e30:	3703      	adds	r7, #3
10002e32:	43b8      	bics	r0, r7
10002e34:	7110      	strb	r0, [r2, #4]
10002e36:	2b00      	cmp	r3, #0
10002e38:	d100      	bne.n	10002e3c <tud_task_ext+0x98>
10002e3a:	e0f7      	b.n	1000302c <tud_task_ext+0x288>
10002e3c:	4aa5      	ldr	r2, [pc, #660]	; (100030d4 <tud_task_ext+0x330>)
10002e3e:	7d33      	ldrb	r3, [r6, #20]
10002e40:	7812      	ldrb	r2, [r2, #0]
10002e42:	4293      	cmp	r3, r2
10002e44:	d300      	bcc.n	10002e48 <tud_task_ext+0xa4>
10002e46:	e0e5      	b.n	10003014 <tud_task_ext+0x270>
10002e48:	4aa3      	ldr	r2, [pc, #652]	; (100030d8 <tud_task_ext+0x334>)
10002e4a:	015b      	lsls	r3, r3, #5
10002e4c:	6812      	ldr	r2, [r2, #0]
10002e4e:	18d3      	adds	r3, r2, r3
10002e50:	2b00      	cmp	r3, #0
10002e52:	d100      	bne.n	10002e56 <tud_task_ext+0xb2>
10002e54:	e0e1      	b.n	1000301a <tud_task_ext+0x276>
10002e56:	699e      	ldr	r6, [r3, #24]
10002e58:	7962      	ldrb	r2, [r4, #5]
10002e5a:	7820      	ldrb	r0, [r4, #0]
10002e5c:	68a3      	ldr	r3, [r4, #8]
10002e5e:	47b0      	blx	r6
10002e60:	e7b0      	b.n	10002dc4 <tud_task_ext+0x20>
10002e62:	4a9e      	ldr	r2, [pc, #632]	; (100030dc <tud_task_ext+0x338>)
10002e64:	7813      	ldrb	r3, [r2, #0]
10002e66:	2b00      	cmp	r3, #0
10002e68:	d100      	bne.n	10002e6c <tud_task_ext+0xc8>
10002e6a:	e0d6      	b.n	1000301a <tud_task_ext+0x276>
10002e6c:	7813      	ldrb	r3, [r2, #0]
10002e6e:	3b01      	subs	r3, #1
10002e70:	b2db      	uxtb	r3, r3
10002e72:	7013      	strb	r3, [r2, #0]
10002e74:	7813      	ldrb	r3, [r2, #0]
10002e76:	2b00      	cmp	r3, #0
10002e78:	d1a4      	bne.n	10002dc4 <tud_task_ext+0x20>
10002e7a:	2201      	movs	r2, #1
10002e7c:	4b94      	ldr	r3, [pc, #592]	; (100030d0 <tud_task_ext+0x32c>)
10002e7e:	2101      	movs	r1, #1
10002e80:	781b      	ldrb	r3, [r3, #0]
10002e82:	4893      	ldr	r0, [pc, #588]	; (100030d0 <tud_task_ext+0x32c>)
10002e84:	4313      	orrs	r3, r2
10002e86:	4a92      	ldr	r2, [pc, #584]	; (100030d0 <tud_task_ext+0x32c>)
10002e88:	4e91      	ldr	r6, [pc, #580]	; (100030d0 <tud_task_ext+0x32c>)
10002e8a:	7013      	strb	r3, [r2, #0]
10002e8c:	2334      	movs	r3, #52	; 0x34
10002e8e:	5cd2      	ldrb	r2, [r2, r3]
10002e90:	438a      	bics	r2, r1
10002e92:	54c2      	strb	r2, [r0, r3]
10002e94:	5cc2      	ldrb	r2, [r0, r3]
10002e96:	2004      	movs	r0, #4
10002e98:	4382      	bics	r2, r0
10002e9a:	54f2      	strb	r2, [r6, r3]
10002e9c:	3301      	adds	r3, #1
10002e9e:	5cf2      	ldrb	r2, [r6, r3]
10002ea0:	438a      	bics	r2, r1
10002ea2:	54f2      	strb	r2, [r6, r3]
10002ea4:	5cf2      	ldrb	r2, [r6, r3]
10002ea6:	4382      	bics	r2, r0
10002ea8:	54f2      	strb	r2, [r6, r3]
10002eaa:	7823      	ldrb	r3, [r4, #0]
10002eac:	2000      	movs	r0, #0
10002eae:	469b      	mov	fp, r3
10002eb0:	f000 fcae 	bl	10003810 <usbd_control_set_complete_callback>
10002eb4:	2260      	movs	r2, #96	; 0x60
10002eb6:	7923      	ldrb	r3, [r4, #4]
10002eb8:	401a      	ands	r2, r3
10002eba:	2a60      	cmp	r2, #96	; 0x60
10002ebc:	d00d      	beq.n	10002eda <tud_task_ext+0x136>
10002ebe:	2a40      	cmp	r2, #64	; 0x40
10002ec0:	d100      	bne.n	10002ec4 <tud_task_ext+0x120>
10002ec2:	e0be      	b.n	10003042 <tud_task_ext+0x29e>
10002ec4:	06db      	lsls	r3, r3, #27
10002ec6:	0edb      	lsrs	r3, r3, #27
10002ec8:	2b01      	cmp	r3, #1
10002eca:	d100      	bne.n	10002ece <tud_task_ext+0x12a>
10002ecc:	e10e      	b.n	100030ec <tud_task_ext+0x348>
10002ece:	2b02      	cmp	r3, #2
10002ed0:	d100      	bne.n	10002ed4 <tud_task_ext+0x130>
10002ed2:	e0d0      	b.n	10003076 <tud_task_ext+0x2d2>
10002ed4:	2b00      	cmp	r3, #0
10002ed6:	d100      	bne.n	10002eda <tud_task_ext+0x136>
10002ed8:	e0bf      	b.n	1000305a <tud_task_ext+0x2b6>
10002eda:	7820      	ldrb	r0, [r4, #0]
10002edc:	2100      	movs	r1, #0
10002ede:	f7ff fe4b 	bl	10002b78 <dcd_edpt_stall>
10002ee2:	2180      	movs	r1, #128	; 0x80
10002ee4:	7820      	ldrb	r0, [r4, #0]
10002ee6:	f7ff fe47 	bl	10002b78 <dcd_edpt_stall>
10002eea:	e76b      	b.n	10002dc4 <tud_task_ext+0x20>
10002eec:	4e78      	ldr	r6, [pc, #480]	; (100030d0 <tud_task_ext+0x32c>)
10002eee:	7833      	ldrb	r3, [r6, #0]
10002ef0:	07db      	lsls	r3, r3, #31
10002ef2:	d400      	bmi.n	10002ef6 <tud_task_ext+0x152>
10002ef4:	e766      	b.n	10002dc4 <tud_task_ext+0x20>
10002ef6:	f7ff fec9 	bl	10002c8c <tud_resume_cb>
10002efa:	e763      	b.n	10002dc4 <tud_task_ext+0x20>
10002efc:	4b74      	ldr	r3, [pc, #464]	; (100030d0 <tud_task_ext+0x32c>)
10002efe:	78db      	ldrb	r3, [r3, #3]
10002f00:	07db      	lsls	r3, r3, #31
10002f02:	d400      	bmi.n	10002f06 <tud_task_ext+0x162>
10002f04:	e75e      	b.n	10002dc4 <tud_task_ext+0x20>
10002f06:	6860      	ldr	r0, [r4, #4]
10002f08:	f7ff feb4 	bl	10002c74 <tud_sof_cb>
10002f0c:	e75a      	b.n	10002dc4 <tud_task_ext+0x20>
10002f0e:	4e70      	ldr	r6, [pc, #448]	; (100030d0 <tud_task_ext+0x32c>)
10002f10:	7833      	ldrb	r3, [r6, #0]
10002f12:	07db      	lsls	r3, r3, #31
10002f14:	d400      	bmi.n	10002f18 <tud_task_ext+0x174>
10002f16:	e755      	b.n	10002dc4 <tud_task_ext+0x20>
10002f18:	7830      	ldrb	r0, [r6, #0]
10002f1a:	0700      	lsls	r0, r0, #28
10002f1c:	0fc0      	lsrs	r0, r0, #31
10002f1e:	f7ff feb3 	bl	10002c88 <tud_suspend_cb>
10002f22:	e74f      	b.n	10002dc4 <tud_task_ext+0x20>
10002f24:	496e      	ldr	r1, [pc, #440]	; (100030e0 <tud_task_ext+0x33c>)
10002f26:	4e6b      	ldr	r6, [pc, #428]	; (100030d4 <tud_task_ext+0x330>)
10002f28:	7823      	ldrb	r3, [r4, #0]
10002f2a:	468b      	mov	fp, r1
10002f2c:	496a      	ldr	r1, [pc, #424]	; (100030d8 <tud_task_ext+0x334>)
10002f2e:	4698      	mov	r8, r3
10002f30:	4689      	mov	r9, r1
10002f32:	0031      	movs	r1, r6
10002f34:	7832      	ldrb	r2, [r6, #0]
10002f36:	2300      	movs	r3, #0
10002f38:	4646      	mov	r6, r8
10002f3a:	2700      	movs	r7, #0
10002f3c:	4688      	mov	r8, r1
10002f3e:	e011      	b.n	10002f64 <tud_task_ext+0x1c0>
10002f40:	464a      	mov	r2, r9
10002f42:	6812      	ldr	r2, [r2, #0]
10002f44:	017b      	lsls	r3, r7, #5
10002f46:	4694      	mov	ip, r2
10002f48:	4463      	add	r3, ip
10002f4a:	2b00      	cmp	r3, #0
10002f4c:	d06c      	beq.n	10003028 <tud_task_ext+0x284>
10002f4e:	68db      	ldr	r3, [r3, #12]
10002f50:	0030      	movs	r0, r6
10002f52:	4798      	blx	r3
10002f54:	4643      	mov	r3, r8
10002f56:	781a      	ldrb	r2, [r3, #0]
10002f58:	3701      	adds	r7, #1
10002f5a:	b2ff      	uxtb	r7, r7
10002f5c:	1c51      	adds	r1, r2, #1
10002f5e:	003b      	movs	r3, r7
10002f60:	428f      	cmp	r7, r1
10002f62:	dc41      	bgt.n	10002fe8 <tud_task_ext+0x244>
10002f64:	4297      	cmp	r7, r2
10002f66:	d3eb      	bcc.n	10002f40 <tud_task_ext+0x19c>
10002f68:	1a9b      	subs	r3, r3, r2
10002f6a:	015b      	lsls	r3, r3, #5
10002f6c:	445b      	add	r3, fp
10002f6e:	e7ee      	b.n	10002f4e <tud_task_ext+0x1aa>
10002f70:	495b      	ldr	r1, [pc, #364]	; (100030e0 <tud_task_ext+0x33c>)
10002f72:	4e58      	ldr	r6, [pc, #352]	; (100030d4 <tud_task_ext+0x330>)
10002f74:	7823      	ldrb	r3, [r4, #0]
10002f76:	468b      	mov	fp, r1
10002f78:	4957      	ldr	r1, [pc, #348]	; (100030d8 <tud_task_ext+0x334>)
10002f7a:	4698      	mov	r8, r3
10002f7c:	4689      	mov	r9, r1
10002f7e:	0031      	movs	r1, r6
10002f80:	7832      	ldrb	r2, [r6, #0]
10002f82:	2300      	movs	r3, #0
10002f84:	4646      	mov	r6, r8
10002f86:	2700      	movs	r7, #0
10002f88:	4688      	mov	r8, r1
10002f8a:	e011      	b.n	10002fb0 <tud_task_ext+0x20c>
10002f8c:	464a      	mov	r2, r9
10002f8e:	6812      	ldr	r2, [r2, #0]
10002f90:	017b      	lsls	r3, r7, #5
10002f92:	4694      	mov	ip, r2
10002f94:	4463      	add	r3, ip
10002f96:	2b00      	cmp	r3, #0
10002f98:	d021      	beq.n	10002fde <tud_task_ext+0x23a>
10002f9a:	68db      	ldr	r3, [r3, #12]
10002f9c:	0030      	movs	r0, r6
10002f9e:	4798      	blx	r3
10002fa0:	4643      	mov	r3, r8
10002fa2:	781a      	ldrb	r2, [r3, #0]
10002fa4:	3701      	adds	r7, #1
10002fa6:	b2ff      	uxtb	r7, r7
10002fa8:	1c51      	adds	r1, r2, #1
10002faa:	003b      	movs	r3, r7
10002fac:	428f      	cmp	r7, r1
10002fae:	dc05      	bgt.n	10002fbc <tud_task_ext+0x218>
10002fb0:	42ba      	cmp	r2, r7
10002fb2:	d8eb      	bhi.n	10002f8c <tud_task_ext+0x1e8>
10002fb4:	1a9b      	subs	r3, r3, r2
10002fb6:	015b      	lsls	r3, r3, #5
10002fb8:	445b      	add	r3, fp
10002fba:	e7ee      	b.n	10002f9a <tud_task_ext+0x1f6>
10002fbc:	4e44      	ldr	r6, [pc, #272]	; (100030d0 <tud_task_ext+0x32c>)
10002fbe:	2254      	movs	r2, #84	; 0x54
10002fc0:	2100      	movs	r1, #0
10002fc2:	0030      	movs	r0, r6
10002fc4:	f7fe ff42 	bl	10001e4c <__wrap_memset>
10002fc8:	2210      	movs	r2, #16
10002fca:	21ff      	movs	r1, #255	; 0xff
10002fcc:	1d30      	adds	r0, r6, #4
10002fce:	f7fe ff3d 	bl	10001e4c <__wrap_memset>
10002fd2:	0030      	movs	r0, r6
10002fd4:	2220      	movs	r2, #32
10002fd6:	21ff      	movs	r1, #255	; 0xff
10002fd8:	3014      	adds	r0, #20
10002fda:	f7fe ff37 	bl	10001e4c <__wrap_memset>
10002fde:	f000 fc0d 	bl	100037fc <usbd_control_reset>
10002fe2:	f7ff fe4f 	bl	10002c84 <tud_umount_cb>
10002fe6:	e6ed      	b.n	10002dc4 <tud_task_ext+0x20>
10002fe8:	4e39      	ldr	r6, [pc, #228]	; (100030d0 <tud_task_ext+0x32c>)
10002fea:	2254      	movs	r2, #84	; 0x54
10002fec:	2100      	movs	r1, #0
10002fee:	0030      	movs	r0, r6
10002ff0:	f7fe ff2c 	bl	10001e4c <__wrap_memset>
10002ff4:	2210      	movs	r2, #16
10002ff6:	21ff      	movs	r1, #255	; 0xff
10002ff8:	1d30      	adds	r0, r6, #4
10002ffa:	f7fe ff27 	bl	10001e4c <__wrap_memset>
10002ffe:	0030      	movs	r0, r6
10003000:	2220      	movs	r2, #32
10003002:	21ff      	movs	r1, #255	; 0xff
10003004:	3014      	adds	r0, #20
10003006:	f7fe ff21 	bl	10001e4c <__wrap_memset>
1000300a:	f000 fbf7 	bl	100037fc <usbd_control_reset>
1000300e:	7923      	ldrb	r3, [r4, #4]
10003010:	70b3      	strb	r3, [r6, #2]
10003012:	e6d7      	b.n	10002dc4 <tud_task_ext+0x20>
10003014:	1c50      	adds	r0, r2, #1
10003016:	4298      	cmp	r0, r3
10003018:	da0e      	bge.n	10003038 <tud_task_ext+0x294>
1000301a:	b00b      	add	sp, #44	; 0x2c
1000301c:	bcf0      	pop	{r4, r5, r6, r7}
1000301e:	46bb      	mov	fp, r7
10003020:	46b2      	mov	sl, r6
10003022:	46a9      	mov	r9, r5
10003024:	46a0      	mov	r8, r4
10003026:	bdf0      	pop	{r4, r5, r6, r7, pc}
10003028:	4e29      	ldr	r6, [pc, #164]	; (100030d0 <tud_task_ext+0x32c>)
1000302a:	e7ee      	b.n	1000300a <tud_task_ext+0x266>
1000302c:	7962      	ldrb	r2, [r4, #5]
1000302e:	7820      	ldrb	r0, [r4, #0]
10003030:	68a3      	ldr	r3, [r4, #8]
10003032:	f000 fc01 	bl	10003838 <usbd_control_xfer_cb>
10003036:	e6c5      	b.n	10002dc4 <tud_task_ext+0x20>
10003038:	1a9b      	subs	r3, r3, r2
1000303a:	4a29      	ldr	r2, [pc, #164]	; (100030e0 <tud_task_ext+0x33c>)
1000303c:	015b      	lsls	r3, r3, #5
1000303e:	18d3      	adds	r3, r2, r3
10003040:	e709      	b.n	10002e56 <tud_task_ext+0xb2>
10003042:	4828      	ldr	r0, [pc, #160]	; (100030e4 <tud_task_ext+0x340>)
10003044:	f000 fbe4 	bl	10003810 <usbd_control_set_complete_callback>
10003048:	2101      	movs	r1, #1
1000304a:	4658      	mov	r0, fp
1000304c:	aa08      	add	r2, sp, #32
1000304e:	f7ff f8ff 	bl	10002250 <tud_vendor_control_xfer_cb>
10003052:	2800      	cmp	r0, #0
10003054:	d000      	beq.n	10003058 <tud_task_ext+0x2b4>
10003056:	e6b5      	b.n	10002dc4 <tud_task_ext+0x20>
10003058:	e73f      	b.n	10002eda <tud_task_ext+0x136>
1000305a:	2a20      	cmp	r2, #32
1000305c:	d100      	bne.n	10003060 <tud_task_ext+0x2bc>
1000305e:	e14e      	b.n	100032fe <tud_task_ext+0x55a>
10003060:	2a00      	cmp	r2, #0
10003062:	d000      	beq.n	10003066 <tud_task_ext+0x2c2>
10003064:	e739      	b.n	10002eda <tud_task_ext+0x136>
10003066:	7963      	ldrb	r3, [r4, #5]
10003068:	2b09      	cmp	r3, #9
1000306a:	d900      	bls.n	1000306e <tud_task_ext+0x2ca>
1000306c:	e735      	b.n	10002eda <tud_task_ext+0x136>
1000306e:	4a1e      	ldr	r2, [pc, #120]	; (100030e8 <tud_task_ext+0x344>)
10003070:	009b      	lsls	r3, r3, #2
10003072:	58d3      	ldr	r3, [r2, r3]
10003074:	469f      	mov	pc, r3
10003076:	2370      	movs	r3, #112	; 0x70
10003078:	7a21      	ldrb	r1, [r4, #8]
1000307a:	420b      	tst	r3, r1
1000307c:	d000      	beq.n	10003080 <tud_task_ext+0x2dc>
1000307e:	e72c      	b.n	10002eda <tud_task_ext+0x136>
10003080:	267f      	movs	r6, #127	; 0x7f
10003082:	09cb      	lsrs	r3, r1, #7
10003084:	4698      	mov	r8, r3
10003086:	400e      	ands	r6, r1
10003088:	4b11      	ldr	r3, [pc, #68]	; (100030d0 <tud_task_ext+0x32c>)
1000308a:	0076      	lsls	r6, r6, #1
1000308c:	199b      	adds	r3, r3, r6
1000308e:	4443      	add	r3, r8
10003090:	7d1f      	ldrb	r7, [r3, #20]
10003092:	4b10      	ldr	r3, [pc, #64]	; (100030d4 <tud_task_ext+0x330>)
10003094:	781b      	ldrb	r3, [r3, #0]
10003096:	429f      	cmp	r7, r3
10003098:	d35e      	bcc.n	10003158 <tud_task_ext+0x3b4>
1000309a:	1c58      	adds	r0, r3, #1
1000309c:	42b8      	cmp	r0, r7
1000309e:	da00      	bge.n	100030a2 <tud_task_ext+0x2fe>
100030a0:	e149      	b.n	10003336 <tud_task_ext+0x592>
100030a2:	1aff      	subs	r7, r7, r3
100030a4:	4b0e      	ldr	r3, [pc, #56]	; (100030e0 <tud_task_ext+0x33c>)
100030a6:	017f      	lsls	r7, r7, #5
100030a8:	19df      	adds	r7, r3, r7
100030aa:	2a00      	cmp	r2, #0
100030ac:	d100      	bne.n	100030b0 <tud_task_ext+0x30c>
100030ae:	e146      	b.n	1000333e <tud_task_ext+0x59a>
100030b0:	6978      	ldr	r0, [r7, #20]
100030b2:	f000 fbad 	bl	10003810 <usbd_control_set_complete_callback>
100030b6:	2101      	movs	r1, #1
100030b8:	4658      	mov	r0, fp
100030ba:	697b      	ldr	r3, [r7, #20]
100030bc:	aa08      	add	r2, sp, #32
100030be:	4798      	blx	r3
100030c0:	e7c7      	b.n	10003052 <tud_task_ext+0x2ae>
100030c2:	46c0      	nop			; (mov r8, r8)
100030c4:	200010e4 	.word	0x200010e4
100030c8:	10004e2c 	.word	0x10004e2c
100030cc:	2000159c 	.word	0x2000159c
100030d0:	20001544 	.word	0x20001544
100030d4:	20001fe9 	.word	0x20001fe9
100030d8:	20001394 	.word	0x20001394
100030dc:	20001feb 	.word	0x20001feb
100030e0:	10004ed4 	.word	0x10004ed4
100030e4:	10002251 	.word	0x10002251
100030e8:	10004e50 	.word	0x10004e50
100030ec:	7a23      	ldrb	r3, [r4, #8]
100030ee:	2b0f      	cmp	r3, #15
100030f0:	d900      	bls.n	100030f4 <tud_task_ext+0x350>
100030f2:	e6f2      	b.n	10002eda <tud_task_ext+0x136>
100030f4:	4ad6      	ldr	r2, [pc, #856]	; (10003450 <tud_task_ext+0x6ac>)
100030f6:	4694      	mov	ip, r2
100030f8:	4ad6      	ldr	r2, [pc, #856]	; (10003454 <tud_task_ext+0x6b0>)
100030fa:	4463      	add	r3, ip
100030fc:	791b      	ldrb	r3, [r3, #4]
100030fe:	7812      	ldrb	r2, [r2, #0]
10003100:	4293      	cmp	r3, r2
10003102:	d334      	bcc.n	1000316e <tud_task_ext+0x3ca>
10003104:	1c51      	adds	r1, r2, #1
10003106:	4299      	cmp	r1, r3
10003108:	da00      	bge.n	1000310c <tud_task_ext+0x368>
1000310a:	e6e6      	b.n	10002eda <tud_task_ext+0x136>
1000310c:	4ed2      	ldr	r6, [pc, #840]	; (10003458 <tud_task_ext+0x6b4>)
1000310e:	1a9b      	subs	r3, r3, r2
10003110:	015b      	lsls	r3, r3, #5
10003112:	18f6      	adds	r6, r6, r3
10003114:	6970      	ldr	r0, [r6, #20]
10003116:	f000 fb7b 	bl	10003810 <usbd_control_set_complete_callback>
1000311a:	2101      	movs	r1, #1
1000311c:	4658      	mov	r0, fp
1000311e:	6973      	ldr	r3, [r6, #20]
10003120:	aa08      	add	r2, sp, #32
10003122:	4798      	blx	r3
10003124:	2800      	cmp	r0, #0
10003126:	d000      	beq.n	1000312a <tud_task_ext+0x386>
10003128:	e64c      	b.n	10002dc4 <tud_task_ext+0x20>
1000312a:	2260      	movs	r2, #96	; 0x60
1000312c:	0016      	movs	r6, r2
1000312e:	7923      	ldrb	r3, [r4, #4]
10003130:	401e      	ands	r6, r3
10003132:	421a      	tst	r2, r3
10003134:	d000      	beq.n	10003138 <tud_task_ext+0x394>
10003136:	e6d0      	b.n	10002eda <tud_task_ext+0x136>
10003138:	7963      	ldrb	r3, [r4, #5]
1000313a:	3b0a      	subs	r3, #10
1000313c:	2b01      	cmp	r3, #1
1000313e:	d900      	bls.n	10003142 <tud_task_ext+0x39e>
10003140:	e6cb      	b.n	10002eda <tud_task_ext+0x136>
10003142:	f000 fb65 	bl	10003810 <usbd_control_set_complete_callback>
10003146:	7963      	ldrb	r3, [r4, #5]
10003148:	2b0a      	cmp	r3, #10
1000314a:	d100      	bne.n	1000314e <tud_task_ext+0x3aa>
1000314c:	e150      	b.n	100033f0 <tud_task_ext+0x64c>
1000314e:	4658      	mov	r0, fp
10003150:	a908      	add	r1, sp, #32
10003152:	f000 fadd 	bl	10003710 <tud_control_status>
10003156:	e635      	b.n	10002dc4 <tud_task_ext+0x20>
10003158:	4bc0      	ldr	r3, [pc, #768]	; (1000345c <tud_task_ext+0x6b8>)
1000315a:	017f      	lsls	r7, r7, #5
1000315c:	681b      	ldr	r3, [r3, #0]
1000315e:	19df      	adds	r7, r3, r7
10003160:	2a00      	cmp	r2, #0
10003162:	d100      	bne.n	10003166 <tud_task_ext+0x3c2>
10003164:	e0eb      	b.n	1000333e <tud_task_ext+0x59a>
10003166:	2f00      	cmp	r7, #0
10003168:	d100      	bne.n	1000316c <tud_task_ext+0x3c8>
1000316a:	e6b6      	b.n	10002eda <tud_task_ext+0x136>
1000316c:	e7a0      	b.n	100030b0 <tud_task_ext+0x30c>
1000316e:	4abb      	ldr	r2, [pc, #748]	; (1000345c <tud_task_ext+0x6b8>)
10003170:	015b      	lsls	r3, r3, #5
10003172:	6816      	ldr	r6, [r2, #0]
10003174:	18f6      	adds	r6, r6, r3
10003176:	2e00      	cmp	r6, #0
10003178:	d100      	bne.n	1000317c <tud_task_ext+0x3d8>
1000317a:	e6ae      	b.n	10002eda <tud_task_ext+0x136>
1000317c:	e7ca      	b.n	10003114 <tud_task_ext+0x370>
1000317e:	4bb4      	ldr	r3, [pc, #720]	; (10003450 <tud_task_ext+0x6ac>)
10003180:	79a7      	ldrb	r7, [r4, #6]
10003182:	785b      	ldrb	r3, [r3, #1]
10003184:	429f      	cmp	r7, r3
10003186:	d0e2      	beq.n	1000314e <tud_task_ext+0x3aa>
10003188:	4bb1      	ldr	r3, [pc, #708]	; (10003450 <tud_task_ext+0x6ac>)
1000318a:	785b      	ldrb	r3, [r3, #1]
1000318c:	2b00      	cmp	r3, #0
1000318e:	d000      	beq.n	10003192 <tud_task_ext+0x3ee>
10003190:	e16a      	b.n	10003468 <tud_task_ext+0x6c4>
10003192:	4baf      	ldr	r3, [pc, #700]	; (10003450 <tud_task_ext+0x6ac>)
10003194:	705f      	strb	r7, [r3, #1]
10003196:	2f00      	cmp	r7, #0
10003198:	d100      	bne.n	1000319c <tud_task_ext+0x3f8>
1000319a:	e155      	b.n	10003448 <tud_task_ext+0x6a4>
1000319c:	1e78      	subs	r0, r7, #1
1000319e:	b2c0      	uxtb	r0, r0
100031a0:	f7ff fa9c 	bl	100026dc <tud_descriptor_configuration_cb>
100031a4:	2800      	cmp	r0, #0
100031a6:	d100      	bne.n	100031aa <tud_task_ext+0x406>
100031a8:	e14a      	b.n	10003440 <tud_task_ext+0x69c>
100031aa:	7843      	ldrb	r3, [r0, #1]
100031ac:	9304      	str	r3, [sp, #16]
100031ae:	2b02      	cmp	r3, #2
100031b0:	d000      	beq.n	100031b4 <tud_task_ext+0x410>
100031b2:	e145      	b.n	10003440 <tud_task_ext+0x69c>
100031b4:	2101      	movs	r1, #1
100031b6:	79c2      	ldrb	r2, [r0, #7]
100031b8:	1193      	asrs	r3, r2, #6
100031ba:	1152      	asrs	r2, r2, #5
100031bc:	400b      	ands	r3, r1
100031be:	400a      	ands	r2, r1
100031c0:	0112      	lsls	r2, r2, #4
100031c2:	015b      	lsls	r3, r3, #5
100031c4:	4313      	orrs	r3, r2
100031c6:	4aa2      	ldr	r2, [pc, #648]	; (10003450 <tud_task_ext+0x6ac>)
100031c8:	312f      	adds	r1, #47	; 0x2f
100031ca:	7812      	ldrb	r2, [r2, #0]
100031cc:	438a      	bics	r2, r1
100031ce:	4313      	orrs	r3, r2
100031d0:	4a9f      	ldr	r2, [pc, #636]	; (10003450 <tud_task_ext+0x6ac>)
100031d2:	7013      	strb	r3, [r2, #0]
100031d4:	2309      	movs	r3, #9
100031d6:	4699      	mov	r9, r3
100031d8:	78c3      	ldrb	r3, [r0, #3]
100031da:	7882      	ldrb	r2, [r0, #2]
100031dc:	021b      	lsls	r3, r3, #8
100031de:	4313      	orrs	r3, r2
100031e0:	18c3      	adds	r3, r0, r3
100031e2:	9302      	str	r3, [sp, #8]
100031e4:	4b9d      	ldr	r3, [pc, #628]	; (1000345c <tud_task_ext+0x6b8>)
100031e6:	4481      	add	r9, r0
100031e8:	4698      	mov	r8, r3
100031ea:	464f      	mov	r7, r9
100031ec:	9b02      	ldr	r3, [sp, #8]
100031ee:	42bb      	cmp	r3, r7
100031f0:	d800      	bhi.n	100031f4 <tud_task_ext+0x450>
100031f2:	e106      	b.n	10003402 <tud_task_ext+0x65e>
100031f4:	2201      	movs	r2, #1
100031f6:	787b      	ldrb	r3, [r7, #1]
100031f8:	9200      	str	r2, [sp, #0]
100031fa:	2b0b      	cmp	r3, #11
100031fc:	d104      	bne.n	10003208 <tud_task_ext+0x464>
100031fe:	78fb      	ldrb	r3, [r7, #3]
10003200:	9300      	str	r3, [sp, #0]
10003202:	783b      	ldrb	r3, [r7, #0]
10003204:	18ff      	adds	r7, r7, r3
10003206:	787b      	ldrb	r3, [r7, #1]
10003208:	2b04      	cmp	r3, #4
1000320a:	d000      	beq.n	1000320e <tud_task_ext+0x46a>
1000320c:	e118      	b.n	10003440 <tud_task_ext+0x69c>
1000320e:	9b02      	ldr	r3, [sp, #8]
10003210:	46b9      	mov	r9, r7
10003212:	1bdb      	subs	r3, r3, r7
10003214:	b29b      	uxth	r3, r3
10003216:	9303      	str	r3, [sp, #12]
10003218:	4b8e      	ldr	r3, [pc, #568]	; (10003454 <tud_task_ext+0x6b0>)
1000321a:	781e      	ldrb	r6, [r3, #0]
1000321c:	2300      	movs	r3, #0
1000321e:	001f      	movs	r7, r3
10003220:	9301      	str	r3, [sp, #4]
10003222:	e01b      	b.n	1000325c <tud_task_ext+0x4b8>
10003224:	4642      	mov	r2, r8
10003226:	6812      	ldr	r2, [r2, #0]
10003228:	017b      	lsls	r3, r7, #5
1000322a:	18d6      	adds	r6, r2, r3
1000322c:	2e00      	cmp	r6, #0
1000322e:	d100      	bne.n	10003232 <tud_task_ext+0x48e>
10003230:	e106      	b.n	10003440 <tud_task_ext+0x69c>
10003232:	4649      	mov	r1, r9
10003234:	4658      	mov	r0, fp
10003236:	9a03      	ldr	r2, [sp, #12]
10003238:	6933      	ldr	r3, [r6, #16]
1000323a:	4798      	blx	r3
1000323c:	9005      	str	r0, [sp, #20]
1000323e:	2808      	cmp	r0, #8
10003240:	d903      	bls.n	1000324a <tud_task_ext+0x4a6>
10003242:	9a03      	ldr	r2, [sp, #12]
10003244:	4282      	cmp	r2, r0
10003246:	d300      	bcc.n	1000324a <tud_task_ext+0x4a6>
10003248:	e0de      	b.n	10003408 <tud_task_ext+0x664>
1000324a:	4b82      	ldr	r3, [pc, #520]	; (10003454 <tud_task_ext+0x6b0>)
1000324c:	3701      	adds	r7, #1
1000324e:	781e      	ldrb	r6, [r3, #0]
10003250:	b2ff      	uxtb	r7, r7
10003252:	1c73      	adds	r3, r6, #1
10003254:	9701      	str	r7, [sp, #4]
10003256:	429f      	cmp	r7, r3
10003258:	dd00      	ble.n	1000325c <tud_task_ext+0x4b8>
1000325a:	e0f1      	b.n	10003440 <tud_task_ext+0x69c>
1000325c:	42be      	cmp	r6, r7
1000325e:	d8e1      	bhi.n	10003224 <tud_task_ext+0x480>
10003260:	9b01      	ldr	r3, [sp, #4]
10003262:	1b9e      	subs	r6, r3, r6
10003264:	4b7c      	ldr	r3, [pc, #496]	; (10003458 <tud_task_ext+0x6b4>)
10003266:	0176      	lsls	r6, r6, #5
10003268:	469c      	mov	ip, r3
1000326a:	4466      	add	r6, ip
1000326c:	e7e1      	b.n	10003232 <tud_task_ext+0x48e>
1000326e:	4b78      	ldr	r3, [pc, #480]	; (10003450 <tud_task_ext+0x6ac>)
10003270:	aa06      	add	r2, sp, #24
10003272:	785b      	ldrb	r3, [r3, #1]
10003274:	3202      	adds	r2, #2
10003276:	7013      	strb	r3, [r2, #0]
10003278:	4658      	mov	r0, fp
1000327a:	2301      	movs	r3, #1
1000327c:	a908      	add	r1, sp, #32
1000327e:	f000 fa5f 	bl	10003740 <tud_control_xfer>
10003282:	e59f      	b.n	10002dc4 <tud_task_ext+0x20>
10003284:	88e0      	ldrh	r0, [r4, #6]
10003286:	0a03      	lsrs	r3, r0, #8
10003288:	b2c0      	uxtb	r0, r0
1000328a:	2b0f      	cmp	r3, #15
1000328c:	d900      	bls.n	10003290 <tud_task_ext+0x4ec>
1000328e:	e624      	b.n	10002eda <tud_task_ext+0x136>
10003290:	4973      	ldr	r1, [pc, #460]	; (10003460 <tud_task_ext+0x6bc>)
10003292:	009a      	lsls	r2, r3, #2
10003294:	588a      	ldr	r2, [r1, r2]
10003296:	4697      	mov	pc, r2
10003298:	a808      	add	r0, sp, #32
1000329a:	f000 fabf 	bl	1000381c <usbd_control_set_request>
1000329e:	4658      	mov	r0, fp
100032a0:	79a1      	ldrb	r1, [r4, #6]
100032a2:	f7ff fba3 	bl	100029ec <dcd_set_address>
100032a6:	2202      	movs	r2, #2
100032a8:	4b69      	ldr	r3, [pc, #420]	; (10003450 <tud_task_ext+0x6ac>)
100032aa:	781b      	ldrb	r3, [r3, #0]
100032ac:	4313      	orrs	r3, r2
100032ae:	4a68      	ldr	r2, [pc, #416]	; (10003450 <tud_task_ext+0x6ac>)
100032b0:	7013      	strb	r3, [r2, #0]
100032b2:	e587      	b.n	10002dc4 <tud_task_ext+0x20>
100032b4:	88e3      	ldrh	r3, [r4, #6]
100032b6:	2b01      	cmp	r3, #1
100032b8:	d000      	beq.n	100032bc <tud_task_ext+0x518>
100032ba:	e60e      	b.n	10002eda <tud_task_ext+0x136>
100032bc:	2208      	movs	r2, #8
100032be:	4b64      	ldr	r3, [pc, #400]	; (10003450 <tud_task_ext+0x6ac>)
100032c0:	781b      	ldrb	r3, [r3, #0]
100032c2:	4393      	bics	r3, r2
100032c4:	4a62      	ldr	r2, [pc, #392]	; (10003450 <tud_task_ext+0x6ac>)
100032c6:	7013      	strb	r3, [r2, #0]
100032c8:	e741      	b.n	1000314e <tud_task_ext+0x3aa>
100032ca:	2002      	movs	r0, #2
100032cc:	4b60      	ldr	r3, [pc, #384]	; (10003450 <tud_task_ext+0x6ac>)
100032ce:	7819      	ldrb	r1, [r3, #0]
100032d0:	ab06      	add	r3, sp, #24
100032d2:	1c9a      	adds	r2, r3, #2
100032d4:	068b      	lsls	r3, r1, #26
100032d6:	0889      	lsrs	r1, r1, #2
100032d8:	0fdb      	lsrs	r3, r3, #31
100032da:	4001      	ands	r1, r0
100032dc:	430b      	orrs	r3, r1
100032de:	8013      	strh	r3, [r2, #0]
100032e0:	4658      	mov	r0, fp
100032e2:	2302      	movs	r3, #2
100032e4:	a908      	add	r1, sp, #32
100032e6:	f000 fa2b 	bl	10003740 <tud_control_xfer>
100032ea:	e56b      	b.n	10002dc4 <tud_task_ext+0x20>
100032ec:	88e3      	ldrh	r3, [r4, #6]
100032ee:	2b01      	cmp	r3, #1
100032f0:	d000      	beq.n	100032f4 <tud_task_ext+0x550>
100032f2:	e5f2      	b.n	10002eda <tud_task_ext+0x136>
100032f4:	2208      	movs	r2, #8
100032f6:	4b56      	ldr	r3, [pc, #344]	; (10003450 <tud_task_ext+0x6ac>)
100032f8:	781b      	ldrb	r3, [r3, #0]
100032fa:	4313      	orrs	r3, r2
100032fc:	e7e2      	b.n	100032c4 <tud_task_ext+0x520>
100032fe:	7a23      	ldrb	r3, [r4, #8]
10003300:	2b0f      	cmp	r3, #15
10003302:	d900      	bls.n	10003306 <tud_task_ext+0x562>
10003304:	e5e9      	b.n	10002eda <tud_task_ext+0x136>
10003306:	4a52      	ldr	r2, [pc, #328]	; (10003450 <tud_task_ext+0x6ac>)
10003308:	4694      	mov	ip, r2
1000330a:	4a52      	ldr	r2, [pc, #328]	; (10003454 <tud_task_ext+0x6b0>)
1000330c:	4463      	add	r3, ip
1000330e:	791b      	ldrb	r3, [r3, #4]
10003310:	7812      	ldrb	r2, [r2, #0]
10003312:	4293      	cmp	r3, r2
10003314:	d227      	bcs.n	10003366 <tud_task_ext+0x5c2>
10003316:	4a51      	ldr	r2, [pc, #324]	; (1000345c <tud_task_ext+0x6b8>)
10003318:	015b      	lsls	r3, r3, #5
1000331a:	6816      	ldr	r6, [r2, #0]
1000331c:	18f6      	adds	r6, r6, r3
1000331e:	2e00      	cmp	r6, #0
10003320:	d100      	bne.n	10003324 <tud_task_ext+0x580>
10003322:	e5da      	b.n	10002eda <tud_task_ext+0x136>
10003324:	6970      	ldr	r0, [r6, #20]
10003326:	f000 fa73 	bl	10003810 <usbd_control_set_complete_callback>
1000332a:	2101      	movs	r1, #1
1000332c:	4658      	mov	r0, fp
1000332e:	6973      	ldr	r3, [r6, #20]
10003330:	aa08      	add	r2, sp, #32
10003332:	4798      	blx	r3
10003334:	e68d      	b.n	10003052 <tud_task_ext+0x2ae>
10003336:	2700      	movs	r7, #0
10003338:	2a00      	cmp	r2, #0
1000333a:	d000      	beq.n	1000333e <tud_task_ext+0x59a>
1000333c:	e5cd      	b.n	10002eda <tud_task_ext+0x136>
1000333e:	2202      	movs	r2, #2
10003340:	7963      	ldrb	r3, [r4, #5]
10003342:	4699      	mov	r9, r3
10003344:	4393      	bics	r3, r2
10003346:	2b01      	cmp	r3, #1
10003348:	d016      	beq.n	10003378 <tud_task_ext+0x5d4>
1000334a:	464b      	mov	r3, r9
1000334c:	2b00      	cmp	r3, #0
1000334e:	d000      	beq.n	10003352 <tud_task_ext+0x5ae>
10003350:	e5c3      	b.n	10002eda <tud_task_ext+0x136>
10003352:	4b3f      	ldr	r3, [pc, #252]	; (10003450 <tud_task_ext+0x6ac>)
10003354:	aa06      	add	r2, sp, #24
10003356:	199b      	adds	r3, r3, r6
10003358:	4443      	add	r3, r8
1000335a:	3330      	adds	r3, #48	; 0x30
1000335c:	791b      	ldrb	r3, [r3, #4]
1000335e:	3202      	adds	r2, #2
10003360:	079b      	lsls	r3, r3, #30
10003362:	0fdb      	lsrs	r3, r3, #31
10003364:	e7bb      	b.n	100032de <tud_task_ext+0x53a>
10003366:	1c51      	adds	r1, r2, #1
10003368:	4299      	cmp	r1, r3
1000336a:	da00      	bge.n	1000336e <tud_task_ext+0x5ca>
1000336c:	e5b5      	b.n	10002eda <tud_task_ext+0x136>
1000336e:	4e3a      	ldr	r6, [pc, #232]	; (10003458 <tud_task_ext+0x6b4>)
10003370:	1a9b      	subs	r3, r3, r2
10003372:	015b      	lsls	r3, r3, #5
10003374:	18f6      	adds	r6, r6, r3
10003376:	e7d5      	b.n	10003324 <tud_task_ext+0x580>
10003378:	88e3      	ldrh	r3, [r4, #6]
1000337a:	2b00      	cmp	r3, #0
1000337c:	d112      	bne.n	100033a4 <tud_task_ext+0x600>
1000337e:	464b      	mov	r3, r9
10003380:	2b01      	cmp	r3, #1
10003382:	d024      	beq.n	100033ce <tud_task_ext+0x62a>
10003384:	4b37      	ldr	r3, [pc, #220]	; (10003464 <tud_task_ext+0x6c0>)
10003386:	7818      	ldrb	r0, [r3, #0]
10003388:	f7ff fbf6 	bl	10002b78 <dcd_edpt_stall>
1000338c:	2102      	movs	r1, #2
1000338e:	4b30      	ldr	r3, [pc, #192]	; (10003450 <tud_task_ext+0x6ac>)
10003390:	199b      	adds	r3, r3, r6
10003392:	4443      	add	r3, r8
10003394:	3330      	adds	r3, #48	; 0x30
10003396:	791a      	ldrb	r2, [r3, #4]
10003398:	430a      	orrs	r2, r1
1000339a:	2101      	movs	r1, #1
1000339c:	711a      	strb	r2, [r3, #4]
1000339e:	791a      	ldrb	r2, [r3, #4]
100033a0:	430a      	orrs	r2, r1
100033a2:	711a      	strb	r2, [r3, #4]
100033a4:	2f00      	cmp	r7, #0
100033a6:	d100      	bne.n	100033aa <tud_task_ext+0x606>
100033a8:	e50c      	b.n	10002dc4 <tud_task_ext+0x20>
100033aa:	6978      	ldr	r0, [r7, #20]
100033ac:	f000 fa30 	bl	10003810 <usbd_control_set_complete_callback>
100033b0:	697b      	ldr	r3, [r7, #20]
100033b2:	aa08      	add	r2, sp, #32
100033b4:	2101      	movs	r1, #1
100033b6:	4658      	mov	r0, fp
100033b8:	4798      	blx	r3
100033ba:	2000      	movs	r0, #0
100033bc:	f000 fa28 	bl	10003810 <usbd_control_set_complete_callback>
100033c0:	2335      	movs	r3, #53	; 0x35
100033c2:	4a23      	ldr	r2, [pc, #140]	; (10003450 <tud_task_ext+0x6ac>)
100033c4:	5cd3      	ldrb	r3, [r2, r3]
100033c6:	07db      	lsls	r3, r3, #31
100033c8:	d500      	bpl.n	100033cc <tud_task_ext+0x628>
100033ca:	e4fb      	b.n	10002dc4 <tud_task_ext+0x20>
100033cc:	e6bf      	b.n	1000314e <tud_task_ext+0x3aa>
100033ce:	4b25      	ldr	r3, [pc, #148]	; (10003464 <tud_task_ext+0x6c0>)
100033d0:	7818      	ldrb	r0, [r3, #0]
100033d2:	f7ff fbed 	bl	10002bb0 <dcd_edpt_clear_stall>
100033d6:	2102      	movs	r1, #2
100033d8:	4b1d      	ldr	r3, [pc, #116]	; (10003450 <tud_task_ext+0x6ac>)
100033da:	199b      	adds	r3, r3, r6
100033dc:	4443      	add	r3, r8
100033de:	3330      	adds	r3, #48	; 0x30
100033e0:	791a      	ldrb	r2, [r3, #4]
100033e2:	438a      	bics	r2, r1
100033e4:	4649      	mov	r1, r9
100033e6:	711a      	strb	r2, [r3, #4]
100033e8:	791a      	ldrb	r2, [r3, #4]
100033ea:	438a      	bics	r2, r1
100033ec:	711a      	strb	r2, [r3, #4]
100033ee:	e7d9      	b.n	100033a4 <tud_task_ext+0x600>
100033f0:	ab06      	add	r3, sp, #24
100033f2:	1c9a      	adds	r2, r3, #2
100033f4:	4658      	mov	r0, fp
100033f6:	2301      	movs	r3, #1
100033f8:	a908      	add	r1, sp, #32
100033fa:	7016      	strb	r6, [r2, #0]
100033fc:	f000 f9a0 	bl	10003740 <tud_control_xfer>
10003400:	e4e0      	b.n	10002dc4 <tud_task_ext+0x20>
10003402:	f7ff fc3d 	bl	10002c80 <tud_mount_cb>
10003406:	e6a2      	b.n	1000314e <tud_task_ext+0x3aa>
10003408:	003b      	movs	r3, r7
1000340a:	464f      	mov	r7, r9
1000340c:	4699      	mov	r9, r3
1000340e:	9b00      	ldr	r3, [sp, #0]
10003410:	2b01      	cmp	r3, #1
10003412:	d100      	bne.n	10003416 <tud_task_ext+0x672>
10003414:	e089      	b.n	1000352a <tud_task_ext+0x786>
10003416:	9b00      	ldr	r3, [sp, #0]
10003418:	2b00      	cmp	r3, #0
1000341a:	d075      	beq.n	10003508 <tud_task_ext+0x764>
1000341c:	2300      	movs	r3, #0
1000341e:	464e      	mov	r6, r9
10003420:	78b9      	ldrb	r1, [r7, #2]
10003422:	e005      	b.n	10003430 <tud_task_ext+0x68c>
10003424:	7116      	strb	r6, [r2, #4]
10003426:	3301      	adds	r3, #1
10003428:	9a00      	ldr	r2, [sp, #0]
1000342a:	b2db      	uxtb	r3, r3
1000342c:	4293      	cmp	r3, r2
1000342e:	d26a      	bcs.n	10003506 <tud_task_ext+0x762>
10003430:	4807      	ldr	r0, [pc, #28]	; (10003450 <tud_task_ext+0x6ac>)
10003432:	185a      	adds	r2, r3, r1
10003434:	4684      	mov	ip, r0
10003436:	b2d2      	uxtb	r2, r2
10003438:	4462      	add	r2, ip
1000343a:	7910      	ldrb	r0, [r2, #4]
1000343c:	28ff      	cmp	r0, #255	; 0xff
1000343e:	d0f1      	beq.n	10003424 <tud_task_ext+0x680>
10003440:	2300      	movs	r3, #0
10003442:	4a03      	ldr	r2, [pc, #12]	; (10003450 <tud_task_ext+0x6ac>)
10003444:	7053      	strb	r3, [r2, #1]
10003446:	e548      	b.n	10002eda <tud_task_ext+0x136>
10003448:	f7ff fc1c 	bl	10002c84 <tud_umount_cb>
1000344c:	e67f      	b.n	1000314e <tud_task_ext+0x3aa>
1000344e:	46c0      	nop			; (mov r8, r8)
10003450:	20001544 	.word	0x20001544
10003454:	20001fe9 	.word	0x20001fe9
10003458:	10004ed4 	.word	0x10004ed4
1000345c:	20001394 	.word	0x20001394
10003460:	10004e78 	.word	0x10004e78
10003464:	200010e4 	.word	0x200010e4
10003468:	2100      	movs	r1, #0
1000346a:	4658      	mov	r0, fp
1000346c:	f7ff fac8 	bl	10002a00 <dcd_sof_enable>
10003470:	4658      	mov	r0, fp
10003472:	f7ff fb6b 	bl	10002b4c <dcd_edpt_close_all>
10003476:	4b45      	ldr	r3, [pc, #276]	; (1000358c <tud_task_ext+0x7e8>)
10003478:	4e45      	ldr	r6, [pc, #276]	; (10003590 <tud_task_ext+0x7ec>)
1000347a:	789b      	ldrb	r3, [r3, #2]
1000347c:	4945      	ldr	r1, [pc, #276]	; (10003594 <tud_task_ext+0x7f0>)
1000347e:	9300      	str	r3, [sp, #0]
10003480:	4689      	mov	r9, r1
10003482:	2300      	movs	r3, #0
10003484:	0031      	movs	r1, r6
10003486:	7832      	ldrb	r2, [r6, #0]
10003488:	4688      	mov	r8, r1
1000348a:	001e      	movs	r6, r3
1000348c:	e011      	b.n	100034b2 <tud_task_ext+0x70e>
1000348e:	464a      	mov	r2, r9
10003490:	6812      	ldr	r2, [r2, #0]
10003492:	0173      	lsls	r3, r6, #5
10003494:	4694      	mov	ip, r2
10003496:	4463      	add	r3, ip
10003498:	2b00      	cmp	r3, #0
1000349a:	d022      	beq.n	100034e2 <tud_task_ext+0x73e>
1000349c:	68db      	ldr	r3, [r3, #12]
1000349e:	4658      	mov	r0, fp
100034a0:	4798      	blx	r3
100034a2:	4643      	mov	r3, r8
100034a4:	781a      	ldrb	r2, [r3, #0]
100034a6:	3601      	adds	r6, #1
100034a8:	b2f6      	uxtb	r6, r6
100034aa:	1c51      	adds	r1, r2, #1
100034ac:	0033      	movs	r3, r6
100034ae:	428e      	cmp	r6, r1
100034b0:	dc07      	bgt.n	100034c2 <tud_task_ext+0x71e>
100034b2:	42b2      	cmp	r2, r6
100034b4:	d8eb      	bhi.n	1000348e <tud_task_ext+0x6ea>
100034b6:	1a9b      	subs	r3, r3, r2
100034b8:	4a37      	ldr	r2, [pc, #220]	; (10003598 <tud_task_ext+0x7f4>)
100034ba:	015b      	lsls	r3, r3, #5
100034bc:	4694      	mov	ip, r2
100034be:	4463      	add	r3, ip
100034c0:	e7ec      	b.n	1000349c <tud_task_ext+0x6f8>
100034c2:	2254      	movs	r2, #84	; 0x54
100034c4:	2100      	movs	r1, #0
100034c6:	4831      	ldr	r0, [pc, #196]	; (1000358c <tud_task_ext+0x7e8>)
100034c8:	f7fe fcc0 	bl	10001e4c <__wrap_memset>
100034cc:	4b2f      	ldr	r3, [pc, #188]	; (1000358c <tud_task_ext+0x7e8>)
100034ce:	2210      	movs	r2, #16
100034d0:	21ff      	movs	r1, #255	; 0xff
100034d2:	1d18      	adds	r0, r3, #4
100034d4:	f7fe fcba 	bl	10001e4c <__wrap_memset>
100034d8:	2220      	movs	r2, #32
100034da:	21ff      	movs	r1, #255	; 0xff
100034dc:	482f      	ldr	r0, [pc, #188]	; (1000359c <tud_task_ext+0x7f8>)
100034de:	f7fe fcb5 	bl	10001e4c <__wrap_memset>
100034e2:	4b2a      	ldr	r3, [pc, #168]	; (1000358c <tud_task_ext+0x7e8>)
100034e4:	9a00      	ldr	r2, [sp, #0]
100034e6:	709a      	strb	r2, [r3, #2]
100034e8:	e653      	b.n	10003192 <tud_task_ext+0x3ee>
100034ea:	f7fe fead 	bl	10002248 <tud_descriptor_bos_cb>
100034ee:	1e02      	subs	r2, r0, #0
100034f0:	d100      	bne.n	100034f4 <tud_task_ext+0x750>
100034f2:	e4f2      	b.n	10002eda <tud_task_ext+0x136>
100034f4:	78d3      	ldrb	r3, [r2, #3]
100034f6:	7891      	ldrb	r1, [r2, #2]
100034f8:	021b      	lsls	r3, r3, #8
100034fa:	430b      	orrs	r3, r1
100034fc:	4658      	mov	r0, fp
100034fe:	a908      	add	r1, sp, #32
10003500:	f000 f91e 	bl	10003740 <tud_control_xfer>
10003504:	e5a5      	b.n	10003052 <tud_task_ext+0x2ae>
10003506:	46b1      	mov	r9, r6
10003508:	9e05      	ldr	r6, [sp, #20]
1000350a:	464b      	mov	r3, r9
1000350c:	0032      	movs	r2, r6
1000350e:	0039      	movs	r1, r7
10003510:	4822      	ldr	r0, [pc, #136]	; (1000359c <tud_task_ext+0x7f8>)
10003512:	f000 fea1 	bl	10004258 <tu_edpt_bind_driver>
10003516:	46b4      	mov	ip, r6
10003518:	4b1d      	ldr	r3, [pc, #116]	; (10003590 <tud_task_ext+0x7ec>)
1000351a:	9a01      	ldr	r2, [sp, #4]
1000351c:	781b      	ldrb	r3, [r3, #0]
1000351e:	4467      	add	r7, ip
10003520:	3301      	adds	r3, #1
10003522:	4293      	cmp	r3, r2
10003524:	db00      	blt.n	10003528 <tud_task_ext+0x784>
10003526:	e661      	b.n	100031ec <tud_task_ext+0x448>
10003528:	e78a      	b.n	10003440 <tud_task_ext+0x69c>
1000352a:	4b1d      	ldr	r3, [pc, #116]	; (100035a0 <tud_task_ext+0x7fc>)
1000352c:	6932      	ldr	r2, [r6, #16]
1000352e:	429a      	cmp	r2, r3
10003530:	d000      	beq.n	10003534 <tud_task_ext+0x790>
10003532:	e773      	b.n	1000341c <tud_task_ext+0x678>
10003534:	9b04      	ldr	r3, [sp, #16]
10003536:	9300      	str	r3, [sp, #0]
10003538:	e770      	b.n	1000341c <tud_task_ext+0x678>
1000353a:	f7ff fb9d 	bl	10002c78 <tud_descriptor_device_qualifier_cb>
1000353e:	1e02      	subs	r2, r0, #0
10003540:	d100      	bne.n	10003544 <tud_task_ext+0x7a0>
10003542:	e4ca      	b.n	10002eda <tud_task_ext+0x136>
10003544:	4658      	mov	r0, fp
10003546:	7813      	ldrb	r3, [r2, #0]
10003548:	a908      	add	r1, sp, #32
1000354a:	f000 f8f9 	bl	10003740 <tud_control_xfer>
1000354e:	e580      	b.n	10003052 <tud_task_ext+0x2ae>
10003550:	8921      	ldrh	r1, [r4, #8]
10003552:	f7ff f8c7 	bl	100026e4 <tud_descriptor_string_cb>
10003556:	1e02      	subs	r2, r0, #0
10003558:	d1f4      	bne.n	10003544 <tud_task_ext+0x7a0>
1000355a:	e4be      	b.n	10002eda <tud_task_ext+0x136>
1000355c:	2b02      	cmp	r3, #2
1000355e:	d00f      	beq.n	10003580 <tud_task_ext+0x7dc>
10003560:	f7ff fb8c 	bl	10002c7c <tud_descriptor_other_speed_configuration_cb>
10003564:	1e02      	subs	r2, r0, #0
10003566:	d1c5      	bne.n	100034f4 <tud_task_ext+0x750>
10003568:	e4b7      	b.n	10002eda <tud_task_ext+0x136>
1000356a:	f7ff f8b3 	bl	100026d4 <tud_descriptor_device_cb>
1000356e:	1e02      	subs	r2, r0, #0
10003570:	d100      	bne.n	10003574 <tud_task_ext+0x7d0>
10003572:	e4b2      	b.n	10002eda <tud_task_ext+0x136>
10003574:	2312      	movs	r3, #18
10003576:	4658      	mov	r0, fp
10003578:	a908      	add	r1, sp, #32
1000357a:	f000 f8e1 	bl	10003740 <tud_control_xfer>
1000357e:	e568      	b.n	10003052 <tud_task_ext+0x2ae>
10003580:	f7ff f8ac 	bl	100026dc <tud_descriptor_configuration_cb>
10003584:	1e02      	subs	r2, r0, #0
10003586:	d1b5      	bne.n	100034f4 <tud_task_ext+0x750>
10003588:	e4a7      	b.n	10002eda <tud_task_ext+0x136>
1000358a:	46c0      	nop			; (mov r8, r8)
1000358c:	20001544 	.word	0x20001544
10003590:	20001fe9 	.word	0x20001fe9
10003594:	20001394 	.word	0x20001394
10003598:	10004ed4 	.word	0x10004ed4
1000359c:	20001558 	.word	0x20001558
100035a0:	10003c21 	.word	0x10003c21

100035a4 <usbd_open_edpt_pair>:
100035a4:	b5f8      	push	{r3, r4, r5, r6, r7, lr}
100035a6:	4657      	mov	r7, sl
100035a8:	464e      	mov	r6, r9
100035aa:	46de      	mov	lr, fp
100035ac:	4645      	mov	r5, r8
100035ae:	000c      	movs	r4, r1
100035b0:	b5e0      	push	{r5, r6, r7, lr}
100035b2:	0016      	movs	r6, r2
100035b4:	001f      	movs	r7, r3
100035b6:	2a00      	cmp	r2, #0
100035b8:	d03c      	beq.n	10003634 <usbd_open_edpt_pair+0x90>
100035ba:	2370      	movs	r3, #112	; 0x70
100035bc:	4698      	mov	r8, r3
100035be:	4b1e      	ldr	r3, [pc, #120]	; (10003638 <usbd_open_edpt_pair+0x94>)
100035c0:	2500      	movs	r5, #0
100035c2:	469b      	mov	fp, r3
100035c4:	4b1d      	ldr	r3, [pc, #116]	; (1000363c <usbd_open_edpt_pair+0x98>)
100035c6:	469a      	mov	sl, r3
100035c8:	e01a      	b.n	10003600 <usbd_open_edpt_pair+0x5c>
100035ca:	465b      	mov	r3, fp
100035cc:	781b      	ldrb	r3, [r3, #0]
100035ce:	0020      	movs	r0, r4
100035d0:	4699      	mov	r9, r3
100035d2:	4653      	mov	r3, sl
100035d4:	7899      	ldrb	r1, [r3, #2]
100035d6:	f000 fe03 	bl	100041e0 <tu_edpt_validate>
100035da:	2800      	cmp	r0, #0
100035dc:	d01c      	beq.n	10003618 <usbd_open_edpt_pair+0x74>
100035de:	0021      	movs	r1, r4
100035e0:	4648      	mov	r0, r9
100035e2:	f7ff fa29 	bl	10002a38 <dcd_edpt_open>
100035e6:	2800      	cmp	r0, #0
100035e8:	d016      	beq.n	10003618 <usbd_open_edpt_pair+0x74>
100035ea:	78a3      	ldrb	r3, [r4, #2]
100035ec:	09da      	lsrs	r2, r3, #7
100035ee:	2a01      	cmp	r2, #1
100035f0:	d019      	beq.n	10003626 <usbd_open_edpt_pair+0x82>
100035f2:	9a0a      	ldr	r2, [sp, #40]	; 0x28
100035f4:	3501      	adds	r5, #1
100035f6:	7013      	strb	r3, [r2, #0]
100035f8:	7823      	ldrb	r3, [r4, #0]
100035fa:	18e4      	adds	r4, r4, r3
100035fc:	42b5      	cmp	r5, r6
100035fe:	da19      	bge.n	10003634 <usbd_open_edpt_pair+0x90>
10003600:	7863      	ldrb	r3, [r4, #1]
10003602:	2b05      	cmp	r3, #5
10003604:	d108      	bne.n	10003618 <usbd_open_edpt_pair+0x74>
10003606:	78e3      	ldrb	r3, [r4, #3]
10003608:	079b      	lsls	r3, r3, #30
1000360a:	0f9b      	lsrs	r3, r3, #30
1000360c:	42bb      	cmp	r3, r7
1000360e:	d103      	bne.n	10003618 <usbd_open_edpt_pair+0x74>
10003610:	4642      	mov	r2, r8
10003612:	78a3      	ldrb	r3, [r4, #2]
10003614:	421a      	tst	r2, r3
10003616:	d0d8      	beq.n	100035ca <usbd_open_edpt_pair+0x26>
10003618:	2000      	movs	r0, #0
1000361a:	bcf0      	pop	{r4, r5, r6, r7}
1000361c:	46bb      	mov	fp, r7
1000361e:	46b2      	mov	sl, r6
10003620:	46a9      	mov	r9, r5
10003622:	46a0      	mov	r8, r4
10003624:	bdf8      	pop	{r3, r4, r5, r6, r7, pc}
10003626:	9a0b      	ldr	r2, [sp, #44]	; 0x2c
10003628:	3501      	adds	r5, #1
1000362a:	7013      	strb	r3, [r2, #0]
1000362c:	7823      	ldrb	r3, [r4, #0]
1000362e:	18e4      	adds	r4, r4, r3
10003630:	42b5      	cmp	r5, r6
10003632:	dbe5      	blt.n	10003600 <usbd_open_edpt_pair+0x5c>
10003634:	2001      	movs	r0, #1
10003636:	e7f0      	b.n	1000361a <usbd_open_edpt_pair+0x76>
10003638:	200010e4 	.word	0x200010e4
1000363c:	20001544 	.word	0x20001544

10003640 <usbd_edpt_open>:
10003640:	2270      	movs	r2, #112	; 0x70
10003642:	b570      	push	{r4, r5, r6, lr}
10003644:	788b      	ldrb	r3, [r1, #2]
10003646:	000c      	movs	r4, r1
10003648:	421a      	tst	r2, r3
1000364a:	d001      	beq.n	10003650 <usbd_edpt_open+0x10>
1000364c:	2000      	movs	r0, #0
1000364e:	bd70      	pop	{r4, r5, r6, pc}
10003650:	4b06      	ldr	r3, [pc, #24]	; (1000366c <usbd_edpt_open+0x2c>)
10003652:	0020      	movs	r0, r4
10003654:	781d      	ldrb	r5, [r3, #0]
10003656:	4b06      	ldr	r3, [pc, #24]	; (10003670 <usbd_edpt_open+0x30>)
10003658:	7899      	ldrb	r1, [r3, #2]
1000365a:	f000 fdc1 	bl	100041e0 <tu_edpt_validate>
1000365e:	2800      	cmp	r0, #0
10003660:	d0f4      	beq.n	1000364c <usbd_edpt_open+0xc>
10003662:	0021      	movs	r1, r4
10003664:	0028      	movs	r0, r5
10003666:	f7ff f9e7 	bl	10002a38 <dcd_edpt_open>
1000366a:	e7f0      	b.n	1000364e <usbd_edpt_open+0xe>
1000366c:	200010e4 	.word	0x200010e4
10003670:	20001544 	.word	0x20001544

10003674 <usbd_edpt_claim>:
10003674:	4b07      	ldr	r3, [pc, #28]	; (10003694 <usbd_edpt_claim+0x20>)
10003676:	0008      	movs	r0, r1
10003678:	6819      	ldr	r1, [r3, #0]
1000367a:	237f      	movs	r3, #127	; 0x7f
1000367c:	b510      	push	{r4, lr}
1000367e:	4003      	ands	r3, r0
10003680:	09c0      	lsrs	r0, r0, #7
10003682:	005b      	lsls	r3, r3, #1
10003684:	3034      	adds	r0, #52	; 0x34
10003686:	1818      	adds	r0, r3, r0
10003688:	4b03      	ldr	r3, [pc, #12]	; (10003698 <usbd_edpt_claim+0x24>)
1000368a:	1818      	adds	r0, r3, r0
1000368c:	f000 fd64 	bl	10004158 <tu_edpt_claim>
10003690:	bd10      	pop	{r4, pc}
10003692:	46c0      	nop			; (mov r8, r8)
10003694:	20001598 	.word	0x20001598
10003698:	20001544 	.word	0x20001544

1000369c <usbd_edpt_release>:
1000369c:	4b07      	ldr	r3, [pc, #28]	; (100036bc <usbd_edpt_release+0x20>)
1000369e:	0008      	movs	r0, r1
100036a0:	6819      	ldr	r1, [r3, #0]
100036a2:	237f      	movs	r3, #127	; 0x7f
100036a4:	b510      	push	{r4, lr}
100036a6:	4003      	ands	r3, r0
100036a8:	09c0      	lsrs	r0, r0, #7
100036aa:	005b      	lsls	r3, r3, #1
100036ac:	3034      	adds	r0, #52	; 0x34
100036ae:	1818      	adds	r0, r3, r0
100036b0:	4b03      	ldr	r3, [pc, #12]	; (100036c0 <usbd_edpt_release+0x24>)
100036b2:	1818      	adds	r0, r3, r0
100036b4:	f000 fd78 	bl	100041a8 <tu_edpt_release>
100036b8:	bd10      	pop	{r4, pc}
100036ba:	46c0      	nop			; (mov r8, r8)
100036bc:	20001598 	.word	0x20001598
100036c0:	20001544 	.word	0x20001544

100036c4 <usbd_edpt_xfer>:
100036c4:	207f      	movs	r0, #127	; 0x7f
100036c6:	b570      	push	{r4, r5, r6, lr}
100036c8:	4008      	ands	r0, r1
100036ca:	4c0f      	ldr	r4, [pc, #60]	; (10003708 <usbd_edpt_xfer+0x44>)
100036cc:	0040      	lsls	r0, r0, #1
100036ce:	09cd      	lsrs	r5, r1, #7
100036d0:	1824      	adds	r4, r4, r0
100036d2:	1964      	adds	r4, r4, r5
100036d4:	3430      	adds	r4, #48	; 0x30
100036d6:	7925      	ldrb	r5, [r4, #4]
100036d8:	2000      	movs	r0, #0
100036da:	07ed      	lsls	r5, r5, #31
100036dc:	d500      	bpl.n	100036e0 <usbd_edpt_xfer+0x1c>
100036de:	bd70      	pop	{r4, r5, r6, pc}
100036e0:	2601      	movs	r6, #1
100036e2:	7925      	ldrb	r5, [r4, #4]
100036e4:	4809      	ldr	r0, [pc, #36]	; (1000370c <usbd_edpt_xfer+0x48>)
100036e6:	4335      	orrs	r5, r6
100036e8:	7800      	ldrb	r0, [r0, #0]
100036ea:	7125      	strb	r5, [r4, #4]
100036ec:	f7ff fa32 	bl	10002b54 <dcd_edpt_xfer>
100036f0:	2800      	cmp	r0, #0
100036f2:	d1f4      	bne.n	100036de <usbd_edpt_xfer+0x1a>
100036f4:	2201      	movs	r2, #1
100036f6:	7923      	ldrb	r3, [r4, #4]
100036f8:	4393      	bics	r3, r2
100036fa:	7123      	strb	r3, [r4, #4]
100036fc:	7923      	ldrb	r3, [r4, #4]
100036fe:	3203      	adds	r2, #3
10003700:	4393      	bics	r3, r2
10003702:	7123      	strb	r3, [r4, #4]
10003704:	e7eb      	b.n	100036de <usbd_edpt_xfer+0x1a>
10003706:	46c0      	nop			; (mov r8, r8)
10003708:	20001544 	.word	0x20001544
1000370c:	200010e4 	.word	0x200010e4

10003710 <tud_control_status>:
10003710:	b570      	push	{r4, r5, r6, lr}
10003712:	4e0a      	ldr	r6, [pc, #40]	; (1000373c <tud_control_status+0x2c>)
10003714:	0005      	movs	r5, r0
10003716:	0030      	movs	r0, r6
10003718:	2208      	movs	r2, #8
1000371a:	000c      	movs	r4, r1
1000371c:	f7fe fb9c 	bl	10001e58 <__wrap___aeabi_memcpy>
10003720:	2300      	movs	r3, #0
10003722:	217f      	movs	r1, #127	; 0x7f
10003724:	60f3      	str	r3, [r6, #12]
10003726:	7822      	ldrb	r2, [r4, #0]
10003728:	60b3      	str	r3, [r6, #8]
1000372a:	4291      	cmp	r1, r2
1000372c:	415b      	adcs	r3, r3
1000372e:	0028      	movs	r0, r5
10003730:	01d9      	lsls	r1, r3, #7
10003732:	2200      	movs	r2, #0
10003734:	2300      	movs	r3, #0
10003736:	f7ff ffc5 	bl	100036c4 <usbd_edpt_xfer>
1000373a:	bd70      	pop	{r4, r5, r6, pc}
1000373c:	20001524 	.word	0x20001524

10003740 <tud_control_xfer>:
10003740:	b5f8      	push	{r3, r4, r5, r6, r7, lr}
10003742:	46ce      	mov	lr, r9
10003744:	4647      	mov	r7, r8
10003746:	4691      	mov	r9, r2
10003748:	4e2a      	ldr	r6, [pc, #168]	; (100037f4 <tud_control_xfer+0xb4>)
1000374a:	b580      	push	{r7, lr}
1000374c:	2208      	movs	r2, #8
1000374e:	0007      	movs	r7, r0
10003750:	0030      	movs	r0, r6
10003752:	000d      	movs	r5, r1
10003754:	4698      	mov	r8, r3
10003756:	f7fe fb7f 	bl	10001e58 <__wrap___aeabi_memcpy>
1000375a:	464b      	mov	r3, r9
1000375c:	60b3      	str	r3, [r6, #8]
1000375e:	2300      	movs	r3, #0
10003760:	81f3      	strh	r3, [r6, #14]
10003762:	79ec      	ldrb	r4, [r5, #7]
10003764:	79a9      	ldrb	r1, [r5, #6]
10003766:	0224      	lsls	r4, r4, #8
10003768:	430c      	orrs	r4, r1
1000376a:	1c23      	adds	r3, r4, #0
1000376c:	4544      	cmp	r4, r8
1000376e:	d900      	bls.n	10003772 <tud_control_xfer+0x32>
10003770:	4643      	mov	r3, r8
10003772:	b29a      	uxth	r2, r3
10003774:	4690      	mov	r8, r2
10003776:	81b3      	strh	r3, [r6, #12]
10003778:	2c00      	cmp	r4, #0
1000377a:	d013      	beq.n	100037a4 <tud_control_xfer+0x64>
1000377c:	2a00      	cmp	r2, #0
1000377e:	d01f      	beq.n	100037c0 <tud_control_xfer+0x80>
10003780:	464b      	mov	r3, r9
10003782:	2b00      	cmp	r3, #0
10003784:	d034      	beq.n	100037f0 <tud_control_xfer+0xb0>
10003786:	1c13      	adds	r3, r2, #0
10003788:	2a40      	cmp	r2, #64	; 0x40
1000378a:	d81f      	bhi.n	100037cc <tud_control_xfer+0x8c>
1000378c:	b29b      	uxth	r3, r3
1000378e:	4698      	mov	r8, r3
10003790:	7833      	ldrb	r3, [r6, #0]
10003792:	2b7f      	cmp	r3, #127	; 0x7f
10003794:	d820      	bhi.n	100037d8 <tud_control_xfer+0x98>
10003796:	2100      	movs	r1, #0
10003798:	4a17      	ldr	r2, [pc, #92]	; (100037f8 <tud_control_xfer+0xb8>)
1000379a:	4643      	mov	r3, r8
1000379c:	0038      	movs	r0, r7
1000379e:	f7ff ff91 	bl	100036c4 <usbd_edpt_xfer>
100037a2:	e009      	b.n	100037b8 <tud_control_xfer+0x78>
100037a4:	227f      	movs	r2, #127	; 0x7f
100037a6:	782b      	ldrb	r3, [r5, #0]
100037a8:	0038      	movs	r0, r7
100037aa:	429a      	cmp	r2, r3
100037ac:	4164      	adcs	r4, r4
100037ae:	2300      	movs	r3, #0
100037b0:	2200      	movs	r2, #0
100037b2:	01e1      	lsls	r1, r4, #7
100037b4:	f7ff ff86 	bl	100036c4 <usbd_edpt_xfer>
100037b8:	bcc0      	pop	{r6, r7}
100037ba:	46b9      	mov	r9, r7
100037bc:	46b0      	mov	r8, r6
100037be:	bdf8      	pop	{r3, r4, r5, r6, r7, pc}
100037c0:	7833      	ldrb	r3, [r6, #0]
100037c2:	2b7f      	cmp	r3, #127	; 0x7f
100037c4:	d911      	bls.n	100037ea <tud_control_xfer+0xaa>
100037c6:	2180      	movs	r1, #128	; 0x80
100037c8:	2200      	movs	r2, #0
100037ca:	e7e6      	b.n	1000379a <tud_control_xfer+0x5a>
100037cc:	2340      	movs	r3, #64	; 0x40
100037ce:	b29b      	uxth	r3, r3
100037d0:	4698      	mov	r8, r3
100037d2:	7833      	ldrb	r3, [r6, #0]
100037d4:	2b7f      	cmp	r3, #127	; 0x7f
100037d6:	d9de      	bls.n	10003796 <tud_control_xfer+0x56>
100037d8:	4c07      	ldr	r4, [pc, #28]	; (100037f8 <tud_control_xfer+0xb8>)
100037da:	4642      	mov	r2, r8
100037dc:	4649      	mov	r1, r9
100037de:	0020      	movs	r0, r4
100037e0:	f7fe fb3a 	bl	10001e58 <__wrap___aeabi_memcpy>
100037e4:	2180      	movs	r1, #128	; 0x80
100037e6:	0022      	movs	r2, r4
100037e8:	e7d7      	b.n	1000379a <tud_control_xfer+0x5a>
100037ea:	2100      	movs	r1, #0
100037ec:	2200      	movs	r2, #0
100037ee:	e7d4      	b.n	1000379a <tud_control_xfer+0x5a>
100037f0:	2000      	movs	r0, #0
100037f2:	e7e1      	b.n	100037b8 <tud_control_xfer+0x78>
100037f4:	20001524 	.word	0x20001524
100037f8:	200014e4 	.word	0x200014e4

100037fc <usbd_control_reset>:
100037fc:	b510      	push	{r4, lr}
100037fe:	2214      	movs	r2, #20
10003800:	2100      	movs	r1, #0
10003802:	4802      	ldr	r0, [pc, #8]	; (1000380c <usbd_control_reset+0x10>)
10003804:	f7fe fb22 	bl	10001e4c <__wrap_memset>
10003808:	bd10      	pop	{r4, pc}
1000380a:	46c0      	nop			; (mov r8, r8)
1000380c:	20001524 	.word	0x20001524

10003810 <usbd_control_set_complete_callback>:
10003810:	4b01      	ldr	r3, [pc, #4]	; (10003818 <usbd_control_set_complete_callback+0x8>)
10003812:	6118      	str	r0, [r3, #16]
10003814:	4770      	bx	lr
10003816:	46c0      	nop			; (mov r8, r8)
10003818:	20001524 	.word	0x20001524

1000381c <usbd_control_set_request>:
1000381c:	b510      	push	{r4, lr}
1000381e:	4c05      	ldr	r4, [pc, #20]	; (10003834 <usbd_control_set_request+0x18>)
10003820:	0001      	movs	r1, r0
10003822:	2208      	movs	r2, #8
10003824:	0020      	movs	r0, r4
10003826:	f7fe fb17 	bl	10001e58 <__wrap___aeabi_memcpy>
1000382a:	2300      	movs	r3, #0
1000382c:	60a3      	str	r3, [r4, #8]
1000382e:	60e3      	str	r3, [r4, #12]
10003830:	bd10      	pop	{r4, pc}
10003832:	46c0      	nop			; (mov r8, r8)
10003834:	20001524 	.word	0x20001524

10003838 <usbd_control_xfer_cb>:
10003838:	b5f8      	push	{r3, r4, r5, r6, r7, lr}
1000383a:	4c39      	ldr	r4, [pc, #228]	; (10003920 <usbd_control_xfer_cb+0xe8>)
1000383c:	001d      	movs	r5, r3
1000383e:	7823      	ldrb	r3, [r4, #0]
10003840:	0006      	movs	r6, r0
10003842:	09da      	lsrs	r2, r3, #7
10003844:	09c9      	lsrs	r1, r1, #7
10003846:	428a      	cmp	r2, r1
10003848:	d010      	beq.n	1000386c <usbd_control_xfer_cb+0x34>
1000384a:	2000      	movs	r0, #0
1000384c:	2d00      	cmp	r5, #0
1000384e:	d000      	beq.n	10003852 <usbd_control_xfer_cb+0x1a>
10003850:	bdf8      	pop	{r3, r4, r5, r6, r7, pc}
10003852:	0021      	movs	r1, r4
10003854:	0030      	movs	r0, r6
10003856:	f7ff f8e1 	bl	10002a1c <dcd_edpt0_status_complete>
1000385a:	6923      	ldr	r3, [r4, #16]
1000385c:	2b00      	cmp	r3, #0
1000385e:	d042      	beq.n	100038e6 <usbd_control_xfer_cb+0xae>
10003860:	0022      	movs	r2, r4
10003862:	2103      	movs	r1, #3
10003864:	0030      	movs	r0, r6
10003866:	4798      	blx	r3
10003868:	2001      	movs	r0, #1
1000386a:	e7f1      	b.n	10003850 <usbd_control_xfer_cb+0x18>
1000386c:	2b7f      	cmp	r3, #127	; 0x7f
1000386e:	d806      	bhi.n	1000387e <usbd_control_xfer_cb+0x46>
10003870:	68a0      	ldr	r0, [r4, #8]
10003872:	2800      	cmp	r0, #0
10003874:	d039      	beq.n	100038ea <usbd_control_xfer_cb+0xb2>
10003876:	002a      	movs	r2, r5
10003878:	492a      	ldr	r1, [pc, #168]	; (10003924 <usbd_control_xfer_cb+0xec>)
1000387a:	f7fe faed 	bl	10001e58 <__wrap___aeabi_memcpy>
1000387e:	68a3      	ldr	r3, [r4, #8]
10003880:	89e2      	ldrh	r2, [r4, #14]
10003882:	1959      	adds	r1, r3, r5
10003884:	1952      	adds	r2, r2, r5
10003886:	88e3      	ldrh	r3, [r4, #6]
10003888:	b292      	uxth	r2, r2
1000388a:	81e2      	strh	r2, [r4, #14]
1000388c:	60a1      	str	r1, [r4, #8]
1000388e:	4293      	cmp	r3, r2
10003890:	d014      	beq.n	100038bc <usbd_control_xfer_cb+0x84>
10003892:	2d3f      	cmp	r5, #63	; 0x3f
10003894:	d912      	bls.n	100038bc <usbd_control_xfer_cb+0x84>
10003896:	89a5      	ldrh	r5, [r4, #12]
10003898:	1aa8      	subs	r0, r5, r2
1000389a:	1c07      	adds	r7, r0, #0
1000389c:	b280      	uxth	r0, r0
1000389e:	2840      	cmp	r0, #64	; 0x40
100038a0:	d82f      	bhi.n	10003902 <usbd_control_xfer_cb+0xca>
100038a2:	7823      	ldrb	r3, [r4, #0]
100038a4:	b2bf      	uxth	r7, r7
100038a6:	2b7f      	cmp	r3, #127	; 0x7f
100038a8:	d82d      	bhi.n	10003906 <usbd_control_xfer_cb+0xce>
100038aa:	2100      	movs	r1, #0
100038ac:	42aa      	cmp	r2, r5
100038ae:	d035      	beq.n	1000391c <usbd_control_xfer_cb+0xe4>
100038b0:	4a1c      	ldr	r2, [pc, #112]	; (10003924 <usbd_control_xfer_cb+0xec>)
100038b2:	003b      	movs	r3, r7
100038b4:	0030      	movs	r0, r6
100038b6:	f7ff ff05 	bl	100036c4 <usbd_edpt_xfer>
100038ba:	e7c9      	b.n	10003850 <usbd_control_xfer_cb+0x18>
100038bc:	6923      	ldr	r3, [r4, #16]
100038be:	2b00      	cmp	r3, #0
100038c0:	d005      	beq.n	100038ce <usbd_control_xfer_cb+0x96>
100038c2:	0022      	movs	r2, r4
100038c4:	2102      	movs	r1, #2
100038c6:	0030      	movs	r0, r6
100038c8:	4798      	blx	r3
100038ca:	2800      	cmp	r0, #0
100038cc:	d00f      	beq.n	100038ee <usbd_control_xfer_cb+0xb6>
100038ce:	227f      	movs	r2, #127	; 0x7f
100038d0:	2100      	movs	r1, #0
100038d2:	7823      	ldrb	r3, [r4, #0]
100038d4:	0030      	movs	r0, r6
100038d6:	429a      	cmp	r2, r3
100038d8:	4149      	adcs	r1, r1
100038da:	2300      	movs	r3, #0
100038dc:	2200      	movs	r2, #0
100038de:	01c9      	lsls	r1, r1, #7
100038e0:	f7ff fef0 	bl	100036c4 <usbd_edpt_xfer>
100038e4:	e7b4      	b.n	10003850 <usbd_control_xfer_cb+0x18>
100038e6:	2001      	movs	r0, #1
100038e8:	e7b2      	b.n	10003850 <usbd_control_xfer_cb+0x18>
100038ea:	2000      	movs	r0, #0
100038ec:	e7b0      	b.n	10003850 <usbd_control_xfer_cb+0x18>
100038ee:	2100      	movs	r1, #0
100038f0:	0030      	movs	r0, r6
100038f2:	f7ff f941 	bl	10002b78 <dcd_edpt_stall>
100038f6:	0030      	movs	r0, r6
100038f8:	2180      	movs	r1, #128	; 0x80
100038fa:	f7ff f93d 	bl	10002b78 <dcd_edpt_stall>
100038fe:	2001      	movs	r0, #1
10003900:	e7a6      	b.n	10003850 <usbd_control_xfer_cb+0x18>
10003902:	2740      	movs	r7, #64	; 0x40
10003904:	e7cd      	b.n	100038a2 <usbd_control_xfer_cb+0x6a>
10003906:	42aa      	cmp	r2, r5
10003908:	d007      	beq.n	1000391a <usbd_control_xfer_cb+0xe2>
1000390a:	4c06      	ldr	r4, [pc, #24]	; (10003924 <usbd_control_xfer_cb+0xec>)
1000390c:	003a      	movs	r2, r7
1000390e:	0020      	movs	r0, r4
10003910:	f7fe faa2 	bl	10001e58 <__wrap___aeabi_memcpy>
10003914:	2180      	movs	r1, #128	; 0x80
10003916:	0022      	movs	r2, r4
10003918:	e7cb      	b.n	100038b2 <usbd_control_xfer_cb+0x7a>
1000391a:	2180      	movs	r1, #128	; 0x80
1000391c:	2200      	movs	r2, #0
1000391e:	e7c8      	b.n	100038b2 <usbd_control_xfer_cb+0x7a>
10003920:	20001524 	.word	0x20001524
10003924:	200014e4 	.word	0x200014e4

10003928 <_prep_out_transaction.isra.0>:
10003928:	b570      	push	{r4, r5, r6, lr}
1000392a:	0005      	movs	r5, r0
1000392c:	f7ff f9b0 	bl	10002c90 <tud_mounted>
10003930:	2800      	cmp	r0, #0
10003932:	d100      	bne.n	10003936 <_prep_out_transaction.isra.0+0xe>
10003934:	bd70      	pop	{r4, r5, r6, pc}
10003936:	f7ff f9b3 	bl	10002ca0 <tud_suspended>
1000393a:	2800      	cmp	r0, #0
1000393c:	d1fa      	bne.n	10003934 <_prep_out_transaction.isra.0+0xc>
1000393e:	23c8      	movs	r3, #200	; 0xc8
10003940:	436b      	muls	r3, r5
10003942:	4a12      	ldr	r2, [pc, #72]	; (1000398c <_prep_out_transaction.isra.0+0x64>)
10003944:	18d6      	adds	r6, r2, r3
10003946:	78f1      	ldrb	r1, [r6, #3]
10003948:	2900      	cmp	r1, #0
1000394a:	d0f3      	beq.n	10003934 <_prep_out_transaction.isra.0+0xc>
1000394c:	3310      	adds	r3, #16
1000394e:	189c      	adds	r4, r3, r2
10003950:	0020      	movs	r0, r4
10003952:	f000 fdf5 	bl	10004540 <tu_fifo_remaining>
10003956:	283f      	cmp	r0, #63	; 0x3f
10003958:	d9ec      	bls.n	10003934 <_prep_out_transaction.isra.0+0xc>
1000395a:	2000      	movs	r0, #0
1000395c:	78f1      	ldrb	r1, [r6, #3]
1000395e:	f7ff fe89 	bl	10003674 <usbd_edpt_claim>
10003962:	2800      	cmp	r0, #0
10003964:	d0e6      	beq.n	10003934 <_prep_out_transaction.isra.0+0xc>
10003966:	0020      	movs	r0, r4
10003968:	f000 fdea 	bl	10004540 <tu_fifo_remaining>
1000396c:	283f      	cmp	r0, #63	; 0x3f
1000396e:	d908      	bls.n	10003982 <_prep_out_transaction.isra.0+0x5a>
10003970:	01ea      	lsls	r2, r5, #7
10003972:	4d07      	ldr	r5, [pc, #28]	; (10003990 <_prep_out_transaction.isra.0+0x68>)
10003974:	2340      	movs	r3, #64	; 0x40
10003976:	78f1      	ldrb	r1, [r6, #3]
10003978:	1952      	adds	r2, r2, r5
1000397a:	2000      	movs	r0, #0
1000397c:	f7ff fea2 	bl	100036c4 <usbd_edpt_xfer>
10003980:	e7d8      	b.n	10003934 <_prep_out_transaction.isra.0+0xc>
10003982:	78f1      	ldrb	r1, [r6, #3]
10003984:	2000      	movs	r0, #0
10003986:	f7ff fe89 	bl	1000369c <usbd_edpt_release>
1000398a:	e7d3      	b.n	10003934 <_prep_out_transaction.isra.0+0xc>
1000398c:	2000141c 	.word	0x2000141c
10003990:	20001398 	.word	0x20001398

10003994 <tud_cdc_n_connected>:
10003994:	b510      	push	{r4, lr}
10003996:	0004      	movs	r4, r0
10003998:	f7ff f97a 	bl	10002c90 <tud_mounted>
1000399c:	2800      	cmp	r0, #0
1000399e:	d101      	bne.n	100039a4 <tud_cdc_n_connected+0x10>
100039a0:	2000      	movs	r0, #0
100039a2:	bd10      	pop	{r4, pc}
100039a4:	f7ff f97c 	bl	10002ca0 <tud_suspended>
100039a8:	2800      	cmp	r0, #0
100039aa:	d1f9      	bne.n	100039a0 <tud_cdc_n_connected+0xc>
100039ac:	30c8      	adds	r0, #200	; 0xc8
100039ae:	4344      	muls	r4, r0
100039b0:	4802      	ldr	r0, [pc, #8]	; (100039bc <tud_cdc_n_connected+0x28>)
100039b2:	1900      	adds	r0, r0, r4
100039b4:	7903      	ldrb	r3, [r0, #4]
100039b6:	2001      	movs	r0, #1
100039b8:	4018      	ands	r0, r3
100039ba:	e7f2      	b.n	100039a2 <tud_cdc_n_connected+0xe>
100039bc:	2000141c 	.word	0x2000141c

100039c0 <tud_cdc_n_available>:
100039c0:	23c8      	movs	r3, #200	; 0xc8
100039c2:	4358      	muls	r0, r3
100039c4:	b510      	push	{r4, lr}
100039c6:	4b03      	ldr	r3, [pc, #12]	; (100039d4 <tud_cdc_n_available+0x14>)
100039c8:	3010      	adds	r0, #16
100039ca:	18c0      	adds	r0, r0, r3
100039cc:	f000 fd9a 	bl	10004504 <tu_fifo_count>
100039d0:	bd10      	pop	{r4, pc}
100039d2:	46c0      	nop			; (mov r8, r8)
100039d4:	2000141c 	.word	0x2000141c

100039d8 <tud_cdc_n_read>:
100039d8:	b5f0      	push	{r4, r5, r6, r7, lr}
100039da:	24c8      	movs	r4, #200	; 0xc8
100039dc:	46c6      	mov	lr, r8
100039de:	4344      	muls	r4, r0
100039e0:	4f1e      	ldr	r7, [pc, #120]	; (10003a5c <tud_cdc_n_read+0x84>)
100039e2:	4b1f      	ldr	r3, [pc, #124]	; (10003a60 <tud_cdc_n_read+0x88>)
100039e4:	3410      	adds	r4, #16
100039e6:	0005      	movs	r5, r0
100039e8:	b500      	push	{lr}
100039ea:	193c      	adds	r4, r7, r4
100039ec:	429a      	cmp	r2, r3
100039ee:	d900      	bls.n	100039f2 <tud_cdc_n_read+0x1a>
100039f0:	4a1c      	ldr	r2, [pc, #112]	; (10003a64 <tud_cdc_n_read+0x8c>)
100039f2:	0020      	movs	r0, r4
100039f4:	b292      	uxth	r2, r2
100039f6:	f000 fe09 	bl	1000460c <tu_fifo_read_n>
100039fa:	4680      	mov	r8, r0
100039fc:	f7ff f948 	bl	10002c90 <tud_mounted>
10003a00:	2800      	cmp	r0, #0
10003a02:	d103      	bne.n	10003a0c <tud_cdc_n_read+0x34>
10003a04:	4640      	mov	r0, r8
10003a06:	bc80      	pop	{r7}
10003a08:	46b8      	mov	r8, r7
10003a0a:	bdf0      	pop	{r4, r5, r6, r7, pc}
10003a0c:	f7ff f948 	bl	10002ca0 <tud_suspended>
10003a10:	2800      	cmp	r0, #0
10003a12:	d1f7      	bne.n	10003a04 <tud_cdc_n_read+0x2c>
10003a14:	26c8      	movs	r6, #200	; 0xc8
10003a16:	436e      	muls	r6, r5
10003a18:	19be      	adds	r6, r7, r6
10003a1a:	78f3      	ldrb	r3, [r6, #3]
10003a1c:	2b00      	cmp	r3, #0
10003a1e:	d0f1      	beq.n	10003a04 <tud_cdc_n_read+0x2c>
10003a20:	0020      	movs	r0, r4
10003a22:	f000 fd8d 	bl	10004540 <tu_fifo_remaining>
10003a26:	283f      	cmp	r0, #63	; 0x3f
10003a28:	d9ec      	bls.n	10003a04 <tud_cdc_n_read+0x2c>
10003a2a:	2000      	movs	r0, #0
10003a2c:	78f1      	ldrb	r1, [r6, #3]
10003a2e:	f7ff fe21 	bl	10003674 <usbd_edpt_claim>
10003a32:	2800      	cmp	r0, #0
10003a34:	d0e6      	beq.n	10003a04 <tud_cdc_n_read+0x2c>
10003a36:	0020      	movs	r0, r4
10003a38:	f000 fd82 	bl	10004540 <tu_fifo_remaining>
10003a3c:	283f      	cmp	r0, #63	; 0x3f
10003a3e:	d908      	bls.n	10003a52 <tud_cdc_n_read+0x7a>
10003a40:	01ea      	lsls	r2, r5, #7
10003a42:	4d09      	ldr	r5, [pc, #36]	; (10003a68 <tud_cdc_n_read+0x90>)
10003a44:	2340      	movs	r3, #64	; 0x40
10003a46:	78f1      	ldrb	r1, [r6, #3]
10003a48:	1952      	adds	r2, r2, r5
10003a4a:	2000      	movs	r0, #0
10003a4c:	f7ff fe3a 	bl	100036c4 <usbd_edpt_xfer>
10003a50:	e7d8      	b.n	10003a04 <tud_cdc_n_read+0x2c>
10003a52:	78f1      	ldrb	r1, [r6, #3]
10003a54:	2000      	movs	r0, #0
10003a56:	f7ff fe21 	bl	1000369c <usbd_edpt_release>
10003a5a:	e7d3      	b.n	10003a04 <tud_cdc_n_read+0x2c>
10003a5c:	2000141c 	.word	0x2000141c
10003a60:	0000fffe 	.word	0x0000fffe
10003a64:	0000ffff 	.word	0x0000ffff
10003a68:	20001398 	.word	0x20001398

10003a6c <tud_cdc_n_write_flush>:
10003a6c:	b5f8      	push	{r3, r4, r5, r6, r7, lr}
10003a6e:	0006      	movs	r6, r0
10003a70:	f7ff f90e 	bl	10002c90 <tud_mounted>
10003a74:	2800      	cmp	r0, #0
10003a76:	d101      	bne.n	10003a7c <tud_cdc_n_write_flush+0x10>
10003a78:	2000      	movs	r0, #0
10003a7a:	bdf8      	pop	{r3, r4, r5, r6, r7, pc}
10003a7c:	f7ff f910 	bl	10002ca0 <tud_suspended>
10003a80:	2800      	cmp	r0, #0
10003a82:	d1f9      	bne.n	10003a78 <tud_cdc_n_write_flush+0xc>
10003a84:	24c8      	movs	r4, #200	; 0xc8
10003a86:	4374      	muls	r4, r6
10003a88:	0025      	movs	r5, r4
10003a8a:	4f14      	ldr	r7, [pc, #80]	; (10003adc <tud_cdc_n_write_flush+0x70>)
10003a8c:	3524      	adds	r5, #36	; 0x24
10003a8e:	19ed      	adds	r5, r5, r7
10003a90:	0028      	movs	r0, r5
10003a92:	f000 fd37 	bl	10004504 <tu_fifo_count>
10003a96:	2800      	cmp	r0, #0
10003a98:	d0ee      	beq.n	10003a78 <tud_cdc_n_write_flush+0xc>
10003a9a:	193f      	adds	r7, r7, r4
10003a9c:	2000      	movs	r0, #0
10003a9e:	78b9      	ldrb	r1, [r7, #2]
10003aa0:	f7ff fde8 	bl	10003674 <usbd_edpt_claim>
10003aa4:	2800      	cmp	r0, #0
10003aa6:	d0e7      	beq.n	10003a78 <tud_cdc_n_write_flush+0xc>
10003aa8:	480d      	ldr	r0, [pc, #52]	; (10003ae0 <tud_cdc_n_write_flush+0x74>)
10003aaa:	01f6      	lsls	r6, r6, #7
10003aac:	3640      	adds	r6, #64	; 0x40
10003aae:	1836      	adds	r6, r6, r0
10003ab0:	0031      	movs	r1, r6
10003ab2:	2240      	movs	r2, #64	; 0x40
10003ab4:	0028      	movs	r0, r5
10003ab6:	f000 fda9 	bl	1000460c <tu_fifo_read_n>
10003aba:	78b9      	ldrb	r1, [r7, #2]
10003abc:	1e04      	subs	r4, r0, #0
10003abe:	d008      	beq.n	10003ad2 <tud_cdc_n_write_flush+0x66>
10003ac0:	0003      	movs	r3, r0
10003ac2:	0032      	movs	r2, r6
10003ac4:	2000      	movs	r0, #0
10003ac6:	f7ff fdfd 	bl	100036c4 <usbd_edpt_xfer>
10003aca:	2800      	cmp	r0, #0
10003acc:	d0d4      	beq.n	10003a78 <tud_cdc_n_write_flush+0xc>
10003ace:	0020      	movs	r0, r4
10003ad0:	e7d3      	b.n	10003a7a <tud_cdc_n_write_flush+0xe>
10003ad2:	2000      	movs	r0, #0
10003ad4:	f7ff fde2 	bl	1000369c <usbd_edpt_release>
10003ad8:	e7ce      	b.n	10003a78 <tud_cdc_n_write_flush+0xc>
10003ada:	46c0      	nop			; (mov r8, r8)
10003adc:	2000141c 	.word	0x2000141c
10003ae0:	20001398 	.word	0x20001398

10003ae4 <tud_cdc_n_write>:
10003ae4:	b570      	push	{r4, r5, r6, lr}
10003ae6:	24c8      	movs	r4, #200	; 0xc8
10003ae8:	4344      	muls	r4, r0
10003aea:	4b0c      	ldr	r3, [pc, #48]	; (10003b1c <tud_cdc_n_write+0x38>)
10003aec:	3424      	adds	r4, #36	; 0x24
10003aee:	18e4      	adds	r4, r4, r3
10003af0:	4b0b      	ldr	r3, [pc, #44]	; (10003b20 <tud_cdc_n_write+0x3c>)
10003af2:	0005      	movs	r5, r0
10003af4:	429a      	cmp	r2, r3
10003af6:	d900      	bls.n	10003afa <tud_cdc_n_write+0x16>
10003af8:	4a0a      	ldr	r2, [pc, #40]	; (10003b24 <tud_cdc_n_write+0x40>)
10003afa:	0020      	movs	r0, r4
10003afc:	b292      	uxth	r2, r2
10003afe:	f000 fe3f 	bl	10004780 <tu_fifo_write_n>
10003b02:	0006      	movs	r6, r0
10003b04:	0020      	movs	r0, r4
10003b06:	f000 fcfd 	bl	10004504 <tu_fifo_count>
10003b0a:	283f      	cmp	r0, #63	; 0x3f
10003b0c:	d801      	bhi.n	10003b12 <tud_cdc_n_write+0x2e>
10003b0e:	0030      	movs	r0, r6
10003b10:	bd70      	pop	{r4, r5, r6, pc}
10003b12:	0028      	movs	r0, r5
10003b14:	f7ff ffaa 	bl	10003a6c <tud_cdc_n_write_flush>
10003b18:	e7f9      	b.n	10003b0e <tud_cdc_n_write+0x2a>
10003b1a:	46c0      	nop			; (mov r8, r8)
10003b1c:	2000141c 	.word	0x2000141c
10003b20:	0000fffe 	.word	0x0000fffe
10003b24:	0000ffff 	.word	0x0000ffff

10003b28 <tud_cdc_n_write_available>:
10003b28:	23c8      	movs	r3, #200	; 0xc8
10003b2a:	4358      	muls	r0, r3
10003b2c:	b510      	push	{r4, lr}
10003b2e:	4b03      	ldr	r3, [pc, #12]	; (10003b3c <tud_cdc_n_write_available+0x14>)
10003b30:	3024      	adds	r0, #36	; 0x24
10003b32:	18c0      	adds	r0, r0, r3
10003b34:	f000 fd04 	bl	10004540 <tu_fifo_remaining>
10003b38:	bd10      	pop	{r4, pc}
10003b3a:	46c0      	nop			; (mov r8, r8)
10003b3c:	2000141c 	.word	0x2000141c

10003b40 <cdcd_init>:
10003b40:	b5f0      	push	{r4, r5, r6, r7, lr}
10003b42:	2500      	movs	r5, #0
10003b44:	4c18      	ldr	r4, [pc, #96]	; (10003ba8 <cdcd_init+0x68>)
10003b46:	b083      	sub	sp, #12
10003b48:	22c8      	movs	r2, #200	; 0xc8
10003b4a:	2100      	movs	r1, #0
10003b4c:	0020      	movs	r0, r4
10003b4e:	f7fe f97d 	bl	10001e4c <__wrap_memset>
10003b52:	4b16      	ldr	r3, [pc, #88]	; (10003bac <cdcd_init+0x6c>)
10003b54:	0021      	movs	r1, r4
10003b56:	701d      	strb	r5, [r3, #0]
10003b58:	23ff      	movs	r3, #255	; 0xff
10003b5a:	7163      	strb	r3, [r4, #5]
10003b5c:	23e1      	movs	r3, #225	; 0xe1
10003b5e:	025b      	lsls	r3, r3, #9
10003b60:	60a3      	str	r3, [r4, #8]
10003b62:	0020      	movs	r0, r4
10003b64:	2308      	movs	r3, #8
10003b66:	2240      	movs	r2, #64	; 0x40
10003b68:	73a3      	strb	r3, [r4, #14]
10003b6a:	3138      	adds	r1, #56	; 0x38
10003b6c:	9500      	str	r5, [sp, #0]
10003b6e:	3b07      	subs	r3, #7
10003b70:	3010      	adds	r0, #16
10003b72:	f000 fc8f 	bl	10004494 <tu_fifo_config>
10003b76:	0027      	movs	r7, r4
10003b78:	2301      	movs	r3, #1
10003b7a:	0021      	movs	r1, r4
10003b7c:	0020      	movs	r0, r4
10003b7e:	0026      	movs	r6, r4
10003b80:	2240      	movs	r2, #64	; 0x40
10003b82:	3178      	adds	r1, #120	; 0x78
10003b84:	9300      	str	r3, [sp, #0]
10003b86:	37b8      	adds	r7, #184	; 0xb8
10003b88:	3024      	adds	r0, #36	; 0x24
10003b8a:	f000 fc83 	bl	10004494 <tu_fifo_config>
10003b8e:	36c0      	adds	r6, #192	; 0xc0
10003b90:	0038      	movs	r0, r7
10003b92:	f7fc ffc5 	bl	10000b20 <mutex_init>
10003b96:	0030      	movs	r0, r6
10003b98:	f7fc ffc2 	bl	10000b20 <mutex_init>
10003b9c:	61e5      	str	r5, [r4, #28]
10003b9e:	6227      	str	r7, [r4, #32]
10003ba0:	6326      	str	r6, [r4, #48]	; 0x30
10003ba2:	6365      	str	r5, [r4, #52]	; 0x34
10003ba4:	b003      	add	sp, #12
10003ba6:	bdf0      	pop	{r4, r5, r6, r7, pc}
10003ba8:	2000141c 	.word	0x2000141c
10003bac:	20001418 	.word	0x20001418

10003bb0 <cdcd_deinit>:
10003bb0:	4b07      	ldr	r3, [pc, #28]	; (10003bd0 <cdcd_deinit+0x20>)
10003bb2:	6a1a      	ldr	r2, [r3, #32]
10003bb4:	6b19      	ldr	r1, [r3, #48]	; 0x30
10003bb6:	2a00      	cmp	r2, #0
10003bb8:	d002      	beq.n	10003bc0 <cdcd_deinit+0x10>
10003bba:	2200      	movs	r2, #0
10003bbc:	61da      	str	r2, [r3, #28]
10003bbe:	621a      	str	r2, [r3, #32]
10003bc0:	2900      	cmp	r1, #0
10003bc2:	d002      	beq.n	10003bca <cdcd_deinit+0x1a>
10003bc4:	2200      	movs	r2, #0
10003bc6:	631a      	str	r2, [r3, #48]	; 0x30
10003bc8:	635a      	str	r2, [r3, #52]	; 0x34
10003bca:	2001      	movs	r0, #1
10003bcc:	4770      	bx	lr
10003bce:	46c0      	nop			; (mov r8, r8)
10003bd0:	2000141c 	.word	0x2000141c

10003bd4 <cdcd_reset>:
10003bd4:	b570      	push	{r4, r5, r6, lr}
10003bd6:	4c0f      	ldr	r4, [pc, #60]	; (10003c14 <cdcd_reset+0x40>)
10003bd8:	2205      	movs	r2, #5
10003bda:	2100      	movs	r1, #0
10003bdc:	0020      	movs	r0, r4
10003bde:	f7fe f935 	bl	10001e4c <__wrap_memset>
10003be2:	4d0d      	ldr	r5, [pc, #52]	; (10003c18 <cdcd_reset+0x44>)
10003be4:	782b      	ldrb	r3, [r5, #0]
10003be6:	07da      	lsls	r2, r3, #31
10003be8:	d507      	bpl.n	10003bfa <cdcd_reset+0x26>
10003bea:	4c0c      	ldr	r4, [pc, #48]	; (10003c1c <cdcd_reset+0x48>)
10003bec:	079b      	lsls	r3, r3, #30
10003bee:	d50c      	bpl.n	10003c0a <cdcd_reset+0x36>
10003bf0:	2101      	movs	r1, #1
10003bf2:	0020      	movs	r0, r4
10003bf4:	f000 fe98 	bl	10004928 <tu_fifo_set_overwritable>
10003bf8:	bd70      	pop	{r4, r5, r6, pc}
10003bfa:	0020      	movs	r0, r4
10003bfc:	3010      	adds	r0, #16
10003bfe:	f000 fe73 	bl	100048e8 <tu_fifo_clear>
10003c02:	782b      	ldrb	r3, [r5, #0]
10003c04:	4c05      	ldr	r4, [pc, #20]	; (10003c1c <cdcd_reset+0x48>)
10003c06:	079b      	lsls	r3, r3, #30
10003c08:	d4f2      	bmi.n	10003bf0 <cdcd_reset+0x1c>
10003c0a:	0020      	movs	r0, r4
10003c0c:	f000 fe6c 	bl	100048e8 <tu_fifo_clear>
10003c10:	e7ee      	b.n	10003bf0 <cdcd_reset+0x1c>
10003c12:	46c0      	nop			; (mov r8, r8)
10003c14:	2000141c 	.word	0x2000141c
10003c18:	20001418 	.word	0x20001418
10003c1c:	20001440 	.word	0x20001440

10003c20 <cdcd_open>:
10003c20:	b5f0      	push	{r4, r5, r6, r7, lr}
10003c22:	794b      	ldrb	r3, [r1, #5]
10003c24:	0006      	movs	r6, r0
10003c26:	b083      	sub	sp, #12
10003c28:	2b02      	cmp	r3, #2
10003c2a:	d102      	bne.n	10003c32 <cdcd_open+0x12>
10003c2c:	798b      	ldrb	r3, [r1, #6]
10003c2e:	2b02      	cmp	r3, #2
10003c30:	d003      	beq.n	10003c3a <cdcd_open+0x1a>
10003c32:	2500      	movs	r5, #0
10003c34:	0028      	movs	r0, r5
10003c36:	b003      	add	sp, #12
10003c38:	bdf0      	pop	{r4, r5, r6, r7, pc}
10003c3a:	4f21      	ldr	r7, [pc, #132]	; (10003cc0 <cdcd_open+0xa0>)
10003c3c:	78bb      	ldrb	r3, [r7, #2]
10003c3e:	2b00      	cmp	r3, #0
10003c40:	d1f7      	bne.n	10003c32 <cdcd_open+0x12>
10003c42:	788b      	ldrb	r3, [r1, #2]
10003c44:	2509      	movs	r5, #9
10003c46:	703b      	strb	r3, [r7, #0]
10003c48:	780c      	ldrb	r4, [r1, #0]
10003c4a:	190c      	adds	r4, r1, r4
10003c4c:	7863      	ldrb	r3, [r4, #1]
10003c4e:	2b24      	cmp	r3, #36	; 0x24
10003c50:	d10b      	bne.n	10003c6a <cdcd_open+0x4a>
10003c52:	2a08      	cmp	r2, #8
10003c54:	d802      	bhi.n	10003c5c <cdcd_open+0x3c>
10003c56:	e00f      	b.n	10003c78 <cdcd_open+0x58>
10003c58:	42aa      	cmp	r2, r5
10003c5a:	d30d      	bcc.n	10003c78 <cdcd_open+0x58>
10003c5c:	7823      	ldrb	r3, [r4, #0]
10003c5e:	18e4      	adds	r4, r4, r3
10003c60:	18ed      	adds	r5, r5, r3
10003c62:	7863      	ldrb	r3, [r4, #1]
10003c64:	b2ad      	uxth	r5, r5
10003c66:	2b24      	cmp	r3, #36	; 0x24
10003c68:	d0f6      	beq.n	10003c58 <cdcd_open+0x38>
10003c6a:	2b05      	cmp	r3, #5
10003c6c:	d008      	beq.n	10003c80 <cdcd_open+0x60>
10003c6e:	2b04      	cmp	r3, #4
10003c70:	d102      	bne.n	10003c78 <cdcd_open+0x58>
10003c72:	7963      	ldrb	r3, [r4, #5]
10003c74:	2b0a      	cmp	r3, #10
10003c76:	d011      	beq.n	10003c9c <cdcd_open+0x7c>
10003c78:	2000      	movs	r0, #0
10003c7a:	f7ff fe55 	bl	10003928 <_prep_out_transaction.isra.0>
10003c7e:	e7d9      	b.n	10003c34 <cdcd_open+0x14>
10003c80:	0021      	movs	r1, r4
10003c82:	0030      	movs	r0, r6
10003c84:	f7ff fcdc 	bl	10003640 <usbd_edpt_open>
10003c88:	2800      	cmp	r0, #0
10003c8a:	d0d2      	beq.n	10003c32 <cdcd_open+0x12>
10003c8c:	78a3      	ldrb	r3, [r4, #2]
10003c8e:	707b      	strb	r3, [r7, #1]
10003c90:	7823      	ldrb	r3, [r4, #0]
10003c92:	18ed      	adds	r5, r5, r3
10003c94:	18e4      	adds	r4, r4, r3
10003c96:	7863      	ldrb	r3, [r4, #1]
10003c98:	b2ad      	uxth	r5, r5
10003c9a:	e7e8      	b.n	10003c6e <cdcd_open+0x4e>
10003c9c:	4b09      	ldr	r3, [pc, #36]	; (10003cc4 <cdcd_open+0xa4>)
10003c9e:	7827      	ldrb	r7, [r4, #0]
10003ca0:	9301      	str	r3, [sp, #4]
10003ca2:	3301      	adds	r3, #1
10003ca4:	9300      	str	r3, [sp, #0]
10003ca6:	2202      	movs	r2, #2
10003ca8:	2302      	movs	r3, #2
10003caa:	0030      	movs	r0, r6
10003cac:	19e1      	adds	r1, r4, r7
10003cae:	f7ff fc79 	bl	100035a4 <usbd_open_edpt_pair>
10003cb2:	2800      	cmp	r0, #0
10003cb4:	d0bd      	beq.n	10003c32 <cdcd_open+0x12>
10003cb6:	350e      	adds	r5, #14
10003cb8:	19ed      	adds	r5, r5, r7
10003cba:	b2ad      	uxth	r5, r5
10003cbc:	e7dc      	b.n	10003c78 <cdcd_open+0x58>
10003cbe:	46c0      	nop			; (mov r8, r8)
10003cc0:	2000141c 	.word	0x2000141c
10003cc4:	2000141e 	.word	0x2000141e

10003cc8 <cdcd_control_xfer_cb>:
10003cc8:	b5f8      	push	{r3, r4, r5, r6, r7, lr}
10003cca:	2360      	movs	r3, #96	; 0x60
10003ccc:	0014      	movs	r4, r2
10003cce:	7812      	ldrb	r2, [r2, #0]
10003cd0:	0005      	movs	r5, r0
10003cd2:	4013      	ands	r3, r2
10003cd4:	2000      	movs	r0, #0
10003cd6:	2b20      	cmp	r3, #32
10003cd8:	d107      	bne.n	10003cea <cdcd_control_xfer_cb+0x22>
10003cda:	4a30      	ldr	r2, [pc, #192]	; (10003d9c <cdcd_control_xfer_cb+0xd4>)
10003cdc:	7963      	ldrb	r3, [r4, #5]
10003cde:	7927      	ldrb	r7, [r4, #4]
10003ce0:	7816      	ldrb	r6, [r2, #0]
10003ce2:	021b      	lsls	r3, r3, #8
10003ce4:	433b      	orrs	r3, r7
10003ce6:	429e      	cmp	r6, r3
10003ce8:	d000      	beq.n	10003cec <cdcd_control_xfer_cb+0x24>
10003cea:	bdf8      	pop	{r3, r4, r5, r6, r7, pc}
10003cec:	7863      	ldrb	r3, [r4, #1]
10003cee:	2b22      	cmp	r3, #34	; 0x22
10003cf0:	d028      	beq.n	10003d44 <cdcd_control_xfer_cb+0x7c>
10003cf2:	d807      	bhi.n	10003d04 <cdcd_control_xfer_cb+0x3c>
10003cf4:	2b20      	cmp	r3, #32
10003cf6:	d017      	beq.n	10003d28 <cdcd_control_xfer_cb+0x60>
10003cf8:	2b21      	cmp	r3, #33	; 0x21
10003cfa:	d1f6      	bne.n	10003cea <cdcd_control_xfer_cb+0x22>
10003cfc:	2901      	cmp	r1, #1
10003cfe:	d03e      	beq.n	10003d7e <cdcd_control_xfer_cb+0xb6>
10003d00:	2001      	movs	r0, #1
10003d02:	e7f2      	b.n	10003cea <cdcd_control_xfer_cb+0x22>
10003d04:	2b23      	cmp	r3, #35	; 0x23
10003d06:	d1f0      	bne.n	10003cea <cdcd_control_xfer_cb+0x22>
10003d08:	2901      	cmp	r1, #1
10003d0a:	d040      	beq.n	10003d8e <cdcd_control_xfer_cb+0xc6>
10003d0c:	2903      	cmp	r1, #3
10003d0e:	d1f7      	bne.n	10003d00 <cdcd_control_xfer_cb+0x38>
10003d10:	4b23      	ldr	r3, [pc, #140]	; (10003da0 <cdcd_control_xfer_cb+0xd8>)
10003d12:	2b00      	cmp	r3, #0
10003d14:	d0f4      	beq.n	10003d00 <cdcd_control_xfer_cb+0x38>
10003d16:	78e1      	ldrb	r1, [r4, #3]
10003d18:	78a3      	ldrb	r3, [r4, #2]
10003d1a:	0209      	lsls	r1, r1, #8
10003d1c:	2000      	movs	r0, #0
10003d1e:	4319      	orrs	r1, r3
10003d20:	e000      	b.n	10003d24 <cdcd_control_xfer_cb+0x5c>
10003d22:	bf00      	nop
10003d24:	2001      	movs	r0, #1
10003d26:	e7e0      	b.n	10003cea <cdcd_control_xfer_cb+0x22>
10003d28:	2901      	cmp	r1, #1
10003d2a:	d028      	beq.n	10003d7e <cdcd_control_xfer_cb+0xb6>
10003d2c:	2903      	cmp	r1, #3
10003d2e:	d1e7      	bne.n	10003d00 <cdcd_control_xfer_cb+0x38>
10003d30:	4b1c      	ldr	r3, [pc, #112]	; (10003da4 <cdcd_control_xfer_cb+0xdc>)
10003d32:	2b00      	cmp	r3, #0
10003d34:	d0e4      	beq.n	10003d00 <cdcd_control_xfer_cb+0x38>
10003d36:	3208      	adds	r2, #8
10003d38:	2000      	movs	r0, #0
10003d3a:	0011      	movs	r1, r2
10003d3c:	f7fe faa8 	bl	10002290 <tud_cdc_line_coding_cb>
10003d40:	2001      	movs	r0, #1
10003d42:	e7d2      	b.n	10003cea <cdcd_control_xfer_cb+0x22>
10003d44:	2901      	cmp	r1, #1
10003d46:	d022      	beq.n	10003d8e <cdcd_control_xfer_cb+0xc6>
10003d48:	2903      	cmp	r1, #3
10003d4a:	d1d9      	bne.n	10003d00 <cdcd_control_xfer_cb+0x38>
10003d4c:	2501      	movs	r5, #1
10003d4e:	78a1      	ldrb	r1, [r4, #2]
10003d50:	78e4      	ldrb	r4, [r4, #3]
10003d52:	002e      	movs	r6, r5
10003d54:	0224      	lsls	r4, r4, #8
10003d56:	430c      	orrs	r4, r1
10003d58:	2101      	movs	r1, #1
10003d5a:	7114      	strb	r4, [r2, #4]
10003d5c:	4026      	ands	r6, r4
10003d5e:	3224      	adds	r2, #36	; 0x24
10003d60:	0010      	movs	r0, r2
10003d62:	4071      	eors	r1, r6
10003d64:	f000 fde0 	bl	10004928 <tu_fifo_set_overwritable>
10003d68:	4b0f      	ldr	r3, [pc, #60]	; (10003da8 <cdcd_control_xfer_cb+0xe0>)
10003d6a:	2b00      	cmp	r3, #0
10003d6c:	d0c8      	beq.n	10003d00 <cdcd_control_xfer_cb+0x38>
10003d6e:	0862      	lsrs	r2, r4, #1
10003d70:	2000      	movs	r0, #0
10003d72:	0031      	movs	r1, r6
10003d74:	402a      	ands	r2, r5
10003d76:	e000      	b.n	10003d7a <cdcd_control_xfer_cb+0xb2>
10003d78:	bf00      	nop
10003d7a:	2001      	movs	r0, #1
10003d7c:	e7b5      	b.n	10003cea <cdcd_control_xfer_cb+0x22>
10003d7e:	2307      	movs	r3, #7
10003d80:	0021      	movs	r1, r4
10003d82:	0028      	movs	r0, r5
10003d84:	4a09      	ldr	r2, [pc, #36]	; (10003dac <cdcd_control_xfer_cb+0xe4>)
10003d86:	f7ff fcdb 	bl	10003740 <tud_control_xfer>
10003d8a:	2001      	movs	r0, #1
10003d8c:	e7ad      	b.n	10003cea <cdcd_control_xfer_cb+0x22>
10003d8e:	0021      	movs	r1, r4
10003d90:	0028      	movs	r0, r5
10003d92:	f7ff fcbd 	bl	10003710 <tud_control_status>
10003d96:	2001      	movs	r0, #1
10003d98:	e7a7      	b.n	10003cea <cdcd_control_xfer_cb+0x22>
10003d9a:	46c0      	nop			; (mov r8, r8)
10003d9c:	2000141c 	.word	0x2000141c
10003da0:	00000000 	.word	0x00000000
10003da4:	10002291 	.word	0x10002291
10003da8:	00000000 	.word	0x00000000
10003dac:	20001424 	.word	0x20001424

10003db0 <cdcd_xfer_cb>:
10003db0:	b5f0      	push	{r4, r5, r6, r7, lr}
10003db2:	464f      	mov	r7, r9
10003db4:	4646      	mov	r6, r8
10003db6:	46d6      	mov	lr, sl
10003db8:	b5c0      	push	{r6, r7, lr}
10003dba:	4d35      	ldr	r5, [pc, #212]	; (10003e90 <cdcd_xfer_cb+0xe0>)
10003dbc:	4680      	mov	r8, r0
10003dbe:	78ea      	ldrb	r2, [r5, #3]
10003dc0:	000c      	movs	r4, r1
10003dc2:	001f      	movs	r7, r3
10003dc4:	428a      	cmp	r2, r1
10003dc6:	d15b      	bne.n	10003e80 <cdcd_xfer_cb+0xd0>
10003dc8:	b29a      	uxth	r2, r3
10003dca:	2310      	movs	r3, #16
10003dcc:	469a      	mov	sl, r3
10003dce:	4e31      	ldr	r6, [pc, #196]	; (10003e94 <cdcd_xfer_cb+0xe4>)
10003dd0:	44aa      	add	sl, r5
10003dd2:	0031      	movs	r1, r6
10003dd4:	4650      	mov	r0, sl
10003dd6:	f000 fcd3 	bl	10004780 <tu_fifo_write_n>
10003dda:	4b2f      	ldr	r3, [pc, #188]	; (10003e98 <cdcd_xfer_cb+0xe8>)
10003ddc:	2b00      	cmp	r3, #0
10003dde:	d017      	beq.n	10003e10 <cdcd_xfer_cb+0x60>
10003de0:	796b      	ldrb	r3, [r5, #5]
10003de2:	2bff      	cmp	r3, #255	; 0xff
10003de4:	d014      	beq.n	10003e10 <cdcd_xfer_cb+0x60>
10003de6:	2f00      	cmp	r7, #0
10003de8:	d012      	beq.n	10003e10 <cdcd_xfer_cb+0x60>
10003dea:	19f2      	adds	r2, r6, r7
10003dec:	4691      	mov	r9, r2
10003dee:	e003      	b.n	10003df8 <cdcd_xfer_cb+0x48>
10003df0:	3601      	adds	r6, #1
10003df2:	454e      	cmp	r6, r9
10003df4:	d00c      	beq.n	10003e10 <cdcd_xfer_cb+0x60>
10003df6:	796b      	ldrb	r3, [r5, #5]
10003df8:	7832      	ldrb	r2, [r6, #0]
10003dfa:	429a      	cmp	r2, r3
10003dfc:	d1f8      	bne.n	10003df0 <cdcd_xfer_cb+0x40>
10003dfe:	4650      	mov	r0, sl
10003e00:	f000 fb96 	bl	10004530 <tu_fifo_empty>
10003e04:	2800      	cmp	r0, #0
10003e06:	d1f3      	bne.n	10003df0 <cdcd_xfer_cb+0x40>
10003e08:	7969      	ldrb	r1, [r5, #5]
10003e0a:	e000      	b.n	10003e0e <cdcd_xfer_cb+0x5e>
10003e0c:	bf00      	nop
10003e0e:	e7ef      	b.n	10003df0 <cdcd_xfer_cb+0x40>
10003e10:	4b22      	ldr	r3, [pc, #136]	; (10003e9c <cdcd_xfer_cb+0xec>)
10003e12:	2b00      	cmp	r3, #0
10003e14:	d004      	beq.n	10003e20 <cdcd_xfer_cb+0x70>
10003e16:	4822      	ldr	r0, [pc, #136]	; (10003ea0 <cdcd_xfer_cb+0xf0>)
10003e18:	f000 fb8a 	bl	10004530 <tu_fifo_empty>
10003e1c:	2800      	cmp	r0, #0
10003e1e:	d034      	beq.n	10003e8a <cdcd_xfer_cb+0xda>
10003e20:	2000      	movs	r0, #0
10003e22:	f7ff fd81 	bl	10003928 <_prep_out_transaction.isra.0>
10003e26:	78ab      	ldrb	r3, [r5, #2]
10003e28:	42a3      	cmp	r3, r4
10003e2a:	d006      	beq.n	10003e3a <cdcd_xfer_cb+0x8a>
10003e2c:	2401      	movs	r4, #1
10003e2e:	0020      	movs	r0, r4
10003e30:	bce0      	pop	{r5, r6, r7}
10003e32:	46ba      	mov	sl, r7
10003e34:	46b1      	mov	r9, r6
10003e36:	46a8      	mov	r8, r5
10003e38:	bdf0      	pop	{r4, r5, r6, r7, pc}
10003e3a:	4b1a      	ldr	r3, [pc, #104]	; (10003ea4 <cdcd_xfer_cb+0xf4>)
10003e3c:	2b00      	cmp	r3, #0
10003e3e:	d002      	beq.n	10003e46 <cdcd_xfer_cb+0x96>
10003e40:	2000      	movs	r0, #0
10003e42:	e000      	b.n	10003e46 <cdcd_xfer_cb+0x96>
10003e44:	bf00      	nop
10003e46:	2000      	movs	r0, #0
10003e48:	f7ff fe10 	bl	10003a6c <tud_cdc_n_write_flush>
10003e4c:	2800      	cmp	r0, #0
10003e4e:	d1ed      	bne.n	10003e2c <cdcd_xfer_cb+0x7c>
10003e50:	4d15      	ldr	r5, [pc, #84]	; (10003ea8 <cdcd_xfer_cb+0xf8>)
10003e52:	0028      	movs	r0, r5
10003e54:	f000 fb56 	bl	10004504 <tu_fifo_count>
10003e58:	2800      	cmp	r0, #0
10003e5a:	d1e7      	bne.n	10003e2c <cdcd_xfer_cb+0x7c>
10003e5c:	2f00      	cmp	r7, #0
10003e5e:	d0e5      	beq.n	10003e2c <cdcd_xfer_cb+0x7c>
10003e60:	06bb      	lsls	r3, r7, #26
10003e62:	d1e3      	bne.n	10003e2c <cdcd_xfer_cb+0x7c>
10003e64:	3d24      	subs	r5, #36	; 0x24
10003e66:	4640      	mov	r0, r8
10003e68:	78a9      	ldrb	r1, [r5, #2]
10003e6a:	f7ff fc03 	bl	10003674 <usbd_edpt_claim>
10003e6e:	1e04      	subs	r4, r0, #0
10003e70:	d0dc      	beq.n	10003e2c <cdcd_xfer_cb+0x7c>
10003e72:	2300      	movs	r3, #0
10003e74:	2200      	movs	r2, #0
10003e76:	4640      	mov	r0, r8
10003e78:	78a9      	ldrb	r1, [r5, #2]
10003e7a:	f7ff fc23 	bl	100036c4 <usbd_edpt_xfer>
10003e7e:	e7d6      	b.n	10003e2e <cdcd_xfer_cb+0x7e>
10003e80:	78ab      	ldrb	r3, [r5, #2]
10003e82:	428b      	cmp	r3, r1
10003e84:	d0d9      	beq.n	10003e3a <cdcd_xfer_cb+0x8a>
10003e86:	2400      	movs	r4, #0
10003e88:	e7d1      	b.n	10003e2e <cdcd_xfer_cb+0x7e>
10003e8a:	e000      	b.n	10003e8e <cdcd_xfer_cb+0xde>
10003e8c:	bf00      	nop
10003e8e:	e7c7      	b.n	10003e20 <cdcd_xfer_cb+0x70>
10003e90:	2000141c 	.word	0x2000141c
10003e94:	20001398 	.word	0x20001398
	...
10003ea0:	2000142c 	.word	0x2000142c
10003ea4:	00000000 	.word	0x00000000
10003ea8:	20001440 	.word	0x20001440

10003eac <vendord_init>:
10003eac:	2293      	movs	r2, #147	; 0x93
10003eae:	b5f0      	push	{r4, r5, r6, r7, lr}
10003eb0:	4c13      	ldr	r4, [pc, #76]	; (10003f00 <vendord_init+0x54>)
10003eb2:	b085      	sub	sp, #20
10003eb4:	2100      	movs	r1, #0
10003eb6:	0020      	movs	r0, r4
10003eb8:	0092      	lsls	r2, r2, #2
10003eba:	f7fd ffc7 	bl	10001e4c <__wrap_memset>
10003ebe:	0023      	movs	r3, r4
10003ec0:	0020      	movs	r0, r4
10003ec2:	2680      	movs	r6, #128	; 0x80
10003ec4:	2740      	movs	r7, #64	; 0x40
10003ec6:	4d0f      	ldr	r5, [pc, #60]	; (10003f04 <vendord_init+0x58>)
10003ec8:	334d      	adds	r3, #77	; 0x4d
10003eca:	0076      	lsls	r6, r6, #1
10003ecc:	33ff      	adds	r3, #255	; 0xff
10003ece:	3029      	adds	r0, #41	; 0x29
10003ed0:	9502      	str	r5, [sp, #8]
10003ed2:	9300      	str	r3, [sp, #0]
10003ed4:	2200      	movs	r2, #0
10003ed6:	2300      	movs	r3, #0
10003ed8:	2100      	movs	r1, #0
10003eda:	9703      	str	r7, [sp, #12]
10003edc:	9601      	str	r6, [sp, #4]
10003ede:	30ff      	adds	r0, #255	; 0xff
10003ee0:	f000 f9d4 	bl	1000428c <tu_edpt_stream_init>
10003ee4:	3540      	adds	r5, #64	; 0x40
10003ee6:	1d20      	adds	r0, r4, #4
10003ee8:	3428      	adds	r4, #40	; 0x28
10003eea:	2300      	movs	r3, #0
10003eec:	2201      	movs	r2, #1
10003eee:	2100      	movs	r1, #0
10003ef0:	9703      	str	r7, [sp, #12]
10003ef2:	9502      	str	r5, [sp, #8]
10003ef4:	9601      	str	r6, [sp, #4]
10003ef6:	9400      	str	r4, [sp, #0]
10003ef8:	f000 f9c8 	bl	1000428c <tu_edpt_stream_init>
10003efc:	b005      	add	sp, #20
10003efe:	bdf0      	pop	{r4, r5, r6, r7, pc}
10003f00:	200016e0 	.word	0x200016e0
10003f04:	20001660 	.word	0x20001660

10003f08 <vendord_deinit>:
10003f08:	b510      	push	{r4, lr}
10003f0a:	4c05      	ldr	r4, [pc, #20]	; (10003f20 <vendord_deinit+0x18>)
10003f0c:	0020      	movs	r0, r4
10003f0e:	f000 f9f3 	bl	100042f8 <tu_edpt_stream_deinit>
10003f12:	0020      	movs	r0, r4
10003f14:	3825      	subs	r0, #37	; 0x25
10003f16:	38ff      	subs	r0, #255	; 0xff
10003f18:	f000 f9ee 	bl	100042f8 <tu_edpt_stream_deinit>
10003f1c:	2001      	movs	r0, #1
10003f1e:	bd10      	pop	{r4, pc}
10003f20:	20001808 	.word	0x20001808

10003f24 <vendord_reset>:
10003f24:	b570      	push	{r4, r5, r6, lr}
10003f26:	4c08      	ldr	r4, [pc, #32]	; (10003f48 <vendord_reset+0x24>)
10003f28:	2500      	movs	r5, #0
10003f2a:	0020      	movs	r0, r4
10003f2c:	3031      	adds	r0, #49	; 0x31
10003f2e:	7025      	strb	r5, [r4, #0]
10003f30:	30ff      	adds	r0, #255	; 0xff
10003f32:	f000 fcd9 	bl	100048e8 <tu_fifo_clear>
10003f36:	0020      	movs	r0, r4
10003f38:	300c      	adds	r0, #12
10003f3a:	f000 fcd5 	bl	100048e8 <tu_fifo_clear>
10003f3e:	232a      	movs	r3, #42	; 0x2a
10003f40:	33ff      	adds	r3, #255	; 0xff
10003f42:	54e5      	strb	r5, [r4, r3]
10003f44:	7165      	strb	r5, [r4, #5]
10003f46:	bd70      	pop	{r4, r5, r6, pc}
10003f48:	200016e0 	.word	0x200016e0

10003f4c <vendord_open>:
10003f4c:	b5f8      	push	{r3, r4, r5, r6, r7, lr}
10003f4e:	464e      	mov	r6, r9
10003f50:	4645      	mov	r5, r8
10003f52:	46de      	mov	lr, fp
10003f54:	4657      	mov	r7, sl
10003f56:	b5e0      	push	{r5, r6, r7, lr}
10003f58:	794b      	ldrb	r3, [r1, #5]
10003f5a:	4681      	mov	r9, r0
10003f5c:	4688      	mov	r8, r1
10003f5e:	2bff      	cmp	r3, #255	; 0xff
10003f60:	d125      	bne.n	10003fae <vendord_open+0x62>
10003f62:	232a      	movs	r3, #42	; 0x2a
10003f64:	4f41      	ldr	r7, [pc, #260]	; (1000406c <vendord_open+0x120>)
10003f66:	33ff      	adds	r3, #255	; 0xff
10003f68:	780c      	ldrb	r4, [r1, #0]
10003f6a:	5cfe      	ldrb	r6, [r7, r3]
10003f6c:	797b      	ldrb	r3, [r7, #5]
10003f6e:	4444      	add	r4, r8
10003f70:	18a5      	adds	r5, r4, r2
10003f72:	431e      	orrs	r6, r3
10003f74:	d11b      	bne.n	10003fae <vendord_open+0x62>
10003f76:	2298      	movs	r2, #152	; 0x98
10003f78:	0052      	lsls	r2, r2, #1
10003f7a:	4692      	mov	sl, r2
10003f7c:	3a25      	subs	r2, #37	; 0x25
10003f7e:	3aff      	subs	r2, #255	; 0xff
10003f80:	4693      	mov	fp, r2
10003f82:	788b      	ldrb	r3, [r1, #2]
10003f84:	44ba      	add	sl, r7
10003f86:	703b      	strb	r3, [r7, #0]
10003f88:	790b      	ldrb	r3, [r1, #4]
10003f8a:	44bb      	add	fp, r7
10003f8c:	2b00      	cmp	r3, #0
10003f8e:	d00a      	beq.n	10003fa6 <vendord_open+0x5a>
10003f90:	7863      	ldrb	r3, [r4, #1]
10003f92:	2b05      	cmp	r3, #5
10003f94:	d105      	bne.n	10003fa2 <vendord_open+0x56>
10003f96:	e011      	b.n	10003fbc <vendord_open+0x70>
10003f98:	7823      	ldrb	r3, [r4, #0]
10003f9a:	18e4      	adds	r4, r4, r3
10003f9c:	7863      	ldrb	r3, [r4, #1]
10003f9e:	2b05      	cmp	r3, #5
10003fa0:	d00c      	beq.n	10003fbc <vendord_open+0x70>
10003fa2:	42a5      	cmp	r5, r4
10003fa4:	d8f8      	bhi.n	10003f98 <vendord_open+0x4c>
10003fa6:	4643      	mov	r3, r8
10003fa8:	1ae0      	subs	r0, r4, r3
10003faa:	b280      	uxth	r0, r0
10003fac:	e000      	b.n	10003fb0 <vendord_open+0x64>
10003fae:	2000      	movs	r0, #0
10003fb0:	bcf0      	pop	{r4, r5, r6, r7}
10003fb2:	46bb      	mov	fp, r7
10003fb4:	46b2      	mov	sl, r6
10003fb6:	46a9      	mov	r9, r5
10003fb8:	46a0      	mov	r8, r4
10003fba:	bdf8      	pop	{r3, r4, r5, r6, r7, pc}
10003fbc:	42a5      	cmp	r5, r4
10003fbe:	d9f2      	bls.n	10003fa6 <vendord_open+0x5a>
10003fc0:	0021      	movs	r1, r4
10003fc2:	4648      	mov	r0, r9
10003fc4:	f7ff fb3c 	bl	10003640 <usbd_edpt_open>
10003fc8:	2800      	cmp	r0, #0
10003fca:	d0f0      	beq.n	10003fae <vendord_open+0x62>
10003fcc:	78a3      	ldrb	r3, [r4, #2]
10003fce:	3601      	adds	r6, #1
10003fd0:	b2f6      	uxtb	r6, r6
10003fd2:	09db      	lsrs	r3, r3, #7
10003fd4:	2b01      	cmp	r3, #1
10003fd6:	d02a      	beq.n	1000402e <vendord_open+0xe2>
10003fd8:	4650      	mov	r0, sl
10003fda:	f000 fc85 	bl	100048e8 <tu_fifo_clear>
10003fde:	232a      	movs	r3, #42	; 0x2a
10003fe0:	78a2      	ldrb	r2, [r4, #2]
10003fe2:	33ff      	adds	r3, #255	; 0xff
10003fe4:	54fa      	strb	r2, [r7, r3]
10003fe6:	4a22      	ldr	r2, [pc, #136]	; (10004070 <vendord_open+0x124>)
10003fe8:	7963      	ldrb	r3, [r4, #5]
10003fea:	4694      	mov	ip, r2
10003fec:	7921      	ldrb	r1, [r4, #4]
10003fee:	021b      	lsls	r3, r3, #8
10003ff0:	430b      	orrs	r3, r1
10003ff2:	055b      	lsls	r3, r3, #21
10003ff4:	2194      	movs	r1, #148	; 0x94
10003ff6:	0d5b      	lsrs	r3, r3, #21
10003ff8:	4463      	add	r3, ip
10003ffa:	425a      	negs	r2, r3
10003ffc:	4153      	adcs	r3, r2
10003ffe:	2002      	movs	r0, #2
10004000:	0049      	lsls	r1, r1, #1
10004002:	5c7a      	ldrb	r2, [r7, r1]
10004004:	005b      	lsls	r3, r3, #1
10004006:	4382      	bics	r2, r0
10004008:	4313      	orrs	r3, r2
1000400a:	547b      	strb	r3, [r7, r1]
1000400c:	4651      	mov	r1, sl
1000400e:	4648      	mov	r0, r9
10004010:	3908      	subs	r1, #8
10004012:	f000 f9d1 	bl	100043b8 <tu_edpt_stream_read_xfer>
10004016:	2800      	cmp	r0, #0
10004018:	d0c9      	beq.n	10003fae <vendord_open+0x62>
1000401a:	7823      	ldrb	r3, [r4, #0]
1000401c:	18e4      	adds	r4, r4, r3
1000401e:	4643      	mov	r3, r8
10004020:	791b      	ldrb	r3, [r3, #4]
10004022:	42b3      	cmp	r3, r6
10004024:	d8b4      	bhi.n	10003f90 <vendord_open+0x44>
10004026:	4643      	mov	r3, r8
10004028:	1ae0      	subs	r0, r4, r3
1000402a:	b280      	uxth	r0, r0
1000402c:	e7c0      	b.n	10003fb0 <vendord_open+0x64>
1000402e:	4658      	mov	r0, fp
10004030:	f000 fc5a 	bl	100048e8 <tu_fifo_clear>
10004034:	465a      	mov	r2, fp
10004036:	490e      	ldr	r1, [pc, #56]	; (10004070 <vendord_open+0x124>)
10004038:	78a3      	ldrb	r3, [r4, #2]
1000403a:	468c      	mov	ip, r1
1000403c:	3a0c      	subs	r2, #12
1000403e:	7153      	strb	r3, [r2, #5]
10004040:	7963      	ldrb	r3, [r4, #5]
10004042:	7920      	ldrb	r0, [r4, #4]
10004044:	021b      	lsls	r3, r3, #8
10004046:	4303      	orrs	r3, r0
10004048:	055b      	lsls	r3, r3, #21
1000404a:	0d5b      	lsrs	r3, r3, #21
1000404c:	4463      	add	r3, ip
1000404e:	4259      	negs	r1, r3
10004050:	414b      	adcs	r3, r1
10004052:	2002      	movs	r0, #2
10004054:	7911      	ldrb	r1, [r2, #4]
10004056:	005b      	lsls	r3, r3, #1
10004058:	4381      	bics	r1, r0
1000405a:	430b      	orrs	r3, r1
1000405c:	4659      	mov	r1, fp
1000405e:	7113      	strb	r3, [r2, #4]
10004060:	3908      	subs	r1, #8
10004062:	2000      	movs	r0, #0
10004064:	f000 f976 	bl	10004354 <tu_edpt_stream_write_xfer>
10004068:	e7d7      	b.n	1000401a <vendord_open+0xce>
1000406a:	46c0      	nop			; (mov r8, r8)
1000406c:	200016e0 	.word	0x200016e0
10004070:	fffffe00 	.word	0xfffffe00

10004074 <vendord_xfer_cb>:
10004074:	b5f8      	push	{r3, r4, r5, r6, r7, lr}
10004076:	252a      	movs	r5, #42	; 0x2a
10004078:	4c1f      	ldr	r4, [pc, #124]	; (100040f8 <vendord_xfer_cb+0x84>)
1000407a:	35ff      	adds	r5, #255	; 0xff
1000407c:	5d65      	ldrb	r5, [r4, r5]
1000407e:	0006      	movs	r6, r0
10004080:	001f      	movs	r7, r3
10004082:	428d      	cmp	r5, r1
10004084:	d11d      	bne.n	100040c2 <vendord_xfer_cb+0x4e>
10004086:	239a      	movs	r3, #154	; 0x9a
10004088:	005b      	lsls	r3, r3, #1
1000408a:	5ae3      	ldrh	r3, [r4, r3]
1000408c:	2b00      	cmp	r3, #0
1000408e:	d10e      	bne.n	100040ae <vendord_xfer_cb+0x3a>
10004090:	4b1a      	ldr	r3, [pc, #104]	; (100040fc <vendord_xfer_cb+0x88>)
10004092:	2b00      	cmp	r3, #0
10004094:	d004      	beq.n	100040a0 <vendord_xfer_cb+0x2c>
10004096:	2000      	movs	r0, #0
10004098:	4919      	ldr	r1, [pc, #100]	; (10004100 <vendord_xfer_cb+0x8c>)
1000409a:	b2ba      	uxth	r2, r7
1000409c:	e000      	b.n	100040a0 <vendord_xfer_cb+0x2c>
1000409e:	bf00      	nop
100040a0:	0030      	movs	r0, r6
100040a2:	4918      	ldr	r1, [pc, #96]	; (10004104 <vendord_xfer_cb+0x90>)
100040a4:	f000 f988 	bl	100043b8 <tu_edpt_stream_read_xfer>
100040a8:	2401      	movs	r4, #1
100040aa:	0020      	movs	r0, r4
100040ac:	bdf8      	pop	{r3, r4, r5, r6, r7, pc}
100040ae:	0020      	movs	r0, r4
100040b0:	2396      	movs	r3, #150	; 0x96
100040b2:	3031      	adds	r0, #49	; 0x31
100040b4:	005b      	lsls	r3, r3, #1
100040b6:	58e1      	ldr	r1, [r4, r3]
100040b8:	b2ba      	uxth	r2, r7
100040ba:	30ff      	adds	r0, #255	; 0xff
100040bc:	f000 fb60 	bl	10004780 <tu_fifo_write_n>
100040c0:	e7e6      	b.n	10004090 <vendord_xfer_cb+0x1c>
100040c2:	7963      	ldrb	r3, [r4, #5]
100040c4:	428b      	cmp	r3, r1
100040c6:	d001      	beq.n	100040cc <vendord_xfer_cb+0x58>
100040c8:	2400      	movs	r4, #0
100040ca:	e7ee      	b.n	100040aa <vendord_xfer_cb+0x36>
100040cc:	4b0e      	ldr	r3, [pc, #56]	; (10004108 <vendord_xfer_cb+0x94>)
100040ce:	2b00      	cmp	r3, #0
100040d0:	d004      	beq.n	100040dc <vendord_xfer_cb+0x68>
100040d2:	0439      	lsls	r1, r7, #16
100040d4:	2000      	movs	r0, #0
100040d6:	0c09      	lsrs	r1, r1, #16
100040d8:	e000      	b.n	100040dc <vendord_xfer_cb+0x68>
100040da:	bf00      	nop
100040dc:	4d0b      	ldr	r5, [pc, #44]	; (1000410c <vendord_xfer_cb+0x98>)
100040de:	0030      	movs	r0, r6
100040e0:	0029      	movs	r1, r5
100040e2:	f000 f937 	bl	10004354 <tu_edpt_stream_write_xfer>
100040e6:	2401      	movs	r4, #1
100040e8:	2800      	cmp	r0, #0
100040ea:	d1de      	bne.n	100040aa <vendord_xfer_cb+0x36>
100040ec:	003a      	movs	r2, r7
100040ee:	0029      	movs	r1, r5
100040f0:	0030      	movs	r0, r6
100040f2:	f000 f903 	bl	100042fc <tu_edpt_stream_write_zlp_if_needed>
100040f6:	e7d8      	b.n	100040aa <vendord_xfer_cb+0x36>
100040f8:	200016e0 	.word	0x200016e0
100040fc:	00000000 	.word	0x00000000
10004100:	20001660 	.word	0x20001660
10004104:	20001808 	.word	0x20001808
10004108:	00000000 	.word	0x00000000
1000410c:	200016e4 	.word	0x200016e4

10004110 <tusb_rhport_init>:
10004110:	b500      	push	{lr}
10004112:	0003      	movs	r3, r0
10004114:	b083      	sub	sp, #12
10004116:	2900      	cmp	r1, #0
10004118:	d010      	beq.n	1000413c <tusb_rhport_init+0x2c>
1000411a:	2000      	movs	r0, #0
1000411c:	2b01      	cmp	r3, #1
1000411e:	d807      	bhi.n	10004130 <tusb_rhport_init+0x20>
10004120:	780a      	ldrb	r2, [r1, #0]
10004122:	2a00      	cmp	r2, #0
10004124:	d004      	beq.n	10004130 <tusb_rhport_init+0x20>
10004126:	480b      	ldr	r0, [pc, #44]	; (10004154 <tusb_rhport_init+0x44>)
10004128:	54c2      	strb	r2, [r0, r3]
1000412a:	2001      	movs	r0, #1
1000412c:	2a01      	cmp	r2, #1
1000412e:	d001      	beq.n	10004134 <tusb_rhport_init+0x24>
10004130:	b003      	add	sp, #12
10004132:	bd00      	pop	{pc}
10004134:	0018      	movs	r0, r3
10004136:	f7fe fdbb 	bl	10002cb0 <tud_rhport_init>
1000413a:	e7f9      	b.n	10004130 <tusb_rhport_init+0x20>
1000413c:	2301      	movs	r3, #1
1000413e:	a901      	add	r1, sp, #4
10004140:	2000      	movs	r0, #0
10004142:	800b      	strh	r3, [r1, #0]
10004144:	f7fe fdb4 	bl	10002cb0 <tud_rhport_init>
10004148:	2800      	cmp	r0, #0
1000414a:	d0f1      	beq.n	10004130 <tusb_rhport_init+0x20>
1000414c:	2201      	movs	r2, #1
1000414e:	4b01      	ldr	r3, [pc, #4]	; (10004154 <tusb_rhport_init+0x44>)
10004150:	701a      	strb	r2, [r3, #0]
10004152:	e7ed      	b.n	10004130 <tusb_rhport_init+0x20>
10004154:	20001538 	.word	0x20001538

10004158 <tu_edpt_claim>:
10004158:	7803      	ldrb	r3, [r0, #0]
1000415a:	b570      	push	{r4, r5, r6, lr}
1000415c:	07db      	lsls	r3, r3, #31
1000415e:	0004      	movs	r4, r0
10004160:	000e      	movs	r6, r1
10004162:	0fdd      	lsrs	r5, r3, #31
10004164:	2b00      	cmp	r3, #0
10004166:	d117      	bne.n	10004198 <tu_edpt_claim+0x40>
10004168:	7803      	ldrb	r3, [r0, #0]
1000416a:	075b      	lsls	r3, r3, #29
1000416c:	d501      	bpl.n	10004172 <tu_edpt_claim+0x1a>
1000416e:	0028      	movs	r0, r5
10004170:	bd70      	pop	{r4, r5, r6, pc}
10004172:	2101      	movs	r1, #1
10004174:	0030      	movs	r0, r6
10004176:	4249      	negs	r1, r1
10004178:	f000 fc5a 	bl	10004a30 <__mutex_enter_timeout_ms_veneer>
1000417c:	7823      	ldrb	r3, [r4, #0]
1000417e:	07db      	lsls	r3, r3, #31
10004180:	0fdd      	lsrs	r5, r3, #31
10004182:	2b00      	cmp	r3, #0
10004184:	d10a      	bne.n	1000419c <tu_edpt_claim+0x44>
10004186:	7823      	ldrb	r3, [r4, #0]
10004188:	075b      	lsls	r3, r3, #29
1000418a:	d408      	bmi.n	1000419e <tu_edpt_claim+0x46>
1000418c:	2204      	movs	r2, #4
1000418e:	7823      	ldrb	r3, [r4, #0]
10004190:	2501      	movs	r5, #1
10004192:	4313      	orrs	r3, r2
10004194:	7023      	strb	r3, [r4, #0]
10004196:	e002      	b.n	1000419e <tu_edpt_claim+0x46>
10004198:	2500      	movs	r5, #0
1000419a:	e7e8      	b.n	1000416e <tu_edpt_claim+0x16>
1000419c:	2500      	movs	r5, #0
1000419e:	0030      	movs	r0, r6
100041a0:	f000 fc26 	bl	100049f0 <__mutex_exit_veneer>
100041a4:	e7e3      	b.n	1000416e <tu_edpt_claim+0x16>
100041a6:	46c0      	nop			; (mov r8, r8)

100041a8 <tu_edpt_release>:
100041a8:	b570      	push	{r4, r5, r6, lr}
100041aa:	000d      	movs	r5, r1
100041ac:	2101      	movs	r1, #1
100041ae:	0004      	movs	r4, r0
100041b0:	4249      	negs	r1, r1
100041b2:	0028      	movs	r0, r5
100041b4:	f000 fc3c 	bl	10004a30 <__mutex_enter_timeout_ms_veneer>
100041b8:	7823      	ldrb	r3, [r4, #0]
100041ba:	075b      	lsls	r3, r3, #29
100041bc:	0fde      	lsrs	r6, r3, #31
100041be:	2b00      	cmp	r3, #0
100041c0:	db04      	blt.n	100041cc <tu_edpt_release+0x24>
100041c2:	0028      	movs	r0, r5
100041c4:	f000 fc14 	bl	100049f0 <__mutex_exit_veneer>
100041c8:	0030      	movs	r0, r6
100041ca:	bd70      	pop	{r4, r5, r6, pc}
100041cc:	7823      	ldrb	r3, [r4, #0]
100041ce:	07db      	lsls	r3, r3, #31
100041d0:	d404      	bmi.n	100041dc <tu_edpt_release+0x34>
100041d2:	2204      	movs	r2, #4
100041d4:	7823      	ldrb	r3, [r4, #0]
100041d6:	4393      	bics	r3, r2
100041d8:	7023      	strb	r3, [r4, #0]
100041da:	e7f2      	b.n	100041c2 <tu_edpt_release+0x1a>
100041dc:	2600      	movs	r6, #0
100041de:	e7f0      	b.n	100041c2 <tu_edpt_release+0x1a>

100041e0 <tu_edpt_validate>:
100041e0:	b510      	push	{r4, lr}
100041e2:	7943      	ldrb	r3, [r0, #5]
100041e4:	7904      	ldrb	r4, [r0, #4]
100041e6:	021b      	lsls	r3, r3, #8
100041e8:	4323      	orrs	r3, r4
100041ea:	055b      	lsls	r3, r3, #21
100041ec:	0d5a      	lsrs	r2, r3, #21
100041ee:	78c3      	ldrb	r3, [r0, #3]
100041f0:	079b      	lsls	r3, r3, #30
100041f2:	0f9b      	lsrs	r3, r3, #30
100041f4:	2b02      	cmp	r3, #2
100041f6:	d005      	beq.n	10004204 <tu_edpt_validate+0x24>
100041f8:	2b03      	cmp	r3, #3
100041fa:	d015      	beq.n	10004228 <tu_edpt_validate+0x48>
100041fc:	2000      	movs	r0, #0
100041fe:	2b01      	cmp	r3, #1
10004200:	d008      	beq.n	10004214 <tu_edpt_validate+0x34>
10004202:	bd10      	pop	{r4, pc}
10004204:	2902      	cmp	r1, #2
10004206:	d01c      	beq.n	10004242 <tu_edpt_validate+0x62>
10004208:	2000      	movs	r0, #0
1000420a:	2340      	movs	r3, #64	; 0x40
1000420c:	4293      	cmp	r3, r2
1000420e:	4140      	adcs	r0, r0
10004210:	b2c0      	uxtb	r0, r0
10004212:	e7f6      	b.n	10004202 <tu_edpt_validate+0x22>
10004214:	3902      	subs	r1, #2
10004216:	424b      	negs	r3, r1
10004218:	4159      	adcs	r1, r3
1000421a:	4b0d      	ldr	r3, [pc, #52]	; (10004250 <tu_edpt_validate+0x70>)
1000421c:	469c      	mov	ip, r3
1000421e:	4461      	add	r1, ip
10004220:	4291      	cmp	r1, r2
10004222:	4140      	adcs	r0, r0
10004224:	b2c0      	uxtb	r0, r0
10004226:	e7ec      	b.n	10004202 <tu_edpt_validate+0x22>
10004228:	3902      	subs	r1, #2
1000422a:	424b      	negs	r3, r1
1000422c:	4159      	adcs	r1, r3
1000422e:	23f0      	movs	r3, #240	; 0xf0
10004230:	2000      	movs	r0, #0
10004232:	4249      	negs	r1, r1
10004234:	009b      	lsls	r3, r3, #2
10004236:	4019      	ands	r1, r3
10004238:	3140      	adds	r1, #64	; 0x40
1000423a:	4291      	cmp	r1, r2
1000423c:	4140      	adcs	r0, r0
1000423e:	b2c0      	uxtb	r0, r0
10004240:	e7df      	b.n	10004202 <tu_edpt_validate+0x22>
10004242:	4b04      	ldr	r3, [pc, #16]	; (10004254 <tu_edpt_validate+0x74>)
10004244:	18d3      	adds	r3, r2, r3
10004246:	425a      	negs	r2, r3
10004248:	4153      	adcs	r3, r2
1000424a:	b2d8      	uxtb	r0, r3
1000424c:	e7d9      	b.n	10004202 <tu_edpt_validate+0x22>
1000424e:	46c0      	nop			; (mov r8, r8)
10004250:	000003ff 	.word	0x000003ff
10004254:	fffffe00 	.word	0xfffffe00

10004258 <tu_edpt_bind_driver>:
10004258:	188a      	adds	r2, r1, r2
1000425a:	b570      	push	{r4, r5, r6, lr}
1000425c:	4291      	cmp	r1, r2
1000425e:	d207      	bcs.n	10004270 <tu_edpt_bind_driver+0x18>
10004260:	267f      	movs	r6, #127	; 0x7f
10004262:	784c      	ldrb	r4, [r1, #1]
10004264:	2c05      	cmp	r4, #5
10004266:	d004      	beq.n	10004272 <tu_edpt_bind_driver+0x1a>
10004268:	780c      	ldrb	r4, [r1, #0]
1000426a:	1909      	adds	r1, r1, r4
1000426c:	428a      	cmp	r2, r1
1000426e:	d8f8      	bhi.n	10004262 <tu_edpt_bind_driver+0xa>
10004270:	bd70      	pop	{r4, r5, r6, pc}
10004272:	0034      	movs	r4, r6
10004274:	788d      	ldrb	r5, [r1, #2]
10004276:	402c      	ands	r4, r5
10004278:	0064      	lsls	r4, r4, #1
1000427a:	1904      	adds	r4, r0, r4
1000427c:	09ed      	lsrs	r5, r5, #7
1000427e:	5563      	strb	r3, [r4, r5]
10004280:	780c      	ldrb	r4, [r1, #0]
10004282:	1909      	adds	r1, r1, r4
10004284:	428a      	cmp	r2, r1
10004286:	d8ec      	bhi.n	10004262 <tu_edpt_bind_driver+0xa>
10004288:	e7f2      	b.n	10004270 <tu_edpt_bind_driver+0x18>
1000428a:	46c0      	nop			; (mov r8, r8)

1000428c <tu_edpt_stream_init>:
1000428c:	b5f0      	push	{r4, r5, r6, r7, lr}
1000428e:	46c6      	mov	lr, r8
10004290:	b500      	push	{lr}
10004292:	b082      	sub	sp, #8
10004294:	0015      	movs	r5, r2
10004296:	aa08      	add	r2, sp, #32
10004298:	ca40      	ldmia	r2!, {r6}
1000429a:	0004      	movs	r4, r0
1000429c:	8817      	ldrh	r7, [r2, #0]
1000429e:	aa0b      	add	r2, sp, #44	; 0x2c
100042a0:	8812      	ldrh	r2, [r2, #0]
100042a2:	2001      	movs	r0, #1
100042a4:	4690      	mov	r8, r2
100042a6:	000a      	movs	r2, r1
100042a8:	7821      	ldrb	r1, [r4, #0]
100042aa:	4002      	ands	r2, r0
100042ac:	4381      	bics	r1, r0
100042ae:	0020      	movs	r0, r4
100042b0:	4311      	orrs	r1, r2
100042b2:	7021      	strb	r1, [r4, #0]
100042b4:	9300      	str	r3, [sp, #0]
100042b6:	003a      	movs	r2, r7
100042b8:	2301      	movs	r3, #1
100042ba:	0031      	movs	r1, r6
100042bc:	3008      	adds	r0, #8
100042be:	f000 f8e9 	bl	10004494 <tu_fifo_config>
100042c2:	2e00      	cmp	r6, #0
100042c4:	d001      	beq.n	100042ca <tu_edpt_stream_init+0x3e>
100042c6:	2f00      	cmp	r7, #0
100042c8:	d108      	bne.n	100042dc <tu_edpt_stream_init+0x50>
100042ca:	9b0a      	ldr	r3, [sp, #40]	; 0x28
100042cc:	2001      	movs	r0, #1
100042ce:	6063      	str	r3, [r4, #4]
100042d0:	4643      	mov	r3, r8
100042d2:	8063      	strh	r3, [r4, #2]
100042d4:	b002      	add	sp, #8
100042d6:	bc80      	pop	{r7}
100042d8:	46b8      	mov	r8, r7
100042da:	bdf0      	pop	{r4, r5, r6, r7, pc}
100042dc:	0026      	movs	r6, r4
100042de:	361c      	adds	r6, #28
100042e0:	0030      	movs	r0, r6
100042e2:	f7fc fc1d 	bl	10000b20 <mutex_init>
100042e6:	2300      	movs	r3, #0
100042e8:	2d00      	cmp	r5, #0
100042ea:	d001      	beq.n	100042f0 <tu_edpt_stream_init+0x64>
100042ec:	0033      	movs	r3, r6
100042ee:	2600      	movs	r6, #0
100042f0:	6163      	str	r3, [r4, #20]
100042f2:	61a6      	str	r6, [r4, #24]
100042f4:	e7e9      	b.n	100042ca <tu_edpt_stream_init+0x3e>
100042f6:	46c0      	nop			; (mov r8, r8)

100042f8 <tu_edpt_stream_deinit>:
100042f8:	2001      	movs	r0, #1
100042fa:	4770      	bx	lr

100042fc <tu_edpt_stream_write_zlp_if_needed>:
100042fc:	b5f8      	push	{r3, r4, r5, r6, r7, lr}
100042fe:	23e0      	movs	r3, #224	; 0xe0
10004300:	0007      	movs	r7, r0
10004302:	0008      	movs	r0, r1
10004304:	780c      	ldrb	r4, [r1, #0]
10004306:	005b      	lsls	r3, r3, #1
10004308:	07a4      	lsls	r4, r4, #30
1000430a:	17e4      	asrs	r4, r4, #31
1000430c:	401c      	ands	r4, r3
1000430e:	3008      	adds	r0, #8
10004310:	000d      	movs	r5, r1
10004312:	0016      	movs	r6, r2
10004314:	343f      	adds	r4, #63	; 0x3f
10004316:	f000 f8f5 	bl	10004504 <tu_fifo_count>
1000431a:	2800      	cmp	r0, #0
1000431c:	d107      	bne.n	1000432e <tu_edpt_stream_write_zlp_if_needed+0x32>
1000431e:	2e00      	cmp	r6, #0
10004320:	d005      	beq.n	1000432e <tu_edpt_stream_write_zlp_if_needed+0x32>
10004322:	4234      	tst	r4, r6
10004324:	d103      	bne.n	1000432e <tu_edpt_stream_write_zlp_if_needed+0x32>
10004326:	2401      	movs	r4, #1
10004328:	782b      	ldrb	r3, [r5, #0]
1000432a:	421c      	tst	r4, r3
1000432c:	d001      	beq.n	10004332 <tu_edpt_stream_write_zlp_if_needed+0x36>
1000432e:	2000      	movs	r0, #0
10004330:	bdf8      	pop	{r3, r4, r5, r6, r7, pc}
10004332:	0038      	movs	r0, r7
10004334:	7869      	ldrb	r1, [r5, #1]
10004336:	f7ff f99d 	bl	10003674 <usbd_edpt_claim>
1000433a:	2800      	cmp	r0, #0
1000433c:	d0f7      	beq.n	1000432e <tu_edpt_stream_write_zlp_if_needed+0x32>
1000433e:	782b      	ldrb	r3, [r5, #0]
10004340:	421c      	tst	r4, r3
10004342:	d1f4      	bne.n	1000432e <tu_edpt_stream_write_zlp_if_needed+0x32>
10004344:	2300      	movs	r3, #0
10004346:	2200      	movs	r2, #0
10004348:	0038      	movs	r0, r7
1000434a:	7869      	ldrb	r1, [r5, #1]
1000434c:	f7ff f9ba 	bl	100036c4 <usbd_edpt_xfer>
10004350:	e7ee      	b.n	10004330 <tu_edpt_stream_write_zlp_if_needed+0x34>
10004352:	46c0      	nop			; (mov r8, r8)

10004354 <tu_edpt_stream_write_xfer>:
10004354:	b5f8      	push	{r3, r4, r5, r6, r7, lr}
10004356:	000d      	movs	r5, r1
10004358:	3508      	adds	r5, #8
1000435a:	0006      	movs	r6, r0
1000435c:	0028      	movs	r0, r5
1000435e:	000c      	movs	r4, r1
10004360:	f000 f8d0 	bl	10004504 <tu_fifo_count>
10004364:	2800      	cmp	r0, #0
10004366:	d003      	beq.n	10004370 <tu_edpt_stream_write_xfer+0x1c>
10004368:	2701      	movs	r7, #1
1000436a:	7823      	ldrb	r3, [r4, #0]
1000436c:	421f      	tst	r7, r3
1000436e:	d001      	beq.n	10004374 <tu_edpt_stream_write_xfer+0x20>
10004370:	2000      	movs	r0, #0
10004372:	bdf8      	pop	{r3, r4, r5, r6, r7, pc}
10004374:	0030      	movs	r0, r6
10004376:	7861      	ldrb	r1, [r4, #1]
10004378:	f7ff f97c 	bl	10003674 <usbd_edpt_claim>
1000437c:	2800      	cmp	r0, #0
1000437e:	d0f7      	beq.n	10004370 <tu_edpt_stream_write_xfer+0x1c>
10004380:	0028      	movs	r0, r5
10004382:	8862      	ldrh	r2, [r4, #2]
10004384:	6861      	ldr	r1, [r4, #4]
10004386:	f000 f941 	bl	1000460c <tu_fifo_read_n>
1000438a:	7823      	ldrb	r3, [r4, #0]
1000438c:	1e05      	subs	r5, r0, #0
1000438e:	d00b      	beq.n	100043a8 <tu_edpt_stream_write_xfer+0x54>
10004390:	421f      	tst	r7, r3
10004392:	d1ed      	bne.n	10004370 <tu_edpt_stream_write_xfer+0x1c>
10004394:	0003      	movs	r3, r0
10004396:	6862      	ldr	r2, [r4, #4]
10004398:	0030      	movs	r0, r6
1000439a:	7861      	ldrb	r1, [r4, #1]
1000439c:	f7ff f992 	bl	100036c4 <usbd_edpt_xfer>
100043a0:	2800      	cmp	r0, #0
100043a2:	d0e5      	beq.n	10004370 <tu_edpt_stream_write_xfer+0x1c>
100043a4:	0028      	movs	r0, r5
100043a6:	e7e4      	b.n	10004372 <tu_edpt_stream_write_xfer+0x1e>
100043a8:	421f      	tst	r7, r3
100043aa:	d1e1      	bne.n	10004370 <tu_edpt_stream_write_xfer+0x1c>
100043ac:	0030      	movs	r0, r6
100043ae:	7861      	ldrb	r1, [r4, #1]
100043b0:	f7ff f974 	bl	1000369c <usbd_edpt_release>
100043b4:	e7dc      	b.n	10004370 <tu_edpt_stream_write_xfer+0x1c>
100043b6:	46c0      	nop			; (mov r8, r8)

100043b8 <tu_edpt_stream_read_xfer>:
100043b8:	b5f8      	push	{r3, r4, r5, r6, r7, lr}
100043ba:	46ce      	mov	lr, r9
100043bc:	4647      	mov	r7, r8
100043be:	b580      	push	{r7, lr}
100043c0:	898b      	ldrh	r3, [r1, #12]
100043c2:	0006      	movs	r6, r0
100043c4:	000c      	movs	r4, r1
100043c6:	2b00      	cmp	r3, #0
100043c8:	d108      	bne.n	100043dc <tu_edpt_stream_read_xfer+0x24>
100043ca:	2501      	movs	r5, #1
100043cc:	780b      	ldrb	r3, [r1, #0]
100043ce:	421d      	tst	r5, r3
100043d0:	d041      	beq.n	10004456 <tu_edpt_stream_read_xfer+0x9e>
100043d2:	2000      	movs	r0, #0
100043d4:	bcc0      	pop	{r6, r7}
100043d6:	46b9      	mov	r9, r7
100043d8:	46b0      	mov	r8, r6
100043da:	bdf8      	pop	{r3, r4, r5, r6, r7, pc}
100043dc:	780b      	ldrb	r3, [r1, #0]
100043de:	079b      	lsls	r3, r3, #30
100043e0:	d434      	bmi.n	1000444c <tu_edpt_stream_read_xfer+0x94>
100043e2:	2340      	movs	r3, #64	; 0x40
100043e4:	425b      	negs	r3, r3
100043e6:	4699      	mov	r9, r3
100043e8:	2540      	movs	r5, #64	; 0x40
100043ea:	0027      	movs	r7, r4
100043ec:	3708      	adds	r7, #8
100043ee:	0038      	movs	r0, r7
100043f0:	f000 f8a6 	bl	10004540 <tu_fifo_remaining>
100043f4:	42a8      	cmp	r0, r5
100043f6:	d3ec      	bcc.n	100043d2 <tu_edpt_stream_read_xfer+0x1a>
100043f8:	2201      	movs	r2, #1
100043fa:	7823      	ldrb	r3, [r4, #0]
100043fc:	4690      	mov	r8, r2
100043fe:	421a      	tst	r2, r3
10004400:	d1e7      	bne.n	100043d2 <tu_edpt_stream_read_xfer+0x1a>
10004402:	0030      	movs	r0, r6
10004404:	7861      	ldrb	r1, [r4, #1]
10004406:	f7ff f935 	bl	10003674 <usbd_edpt_claim>
1000440a:	2800      	cmp	r0, #0
1000440c:	d0e1      	beq.n	100043d2 <tu_edpt_stream_read_xfer+0x1a>
1000440e:	0038      	movs	r0, r7
10004410:	f000 f896 	bl	10004540 <tu_fifo_remaining>
10004414:	4642      	mov	r2, r8
10004416:	7823      	ldrb	r3, [r4, #0]
10004418:	4285      	cmp	r5, r0
1000441a:	d831      	bhi.n	10004480 <tu_edpt_stream_read_xfer+0xc8>
1000441c:	421a      	tst	r2, r3
1000441e:	d1d8      	bne.n	100043d2 <tu_edpt_stream_read_xfer+0x1a>
10004420:	464b      	mov	r3, r9
10004422:	8862      	ldrh	r2, [r4, #2]
10004424:	4018      	ands	r0, r3
10004426:	1c05      	adds	r5, r0, #0
10004428:	b280      	uxth	r0, r0
1000442a:	4290      	cmp	r0, r2
1000442c:	d900      	bls.n	10004430 <tu_edpt_stream_read_xfer+0x78>
1000442e:	1c15      	adds	r5, r2, #0
10004430:	b2ad      	uxth	r5, r5
10004432:	2200      	movs	r2, #0
10004434:	7861      	ldrb	r1, [r4, #1]
10004436:	2d00      	cmp	r5, #0
10004438:	d000      	beq.n	1000443c <tu_edpt_stream_read_xfer+0x84>
1000443a:	6862      	ldr	r2, [r4, #4]
1000443c:	002b      	movs	r3, r5
1000443e:	0030      	movs	r0, r6
10004440:	f7ff f940 	bl	100036c4 <usbd_edpt_xfer>
10004444:	2800      	cmp	r0, #0
10004446:	d0c4      	beq.n	100043d2 <tu_edpt_stream_read_xfer+0x1a>
10004448:	0028      	movs	r0, r5
1000444a:	e7c3      	b.n	100043d4 <tu_edpt_stream_read_xfer+0x1c>
1000444c:	2580      	movs	r5, #128	; 0x80
1000444e:	4b10      	ldr	r3, [pc, #64]	; (10004490 <tu_edpt_stream_read_xfer+0xd8>)
10004450:	00ad      	lsls	r5, r5, #2
10004452:	4699      	mov	r9, r3
10004454:	e7c9      	b.n	100043ea <tu_edpt_stream_read_xfer+0x32>
10004456:	7849      	ldrb	r1, [r1, #1]
10004458:	f7ff f90c 	bl	10003674 <usbd_edpt_claim>
1000445c:	2800      	cmp	r0, #0
1000445e:	d0b8      	beq.n	100043d2 <tu_edpt_stream_read_xfer+0x1a>
10004460:	7823      	ldrb	r3, [r4, #0]
10004462:	421d      	tst	r5, r3
10004464:	d1b5      	bne.n	100043d2 <tu_edpt_stream_read_xfer+0x1a>
10004466:	8863      	ldrh	r3, [r4, #2]
10004468:	2200      	movs	r2, #0
1000446a:	7861      	ldrb	r1, [r4, #1]
1000446c:	2b00      	cmp	r3, #0
1000446e:	d000      	beq.n	10004472 <tu_edpt_stream_read_xfer+0xba>
10004470:	6862      	ldr	r2, [r4, #4]
10004472:	0030      	movs	r0, r6
10004474:	f7ff f926 	bl	100036c4 <usbd_edpt_xfer>
10004478:	2800      	cmp	r0, #0
1000447a:	d0aa      	beq.n	100043d2 <tu_edpt_stream_read_xfer+0x1a>
1000447c:	8860      	ldrh	r0, [r4, #2]
1000447e:	e7a9      	b.n	100043d4 <tu_edpt_stream_read_xfer+0x1c>
10004480:	421a      	tst	r2, r3
10004482:	d1a6      	bne.n	100043d2 <tu_edpt_stream_read_xfer+0x1a>
10004484:	0030      	movs	r0, r6
10004486:	7861      	ldrb	r1, [r4, #1]
10004488:	f7ff f908 	bl	1000369c <usbd_edpt_release>
1000448c:	e7a1      	b.n	100043d2 <tu_edpt_stream_read_xfer+0x1a>
1000448e:	46c0      	nop			; (mov r8, r8)
10004490:	fffffe00 	.word	0xfffffe00

10004494 <tu_fifo_config>:
10004494:	b5f0      	push	{r4, r5, r6, r7, lr}
10004496:	46c6      	mov	lr, r8
10004498:	b500      	push	{lr}
1000449a:	0004      	movs	r4, r0
1000449c:	a806      	add	r0, sp, #24
1000449e:	7805      	ldrb	r5, [r0, #0]
100044a0:	2080      	movs	r0, #128	; 0x80
100044a2:	4688      	mov	r8, r1
100044a4:	0017      	movs	r7, r2
100044a6:	001e      	movs	r6, r3
100044a8:	0200      	lsls	r0, r0, #8
100044aa:	4282      	cmp	r2, r0
100044ac:	d827      	bhi.n	100044fe <tu_fifo_config+0x6a>
100044ae:	68e0      	ldr	r0, [r4, #12]
100044b0:	2800      	cmp	r0, #0
100044b2:	d003      	beq.n	100044bc <tu_fifo_config+0x28>
100044b4:	2101      	movs	r1, #1
100044b6:	4249      	negs	r1, r1
100044b8:	f000 faba 	bl	10004a30 <__mutex_enter_timeout_ms_veneer>
100044bc:	6920      	ldr	r0, [r4, #16]
100044be:	2800      	cmp	r0, #0
100044c0:	d003      	beq.n	100044ca <tu_fifo_config+0x36>
100044c2:	2101      	movs	r1, #1
100044c4:	4249      	negs	r1, r1
100044c6:	f000 fab3 	bl	10004a30 <__mutex_enter_timeout_ms_veneer>
100044ca:	4643      	mov	r3, r8
100044cc:	6023      	str	r3, [r4, #0]
100044ce:	0473      	lsls	r3, r6, #17
100044d0:	0c5b      	lsrs	r3, r3, #17
100044d2:	03ed      	lsls	r5, r5, #15
100044d4:	431d      	orrs	r5, r3
100044d6:	2300      	movs	r3, #0
100044d8:	68e0      	ldr	r0, [r4, #12]
100044da:	8163      	strh	r3, [r4, #10]
100044dc:	80a7      	strh	r7, [r4, #4]
100044de:	80e5      	strh	r5, [r4, #6]
100044e0:	8123      	strh	r3, [r4, #8]
100044e2:	2800      	cmp	r0, #0
100044e4:	d001      	beq.n	100044ea <tu_fifo_config+0x56>
100044e6:	f000 fa83 	bl	100049f0 <__mutex_exit_veneer>
100044ea:	6920      	ldr	r0, [r4, #16]
100044ec:	2401      	movs	r4, #1
100044ee:	2800      	cmp	r0, #0
100044f0:	d001      	beq.n	100044f6 <tu_fifo_config+0x62>
100044f2:	f000 fa7d 	bl	100049f0 <__mutex_exit_veneer>
100044f6:	0020      	movs	r0, r4
100044f8:	bc80      	pop	{r7}
100044fa:	46b8      	mov	r8, r7
100044fc:	bdf0      	pop	{r4, r5, r6, r7, pc}
100044fe:	2400      	movs	r4, #0
10004500:	e7f9      	b.n	100044f6 <tu_fifo_config+0x62>
10004502:	46c0      	nop			; (mov r8, r8)

10004504 <tu_fifo_count>:
10004504:	b510      	push	{r4, lr}
10004506:	8904      	ldrh	r4, [r0, #8]
10004508:	8941      	ldrh	r1, [r0, #10]
1000450a:	8882      	ldrh	r2, [r0, #4]
1000450c:	b2a3      	uxth	r3, r4
1000450e:	b288      	uxth	r0, r1
10004510:	428c      	cmp	r4, r1
10004512:	d307      	bcc.n	10004524 <tu_fifo_count+0x20>
10004514:	1a1b      	subs	r3, r3, r0
10004516:	b29b      	uxth	r3, r3
10004518:	1c10      	adds	r0, r2, #0
1000451a:	429a      	cmp	r2, r3
1000451c:	d900      	bls.n	10004520 <tu_fifo_count+0x1c>
1000451e:	1c18      	adds	r0, r3, #0
10004520:	b280      	uxth	r0, r0
10004522:	bd10      	pop	{r4, pc}
10004524:	0051      	lsls	r1, r2, #1
10004526:	1a09      	subs	r1, r1, r0
10004528:	185b      	adds	r3, r3, r1
1000452a:	b29b      	uxth	r3, r3
1000452c:	e7f4      	b.n	10004518 <tu_fifo_count+0x14>
1000452e:	46c0      	nop			; (mov r8, r8)

10004530 <tu_fifo_empty>:
10004530:	0003      	movs	r3, r0
10004532:	8900      	ldrh	r0, [r0, #8]
10004534:	895b      	ldrh	r3, [r3, #10]
10004536:	1ac0      	subs	r0, r0, r3
10004538:	4243      	negs	r3, r0
1000453a:	4158      	adcs	r0, r3
1000453c:	b2c0      	uxtb	r0, r0
1000453e:	4770      	bx	lr

10004540 <tu_fifo_remaining>:
10004540:	b510      	push	{r4, lr}
10004542:	8904      	ldrh	r4, [r0, #8]
10004544:	8941      	ldrh	r1, [r0, #10]
10004546:	8882      	ldrh	r2, [r0, #4]
10004548:	b2a3      	uxth	r3, r4
1000454a:	b288      	uxth	r0, r1
1000454c:	428c      	cmp	r4, r1
1000454e:	d307      	bcc.n	10004560 <tu_fifo_remaining+0x20>
10004550:	1a1b      	subs	r3, r3, r0
10004552:	b29b      	uxth	r3, r3
10004554:	2000      	movs	r0, #0
10004556:	429a      	cmp	r2, r3
10004558:	d901      	bls.n	1000455e <tu_fifo_remaining+0x1e>
1000455a:	1ad3      	subs	r3, r2, r3
1000455c:	b298      	uxth	r0, r3
1000455e:	bd10      	pop	{r4, pc}
10004560:	0051      	lsls	r1, r2, #1
10004562:	1a09      	subs	r1, r1, r0
10004564:	185b      	adds	r3, r3, r1
10004566:	b29b      	uxth	r3, r3
10004568:	e7f4      	b.n	10004554 <tu_fifo_remaining+0x14>
1000456a:	46c0      	nop			; (mov r8, r8)

1000456c <tu_fifo_read>:
1000456c:	b570      	push	{r4, r5, r6, lr}
1000456e:	0004      	movs	r4, r0
10004570:	6900      	ldr	r0, [r0, #16]
10004572:	000e      	movs	r6, r1
10004574:	2800      	cmp	r0, #0
10004576:	d003      	beq.n	10004580 <tu_fifo_read+0x14>
10004578:	2101      	movs	r1, #1
1000457a:	4249      	negs	r1, r1
1000457c:	f000 fa58 	bl	10004a30 <__mutex_enter_timeout_ms_veneer>
10004580:	8925      	ldrh	r5, [r4, #8]
10004582:	8960      	ldrh	r0, [r4, #10]
10004584:	88a2      	ldrh	r2, [r4, #4]
10004586:	b2a9      	uxth	r1, r5
10004588:	b283      	uxth	r3, r0
1000458a:	4285      	cmp	r5, r0
1000458c:	d32c      	bcc.n	100045e8 <tu_fifo_read+0x7c>
1000458e:	1acd      	subs	r5, r1, r3
10004590:	b2ad      	uxth	r5, r5
10004592:	2d00      	cmp	r5, #0
10004594:	d02e      	beq.n	100045f4 <tu_fifo_read+0x88>
10004596:	42aa      	cmp	r2, r5
10004598:	d208      	bcs.n	100045ac <tu_fifo_read+0x40>
1000459a:	4291      	cmp	r1, r2
1000459c:	d331      	bcc.n	10004602 <tu_fifo_read+0x96>
1000459e:	1a8b      	subs	r3, r1, r2
100045a0:	b29b      	uxth	r3, r3
100045a2:	8163      	strh	r3, [r4, #10]
100045a4:	429a      	cmp	r2, r3
100045a6:	d803      	bhi.n	100045b0 <tu_fifo_read+0x44>
100045a8:	1a9b      	subs	r3, r3, r2
100045aa:	b29b      	uxth	r3, r3
100045ac:	429a      	cmp	r2, r3
100045ae:	d9fb      	bls.n	100045a8 <tu_fifo_read+0x3c>
100045b0:	88e2      	ldrh	r2, [r4, #6]
100045b2:	6821      	ldr	r1, [r4, #0]
100045b4:	0452      	lsls	r2, r2, #17
100045b6:	0c52      	lsrs	r2, r2, #17
100045b8:	4353      	muls	r3, r2
100045ba:	0030      	movs	r0, r6
100045bc:	18c9      	adds	r1, r1, r3
100045be:	f7fd fc4b 	bl	10001e58 <__wrap___aeabi_memcpy>
100045c2:	8961      	ldrh	r1, [r4, #10]
100045c4:	2501      	movs	r5, #1
100045c6:	1c4b      	adds	r3, r1, #1
100045c8:	b29b      	uxth	r3, r3
100045ca:	88a2      	ldrh	r2, [r4, #4]
100045cc:	4299      	cmp	r1, r3
100045ce:	d914      	bls.n	100045fa <tu_fifo_read+0x8e>
100045d0:	2300      	movs	r3, #0
100045d2:	0052      	lsls	r2, r2, #1
100045d4:	1a9b      	subs	r3, r3, r2
100045d6:	b29b      	uxth	r3, r3
100045d8:	6920      	ldr	r0, [r4, #16]
100045da:	8163      	strh	r3, [r4, #10]
100045dc:	2800      	cmp	r0, #0
100045de:	d001      	beq.n	100045e4 <tu_fifo_read+0x78>
100045e0:	f000 fa06 	bl	100049f0 <__mutex_exit_veneer>
100045e4:	0028      	movs	r0, r5
100045e6:	bd70      	pop	{r4, r5, r6, pc}
100045e8:	0055      	lsls	r5, r2, #1
100045ea:	1aed      	subs	r5, r5, r3
100045ec:	194d      	adds	r5, r1, r5
100045ee:	b2ad      	uxth	r5, r5
100045f0:	2d00      	cmp	r5, #0
100045f2:	d1d0      	bne.n	10004596 <tu_fifo_read+0x2a>
100045f4:	2500      	movs	r5, #0
100045f6:	8963      	ldrh	r3, [r4, #10]
100045f8:	b29b      	uxth	r3, r3
100045fa:	0052      	lsls	r2, r2, #1
100045fc:	4293      	cmp	r3, r2
100045fe:	dbeb      	blt.n	100045d8 <tu_fifo_read+0x6c>
10004600:	e7e8      	b.n	100045d4 <tu_fifo_read+0x68>
10004602:	1889      	adds	r1, r1, r2
10004604:	b28b      	uxth	r3, r1
10004606:	8163      	strh	r3, [r4, #10]
10004608:	e7cc      	b.n	100045a4 <tu_fifo_read+0x38>
1000460a:	46c0      	nop			; (mov r8, r8)

1000460c <tu_fifo_read_n>:
1000460c:	b5f0      	push	{r4, r5, r6, r7, lr}
1000460e:	4646      	mov	r6, r8
10004610:	464f      	mov	r7, r9
10004612:	46d6      	mov	lr, sl
10004614:	b5c0      	push	{r6, r7, lr}
10004616:	0006      	movs	r6, r0
10004618:	6900      	ldr	r0, [r0, #16]
1000461a:	4689      	mov	r9, r1
1000461c:	4690      	mov	r8, r2
1000461e:	2800      	cmp	r0, #0
10004620:	d003      	beq.n	1000462a <tu_fifo_read_n+0x1e>
10004622:	2101      	movs	r1, #1
10004624:	4249      	negs	r1, r1
10004626:	f000 fa03 	bl	10004a30 <__mutex_enter_timeout_ms_veneer>
1000462a:	8931      	ldrh	r1, [r6, #8]
1000462c:	8972      	ldrh	r2, [r6, #10]
1000462e:	88b5      	ldrh	r5, [r6, #4]
10004630:	b28b      	uxth	r3, r1
10004632:	b294      	uxth	r4, r2
10004634:	4291      	cmp	r1, r2
10004636:	d357      	bcc.n	100046e8 <tu_fifo_read_n+0xdc>
10004638:	1b1f      	subs	r7, r3, r4
1000463a:	b2bf      	uxth	r7, r7
1000463c:	2f00      	cmp	r7, #0
1000463e:	d04d      	beq.n	100046dc <tu_fifo_read_n+0xd0>
10004640:	42bd      	cmp	r5, r7
10004642:	d205      	bcs.n	10004650 <tu_fifo_read_n+0x44>
10004644:	42ab      	cmp	r3, r5
10004646:	d254      	bcs.n	100046f2 <tu_fifo_read_n+0xe6>
10004648:	195b      	adds	r3, r3, r5
1000464a:	b29c      	uxth	r4, r3
1000464c:	002f      	movs	r7, r5
1000464e:	8174      	strh	r4, [r6, #10]
10004650:	4643      	mov	r3, r8
10004652:	45b8      	cmp	r8, r7
10004654:	d840      	bhi.n	100046d8 <tu_fifo_read_n+0xcc>
10004656:	b29f      	uxth	r7, r3
10004658:	42a5      	cmp	r5, r4
1000465a:	d803      	bhi.n	10004664 <tu_fifo_read_n+0x58>
1000465c:	1b64      	subs	r4, r4, r5
1000465e:	b2a4      	uxth	r4, r4
10004660:	42a5      	cmp	r5, r4
10004662:	d9fb      	bls.n	1000465c <tu_fifo_read_n+0x50>
10004664:	88f2      	ldrh	r2, [r6, #6]
10004666:	1b28      	subs	r0, r5, r4
10004668:	0452      	lsls	r2, r2, #17
1000466a:	0c53      	lsrs	r3, r2, #17
1000466c:	0019      	movs	r1, r3
1000466e:	4698      	mov	r8, r3
10004670:	6833      	ldr	r3, [r6, #0]
10004672:	4361      	muls	r1, r4
10004674:	469c      	mov	ip, r3
10004676:	b280      	uxth	r0, r0
10004678:	4461      	add	r1, ip
1000467a:	4287      	cmp	r7, r0
1000467c:	d926      	bls.n	100046cc <tu_fifo_read_n+0xc0>
1000467e:	4643      	mov	r3, r8
10004680:	4358      	muls	r0, r3
10004682:	b283      	uxth	r3, r0
10004684:	001a      	movs	r2, r3
10004686:	4648      	mov	r0, r9
10004688:	469a      	mov	sl, r3
1000468a:	f7fd fbe5 	bl	10001e58 <__wrap___aeabi_memcpy>
1000468e:	4643      	mov	r3, r8
10004690:	4648      	mov	r0, r9
10004692:	1b7d      	subs	r5, r7, r5
10004694:	1964      	adds	r4, r4, r5
10004696:	435c      	muls	r4, r3
10004698:	6831      	ldr	r1, [r6, #0]
1000469a:	4450      	add	r0, sl
1000469c:	b2a2      	uxth	r2, r4
1000469e:	f7fd fbdb 	bl	10001e58 <__wrap___aeabi_memcpy>
100046a2:	8971      	ldrh	r1, [r6, #10]
100046a4:	88b5      	ldrh	r5, [r6, #4]
100046a6:	19cb      	adds	r3, r1, r7
100046a8:	b29b      	uxth	r3, r3
100046aa:	006a      	lsls	r2, r5, #1
100046ac:	4299      	cmp	r1, r3
100046ae:	d917      	bls.n	100046e0 <tu_fifo_read_n+0xd4>
100046b0:	1a9b      	subs	r3, r3, r2
100046b2:	b29b      	uxth	r3, r3
100046b4:	6930      	ldr	r0, [r6, #16]
100046b6:	8173      	strh	r3, [r6, #10]
100046b8:	2800      	cmp	r0, #0
100046ba:	d001      	beq.n	100046c0 <tu_fifo_read_n+0xb4>
100046bc:	f000 f998 	bl	100049f0 <__mutex_exit_veneer>
100046c0:	0038      	movs	r0, r7
100046c2:	bce0      	pop	{r5, r6, r7}
100046c4:	46ba      	mov	sl, r7
100046c6:	46b1      	mov	r9, r6
100046c8:	46a8      	mov	r8, r5
100046ca:	bdf0      	pop	{r4, r5, r6, r7, pc}
100046cc:	4642      	mov	r2, r8
100046ce:	4648      	mov	r0, r9
100046d0:	437a      	muls	r2, r7
100046d2:	f7fd fbc1 	bl	10001e58 <__wrap___aeabi_memcpy>
100046d6:	e7e4      	b.n	100046a2 <tu_fifo_read_n+0x96>
100046d8:	1c3b      	adds	r3, r7, #0
100046da:	e7bc      	b.n	10004656 <tu_fifo_read_n+0x4a>
100046dc:	8973      	ldrh	r3, [r6, #10]
100046de:	b29b      	uxth	r3, r3
100046e0:	006a      	lsls	r2, r5, #1
100046e2:	4293      	cmp	r3, r2
100046e4:	dbe6      	blt.n	100046b4 <tu_fifo_read_n+0xa8>
100046e6:	e7e3      	b.n	100046b0 <tu_fifo_read_n+0xa4>
100046e8:	006f      	lsls	r7, r5, #1
100046ea:	1b3f      	subs	r7, r7, r4
100046ec:	19df      	adds	r7, r3, r7
100046ee:	b2bf      	uxth	r7, r7
100046f0:	e7a4      	b.n	1000463c <tu_fifo_read_n+0x30>
100046f2:	1b5b      	subs	r3, r3, r5
100046f4:	b29c      	uxth	r4, r3
100046f6:	e7a9      	b.n	1000464c <tu_fifo_read_n+0x40>

100046f8 <tu_fifo_write>:
100046f8:	b5f8      	push	{r3, r4, r5, r6, r7, lr}
100046fa:	0004      	movs	r4, r0
100046fc:	68c0      	ldr	r0, [r0, #12]
100046fe:	000e      	movs	r6, r1
10004700:	2800      	cmp	r0, #0
10004702:	d003      	beq.n	1000470c <tu_fifo_write+0x14>
10004704:	2101      	movs	r1, #1
10004706:	4249      	negs	r1, r1
10004708:	f000 f992 	bl	10004a30 <__mutex_enter_timeout_ms_veneer>
1000470c:	8925      	ldrh	r5, [r4, #8]
1000470e:	8920      	ldrh	r0, [r4, #8]
10004710:	8961      	ldrh	r1, [r4, #10]
10004712:	88a2      	ldrh	r2, [r4, #4]
10004714:	b2ad      	uxth	r5, r5
10004716:	b283      	uxth	r3, r0
10004718:	b28f      	uxth	r7, r1
1000471a:	4288      	cmp	r0, r1
1000471c:	d328      	bcc.n	10004770 <tu_fifo_write+0x78>
1000471e:	1bdb      	subs	r3, r3, r7
10004720:	b29b      	uxth	r3, r3
10004722:	429a      	cmp	r2, r3
10004724:	d809      	bhi.n	1000473a <tu_fifo_write+0x42>
10004726:	79e7      	ldrb	r7, [r4, #7]
10004728:	09ff      	lsrs	r7, r7, #7
1000472a:	d106      	bne.n	1000473a <tu_fifo_write+0x42>
1000472c:	68e0      	ldr	r0, [r4, #12]
1000472e:	2800      	cmp	r0, #0
10004730:	d001      	beq.n	10004736 <tu_fifo_write+0x3e>
10004732:	f000 f95d 	bl	100049f0 <__mutex_exit_veneer>
10004736:	0038      	movs	r0, r7
10004738:	bdf8      	pop	{r3, r4, r5, r6, r7, pc}
1000473a:	002b      	movs	r3, r5
1000473c:	4295      	cmp	r5, r2
1000473e:	d303      	bcc.n	10004748 <tu_fifo_write+0x50>
10004740:	1a9b      	subs	r3, r3, r2
10004742:	b29b      	uxth	r3, r3
10004744:	4293      	cmp	r3, r2
10004746:	d2fb      	bcs.n	10004740 <tu_fifo_write+0x48>
10004748:	88e2      	ldrh	r2, [r4, #6]
1000474a:	6821      	ldr	r1, [r4, #0]
1000474c:	0452      	lsls	r2, r2, #17
1000474e:	0c52      	lsrs	r2, r2, #17
10004750:	4353      	muls	r3, r2
10004752:	18c8      	adds	r0, r1, r3
10004754:	0031      	movs	r1, r6
10004756:	f7fd fb7f 	bl	10001e58 <__wrap___aeabi_memcpy>
1000475a:	88a2      	ldrh	r2, [r4, #4]
1000475c:	1c6b      	adds	r3, r5, #1
1000475e:	b29b      	uxth	r3, r3
10004760:	0052      	lsls	r2, r2, #1
10004762:	429d      	cmp	r5, r3
10004764:	d909      	bls.n	1000477a <tu_fifo_write+0x82>
10004766:	1a9b      	subs	r3, r3, r2
10004768:	b29b      	uxth	r3, r3
1000476a:	2701      	movs	r7, #1
1000476c:	8123      	strh	r3, [r4, #8]
1000476e:	e7dd      	b.n	1000472c <tu_fifo_write+0x34>
10004770:	0051      	lsls	r1, r2, #1
10004772:	1bc9      	subs	r1, r1, r7
10004774:	185b      	adds	r3, r3, r1
10004776:	b29b      	uxth	r3, r3
10004778:	e7d3      	b.n	10004722 <tu_fifo_write+0x2a>
1000477a:	4293      	cmp	r3, r2
1000477c:	dbf5      	blt.n	1000476a <tu_fifo_write+0x72>
1000477e:	e7f2      	b.n	10004766 <tu_fifo_write+0x6e>

10004780 <tu_fifo_write_n>:
10004780:	b5f0      	push	{r4, r5, r6, r7, lr}
10004782:	464e      	mov	r6, r9
10004784:	4645      	mov	r5, r8
10004786:	46de      	mov	lr, fp
10004788:	4657      	mov	r7, sl
1000478a:	b5e0      	push	{r5, r6, r7, lr}
1000478c:	4689      	mov	r9, r1
1000478e:	0005      	movs	r5, r0
10004790:	0014      	movs	r4, r2
10004792:	b083      	sub	sp, #12
10004794:	2a00      	cmp	r2, #0
10004796:	d06e      	beq.n	10004876 <tu_fifo_write_n+0xf6>
10004798:	68c0      	ldr	r0, [r0, #12]
1000479a:	2800      	cmp	r0, #0
1000479c:	d003      	beq.n	100047a6 <tu_fifo_write_n+0x26>
1000479e:	2101      	movs	r1, #1
100047a0:	4249      	negs	r1, r1
100047a2:	f000 f945 	bl	10004a30 <__mutex_enter_timeout_ms_veneer>
100047a6:	892f      	ldrh	r7, [r5, #8]
100047a8:	79ea      	ldrb	r2, [r5, #7]
100047aa:	896b      	ldrh	r3, [r5, #10]
100047ac:	b2bf      	uxth	r7, r7
100047ae:	b29b      	uxth	r3, r3
100047b0:	09d2      	lsrs	r2, r2, #7
100047b2:	d142      	bne.n	1000483a <tu_fifo_write_n+0xba>
100047b4:	88ae      	ldrh	r6, [r5, #4]
100047b6:	429f      	cmp	r7, r3
100047b8:	d267      	bcs.n	1000488a <tu_fifo_write_n+0x10a>
100047ba:	0072      	lsls	r2, r6, #1
100047bc:	1ad3      	subs	r3, r2, r3
100047be:	18fb      	adds	r3, r7, r3
100047c0:	b29b      	uxth	r3, r3
100047c2:	2200      	movs	r2, #0
100047c4:	4690      	mov	r8, r2
100047c6:	429e      	cmp	r6, r3
100047c8:	d931      	bls.n	1000482e <tu_fifo_write_n+0xae>
100047ca:	1af3      	subs	r3, r6, r3
100047cc:	1c1a      	adds	r2, r3, #0
100047ce:	b29b      	uxth	r3, r3
100047d0:	42a3      	cmp	r3, r4
100047d2:	d900      	bls.n	100047d6 <tu_fifo_write_n+0x56>
100047d4:	1c22      	adds	r2, r4, #0
100047d6:	b293      	uxth	r3, r2
100047d8:	4698      	mov	r8, r3
100047da:	88e8      	ldrh	r0, [r5, #6]
100047dc:	4643      	mov	r3, r8
100047de:	19db      	adds	r3, r3, r7
100047e0:	b29b      	uxth	r3, r3
100047e2:	469b      	mov	fp, r3
100047e4:	003c      	movs	r4, r7
100047e6:	42be      	cmp	r6, r7
100047e8:	d803      	bhi.n	100047f2 <tu_fifo_write_n+0x72>
100047ea:	1ba4      	subs	r4, r4, r6
100047ec:	b2a4      	uxth	r4, r4
100047ee:	42b4      	cmp	r4, r6
100047f0:	d2fb      	bcs.n	100047ea <tu_fifo_write_n+0x6a>
100047f2:	0440      	lsls	r0, r0, #17
100047f4:	0c43      	lsrs	r3, r0, #17
100047f6:	0018      	movs	r0, r3
100047f8:	469a      	mov	sl, r3
100047fa:	682b      	ldr	r3, [r5, #0]
100047fc:	4360      	muls	r0, r4
100047fe:	469c      	mov	ip, r3
10004800:	1b31      	subs	r1, r6, r4
10004802:	b289      	uxth	r1, r1
10004804:	4460      	add	r0, ip
10004806:	4541      	cmp	r1, r8
10004808:	d34e      	bcc.n	100048a8 <tu_fifo_write_n+0x128>
1000480a:	4652      	mov	r2, sl
1000480c:	4643      	mov	r3, r8
1000480e:	4649      	mov	r1, r9
10004810:	435a      	muls	r2, r3
10004812:	f7fd fb21 	bl	10001e58 <__wrap___aeabi_memcpy>
10004816:	88ab      	ldrh	r3, [r5, #4]
10004818:	005b      	lsls	r3, r3, #1
1000481a:	45bb      	cmp	fp, r7
1000481c:	d301      	bcc.n	10004822 <tu_fifo_write_n+0xa2>
1000481e:	459b      	cmp	fp, r3
10004820:	db03      	blt.n	1000482a <tu_fifo_write_n+0xaa>
10004822:	465a      	mov	r2, fp
10004824:	1ad3      	subs	r3, r2, r3
10004826:	b29b      	uxth	r3, r3
10004828:	469b      	mov	fp, r3
1000482a:	465b      	mov	r3, fp
1000482c:	812b      	strh	r3, [r5, #8]
1000482e:	68e8      	ldr	r0, [r5, #12]
10004830:	2800      	cmp	r0, #0
10004832:	d022      	beq.n	1000487a <tu_fifo_write_n+0xfa>
10004834:	f000 f8dc 	bl	100049f0 <__mutex_exit_veneer>
10004838:	e01f      	b.n	1000487a <tu_fifo_write_n+0xfa>
1000483a:	88aa      	ldrh	r2, [r5, #4]
1000483c:	4690      	mov	r8, r2
1000483e:	4294      	cmp	r4, r2
10004840:	d226      	bcs.n	10004890 <tu_fifo_write_n+0x110>
10004842:	429f      	cmp	r7, r3
10004844:	d344      	bcc.n	100048d0 <tu_fifo_write_n+0x150>
10004846:	4641      	mov	r1, r8
10004848:	1afa      	subs	r2, r7, r3
1000484a:	b292      	uxth	r2, r2
1000484c:	0049      	lsls	r1, r1, #1
1000484e:	1912      	adds	r2, r2, r4
10004850:	428a      	cmp	r2, r1
10004852:	db09      	blt.n	10004868 <tu_fifo_write_n+0xe8>
10004854:	4642      	mov	r2, r8
10004856:	189a      	adds	r2, r3, r2
10004858:	b292      	uxth	r2, r2
1000485a:	1b17      	subs	r7, r2, r4
1000485c:	b2bf      	uxth	r7, r7
1000485e:	4693      	mov	fp, r2
10004860:	42bb      	cmp	r3, r7
10004862:	d93a      	bls.n	100048da <tu_fifo_write_n+0x15a>
10004864:	1a7f      	subs	r7, r7, r1
10004866:	b2bf      	uxth	r7, r7
10004868:	19e3      	adds	r3, r4, r7
1000486a:	b29b      	uxth	r3, r3
1000486c:	4646      	mov	r6, r8
1000486e:	469b      	mov	fp, r3
10004870:	46a0      	mov	r8, r4
10004872:	88e8      	ldrh	r0, [r5, #6]
10004874:	e7b6      	b.n	100047e4 <tu_fifo_write_n+0x64>
10004876:	2300      	movs	r3, #0
10004878:	4698      	mov	r8, r3
1000487a:	4640      	mov	r0, r8
1000487c:	b003      	add	sp, #12
1000487e:	bcf0      	pop	{r4, r5, r6, r7}
10004880:	46bb      	mov	fp, r7
10004882:	46b2      	mov	sl, r6
10004884:	46a9      	mov	r9, r5
10004886:	46a0      	mov	r8, r4
10004888:	bdf0      	pop	{r4, r5, r6, r7, pc}
1000488a:	1afb      	subs	r3, r7, r3
1000488c:	b29b      	uxth	r3, r3
1000488e:	e798      	b.n	100047c2 <tu_fifo_write_n+0x42>
10004890:	88e8      	ldrh	r0, [r5, #6]
10004892:	1aa2      	subs	r2, r4, r2
10004894:	0444      	lsls	r4, r0, #17
10004896:	0c64      	lsrs	r4, r4, #17
10004898:	4354      	muls	r4, r2
1000489a:	4642      	mov	r2, r8
1000489c:	44a1      	add	r9, r4
1000489e:	2a00      	cmp	r2, #0
100048a0:	d0c5      	beq.n	1000482e <tu_fifo_write_n+0xae>
100048a2:	4646      	mov	r6, r8
100048a4:	001f      	movs	r7, r3
100048a6:	e799      	b.n	100047dc <tu_fifo_write_n+0x5c>
100048a8:	4653      	mov	r3, sl
100048aa:	4359      	muls	r1, r3
100048ac:	b289      	uxth	r1, r1
100048ae:	000a      	movs	r2, r1
100048b0:	9101      	str	r1, [sp, #4]
100048b2:	4649      	mov	r1, r9
100048b4:	f7fd fad0 	bl	10001e58 <__wrap___aeabi_memcpy>
100048b8:	4643      	mov	r3, r8
100048ba:	1b9a      	subs	r2, r3, r6
100048bc:	4653      	mov	r3, sl
100048be:	18a2      	adds	r2, r4, r2
100048c0:	435a      	muls	r2, r3
100048c2:	9901      	ldr	r1, [sp, #4]
100048c4:	6828      	ldr	r0, [r5, #0]
100048c6:	b292      	uxth	r2, r2
100048c8:	4449      	add	r1, r9
100048ca:	f7fd fac5 	bl	10001e58 <__wrap___aeabi_memcpy>
100048ce:	e7a2      	b.n	10004816 <tu_fifo_write_n+0x96>
100048d0:	0051      	lsls	r1, r2, #1
100048d2:	1aca      	subs	r2, r1, r3
100048d4:	18ba      	adds	r2, r7, r2
100048d6:	b292      	uxth	r2, r2
100048d8:	e7b9      	b.n	1000484e <tu_fifo_write_n+0xce>
100048da:	42b9      	cmp	r1, r7
100048dc:	ddc2      	ble.n	10004864 <tu_fifo_write_n+0xe4>
100048de:	4646      	mov	r6, r8
100048e0:	88e8      	ldrh	r0, [r5, #6]
100048e2:	46a0      	mov	r8, r4
100048e4:	e77e      	b.n	100047e4 <tu_fifo_write_n+0x64>
100048e6:	46c0      	nop			; (mov r8, r8)

100048e8 <tu_fifo_clear>:
100048e8:	b510      	push	{r4, lr}
100048ea:	0004      	movs	r4, r0
100048ec:	68c0      	ldr	r0, [r0, #12]
100048ee:	2800      	cmp	r0, #0
100048f0:	d003      	beq.n	100048fa <tu_fifo_clear+0x12>
100048f2:	2101      	movs	r1, #1
100048f4:	4249      	negs	r1, r1
100048f6:	f000 f89b 	bl	10004a30 <__mutex_enter_timeout_ms_veneer>
100048fa:	6920      	ldr	r0, [r4, #16]
100048fc:	2800      	cmp	r0, #0
100048fe:	d003      	beq.n	10004908 <tu_fifo_clear+0x20>
10004900:	2101      	movs	r1, #1
10004902:	4249      	negs	r1, r1
10004904:	f000 f894 	bl	10004a30 <__mutex_enter_timeout_ms_veneer>
10004908:	2300      	movs	r3, #0
1000490a:	68e0      	ldr	r0, [r4, #12]
1000490c:	8163      	strh	r3, [r4, #10]
1000490e:	8123      	strh	r3, [r4, #8]
10004910:	2800      	cmp	r0, #0
10004912:	d001      	beq.n	10004918 <tu_fifo_clear+0x30>
10004914:	f000 f86c 	bl	100049f0 <__mutex_exit_veneer>
10004918:	6920      	ldr	r0, [r4, #16]
1000491a:	2800      	cmp	r0, #0
1000491c:	d001      	beq.n	10004922 <tu_fifo_clear+0x3a>
1000491e:	f000 f867 	bl	100049f0 <__mutex_exit_veneer>
10004922:	2001      	movs	r0, #1
10004924:	bd10      	pop	{r4, pc}
10004926:	46c0      	nop			; (mov r8, r8)

10004928 <tu_fifo_set_overwritable>:
10004928:	b570      	push	{r4, r5, r6, lr}
1000492a:	0004      	movs	r4, r0
1000492c:	68c0      	ldr	r0, [r0, #12]
1000492e:	000d      	movs	r5, r1
10004930:	2800      	cmp	r0, #0
10004932:	d003      	beq.n	1000493c <tu_fifo_set_overwritable+0x14>
10004934:	2101      	movs	r1, #1
10004936:	4249      	negs	r1, r1
10004938:	f000 f87a 	bl	10004a30 <__mutex_enter_timeout_ms_veneer>
1000493c:	6920      	ldr	r0, [r4, #16]
1000493e:	2800      	cmp	r0, #0
10004940:	d003      	beq.n	1000494a <tu_fifo_set_overwritable+0x22>
10004942:	2101      	movs	r1, #1
10004944:	4249      	negs	r1, r1
10004946:	f000 f873 	bl	10004a30 <__mutex_enter_timeout_ms_veneer>
1000494a:	217f      	movs	r1, #127	; 0x7f
1000494c:	79e3      	ldrb	r3, [r4, #7]
1000494e:	01ed      	lsls	r5, r5, #7
10004950:	4019      	ands	r1, r3
10004952:	68e0      	ldr	r0, [r4, #12]
10004954:	4329      	orrs	r1, r5
10004956:	71e1      	strb	r1, [r4, #7]
10004958:	2800      	cmp	r0, #0
1000495a:	d001      	beq.n	10004960 <tu_fifo_set_overwritable+0x38>
1000495c:	f000 f848 	bl	100049f0 <__mutex_exit_veneer>
10004960:	6920      	ldr	r0, [r4, #16]
10004962:	2800      	cmp	r0, #0
10004964:	d001      	beq.n	1000496a <tu_fifo_set_overwritable+0x42>
10004966:	f000 f843 	bl	100049f0 <__mutex_exit_veneer>
1000496a:	2001      	movs	r0, #1
1000496c:	bd70      	pop	{r4, r5, r6, pc}
1000496e:	46c0      	nop			; (mov r8, r8)

10004970 <strlen>:
10004970:	b510      	push	{r4, lr}
10004972:	0783      	lsls	r3, r0, #30
10004974:	d00a      	beq.n	1000498c <strlen+0x1c>
10004976:	0003      	movs	r3, r0
10004978:	2103      	movs	r1, #3
1000497a:	e002      	b.n	10004982 <strlen+0x12>
1000497c:	3301      	adds	r3, #1
1000497e:	420b      	tst	r3, r1
10004980:	d005      	beq.n	1000498e <strlen+0x1e>
10004982:	781a      	ldrb	r2, [r3, #0]
10004984:	2a00      	cmp	r2, #0
10004986:	d1f9      	bne.n	1000497c <strlen+0xc>
10004988:	1a18      	subs	r0, r3, r0
1000498a:	bd10      	pop	{r4, pc}
1000498c:	0003      	movs	r3, r0
1000498e:	6819      	ldr	r1, [r3, #0]
10004990:	4a0c      	ldr	r2, [pc, #48]	; (100049c4 <strlen+0x54>)
10004992:	4c0d      	ldr	r4, [pc, #52]	; (100049c8 <strlen+0x58>)
10004994:	188a      	adds	r2, r1, r2
10004996:	438a      	bics	r2, r1
10004998:	4222      	tst	r2, r4
1000499a:	d10f      	bne.n	100049bc <strlen+0x4c>
1000499c:	6859      	ldr	r1, [r3, #4]
1000499e:	4a09      	ldr	r2, [pc, #36]	; (100049c4 <strlen+0x54>)
100049a0:	3304      	adds	r3, #4
100049a2:	188a      	adds	r2, r1, r2
100049a4:	438a      	bics	r2, r1
100049a6:	4222      	tst	r2, r4
100049a8:	d108      	bne.n	100049bc <strlen+0x4c>
100049aa:	6859      	ldr	r1, [r3, #4]
100049ac:	4a05      	ldr	r2, [pc, #20]	; (100049c4 <strlen+0x54>)
100049ae:	3304      	adds	r3, #4
100049b0:	188a      	adds	r2, r1, r2
100049b2:	438a      	bics	r2, r1
100049b4:	4222      	tst	r2, r4
100049b6:	d0f1      	beq.n	1000499c <strlen+0x2c>
100049b8:	e000      	b.n	100049bc <strlen+0x4c>
100049ba:	3301      	adds	r3, #1
100049bc:	781a      	ldrb	r2, [r3, #0]
100049be:	2a00      	cmp	r2, #0
100049c0:	d1fb      	bne.n	100049ba <strlen+0x4a>
100049c2:	e7e1      	b.n	10004988 <strlen+0x18>
100049c4:	fefefeff 	.word	0xfefefeff
100049c8:	80808080 	.word	0x80808080

100049cc <_fini>:
100049cc:	b5f8      	push	{r3, r4, r5, r6, r7, lr}
100049ce:	46c0      	nop			; (mov r8, r8)

100049d0 <__e15_is_bulkin_ep_veneer>:
100049d0:	b401      	push	{r0}
100049d2:	4802      	ldr	r0, [pc, #8]	; (100049dc <__e15_is_bulkin_ep_veneer+0xc>)
100049d4:	4684      	mov	ip, r0
100049d6:	bc01      	pop	{r0}
100049d8:	4760      	bx	ip
100049da:	bf00      	nop
100049dc:	20000c49 	.word	0x20000c49

100049e0 <__flash_do_cmd_veneer>:
100049e0:	b401      	push	{r0}
100049e2:	4802      	ldr	r0, [pc, #8]	; (100049ec <__flash_do_cmd_veneer+0xc>)
100049e4:	4684      	mov	ip, r0
100049e6:	bc01      	pop	{r0}
100049e8:	4760      	bx	ip
100049ea:	bf00      	nop
100049ec:	20000321 	.word	0x20000321

100049f0 <__mutex_exit_veneer>:
100049f0:	b401      	push	{r0}
100049f2:	4802      	ldr	r0, [pc, #8]	; (100049fc <__mutex_exit_veneer+0xc>)
100049f4:	4684      	mov	ip, r0
100049f6:	bc01      	pop	{r0}
100049f8:	4760      	bx	ip
100049fa:	bf00      	nop
100049fc:	20000231 	.word	0x20000231

10004a00 <__reset_non_control_endpoints_veneer>:
10004a00:	b401      	push	{r0}
10004a02:	4802      	ldr	r0, [pc, #8]	; (10004a0c <__reset_non_control_endpoints_veneer+0xc>)
10004a04:	4684      	mov	ip, r0
10004a06:	bc01      	pop	{r0}
10004a08:	4760      	bx	ip
10004a0a:	bf00      	nop
10004a0c:	200003f5 	.word	0x200003f5

10004a10 <____aeabi_idiv0_veneer>:
10004a10:	b401      	push	{r0}
10004a12:	4802      	ldr	r0, [pc, #8]	; (10004a1c <____aeabi_idiv0_veneer+0xc>)
10004a14:	4684      	mov	ip, r0
10004a16:	bc01      	pop	{r0}
10004a18:	4760      	bx	ip
10004a1a:	bf00      	nop
10004a1c:	20000f9d 	.word	0x20000f9d

10004a20 <__mutex_try_enter_veneer>:
10004a20:	b401      	push	{r0}
10004a22:	4802      	ldr	r0, [pc, #8]	; (10004a2c <__mutex_try_enter_veneer+0xc>)
10004a24:	4684      	mov	ip, r0
10004a26:	bc01      	pop	{r0}
10004a28:	4760      	bx	ip
10004a2a:	bf00      	nop
10004a2c:	200000c1 	.word	0x200000c1

10004a30 <__mutex_enter_timeout_ms_veneer>:
10004a30:	b401      	push	{r0}
10004a32:	4802      	ldr	r0, [pc, #8]	; (10004a3c <__mutex_enter_timeout_ms_veneer+0xc>)
10004a34:	4684      	mov	ip, r0
10004a36:	bc01      	pop	{r0}
10004a38:	4760      	bx	ip
10004a3a:	bf00      	nop
10004a3c:	200001a1 	.word	0x200001a1

10004a40 <__e15_is_critical_frame_period_veneer>:
10004a40:	b401      	push	{r0}
10004a42:	4802      	ldr	r0, [pc, #8]	; (10004a4c <__e15_is_critical_frame_period_veneer+0xc>)
10004a44:	4684      	mov	ip, r0
10004a46:	bc01      	pop	{r0}
10004a48:	4760      	bx	ip
10004a4a:	bf00      	nop
10004a4c:	20000c71 	.word	0x20000c71

10004a50 <__mutex_try_enter_block_until_veneer>:
10004a50:	b401      	push	{r0}
10004a52:	4802      	ldr	r0, [pc, #8]	; (10004a5c <__mutex_try_enter_block_until_veneer+0xc>)
10004a54:	4684      	mov	ip, r0
10004a56:	bc01      	pop	{r0}
10004a58:	4760      	bx	ip
10004a5a:	bf00      	nop
10004a5c:	20000105 	.word	0x20000105

10004a60 <__hw_endpoint_start_next_buffer_veneer>:
10004a60:	b401      	push	{r0}
10004a62:	4802      	ldr	r0, [pc, #8]	; (10004a6c <__hw_endpoint_start_next_buffer_veneer+0xc>)
10004a64:	4684      	mov	ip, r0
10004a66:	bc01      	pop	{r0}
10004a68:	4760      	bx	ip
10004a6a:	bf00      	nop
10004a6c:	20000d01 	.word	0x20000d01

10004a70 <__hw_endpoint_reset_transfer_veneer>:
10004a70:	b401      	push	{r0}
10004a72:	4802      	ldr	r0, [pc, #8]	; (10004a7c <__hw_endpoint_reset_transfer_veneer+0xc>)
10004a74:	4684      	mov	ip, r0
10004a76:	bc01      	pop	{r0}
10004a78:	4760      	bx	ip
10004a7a:	bf00      	nop
10004a7c:	20000ca5 	.word	0x20000ca5

10004a80 <___hw_endpoint_buffer_control_update32_veneer>:
10004a80:	b401      	push	{r0}
10004a82:	4802      	ldr	r0, [pc, #8]	; (10004a8c <___hw_endpoint_buffer_control_update32_veneer+0xc>)
10004a84:	4684      	mov	ip, r0
10004a86:	bc01      	pop	{r0}
10004a88:	4760      	bx	ip
10004a8a:	bf00      	nop
10004a8c:	20000cb1 	.word	0x20000cb1

10004a90 <__pre_init_runtime_init_early_resets>:
10004a90:	10001a41                                A...

10004a94 <__pre_init_runtime_init_usb_power_down>:
10004a94:	10001a6d 10001c69 10001e3d 10001cd1     m...i...=.......
10004aa4:	10001de1                                ....

10004aa8 <__pre_init_runtime_init_clocks>:
10004aa8:	10001b91                                ....

10004aac <__pre_init_runtime_init_post_clock_resets>:
10004aac:	10001a89                                ....

10004ab0 <__pre_init_runtime_init_rp2040_gpio_ie_disable>:
10004ab0:	10001aa9                                ....

10004ab4 <__pre_init_runtime_init_spin_locks_reset>:
10004ab4:	10001abd                                ....

10004ab8 <__pre_init_runtime_init_mutex>:
10004ab8:	10000ac9                                ....

10004abc <__pre_init_runtime_init_install_ram_vector_table>:
10004abc:	10001ac5                                ....

10004ac0 <__pre_init_runtime_init_default_alarm_pool>:
10004ac0:	10000ea9                                ....

10004ac4 <__pre_init_first_per_core_initializer>:
10004ac4:	10001a09                                ....

10004ac8 <__pre_init_runtime_init_per_core_irq_priorities>:
10004ac8:	1000070d                                ....

10004acc <__init_array_start>:
10004acc:	10002759 	.word	0x10002759

10004ad0 <__frame_dummy_init_array_entry>:
10004ad0:	100002fd                                ....

Disassembly of section .data:

200000c0 <mutex_try_enter>:
200000c0:	0003      	movs	r3, r0
200000c2:	6800      	ldr	r0, [r0, #0]
200000c4:	f3ef 8c10 	mrs	ip, PRIMASK
200000c8:	b672      	cpsid	i
200000ca:	6802      	ldr	r2, [r0, #0]
200000cc:	2a00      	cmp	r2, #0
200000ce:	d0fc      	beq.n	200000ca <mutex_try_enter+0xa>
200000d0:	f3bf 8f5f 	dmb	sy
200000d4:	2204      	movs	r2, #4
200000d6:	569a      	ldrsb	r2, [r3, r2]
200000d8:	2a00      	cmp	r2, #0
200000da:	db0b      	blt.n	200000f4 <mutex_try_enter+0x34>
200000dc:	2900      	cmp	r1, #0
200000de:	d00f      	beq.n	20000100 <mutex_try_enter+0x40>
200000e0:	2000      	movs	r0, #0
200000e2:	600a      	str	r2, [r1, #0]
200000e4:	681b      	ldr	r3, [r3, #0]
200000e6:	f3bf 8f5f 	dmb	sy
200000ea:	2200      	movs	r2, #0
200000ec:	601a      	str	r2, [r3, #0]
200000ee:	f38c 8810 	msr	PRIMASK, ip
200000f2:	4770      	bx	lr
200000f4:	22d0      	movs	r2, #208	; 0xd0
200000f6:	0612      	lsls	r2, r2, #24
200000f8:	6812      	ldr	r2, [r2, #0]
200000fa:	2001      	movs	r0, #1
200000fc:	711a      	strb	r2, [r3, #4]
200000fe:	e7f1      	b.n	200000e4 <mutex_try_enter+0x24>
20000100:	2000      	movs	r0, #0
20000102:	e7ef      	b.n	200000e4 <mutex_try_enter+0x24>

20000104 <mutex_try_enter_block_until>:
20000104:	b5f0      	push	{r4, r5, r6, r7, lr}
20000106:	46c6      	mov	lr, r8
20000108:	0015      	movs	r5, r2
2000010a:	b500      	push	{lr}
2000010c:	0004      	movs	r4, r0
2000010e:	001e      	movs	r6, r3
20000110:	6802      	ldr	r2, [r0, #0]
20000112:	f3ef 8110 	mrs	r1, PRIMASK
20000116:	b672      	cpsid	i
20000118:	6813      	ldr	r3, [r2, #0]
2000011a:	2b00      	cmp	r3, #0
2000011c:	d0fc      	beq.n	20000118 <mutex_try_enter_block_until+0x14>
2000011e:	f3bf 8f5f 	dmb	sy
20000122:	2304      	movs	r3, #4
20000124:	56e3      	ldrsb	r3, [r4, r3]
20000126:	2b00      	cmp	r3, #0
20000128:	db2d      	blt.n	20000186 <mutex_try_enter_block_until+0x82>
2000012a:	6822      	ldr	r2, [r4, #0]
2000012c:	f3bf 8f5f 	dmb	sy
20000130:	2000      	movs	r0, #0
20000132:	6010      	str	r0, [r2, #0]
20000134:	f381 8810 	msr	PRIMASK, r1
20000138:	22d0      	movs	r2, #208	; 0xd0
2000013a:	0612      	lsls	r2, r2, #24
2000013c:	7812      	ldrb	r2, [r2, #0]
2000013e:	b252      	sxtb	r2, r2
20000140:	4690      	mov	r8, r2
20000142:	429a      	cmp	r2, r3
20000144:	d103      	bne.n	2000014e <mutex_try_enter_block_until+0x4a>
20000146:	2000      	movs	r0, #0
20000148:	bc80      	pop	{r7}
2000014a:	46b8      	mov	r8, r7
2000014c:	bdf0      	pop	{r4, r5, r6, r7, pc}
2000014e:	2700      	movs	r7, #0
20000150:	e00b      	b.n	2000016a <mutex_try_enter_block_until+0x66>
20000152:	6823      	ldr	r3, [r4, #0]
20000154:	f3bf 8f5f 	dmb	sy
20000158:	601f      	str	r7, [r3, #0]
2000015a:	f381 8810 	msr	PRIMASK, r1
2000015e:	0028      	movs	r0, r5
20000160:	0031      	movs	r1, r6
20000162:	f000 ff55 	bl	20001010 <__best_effort_wfe_or_timeout_veneer>
20000166:	2800      	cmp	r0, #0
20000168:	d1ed      	bne.n	20000146 <mutex_try_enter_block_until+0x42>
2000016a:	6822      	ldr	r2, [r4, #0]
2000016c:	f3ef 8110 	mrs	r1, PRIMASK
20000170:	b672      	cpsid	i
20000172:	6813      	ldr	r3, [r2, #0]
20000174:	2b00      	cmp	r3, #0
20000176:	d0fc      	beq.n	20000172 <mutex_try_enter_block_until+0x6e>
20000178:	f3bf 8f5f 	dmb	sy
2000017c:	7923      	ldrb	r3, [r4, #4]
2000017e:	2b7f      	cmp	r3, #127	; 0x7f
20000180:	d9e7      	bls.n	20000152 <mutex_try_enter_block_until+0x4e>
20000182:	4643      	mov	r3, r8
20000184:	e002      	b.n	2000018c <mutex_try_enter_block_until+0x88>
20000186:	23d0      	movs	r3, #208	; 0xd0
20000188:	061b      	lsls	r3, r3, #24
2000018a:	681b      	ldr	r3, [r3, #0]
2000018c:	7123      	strb	r3, [r4, #4]
2000018e:	6823      	ldr	r3, [r4, #0]
20000190:	f3bf 8f5f 	dmb	sy
20000194:	2200      	movs	r2, #0
20000196:	601a      	str	r2, [r3, #0]
20000198:	f381 8810 	msr	PRIMASK, r1
2000019c:	2001      	movs	r0, #1
2000019e:	e7d3      	b.n	20000148 <mutex_try_enter_block_until+0x44>

200001a0 <mutex_enter_timeout_ms>:
200001a0:	b5f0      	push	{r4, r5, r6, r7, lr}
200001a2:	46c6      	mov	lr, r8
200001a4:	b500      	push	{lr}
200001a6:	000d      	movs	r5, r1
200001a8:	0004      	movs	r4, r0
200001aa:	f000 ff09 	bl	20000fc0 <__time_us_64_veneer>
200001ae:	22fa      	movs	r2, #250	; 0xfa
200001b0:	0006      	movs	r6, r0
200001b2:	000f      	movs	r7, r1
200001b4:	2300      	movs	r3, #0
200001b6:	0028      	movs	r0, r5
200001b8:	2100      	movs	r1, #0
200001ba:	0092      	lsls	r2, r2, #2
200001bc:	f000 ff08 	bl	20000fd0 <____wrap___aeabi_lmul_veneer>
200001c0:	1836      	adds	r6, r6, r0
200001c2:	414f      	adcs	r7, r1
200001c4:	2f00      	cmp	r7, #0
200001c6:	db2c      	blt.n	20000222 <mutex_enter_timeout_ms+0x82>
200001c8:	23d0      	movs	r3, #208	; 0xd0
200001ca:	061b      	lsls	r3, r3, #24
200001cc:	681b      	ldr	r3, [r3, #0]
200001ce:	2500      	movs	r5, #0
200001d0:	4698      	mov	r8, r3
200001d2:	e00b      	b.n	200001ec <mutex_enter_timeout_ms+0x4c>
200001d4:	6823      	ldr	r3, [r4, #0]
200001d6:	f3bf 8f5f 	dmb	sy
200001da:	601d      	str	r5, [r3, #0]
200001dc:	f381 8810 	msr	PRIMASK, r1
200001e0:	0030      	movs	r0, r6
200001e2:	0039      	movs	r1, r7
200001e4:	f000 ff14 	bl	20001010 <__best_effort_wfe_or_timeout_veneer>
200001e8:	2800      	cmp	r0, #0
200001ea:	d118      	bne.n	2000021e <mutex_enter_timeout_ms+0x7e>
200001ec:	6822      	ldr	r2, [r4, #0]
200001ee:	f3ef 8110 	mrs	r1, PRIMASK
200001f2:	b672      	cpsid	i
200001f4:	6813      	ldr	r3, [r2, #0]
200001f6:	2b00      	cmp	r3, #0
200001f8:	d0fc      	beq.n	200001f4 <mutex_enter_timeout_ms+0x54>
200001fa:	f3bf 8f5f 	dmb	sy
200001fe:	7923      	ldrb	r3, [r4, #4]
20000200:	2b7f      	cmp	r3, #127	; 0x7f
20000202:	d9e7      	bls.n	200001d4 <mutex_enter_timeout_ms+0x34>
20000204:	4643      	mov	r3, r8
20000206:	7123      	strb	r3, [r4, #4]
20000208:	6823      	ldr	r3, [r4, #0]
2000020a:	f3bf 8f5f 	dmb	sy
2000020e:	2200      	movs	r2, #0
20000210:	601a      	str	r2, [r3, #0]
20000212:	f381 8810 	msr	PRIMASK, r1
20000216:	2001      	movs	r0, #1
20000218:	bc80      	pop	{r7}
2000021a:	46b8      	mov	r8, r7
2000021c:	bdf0      	pop	{r4, r5, r6, r7, pc}
2000021e:	2000      	movs	r0, #0
20000220:	e7fa      	b.n	20000218 <mutex_enter_timeout_ms+0x78>
20000222:	2601      	movs	r6, #1
20000224:	4f01      	ldr	r7, [pc, #4]	; (2000022c <mutex_enter_timeout_ms+0x8c>)
20000226:	4276      	negs	r6, r6
20000228:	e7ce      	b.n	200001c8 <mutex_enter_timeout_ms+0x28>
2000022a:	46c0      	nop			; (mov r8, r8)
2000022c:	7fffffff 	.word	0x7fffffff

20000230 <mutex_exit>:
20000230:	6802      	ldr	r2, [r0, #0]
20000232:	f3ef 8110 	mrs	r1, PRIMASK
20000236:	b672      	cpsid	i
20000238:	6813      	ldr	r3, [r2, #0]
2000023a:	2b00      	cmp	r3, #0
2000023c:	d0fc      	beq.n	20000238 <mutex_exit+0x8>
2000023e:	f3bf 8f5f 	dmb	sy
20000242:	23ff      	movs	r3, #255	; 0xff
20000244:	7103      	strb	r3, [r0, #4]
20000246:	6803      	ldr	r3, [r0, #0]
20000248:	f3bf 8f5f 	dmb	sy
2000024c:	2200      	movs	r2, #0
2000024e:	601a      	str	r2, [r3, #0]
20000250:	f381 8810 	msr	PRIMASK, r1
20000254:	bf40      	sev
20000256:	4770      	bx	lr

20000258 <flash_init_boot2_copyout>:
20000258:	b510      	push	{r4, lr}
2000025a:	4c08      	ldr	r4, [pc, #32]	; (2000027c <flash_init_boot2_copyout+0x24>)
2000025c:	7823      	ldrb	r3, [r4, #0]
2000025e:	2b00      	cmp	r3, #0
20000260:	d10a      	bne.n	20000278 <flash_init_boot2_copyout+0x20>
20000262:	2380      	movs	r3, #128	; 0x80
20000264:	4806      	ldr	r0, [pc, #24]	; (20000280 <flash_init_boot2_copyout+0x28>)
20000266:	4907      	ldr	r1, [pc, #28]	; (20000284 <flash_init_boot2_copyout+0x2c>)
20000268:	055b      	lsls	r3, r3, #21
2000026a:	681a      	ldr	r2, [r3, #0]
2000026c:	50c2      	str	r2, [r0, r3]
2000026e:	3304      	adds	r3, #4
20000270:	428b      	cmp	r3, r1
20000272:	d1fa      	bne.n	2000026a <flash_init_boot2_copyout+0x12>
20000274:	2301      	movs	r3, #1
20000276:	7023      	strb	r3, [r4, #0]
20000278:	bd10      	pop	{r4, pc}
2000027a:	46c0      	nop			; (mov r8, r8)
2000027c:	20001fec 	.word	0x20001fec
20000280:	1000192c 	.word	0x1000192c
20000284:	10000100 	.word	0x10000100

20000288 <flash_enable_xip_via_boot2>:
20000288:	b510      	push	{r4, lr}
2000028a:	4b02      	ldr	r3, [pc, #8]	; (20000294 <flash_enable_xip_via_boot2+0xc>)
2000028c:	3301      	adds	r3, #1
2000028e:	4798      	blx	r3
20000290:	bd10      	pop	{r4, pc}
20000292:	46c0      	nop			; (mov r8, r8)
20000294:	2000192c 	.word	0x2000192c

20000298 <flash_save_hardware_state>:
20000298:	4b07      	ldr	r3, [pc, #28]	; (200002b8 <flash_save_hardware_state+0x20>)
2000029a:	685b      	ldr	r3, [r3, #4]
2000029c:	6003      	str	r3, [r0, #0]
2000029e:	4b07      	ldr	r3, [pc, #28]	; (200002bc <flash_save_hardware_state+0x24>)
200002a0:	685a      	ldr	r2, [r3, #4]
200002a2:	6042      	str	r2, [r0, #4]
200002a4:	689a      	ldr	r2, [r3, #8]
200002a6:	6082      	str	r2, [r0, #8]
200002a8:	68da      	ldr	r2, [r3, #12]
200002aa:	60c2      	str	r2, [r0, #12]
200002ac:	691a      	ldr	r2, [r3, #16]
200002ae:	695b      	ldr	r3, [r3, #20]
200002b0:	6102      	str	r2, [r0, #16]
200002b2:	6143      	str	r3, [r0, #20]
200002b4:	4770      	bx	lr
200002b6:	46c0      	nop			; (mov r8, r8)
200002b8:	40020000 	.word	0x40020000
200002bc:	40020004 	.word	0x40020004

200002c0 <flash_restore_hardware_state>:
200002c0:	6802      	ldr	r2, [r0, #0]
200002c2:	4b07      	ldr	r3, [pc, #28]	; (200002e0 <flash_restore_hardware_state+0x20>)
200002c4:	605a      	str	r2, [r3, #4]
200002c6:	6842      	ldr	r2, [r0, #4]
200002c8:	4b06      	ldr	r3, [pc, #24]	; (200002e4 <flash_restore_hardware_state+0x24>)
200002ca:	605a      	str	r2, [r3, #4]
200002cc:	6882      	ldr	r2, [r0, #8]
200002ce:	609a      	str	r2, [r3, #8]
200002d0:	68c2      	ldr	r2, [r0, #12]
200002d2:	60da      	str	r2, [r3, #12]
200002d4:	6902      	ldr	r2, [r0, #16]
200002d6:	611a      	str	r2, [r3, #16]
200002d8:	6942      	ldr	r2, [r0, #20]
200002da:	615a      	str	r2, [r3, #20]
200002dc:	4770      	bx	lr
200002de:	46c0      	nop			; (mov r8, r8)
200002e0:	40020000 	.word	0x40020000
200002e4:	40020004 	.word	0x40020004

200002e8 <flash_cs_force.constprop.0>:
200002e8:	4b03      	ldr	r3, [pc, #12]	; (200002f8 <flash_cs_force.constprop.0+0x10>)
200002ea:	681a      	ldr	r2, [r3, #0]
200002ec:	23c0      	movs	r3, #192	; 0xc0
200002ee:	009b      	lsls	r3, r3, #2
200002f0:	4393      	bics	r3, r2
200002f2:	4a02      	ldr	r2, [pc, #8]	; (200002fc <flash_cs_force.constprop.0+0x14>)
200002f4:	6013      	str	r3, [r2, #0]
200002f6:	4770      	bx	lr
200002f8:	4001800c 	.word	0x4001800c
200002fc:	4001900c 	.word	0x4001900c

20000300 <flash_cs_force.constprop.1>:
20000300:	4b05      	ldr	r3, [pc, #20]	; (20000318 <flash_cs_force.constprop.1+0x18>)
20000302:	681a      	ldr	r2, [r3, #0]
20000304:	2380      	movs	r3, #128	; 0x80
20000306:	009b      	lsls	r3, r3, #2
20000308:	4053      	eors	r3, r2
2000030a:	22c0      	movs	r2, #192	; 0xc0
2000030c:	0092      	lsls	r2, r2, #2
2000030e:	4013      	ands	r3, r2
20000310:	4a02      	ldr	r2, [pc, #8]	; (2000031c <flash_cs_force.constprop.1+0x1c>)
20000312:	6013      	str	r3, [r2, #0]
20000314:	4770      	bx	lr
20000316:	46c0      	nop			; (mov r8, r8)
20000318:	4001800c 	.word	0x4001800c
2000031c:	4001900c 	.word	0x4001900c

20000320 <flash_do_cmd>:
20000320:	2314      	movs	r3, #20
20000322:	b5f0      	push	{r4, r5, r6, r7, lr}
20000324:	46d6      	mov	lr, sl
20000326:	464f      	mov	r7, r9
20000328:	4646      	mov	r6, r8
2000032a:	469a      	mov	sl, r3
2000032c:	b5c0      	push	{r6, r7, lr}
2000032e:	4681      	mov	r9, r0
20000330:	8818      	ldrh	r0, [r3, #0]
20000332:	3304      	adds	r3, #4
20000334:	b086      	sub	sp, #24
20000336:	4698      	mov	r8, r3
20000338:	000e      	movs	r6, r1
2000033a:	881b      	ldrh	r3, [r3, #0]
2000033c:	492a      	ldr	r1, [pc, #168]	; (200003e8 <flash_do_cmd+0xc8>)
2000033e:	0014      	movs	r4, r2
20000340:	4798      	blx	r3
20000342:	4653      	mov	r3, sl
20000344:	0007      	movs	r7, r0
20000346:	8818      	ldrh	r0, [r3, #0]
20000348:	4643      	mov	r3, r8
2000034a:	4928      	ldr	r1, [pc, #160]	; (200003ec <flash_do_cmd+0xcc>)
2000034c:	881b      	ldrh	r3, [r3, #0]
2000034e:	4798      	blx	r3
20000350:	4653      	mov	r3, sl
20000352:	0005      	movs	r5, r0
20000354:	8818      	ldrh	r0, [r3, #0]
20000356:	4643      	mov	r3, r8
20000358:	4925      	ldr	r1, [pc, #148]	; (200003f0 <flash_do_cmd+0xd0>)
2000035a:	881b      	ldrh	r3, [r3, #0]
2000035c:	4798      	blx	r3
2000035e:	4680      	mov	r8, r0
20000360:	f7ff ff7a 	bl	20000258 <flash_init_boot2_copyout>
20000364:	4668      	mov	r0, sp
20000366:	f7ff ff97 	bl	20000298 <flash_save_hardware_state>
2000036a:	47b8      	blx	r7
2000036c:	47a8      	blx	r5
2000036e:	f7ff ffc7 	bl	20000300 <flash_cs_force.constprop.1>
20000372:	2c00      	cmp	r4, #0
20000374:	d01b      	beq.n	200003ae <flash_do_cmd+0x8e>
20000376:	21c0      	movs	r1, #192	; 0xc0
20000378:	0022      	movs	r2, r4
2000037a:	2708      	movs	r7, #8
2000037c:	2002      	movs	r0, #2
2000037e:	0549      	lsls	r1, r1, #21
20000380:	003d      	movs	r5, r7
20000382:	6a8b      	ldr	r3, [r1, #40]	; 0x28
20000384:	401d      	ands	r5, r3
20000386:	4218      	tst	r0, r3
20000388:	d00b      	beq.n	200003a2 <flash_do_cmd+0x82>
2000038a:	2c00      	cmp	r4, #0
2000038c:	d009      	beq.n	200003a2 <flash_do_cmd+0x82>
2000038e:	1b13      	subs	r3, r2, r4
20000390:	2b0d      	cmp	r3, #13
20000392:	d823      	bhi.n	200003dc <flash_do_cmd+0xbc>
20000394:	464b      	mov	r3, r9
20000396:	781b      	ldrb	r3, [r3, #0]
20000398:	3c01      	subs	r4, #1
2000039a:	660b      	str	r3, [r1, #96]	; 0x60
2000039c:	2301      	movs	r3, #1
2000039e:	469c      	mov	ip, r3
200003a0:	44e1      	add	r9, ip
200003a2:	0023      	movs	r3, r4
200003a4:	2d00      	cmp	r5, #0
200003a6:	d110      	bne.n	200003ca <flash_do_cmd+0xaa>
200003a8:	4313      	orrs	r3, r2
200003aa:	2b00      	cmp	r3, #0
200003ac:	d1e8      	bne.n	20000380 <flash_do_cmd+0x60>
200003ae:	f7ff ff9b 	bl	200002e8 <flash_cs_force.constprop.0>
200003b2:	47c0      	blx	r8
200003b4:	f7ff ff68 	bl	20000288 <flash_enable_xip_via_boot2>
200003b8:	4668      	mov	r0, sp
200003ba:	f7ff ff81 	bl	200002c0 <flash_restore_hardware_state>
200003be:	b006      	add	sp, #24
200003c0:	bce0      	pop	{r5, r6, r7}
200003c2:	46ba      	mov	sl, r7
200003c4:	46b1      	mov	r9, r6
200003c6:	46a8      	mov	r8, r5
200003c8:	bdf0      	pop	{r4, r5, r6, r7, pc}
200003ca:	2a00      	cmp	r2, #0
200003cc:	d0ed      	beq.n	200003aa <flash_do_cmd+0x8a>
200003ce:	6e0b      	ldr	r3, [r1, #96]	; 0x60
200003d0:	3a01      	subs	r2, #1
200003d2:	7033      	strb	r3, [r6, #0]
200003d4:	0013      	movs	r3, r2
200003d6:	3601      	adds	r6, #1
200003d8:	4323      	orrs	r3, r4
200003da:	e7e6      	b.n	200003aa <flash_do_cmd+0x8a>
200003dc:	2d00      	cmp	r5, #0
200003de:	d0cf      	beq.n	20000380 <flash_do_cmd+0x60>
200003e0:	2a00      	cmp	r2, #0
200003e2:	d0cd      	beq.n	20000380 <flash_do_cmd+0x60>
200003e4:	e7f3      	b.n	200003ce <flash_do_cmd+0xae>
200003e6:	46c0      	nop			; (mov r8, r8)
200003e8:	00004649 	.word	0x00004649
200003ec:	00005845 	.word	0x00005845
200003f0:	00004346 	.word	0x00004346

200003f4 <reset_non_control_endpoints>:
200003f4:	2300      	movs	r3, #0
200003f6:	4a1c      	ldr	r2, [pc, #112]	; (20000468 <reset_non_control_endpoints+0x74>)
200003f8:	b510      	push	{r4, lr}
200003fa:	6093      	str	r3, [r2, #8]
200003fc:	60d3      	str	r3, [r2, #12]
200003fe:	4a1b      	ldr	r2, [pc, #108]	; (2000046c <reset_non_control_endpoints+0x78>)
20000400:	2100      	movs	r1, #0
20000402:	6093      	str	r3, [r2, #8]
20000404:	60d3      	str	r3, [r2, #12]
20000406:	4a1a      	ldr	r2, [pc, #104]	; (20000470 <reset_non_control_endpoints+0x7c>)
20000408:	481a      	ldr	r0, [pc, #104]	; (20000474 <reset_non_control_endpoints+0x80>)
2000040a:	6093      	str	r3, [r2, #8]
2000040c:	60d3      	str	r3, [r2, #12]
2000040e:	4a1a      	ldr	r2, [pc, #104]	; (20000478 <reset_non_control_endpoints+0x84>)
20000410:	6093      	str	r3, [r2, #8]
20000412:	60d3      	str	r3, [r2, #12]
20000414:	4a19      	ldr	r2, [pc, #100]	; (2000047c <reset_non_control_endpoints+0x88>)
20000416:	6093      	str	r3, [r2, #8]
20000418:	60d3      	str	r3, [r2, #12]
2000041a:	4a19      	ldr	r2, [pc, #100]	; (20000480 <reset_non_control_endpoints+0x8c>)
2000041c:	6093      	str	r3, [r2, #8]
2000041e:	60d3      	str	r3, [r2, #12]
20000420:	4a18      	ldr	r2, [pc, #96]	; (20000484 <reset_non_control_endpoints+0x90>)
20000422:	6093      	str	r3, [r2, #8]
20000424:	60d3      	str	r3, [r2, #12]
20000426:	4a18      	ldr	r2, [pc, #96]	; (20000488 <reset_non_control_endpoints+0x94>)
20000428:	6093      	str	r3, [r2, #8]
2000042a:	60d3      	str	r3, [r2, #12]
2000042c:	4a17      	ldr	r2, [pc, #92]	; (2000048c <reset_non_control_endpoints+0x98>)
2000042e:	6093      	str	r3, [r2, #8]
20000430:	60d3      	str	r3, [r2, #12]
20000432:	4a17      	ldr	r2, [pc, #92]	; (20000490 <reset_non_control_endpoints+0x9c>)
20000434:	6093      	str	r3, [r2, #8]
20000436:	60d3      	str	r3, [r2, #12]
20000438:	4a16      	ldr	r2, [pc, #88]	; (20000494 <reset_non_control_endpoints+0xa0>)
2000043a:	6093      	str	r3, [r2, #8]
2000043c:	60d3      	str	r3, [r2, #12]
2000043e:	4a16      	ldr	r2, [pc, #88]	; (20000498 <reset_non_control_endpoints+0xa4>)
20000440:	6093      	str	r3, [r2, #8]
20000442:	60d3      	str	r3, [r2, #12]
20000444:	4a15      	ldr	r2, [pc, #84]	; (2000049c <reset_non_control_endpoints+0xa8>)
20000446:	6093      	str	r3, [r2, #8]
20000448:	60d3      	str	r3, [r2, #12]
2000044a:	4a15      	ldr	r2, [pc, #84]	; (200004a0 <reset_non_control_endpoints+0xac>)
2000044c:	6093      	str	r3, [r2, #8]
2000044e:	60d3      	str	r3, [r2, #12]
20000450:	4a14      	ldr	r2, [pc, #80]	; (200004a4 <reset_non_control_endpoints+0xb0>)
20000452:	6093      	str	r3, [r2, #8]
20000454:	60d3      	str	r3, [r2, #12]
20000456:	22f0      	movs	r2, #240	; 0xf0
20000458:	0092      	lsls	r2, r2, #2
2000045a:	f000 fdc9 	bl	20000ff0 <____wrap_memset_veneer>
2000045e:	4b12      	ldr	r3, [pc, #72]	; (200004a8 <reset_non_control_endpoints+0xb4>)
20000460:	4a12      	ldr	r2, [pc, #72]	; (200004ac <reset_non_control_endpoints+0xb8>)
20000462:	601a      	str	r2, [r3, #0]
20000464:	bd10      	pop	{r4, pc}
20000466:	46c0      	nop			; (mov r8, r8)
20000468:	50100000 	.word	0x50100000
2000046c:	50100008 	.word	0x50100008
20000470:	50100010 	.word	0x50100010
20000474:	20001ad8 	.word	0x20001ad8
20000478:	50100018 	.word	0x50100018
2000047c:	50100020 	.word	0x50100020
20000480:	50100028 	.word	0x50100028
20000484:	50100030 	.word	0x50100030
20000488:	50100038 	.word	0x50100038
2000048c:	50100040 	.word	0x50100040
20000490:	50100048 	.word	0x50100048
20000494:	50100050 	.word	0x50100050
20000498:	50100058 	.word	0x50100058
2000049c:	50100060 	.word	0x50100060
200004a0:	50100068 	.word	0x50100068
200004a4:	50100070 	.word	0x50100070
200004a8:	20001ea0 	.word	0x20001ea0
200004ac:	50100180 	.word	0x50100180

200004b0 <hw_handle_buff_status>:
200004b0:	b5f0      	push	{r4, r5, r6, r7, lr}
200004b2:	464f      	mov	r7, r9
200004b4:	46d6      	mov	lr, sl
200004b6:	4646      	mov	r6, r8
200004b8:	b5c0      	push	{r6, r7, lr}
200004ba:	4b20      	ldr	r3, [pc, #128]	; (2000053c <hw_handle_buff_status+0x8c>)
200004bc:	b084      	sub	sp, #16
200004be:	6d9f      	ldr	r7, [r3, #88]	; 0x58
200004c0:	2f00      	cmp	r7, #0
200004c2:	d023      	beq.n	2000050c <hw_handle_buff_status+0x5c>
200004c4:	4b1e      	ldr	r3, [pc, #120]	; (20000540 <hw_handle_buff_status+0x90>)
200004c6:	2400      	movs	r4, #0
200004c8:	469a      	mov	sl, r3
200004ca:	2301      	movs	r3, #1
200004cc:	4699      	mov	r9, r3
200004ce:	4b1d      	ldr	r3, [pc, #116]	; (20000544 <hw_handle_buff_status+0x94>)
200004d0:	2601      	movs	r6, #1
200004d2:	4698      	mov	r8, r3
200004d4:	e004      	b.n	200004e0 <hw_handle_buff_status+0x30>
200004d6:	3401      	adds	r4, #1
200004d8:	0076      	lsls	r6, r6, #1
200004da:	b2e4      	uxtb	r4, r4
200004dc:	2c20      	cmp	r4, #32
200004de:	d015      	beq.n	2000050c <hw_handle_buff_status+0x5c>
200004e0:	423e      	tst	r6, r7
200004e2:	d0f8      	beq.n	200004d6 <hw_handle_buff_status+0x26>
200004e4:	4653      	mov	r3, sl
200004e6:	659e      	str	r6, [r3, #88]	; 0x58
200004e8:	464b      	mov	r3, r9
200004ea:	0865      	lsrs	r5, r4, #1
200004ec:	006d      	lsls	r5, r5, #1
200004ee:	43a3      	bics	r3, r4
200004f0:	18ed      	adds	r5, r5, r3
200004f2:	016d      	lsls	r5, r5, #5
200004f4:	4445      	add	r5, r8
200004f6:	0028      	movs	r0, r5
200004f8:	f000 fc38 	bl	20000d6c <hw_endpoint_xfer_continue>
200004fc:	2800      	cmp	r0, #0
200004fe:	d10b      	bne.n	20000518 <hw_handle_buff_status+0x68>
20000500:	3401      	adds	r4, #1
20000502:	43b7      	bics	r7, r6
20000504:	b2e4      	uxtb	r4, r4
20000506:	0076      	lsls	r6, r6, #1
20000508:	2f00      	cmp	r7, #0
2000050a:	d1e7      	bne.n	200004dc <hw_handle_buff_status+0x2c>
2000050c:	b004      	add	sp, #16
2000050e:	bce0      	pop	{r5, r6, r7}
20000510:	46ba      	mov	sl, r7
20000512:	46b1      	mov	r9, r6
20000514:	46a8      	mov	r8, r5
20000516:	bdf0      	pop	{r4, r5, r6, r7, pc}
20000518:	8aeb      	ldrh	r3, [r5, #22]
2000051a:	21e0      	movs	r1, #224	; 0xe0
2000051c:	9303      	str	r3, [sp, #12]
2000051e:	2300      	movs	r3, #0
20000520:	a801      	add	r0, sp, #4
20000522:	78aa      	ldrb	r2, [r5, #2]
20000524:	00c9      	lsls	r1, r1, #3
20000526:	8001      	strh	r1, [r0, #0]
20000528:	2101      	movs	r1, #1
2000052a:	7102      	strb	r2, [r0, #4]
2000052c:	7143      	strb	r3, [r0, #5]
2000052e:	f000 fc3d 	bl	20000dac <dcd_event_handler>
20000532:	0028      	movs	r0, r5
20000534:	f000 fbb6 	bl	20000ca4 <hw_endpoint_reset_transfer>
20000538:	e7e2      	b.n	20000500 <hw_handle_buff_status+0x50>
2000053a:	46c0      	nop			; (mov r8, r8)
2000053c:	50110000 	.word	0x50110000
20000540:	50113000 	.word	0x50113000
20000544:	20001a98 	.word	0x20001a98

20000548 <dcd_rp2040_irq>:
20000548:	2398      	movs	r3, #152	; 0x98
2000054a:	b5f0      	push	{r4, r5, r6, r7, lr}
2000054c:	4646      	mov	r6, r8
2000054e:	46d6      	mov	lr, sl
20000550:	464f      	mov	r7, r9
20000552:	4acd      	ldr	r2, [pc, #820]	; (20000888 <dcd_rp2040_irq+0x340>)
20000554:	b5c0      	push	{r6, r7, lr}
20000556:	58d5      	ldr	r5, [r2, r3]
20000558:	2380      	movs	r3, #128	; 0x80
2000055a:	002c      	movs	r4, r5
2000055c:	029b      	lsls	r3, r3, #10
2000055e:	2610      	movs	r6, #16
20000560:	b084      	sub	sp, #16
20000562:	401c      	ands	r4, r3
20000564:	421d      	tst	r5, r3
20000566:	d073      	beq.n	20000650 <dcd_rp2040_irq+0x108>
20000568:	4bc8      	ldr	r3, [pc, #800]	; (2000088c <dcd_rp2040_irq+0x344>)
2000056a:	4cc9      	ldr	r4, [pc, #804]	; (20000890 <dcd_rp2040_irq+0x348>)
2000056c:	6a9a      	ldr	r2, [r3, #40]	; 0x28
2000056e:	4bc9      	ldr	r3, [pc, #804]	; (20000894 <dcd_rp2040_irq+0x34c>)
20000570:	2600      	movs	r6, #0
20000572:	601a      	str	r2, [r3, #0]
20000574:	233b      	movs	r3, #59	; 0x3b
20000576:	5ce3      	ldrb	r3, [r4, r3]
20000578:	2b02      	cmp	r3, #2
2000057a:	d100      	bne.n	2000057e <dcd_rp2040_irq+0x36>
2000057c:	e0fe      	b.n	2000077c <dcd_rp2040_irq+0x234>
2000057e:	237b      	movs	r3, #123	; 0x7b
20000580:	5ce3      	ldrb	r3, [r4, r3]
20000582:	2b02      	cmp	r3, #2
20000584:	d100      	bne.n	20000588 <dcd_rp2040_irq+0x40>
20000586:	e11c      	b.n	200007c2 <dcd_rp2040_irq+0x27a>
20000588:	23bb      	movs	r3, #187	; 0xbb
2000058a:	5ce3      	ldrb	r3, [r4, r3]
2000058c:	2b02      	cmp	r3, #2
2000058e:	d100      	bne.n	20000592 <dcd_rp2040_irq+0x4a>
20000590:	e105      	b.n	2000079e <dcd_rp2040_irq+0x256>
20000592:	23fb      	movs	r3, #251	; 0xfb
20000594:	5ce3      	ldrb	r3, [r4, r3]
20000596:	2b02      	cmp	r3, #2
20000598:	d100      	bne.n	2000059c <dcd_rp2040_irq+0x54>
2000059a:	e163      	b.n	20000864 <dcd_rp2040_irq+0x31c>
2000059c:	233c      	movs	r3, #60	; 0x3c
2000059e:	33ff      	adds	r3, #255	; 0xff
200005a0:	5ce3      	ldrb	r3, [r4, r3]
200005a2:	2b02      	cmp	r3, #2
200005a4:	d100      	bne.n	200005a8 <dcd_rp2040_irq+0x60>
200005a6:	e148      	b.n	2000083a <dcd_rp2040_irq+0x2f2>
200005a8:	237c      	movs	r3, #124	; 0x7c
200005aa:	33ff      	adds	r3, #255	; 0xff
200005ac:	5ce3      	ldrb	r3, [r4, r3]
200005ae:	2b02      	cmp	r3, #2
200005b0:	d100      	bne.n	200005b4 <dcd_rp2040_irq+0x6c>
200005b2:	e12d      	b.n	20000810 <dcd_rp2040_irq+0x2c8>
200005b4:	23bc      	movs	r3, #188	; 0xbc
200005b6:	33ff      	adds	r3, #255	; 0xff
200005b8:	5ce3      	ldrb	r3, [r4, r3]
200005ba:	2b02      	cmp	r3, #2
200005bc:	d100      	bne.n	200005c0 <dcd_rp2040_irq+0x78>
200005be:	e112      	b.n	200007e6 <dcd_rp2040_irq+0x29e>
200005c0:	23fc      	movs	r3, #252	; 0xfc
200005c2:	33ff      	adds	r3, #255	; 0xff
200005c4:	5ce3      	ldrb	r3, [r4, r3]
200005c6:	2b02      	cmp	r3, #2
200005c8:	d100      	bne.n	200005cc <dcd_rp2040_irq+0x84>
200005ca:	e20d      	b.n	200009e8 <dcd_rp2040_irq+0x4a0>
200005cc:	4bb2      	ldr	r3, [pc, #712]	; (20000898 <dcd_rp2040_irq+0x350>)
200005ce:	5ce3      	ldrb	r3, [r4, r3]
200005d0:	2b02      	cmp	r3, #2
200005d2:	d100      	bne.n	200005d6 <dcd_rp2040_irq+0x8e>
200005d4:	e1f4      	b.n	200009c0 <dcd_rp2040_irq+0x478>
200005d6:	4bb1      	ldr	r3, [pc, #708]	; (2000089c <dcd_rp2040_irq+0x354>)
200005d8:	5ce3      	ldrb	r3, [r4, r3]
200005da:	2b02      	cmp	r3, #2
200005dc:	d100      	bne.n	200005e0 <dcd_rp2040_irq+0x98>
200005de:	e1db      	b.n	20000998 <dcd_rp2040_irq+0x450>
200005e0:	4baf      	ldr	r3, [pc, #700]	; (200008a0 <dcd_rp2040_irq+0x358>)
200005e2:	5ce3      	ldrb	r3, [r4, r3]
200005e4:	2b02      	cmp	r3, #2
200005e6:	d100      	bne.n	200005ea <dcd_rp2040_irq+0xa2>
200005e8:	e1c2      	b.n	20000970 <dcd_rp2040_irq+0x428>
200005ea:	4bae      	ldr	r3, [pc, #696]	; (200008a4 <dcd_rp2040_irq+0x35c>)
200005ec:	5ce3      	ldrb	r3, [r4, r3]
200005ee:	2b02      	cmp	r3, #2
200005f0:	d100      	bne.n	200005f4 <dcd_rp2040_irq+0xac>
200005f2:	e1a9      	b.n	20000948 <dcd_rp2040_irq+0x400>
200005f4:	4bac      	ldr	r3, [pc, #688]	; (200008a8 <dcd_rp2040_irq+0x360>)
200005f6:	5ce3      	ldrb	r3, [r4, r3]
200005f8:	2b02      	cmp	r3, #2
200005fa:	d100      	bne.n	200005fe <dcd_rp2040_irq+0xb6>
200005fc:	e190      	b.n	20000920 <dcd_rp2040_irq+0x3d8>
200005fe:	4bab      	ldr	r3, [pc, #684]	; (200008ac <dcd_rp2040_irq+0x364>)
20000600:	5ce3      	ldrb	r3, [r4, r3]
20000602:	2b02      	cmp	r3, #2
20000604:	d100      	bne.n	20000608 <dcd_rp2040_irq+0xc0>
20000606:	e177      	b.n	200008f8 <dcd_rp2040_irq+0x3b0>
20000608:	4ba9      	ldr	r3, [pc, #676]	; (200008b0 <dcd_rp2040_irq+0x368>)
2000060a:	5ce3      	ldrb	r3, [r4, r3]
2000060c:	2b02      	cmp	r3, #2
2000060e:	d100      	bne.n	20000612 <dcd_rp2040_irq+0xca>
20000610:	e15c      	b.n	200008cc <dcd_rp2040_irq+0x384>
20000612:	4ba8      	ldr	r3, [pc, #672]	; (200008b4 <dcd_rp2040_irq+0x36c>)
20000614:	5ce3      	ldrb	r3, [r4, r3]
20000616:	2b02      	cmp	r3, #2
20000618:	d100      	bne.n	2000061c <dcd_rp2040_irq+0xd4>
2000061a:	e1fa      	b.n	20000a12 <dcd_rp2040_irq+0x4ca>
2000061c:	2e00      	cmp	r6, #0
2000061e:	d108      	bne.n	20000632 <dcd_rp2040_irq+0xea>
20000620:	4ba5      	ldr	r3, [pc, #660]	; (200008b8 <dcd_rp2040_irq+0x370>)
20000622:	781b      	ldrb	r3, [r3, #0]
20000624:	2b00      	cmp	r3, #0
20000626:	d104      	bne.n	20000632 <dcd_rp2040_irq+0xea>
20000628:	2180      	movs	r1, #128	; 0x80
2000062a:	4aa4      	ldr	r2, [pc, #656]	; (200008bc <dcd_rp2040_irq+0x374>)
2000062c:	3390      	adds	r3, #144	; 0x90
2000062e:	0289      	lsls	r1, r1, #10
20000630:	50d1      	str	r1, [r2, r3]
20000632:	22c0      	movs	r2, #192	; 0xc0
20000634:	4b94      	ldr	r3, [pc, #592]	; (20000888 <dcd_rp2040_irq+0x340>)
20000636:	a801      	add	r0, sp, #4
20000638:	6c9b      	ldr	r3, [r3, #72]	; 0x48
2000063a:	0092      	lsls	r2, r2, #2
2000063c:	055b      	lsls	r3, r3, #21
2000063e:	0d5b      	lsrs	r3, r3, #21
20000640:	2101      	movs	r1, #1
20000642:	2480      	movs	r4, #128	; 0x80
20000644:	8002      	strh	r2, [r0, #0]
20000646:	6043      	str	r3, [r0, #4]
20000648:	f000 fbb0 	bl	20000dac <dcd_event_handler>
2000064c:	4e9c      	ldr	r6, [pc, #624]	; (200008c0 <dcd_rp2040_irq+0x378>)
2000064e:	02a4      	lsls	r4, r4, #10
20000650:	06eb      	lsls	r3, r5, #27
20000652:	d500      	bpl.n	20000656 <dcd_rp2040_irq+0x10e>
20000654:	e086      	b.n	20000764 <dcd_rp2040_irq+0x21c>
20000656:	2380      	movs	r3, #128	; 0x80
20000658:	025b      	lsls	r3, r3, #9
2000065a:	421d      	tst	r5, r3
2000065c:	d037      	beq.n	200006ce <dcd_rp2040_irq+0x186>
2000065e:	431c      	orrs	r4, r3
20000660:	2300      	movs	r3, #0
20000662:	4698      	mov	r8, r3
20000664:	3302      	adds	r3, #2
20000666:	4699      	mov	r9, r3
20000668:	4b96      	ldr	r3, [pc, #600]	; (200008c4 <dcd_rp2040_irq+0x37c>)
2000066a:	4e89      	ldr	r6, [pc, #548]	; (20000890 <dcd_rp2040_irq+0x348>)
2000066c:	469a      	mov	sl, r3
2000066e:	7eb3      	ldrb	r3, [r6, #26]
20000670:	2b00      	cmp	r3, #0
20000672:	d017      	beq.n	200006a4 <dcd_rp2040_irq+0x15c>
20000674:	464b      	mov	r3, r9
20000676:	4642      	mov	r2, r8
20000678:	1a9f      	subs	r7, r3, r2
2000067a:	f000 fcc1 	bl	20001000 <__rp2040_chip_version_veneer>
2000067e:	2801      	cmp	r0, #1
20000680:	d900      	bls.n	20000684 <dcd_rp2040_irq+0x13c>
20000682:	e073      	b.n	2000076c <dcd_rp2040_irq+0x224>
20000684:	22c0      	movs	r2, #192	; 0xc0
20000686:	2100      	movs	r1, #0
20000688:	0030      	movs	r0, r6
2000068a:	0192      	lsls	r2, r2, #6
2000068c:	f000 fb10 	bl	20000cb0 <_hw_endpoint_buffer_control_update32>
20000690:	0030      	movs	r0, r6
20000692:	f000 fb07 	bl	20000ca4 <hw_endpoint_reset_transfer>
20000696:	f000 fcb3 	bl	20001000 <__rp2040_chip_version_veneer>
2000069a:	2801      	cmp	r0, #1
2000069c:	d902      	bls.n	200006a4 <dcd_rp2040_irq+0x15c>
2000069e:	4b87      	ldr	r3, [pc, #540]	; (200008bc <dcd_rp2040_irq+0x374>)
200006a0:	665f      	str	r7, [r3, #100]	; 0x64
200006a2:	661f      	str	r7, [r3, #96]	; 0x60
200006a4:	2301      	movs	r3, #1
200006a6:	70f3      	strb	r3, [r6, #3]
200006a8:	4643      	mov	r3, r8
200006aa:	3620      	adds	r6, #32
200006ac:	2b01      	cmp	r3, #1
200006ae:	d123      	bne.n	200006f8 <dcd_rp2040_irq+0x1b0>
200006b0:	23c0      	movs	r3, #192	; 0xc0
200006b2:	a801      	add	r0, sp, #4
200006b4:	00db      	lsls	r3, r3, #3
200006b6:	4a84      	ldr	r2, [pc, #528]	; (200008c8 <dcd_rp2040_irq+0x380>)
200006b8:	8003      	strh	r3, [r0, #0]
200006ba:	ab02      	add	r3, sp, #8
200006bc:	ca42      	ldmia	r2!, {r1, r6}
200006be:	c342      	stmia	r3!, {r1, r6}
200006c0:	2101      	movs	r1, #1
200006c2:	f000 fb73 	bl	20000dac <dcd_event_handler>
200006c6:	2280      	movs	r2, #128	; 0x80
200006c8:	4b7c      	ldr	r3, [pc, #496]	; (200008bc <dcd_rp2040_irq+0x374>)
200006ca:	0292      	lsls	r2, r2, #10
200006cc:	651a      	str	r2, [r3, #80]	; 0x50
200006ce:	2380      	movs	r3, #128	; 0x80
200006d0:	015b      	lsls	r3, r3, #5
200006d2:	421d      	tst	r5, r3
200006d4:	d113      	bne.n	200006fe <dcd_rp2040_irq+0x1b6>
200006d6:	2380      	movs	r3, #128	; 0x80
200006d8:	01db      	lsls	r3, r3, #7
200006da:	421d      	tst	r5, r3
200006dc:	d126      	bne.n	2000072c <dcd_rp2040_irq+0x1e4>
200006de:	2380      	movs	r3, #128	; 0x80
200006e0:	021b      	lsls	r3, r3, #8
200006e2:	421d      	tst	r5, r3
200006e4:	d131      	bne.n	2000074a <dcd_rp2040_irq+0x202>
200006e6:	42ac      	cmp	r4, r5
200006e8:	d000      	beq.n	200006ec <dcd_rp2040_irq+0x1a4>
200006ea:	e1ac      	b.n	20000a46 <dcd_rp2040_irq+0x4fe>
200006ec:	b004      	add	sp, #16
200006ee:	bce0      	pop	{r5, r6, r7}
200006f0:	46ba      	mov	sl, r7
200006f2:	46b1      	mov	r9, r6
200006f4:	46a8      	mov	r8, r5
200006f6:	bdf0      	pop	{r4, r5, r6, r7, pc}
200006f8:	2301      	movs	r3, #1
200006fa:	4698      	mov	r8, r3
200006fc:	e7b7      	b.n	2000066e <dcd_rp2040_irq+0x126>
200006fe:	2600      	movs	r6, #0
20000700:	431c      	orrs	r4, r3
20000702:	4b61      	ldr	r3, [pc, #388]	; (20000888 <dcd_rp2040_irq+0x340>)
20000704:	601e      	str	r6, [r3, #0]
20000706:	f7ff fe75 	bl	200003f4 <reset_non_control_endpoints>
2000070a:	2380      	movs	r3, #128	; 0x80
2000070c:	466a      	mov	r2, sp
2000070e:	005b      	lsls	r3, r3, #1
20000710:	8093      	strh	r3, [r2, #4]
20000712:	7216      	strb	r6, [r2, #8]
20000714:	2101      	movs	r1, #1
20000716:	a801      	add	r0, sp, #4
20000718:	f000 fb48 	bl	20000dac <dcd_event_handler>
2000071c:	2280      	movs	r2, #128	; 0x80
2000071e:	4b67      	ldr	r3, [pc, #412]	; (200008bc <dcd_rp2040_irq+0x374>)
20000720:	0312      	lsls	r2, r2, #12
20000722:	651a      	str	r2, [r3, #80]	; 0x50
20000724:	2380      	movs	r3, #128	; 0x80
20000726:	01db      	lsls	r3, r3, #7
20000728:	421d      	tst	r5, r3
2000072a:	d0d8      	beq.n	200006de <dcd_rp2040_irq+0x196>
2000072c:	431c      	orrs	r4, r3
2000072e:	2380      	movs	r3, #128	; 0x80
20000730:	a801      	add	r0, sp, #4
20000732:	00db      	lsls	r3, r3, #3
20000734:	8003      	strh	r3, [r0, #0]
20000736:	2101      	movs	r1, #1
20000738:	f000 fb38 	bl	20000dac <dcd_event_handler>
2000073c:	2210      	movs	r2, #16
2000073e:	4b5f      	ldr	r3, [pc, #380]	; (200008bc <dcd_rp2040_irq+0x374>)
20000740:	651a      	str	r2, [r3, #80]	; 0x50
20000742:	2380      	movs	r3, #128	; 0x80
20000744:	021b      	lsls	r3, r3, #8
20000746:	421d      	tst	r5, r3
20000748:	d0cd      	beq.n	200006e6 <dcd_rp2040_irq+0x19e>
2000074a:	431c      	orrs	r4, r3
2000074c:	23a0      	movs	r3, #160	; 0xa0
2000074e:	a801      	add	r0, sp, #4
20000750:	00db      	lsls	r3, r3, #3
20000752:	8003      	strh	r3, [r0, #0]
20000754:	2101      	movs	r1, #1
20000756:	f000 fb29 	bl	20000dac <dcd_event_handler>
2000075a:	2280      	movs	r2, #128	; 0x80
2000075c:	4b57      	ldr	r3, [pc, #348]	; (200008bc <dcd_rp2040_irq+0x374>)
2000075e:	0112      	lsls	r2, r2, #4
20000760:	651a      	str	r2, [r3, #80]	; 0x50
20000762:	e7c0      	b.n	200006e6 <dcd_rp2040_irq+0x19e>
20000764:	f7ff fea4 	bl	200004b0 <hw_handle_buff_status>
20000768:	0034      	movs	r4, r6
2000076a:	e774      	b.n	20000656 <dcd_rp2040_irq+0x10e>
2000076c:	4653      	mov	r3, sl
2000076e:	4a46      	ldr	r2, [pc, #280]	; (20000888 <dcd_rp2040_irq+0x340>)
20000770:	661f      	str	r7, [r3, #96]	; 0x60
20000772:	6e53      	ldr	r3, [r2, #100]	; 0x64
20000774:	403b      	ands	r3, r7
20000776:	42bb      	cmp	r3, r7
20000778:	d1fb      	bne.n	20000772 <dcd_rp2040_irq+0x22a>
2000077a:	e783      	b.n	20000684 <dcd_rp2040_irq+0x13c>
2000077c:	3338      	adds	r3, #56	; 0x38
2000077e:	5ce6      	ldrb	r6, [r4, r3]
20000780:	2e00      	cmp	r6, #0
20000782:	d100      	bne.n	20000786 <dcd_rp2040_irq+0x23e>
20000784:	e6fb      	b.n	2000057e <dcd_rp2040_irq+0x36>
20000786:	3302      	adds	r3, #2
20000788:	5ce2      	ldrb	r2, [r4, r3]
2000078a:	2a00      	cmp	r2, #0
2000078c:	d100      	bne.n	20000790 <dcd_rp2040_irq+0x248>
2000078e:	e6f6      	b.n	2000057e <dcd_rp2040_irq+0x36>
20000790:	2200      	movs	r2, #0
20000792:	0020      	movs	r0, r4
20000794:	54e2      	strb	r2, [r4, r3]
20000796:	3020      	adds	r0, #32
20000798:	f000 fab2 	bl	20000d00 <hw_endpoint_start_next_buffer>
2000079c:	e6ef      	b.n	2000057e <dcd_rp2040_irq+0x36>
2000079e:	33b8      	adds	r3, #184	; 0xb8
200007a0:	5ce3      	ldrb	r3, [r4, r3]
200007a2:	2b00      	cmp	r3, #0
200007a4:	d100      	bne.n	200007a8 <dcd_rp2040_irq+0x260>
200007a6:	e6f4      	b.n	20000592 <dcd_rp2040_irq+0x4a>
200007a8:	22bc      	movs	r2, #188	; 0xbc
200007aa:	5ca1      	ldrb	r1, [r4, r2]
200007ac:	001e      	movs	r6, r3
200007ae:	2900      	cmp	r1, #0
200007b0:	d100      	bne.n	200007b4 <dcd_rp2040_irq+0x26c>
200007b2:	e6ee      	b.n	20000592 <dcd_rp2040_irq+0x4a>
200007b4:	2300      	movs	r3, #0
200007b6:	0020      	movs	r0, r4
200007b8:	54a3      	strb	r3, [r4, r2]
200007ba:	30a0      	adds	r0, #160	; 0xa0
200007bc:	f000 faa0 	bl	20000d00 <hw_endpoint_start_next_buffer>
200007c0:	e6e7      	b.n	20000592 <dcd_rp2040_irq+0x4a>
200007c2:	3378      	adds	r3, #120	; 0x78
200007c4:	5ce3      	ldrb	r3, [r4, r3]
200007c6:	2b00      	cmp	r3, #0
200007c8:	d100      	bne.n	200007cc <dcd_rp2040_irq+0x284>
200007ca:	e6dd      	b.n	20000588 <dcd_rp2040_irq+0x40>
200007cc:	227c      	movs	r2, #124	; 0x7c
200007ce:	5ca1      	ldrb	r1, [r4, r2]
200007d0:	001e      	movs	r6, r3
200007d2:	2900      	cmp	r1, #0
200007d4:	d100      	bne.n	200007d8 <dcd_rp2040_irq+0x290>
200007d6:	e6d7      	b.n	20000588 <dcd_rp2040_irq+0x40>
200007d8:	2300      	movs	r3, #0
200007da:	0020      	movs	r0, r4
200007dc:	54a3      	strb	r3, [r4, r2]
200007de:	3060      	adds	r0, #96	; 0x60
200007e0:	f000 fa8e 	bl	20000d00 <hw_endpoint_start_next_buffer>
200007e4:	e6d0      	b.n	20000588 <dcd_rp2040_irq+0x40>
200007e6:	33b9      	adds	r3, #185	; 0xb9
200007e8:	33ff      	adds	r3, #255	; 0xff
200007ea:	5ce3      	ldrb	r3, [r4, r3]
200007ec:	2b00      	cmp	r3, #0
200007ee:	d100      	bne.n	200007f2 <dcd_rp2040_irq+0x2aa>
200007f0:	e6e6      	b.n	200005c0 <dcd_rp2040_irq+0x78>
200007f2:	22de      	movs	r2, #222	; 0xde
200007f4:	0052      	lsls	r2, r2, #1
200007f6:	5ca1      	ldrb	r1, [r4, r2]
200007f8:	001e      	movs	r6, r3
200007fa:	2900      	cmp	r1, #0
200007fc:	d100      	bne.n	20000800 <dcd_rp2040_irq+0x2b8>
200007fe:	e6df      	b.n	200005c0 <dcd_rp2040_irq+0x78>
20000800:	0020      	movs	r0, r4
20000802:	2300      	movs	r3, #0
20000804:	30a1      	adds	r0, #161	; 0xa1
20000806:	54a3      	strb	r3, [r4, r2]
20000808:	30ff      	adds	r0, #255	; 0xff
2000080a:	f000 fa79 	bl	20000d00 <hw_endpoint_start_next_buffer>
2000080e:	e6d7      	b.n	200005c0 <dcd_rp2040_irq+0x78>
20000810:	3379      	adds	r3, #121	; 0x79
20000812:	33ff      	adds	r3, #255	; 0xff
20000814:	5ce3      	ldrb	r3, [r4, r3]
20000816:	2b00      	cmp	r3, #0
20000818:	d100      	bne.n	2000081c <dcd_rp2040_irq+0x2d4>
2000081a:	e6cb      	b.n	200005b4 <dcd_rp2040_irq+0x6c>
2000081c:	22be      	movs	r2, #190	; 0xbe
2000081e:	0052      	lsls	r2, r2, #1
20000820:	5ca1      	ldrb	r1, [r4, r2]
20000822:	001e      	movs	r6, r3
20000824:	2900      	cmp	r1, #0
20000826:	d100      	bne.n	2000082a <dcd_rp2040_irq+0x2e2>
20000828:	e6c4      	b.n	200005b4 <dcd_rp2040_irq+0x6c>
2000082a:	0020      	movs	r0, r4
2000082c:	2300      	movs	r3, #0
2000082e:	3061      	adds	r0, #97	; 0x61
20000830:	54a3      	strb	r3, [r4, r2]
20000832:	30ff      	adds	r0, #255	; 0xff
20000834:	f000 fa64 	bl	20000d00 <hw_endpoint_start_next_buffer>
20000838:	e6bc      	b.n	200005b4 <dcd_rp2040_irq+0x6c>
2000083a:	3339      	adds	r3, #57	; 0x39
2000083c:	33ff      	adds	r3, #255	; 0xff
2000083e:	5ce3      	ldrb	r3, [r4, r3]
20000840:	2b00      	cmp	r3, #0
20000842:	d100      	bne.n	20000846 <dcd_rp2040_irq+0x2fe>
20000844:	e6b0      	b.n	200005a8 <dcd_rp2040_irq+0x60>
20000846:	229e      	movs	r2, #158	; 0x9e
20000848:	0052      	lsls	r2, r2, #1
2000084a:	5ca1      	ldrb	r1, [r4, r2]
2000084c:	001e      	movs	r6, r3
2000084e:	2900      	cmp	r1, #0
20000850:	d100      	bne.n	20000854 <dcd_rp2040_irq+0x30c>
20000852:	e6a9      	b.n	200005a8 <dcd_rp2040_irq+0x60>
20000854:	0020      	movs	r0, r4
20000856:	2300      	movs	r3, #0
20000858:	3021      	adds	r0, #33	; 0x21
2000085a:	54a3      	strb	r3, [r4, r2]
2000085c:	30ff      	adds	r0, #255	; 0xff
2000085e:	f000 fa4f 	bl	20000d00 <hw_endpoint_start_next_buffer>
20000862:	e6a1      	b.n	200005a8 <dcd_rp2040_irq+0x60>
20000864:	33f8      	adds	r3, #248	; 0xf8
20000866:	5ce3      	ldrb	r3, [r4, r3]
20000868:	2b00      	cmp	r3, #0
2000086a:	d100      	bne.n	2000086e <dcd_rp2040_irq+0x326>
2000086c:	e696      	b.n	2000059c <dcd_rp2040_irq+0x54>
2000086e:	22fc      	movs	r2, #252	; 0xfc
20000870:	5ca1      	ldrb	r1, [r4, r2]
20000872:	001e      	movs	r6, r3
20000874:	2900      	cmp	r1, #0
20000876:	d100      	bne.n	2000087a <dcd_rp2040_irq+0x332>
20000878:	e690      	b.n	2000059c <dcd_rp2040_irq+0x54>
2000087a:	2300      	movs	r3, #0
2000087c:	0020      	movs	r0, r4
2000087e:	54a3      	strb	r3, [r4, r2]
20000880:	30e0      	adds	r0, #224	; 0xe0
20000882:	f000 fa3d 	bl	20000d00 <hw_endpoint_start_next_buffer>
20000886:	e689      	b.n	2000059c <dcd_rp2040_irq+0x54>
20000888:	50110000 	.word	0x50110000
2000088c:	40054000 	.word	0x40054000
20000890:	20001a98 	.word	0x20001a98
20000894:	20001a90 	.word	0x20001a90
20000898:	0000023b 	.word	0x0000023b
2000089c:	0000027b 	.word	0x0000027b
200008a0:	000002bb 	.word	0x000002bb
200008a4:	000002fb 	.word	0x000002fb
200008a8:	0000033b 	.word	0x0000033b
200008ac:	0000037b 	.word	0x0000037b
200008b0:	000003bb 	.word	0x000003bb
200008b4:	000003fb 	.word	0x000003fb
200008b8:	20001fea 	.word	0x20001fea
200008bc:	50113000 	.word	0x50113000
200008c0:	00020010 	.word	0x00020010
200008c4:	50112000 	.word	0x50112000
200008c8:	50100000 	.word	0x50100000
200008cc:	4b60      	ldr	r3, [pc, #384]	; (20000a50 <dcd_rp2040_irq+0x508>)
200008ce:	5ce3      	ldrb	r3, [r4, r3]
200008d0:	2b00      	cmp	r3, #0
200008d2:	d100      	bne.n	200008d6 <dcd_rp2040_irq+0x38e>
200008d4:	e69d      	b.n	20000612 <dcd_rp2040_irq+0xca>
200008d6:	23ef      	movs	r3, #239	; 0xef
200008d8:	009b      	lsls	r3, r3, #2
200008da:	5ce2      	ldrb	r2, [r4, r3]
200008dc:	2a00      	cmp	r2, #0
200008de:	d000      	beq.n	200008e2 <dcd_rp2040_irq+0x39a>
200008e0:	e0a9      	b.n	20000a36 <dcd_rp2040_irq+0x4ee>
200008e2:	4b5c      	ldr	r3, [pc, #368]	; (20000a54 <dcd_rp2040_irq+0x50c>)
200008e4:	5ce3      	ldrb	r3, [r4, r3]
200008e6:	2b02      	cmp	r3, #2
200008e8:	d000      	beq.n	200008ec <dcd_rp2040_irq+0x3a4>
200008ea:	e6a2      	b.n	20000632 <dcd_rp2040_irq+0xea>
200008ec:	4b5a      	ldr	r3, [pc, #360]	; (20000a58 <dcd_rp2040_irq+0x510>)
200008ee:	5ce3      	ldrb	r3, [r4, r3]
200008f0:	2b00      	cmp	r3, #0
200008f2:	d000      	beq.n	200008f6 <dcd_rp2040_irq+0x3ae>
200008f4:	e092      	b.n	20000a1c <dcd_rp2040_irq+0x4d4>
200008f6:	e69c      	b.n	20000632 <dcd_rp2040_irq+0xea>
200008f8:	4b58      	ldr	r3, [pc, #352]	; (20000a5c <dcd_rp2040_irq+0x514>)
200008fa:	5ce3      	ldrb	r3, [r4, r3]
200008fc:	2b00      	cmp	r3, #0
200008fe:	d100      	bne.n	20000902 <dcd_rp2040_irq+0x3ba>
20000900:	e682      	b.n	20000608 <dcd_rp2040_irq+0xc0>
20000902:	22df      	movs	r2, #223	; 0xdf
20000904:	0092      	lsls	r2, r2, #2
20000906:	5ca1      	ldrb	r1, [r4, r2]
20000908:	001e      	movs	r6, r3
2000090a:	2900      	cmp	r1, #0
2000090c:	d100      	bne.n	20000910 <dcd_rp2040_irq+0x3c8>
2000090e:	e67b      	b.n	20000608 <dcd_rp2040_irq+0xc0>
20000910:	2300      	movs	r3, #0
20000912:	54a3      	strb	r3, [r4, r2]
20000914:	23d8      	movs	r3, #216	; 0xd8
20000916:	009b      	lsls	r3, r3, #2
20000918:	18e0      	adds	r0, r4, r3
2000091a:	f000 f9f1 	bl	20000d00 <hw_endpoint_start_next_buffer>
2000091e:	e673      	b.n	20000608 <dcd_rp2040_irq+0xc0>
20000920:	4b4f      	ldr	r3, [pc, #316]	; (20000a60 <dcd_rp2040_irq+0x518>)
20000922:	5ce3      	ldrb	r3, [r4, r3]
20000924:	2b00      	cmp	r3, #0
20000926:	d100      	bne.n	2000092a <dcd_rp2040_irq+0x3e2>
20000928:	e669      	b.n	200005fe <dcd_rp2040_irq+0xb6>
2000092a:	22cf      	movs	r2, #207	; 0xcf
2000092c:	0092      	lsls	r2, r2, #2
2000092e:	5ca1      	ldrb	r1, [r4, r2]
20000930:	001e      	movs	r6, r3
20000932:	2900      	cmp	r1, #0
20000934:	d100      	bne.n	20000938 <dcd_rp2040_irq+0x3f0>
20000936:	e662      	b.n	200005fe <dcd_rp2040_irq+0xb6>
20000938:	2300      	movs	r3, #0
2000093a:	54a3      	strb	r3, [r4, r2]
2000093c:	23c8      	movs	r3, #200	; 0xc8
2000093e:	009b      	lsls	r3, r3, #2
20000940:	18e0      	adds	r0, r4, r3
20000942:	f000 f9dd 	bl	20000d00 <hw_endpoint_start_next_buffer>
20000946:	e65a      	b.n	200005fe <dcd_rp2040_irq+0xb6>
20000948:	4b46      	ldr	r3, [pc, #280]	; (20000a64 <dcd_rp2040_irq+0x51c>)
2000094a:	5ce3      	ldrb	r3, [r4, r3]
2000094c:	2b00      	cmp	r3, #0
2000094e:	d100      	bne.n	20000952 <dcd_rp2040_irq+0x40a>
20000950:	e650      	b.n	200005f4 <dcd_rp2040_irq+0xac>
20000952:	22bf      	movs	r2, #191	; 0xbf
20000954:	0092      	lsls	r2, r2, #2
20000956:	5ca1      	ldrb	r1, [r4, r2]
20000958:	001e      	movs	r6, r3
2000095a:	2900      	cmp	r1, #0
2000095c:	d100      	bne.n	20000960 <dcd_rp2040_irq+0x418>
2000095e:	e649      	b.n	200005f4 <dcd_rp2040_irq+0xac>
20000960:	2300      	movs	r3, #0
20000962:	54a3      	strb	r3, [r4, r2]
20000964:	23b8      	movs	r3, #184	; 0xb8
20000966:	009b      	lsls	r3, r3, #2
20000968:	18e0      	adds	r0, r4, r3
2000096a:	f000 f9c9 	bl	20000d00 <hw_endpoint_start_next_buffer>
2000096e:	e641      	b.n	200005f4 <dcd_rp2040_irq+0xac>
20000970:	4b3d      	ldr	r3, [pc, #244]	; (20000a68 <dcd_rp2040_irq+0x520>)
20000972:	5ce3      	ldrb	r3, [r4, r3]
20000974:	2b00      	cmp	r3, #0
20000976:	d100      	bne.n	2000097a <dcd_rp2040_irq+0x432>
20000978:	e637      	b.n	200005ea <dcd_rp2040_irq+0xa2>
2000097a:	22af      	movs	r2, #175	; 0xaf
2000097c:	0092      	lsls	r2, r2, #2
2000097e:	5ca1      	ldrb	r1, [r4, r2]
20000980:	001e      	movs	r6, r3
20000982:	2900      	cmp	r1, #0
20000984:	d100      	bne.n	20000988 <dcd_rp2040_irq+0x440>
20000986:	e630      	b.n	200005ea <dcd_rp2040_irq+0xa2>
20000988:	2300      	movs	r3, #0
2000098a:	54a3      	strb	r3, [r4, r2]
2000098c:	23a8      	movs	r3, #168	; 0xa8
2000098e:	009b      	lsls	r3, r3, #2
20000990:	18e0      	adds	r0, r4, r3
20000992:	f000 f9b5 	bl	20000d00 <hw_endpoint_start_next_buffer>
20000996:	e628      	b.n	200005ea <dcd_rp2040_irq+0xa2>
20000998:	4b34      	ldr	r3, [pc, #208]	; (20000a6c <dcd_rp2040_irq+0x524>)
2000099a:	5ce3      	ldrb	r3, [r4, r3]
2000099c:	2b00      	cmp	r3, #0
2000099e:	d100      	bne.n	200009a2 <dcd_rp2040_irq+0x45a>
200009a0:	e61e      	b.n	200005e0 <dcd_rp2040_irq+0x98>
200009a2:	229f      	movs	r2, #159	; 0x9f
200009a4:	0092      	lsls	r2, r2, #2
200009a6:	5ca1      	ldrb	r1, [r4, r2]
200009a8:	001e      	movs	r6, r3
200009aa:	2900      	cmp	r1, #0
200009ac:	d100      	bne.n	200009b0 <dcd_rp2040_irq+0x468>
200009ae:	e617      	b.n	200005e0 <dcd_rp2040_irq+0x98>
200009b0:	2300      	movs	r3, #0
200009b2:	54a3      	strb	r3, [r4, r2]
200009b4:	2398      	movs	r3, #152	; 0x98
200009b6:	009b      	lsls	r3, r3, #2
200009b8:	18e0      	adds	r0, r4, r3
200009ba:	f000 f9a1 	bl	20000d00 <hw_endpoint_start_next_buffer>
200009be:	e60f      	b.n	200005e0 <dcd_rp2040_irq+0x98>
200009c0:	4b2b      	ldr	r3, [pc, #172]	; (20000a70 <dcd_rp2040_irq+0x528>)
200009c2:	5ce3      	ldrb	r3, [r4, r3]
200009c4:	2b00      	cmp	r3, #0
200009c6:	d100      	bne.n	200009ca <dcd_rp2040_irq+0x482>
200009c8:	e605      	b.n	200005d6 <dcd_rp2040_irq+0x8e>
200009ca:	228f      	movs	r2, #143	; 0x8f
200009cc:	0092      	lsls	r2, r2, #2
200009ce:	5ca1      	ldrb	r1, [r4, r2]
200009d0:	001e      	movs	r6, r3
200009d2:	2900      	cmp	r1, #0
200009d4:	d100      	bne.n	200009d8 <dcd_rp2040_irq+0x490>
200009d6:	e5fe      	b.n	200005d6 <dcd_rp2040_irq+0x8e>
200009d8:	2300      	movs	r3, #0
200009da:	54a3      	strb	r3, [r4, r2]
200009dc:	2388      	movs	r3, #136	; 0x88
200009de:	009b      	lsls	r3, r3, #2
200009e0:	18e0      	adds	r0, r4, r3
200009e2:	f000 f98d 	bl	20000d00 <hw_endpoint_start_next_buffer>
200009e6:	e5f6      	b.n	200005d6 <dcd_rp2040_irq+0x8e>
200009e8:	33f9      	adds	r3, #249	; 0xf9
200009ea:	33ff      	adds	r3, #255	; 0xff
200009ec:	5ce3      	ldrb	r3, [r4, r3]
200009ee:	2b00      	cmp	r3, #0
200009f0:	d100      	bne.n	200009f4 <dcd_rp2040_irq+0x4ac>
200009f2:	e5eb      	b.n	200005cc <dcd_rp2040_irq+0x84>
200009f4:	22fe      	movs	r2, #254	; 0xfe
200009f6:	0052      	lsls	r2, r2, #1
200009f8:	5ca1      	ldrb	r1, [r4, r2]
200009fa:	001e      	movs	r6, r3
200009fc:	2900      	cmp	r1, #0
200009fe:	d100      	bne.n	20000a02 <dcd_rp2040_irq+0x4ba>
20000a00:	e5e4      	b.n	200005cc <dcd_rp2040_irq+0x84>
20000a02:	0020      	movs	r0, r4
20000a04:	2300      	movs	r3, #0
20000a06:	30e1      	adds	r0, #225	; 0xe1
20000a08:	54a3      	strb	r3, [r4, r2]
20000a0a:	30ff      	adds	r0, #255	; 0xff
20000a0c:	f000 f978 	bl	20000d00 <hw_endpoint_start_next_buffer>
20000a10:	e5dc      	b.n	200005cc <dcd_rp2040_irq+0x84>
20000a12:	4b11      	ldr	r3, [pc, #68]	; (20000a58 <dcd_rp2040_irq+0x510>)
20000a14:	5ce3      	ldrb	r3, [r4, r3]
20000a16:	2b00      	cmp	r3, #0
20000a18:	d100      	bne.n	20000a1c <dcd_rp2040_irq+0x4d4>
20000a1a:	e5ff      	b.n	2000061c <dcd_rp2040_irq+0xd4>
20000a1c:	23ff      	movs	r3, #255	; 0xff
20000a1e:	009b      	lsls	r3, r3, #2
20000a20:	5ce2      	ldrb	r2, [r4, r3]
20000a22:	2a00      	cmp	r2, #0
20000a24:	d100      	bne.n	20000a28 <dcd_rp2040_irq+0x4e0>
20000a26:	e604      	b.n	20000632 <dcd_rp2040_irq+0xea>
20000a28:	2200      	movs	r2, #0
20000a2a:	54e2      	strb	r2, [r4, r3]
20000a2c:	3b1c      	subs	r3, #28
20000a2e:	18e0      	adds	r0, r4, r3
20000a30:	f000 f966 	bl	20000d00 <hw_endpoint_start_next_buffer>
20000a34:	e5fd      	b.n	20000632 <dcd_rp2040_irq+0xea>
20000a36:	2200      	movs	r2, #0
20000a38:	54e2      	strb	r2, [r4, r3]
20000a3a:	23e8      	movs	r3, #232	; 0xe8
20000a3c:	009b      	lsls	r3, r3, #2
20000a3e:	18e0      	adds	r0, r4, r3
20000a40:	f000 f95e 	bl	20000d00 <hw_endpoint_start_next_buffer>
20000a44:	e74d      	b.n	200008e2 <dcd_rp2040_irq+0x39a>
20000a46:	0021      	movs	r1, r4
20000a48:	480a      	ldr	r0, [pc, #40]	; (20000a74 <dcd_rp2040_irq+0x52c>)
20000a4a:	4069      	eors	r1, r5
20000a4c:	f000 fac8 	bl	20000fe0 <__panic_veneer>
20000a50:	000003ba 	.word	0x000003ba
20000a54:	000003fb 	.word	0x000003fb
20000a58:	000003fa 	.word	0x000003fa
20000a5c:	0000037a 	.word	0x0000037a
20000a60:	0000033a 	.word	0x0000033a
20000a64:	000002fa 	.word	0x000002fa
20000a68:	000002ba 	.word	0x000002ba
20000a6c:	0000027a 	.word	0x0000027a
20000a70:	0000023a 	.word	0x0000023a
20000a74:	10004dd0 	.word	0x10004dd0

20000a78 <prepare_ep_buffer>:
20000a78:	b5f0      	push	{r4, r5, r6, r7, lr}
20000a7a:	46d6      	mov	lr, sl
20000a7c:	464f      	mov	r7, r9
20000a7e:	4646      	mov	r6, r8
20000a80:	0003      	movs	r3, r0
20000a82:	b5c0      	push	{r6, r7, lr}
20000a84:	8b1c      	ldrh	r4, [r3, #24]
20000a86:	8a80      	ldrh	r0, [r0, #20]
20000a88:	468a      	mov	sl, r1
20000a8a:	1c22      	adds	r2, r4, #0
20000a8c:	4284      	cmp	r4, r0
20000a8e:	d900      	bls.n	20000a92 <prepare_ep_buffer+0x1a>
20000a90:	1c02      	adds	r2, r0, #0
20000a92:	2680      	movs	r6, #128	; 0x80
20000a94:	b292      	uxth	r2, r2
20000a96:	1a80      	subs	r0, r0, r2
20000a98:	78dd      	ldrb	r5, [r3, #3]
20000a9a:	b284      	uxth	r4, r0
20000a9c:	00f6      	lsls	r6, r6, #3
20000a9e:	829c      	strh	r4, [r3, #20]
20000aa0:	4316      	orrs	r6, r2
20000aa2:	2d00      	cmp	r5, #0
20000aa4:	d002      	beq.n	20000aac <prepare_ep_buffer+0x34>
20000aa6:	2690      	movs	r6, #144	; 0x90
20000aa8:	01b6      	lsls	r6, r6, #6
20000aaa:	4316      	orrs	r6, r2
20000aac:	2701      	movs	r7, #1
20000aae:	407d      	eors	r5, r7
20000ab0:	70dd      	strb	r5, [r3, #3]
20000ab2:	785d      	ldrb	r5, [r3, #1]
20000ab4:	0030      	movs	r0, r6
20000ab6:	2d00      	cmp	r5, #0
20000ab8:	d141      	bne.n	20000b3e <prepare_ep_buffer+0xc6>
20000aba:	4651      	mov	r1, sl
20000abc:	0188      	lsls	r0, r1, #6
20000abe:	68d9      	ldr	r1, [r3, #12]
20000ac0:	691f      	ldr	r7, [r3, #16]
20000ac2:	468c      	mov	ip, r1
20000ac4:	1e51      	subs	r1, r2, #1
20000ac6:	4688      	mov	r8, r1
20000ac8:	4484      	add	ip, r0
20000aca:	2a00      	cmp	r2, #0
20000acc:	d032      	beq.n	20000b34 <prepare_ep_buffer+0xbc>
20000ace:	4661      	mov	r1, ip
20000ad0:	2002      	movs	r0, #2
20000ad2:	1c7c      	adds	r4, r7, #1
20000ad4:	1b0c      	subs	r4, r1, r4
20000ad6:	42a0      	cmp	r0, r4
20000ad8:	4180      	sbcs	r0, r0
20000ada:	2408      	movs	r4, #8
20000adc:	4544      	cmp	r4, r8
20000ade:	41a4      	sbcs	r4, r4
20000ae0:	4240      	negs	r0, r0
20000ae2:	4264      	negs	r4, r4
20000ae4:	4204      	tst	r4, r0
20000ae6:	d038      	beq.n	20000b5a <prepare_ep_buffer+0xe2>
20000ae8:	4660      	mov	r0, ip
20000aea:	4338      	orrs	r0, r7
20000aec:	0781      	lsls	r1, r0, #30
20000aee:	d134      	bne.n	20000b5a <prepare_ep_buffer+0xe2>
20000af0:	1f15      	subs	r5, r2, #4
20000af2:	08ad      	lsrs	r5, r5, #2
20000af4:	1c69      	adds	r1, r5, #1
20000af6:	4689      	mov	r9, r1
20000af8:	2000      	movs	r0, #0
20000afa:	2400      	movs	r4, #0
20000afc:	4661      	mov	r1, ip
20000afe:	583d      	ldr	r5, [r7, r0]
20000b00:	3401      	adds	r4, #1
20000b02:	500d      	str	r5, [r1, r0]
20000b04:	3004      	adds	r0, #4
20000b06:	45a1      	cmp	r9, r4
20000b08:	d8f8      	bhi.n	20000afc <prepare_ep_buffer+0x84>
20000b0a:	4649      	mov	r1, r9
20000b0c:	008d      	lsls	r5, r1, #2
20000b0e:	4661      	mov	r1, ip
20000b10:	194c      	adds	r4, r1, r5
20000b12:	4641      	mov	r1, r8
20000b14:	197f      	adds	r7, r7, r5
20000b16:	1b48      	subs	r0, r1, r5
20000b18:	42aa      	cmp	r2, r5
20000b1a:	d009      	beq.n	20000b30 <prepare_ep_buffer+0xb8>
20000b1c:	783d      	ldrb	r5, [r7, #0]
20000b1e:	7025      	strb	r5, [r4, #0]
20000b20:	2800      	cmp	r0, #0
20000b22:	d005      	beq.n	20000b30 <prepare_ep_buffer+0xb8>
20000b24:	787d      	ldrb	r5, [r7, #1]
20000b26:	7065      	strb	r5, [r4, #1]
20000b28:	2801      	cmp	r0, #1
20000b2a:	d001      	beq.n	20000b30 <prepare_ep_buffer+0xb8>
20000b2c:	78b8      	ldrb	r0, [r7, #2]
20000b2e:	70a0      	strb	r0, [r4, #2]
20000b30:	691f      	ldr	r7, [r3, #16]
20000b32:	8a9c      	ldrh	r4, [r3, #20]
20000b34:	2080      	movs	r0, #128	; 0x80
20000b36:	18ba      	adds	r2, r7, r2
20000b38:	0200      	lsls	r0, r0, #8
20000b3a:	611a      	str	r2, [r3, #16]
20000b3c:	4330      	orrs	r0, r6
20000b3e:	2c00      	cmp	r4, #0
20000b40:	d102      	bne.n	20000b48 <prepare_ep_buffer+0xd0>
20000b42:	2380      	movs	r3, #128	; 0x80
20000b44:	01db      	lsls	r3, r3, #7
20000b46:	4318      	orrs	r0, r3
20000b48:	4653      	mov	r3, sl
20000b4a:	2b00      	cmp	r3, #0
20000b4c:	d000      	beq.n	20000b50 <prepare_ep_buffer+0xd8>
20000b4e:	0400      	lsls	r0, r0, #16
20000b50:	bce0      	pop	{r5, r6, r7}
20000b52:	46ba      	mov	sl, r7
20000b54:	46b1      	mov	r9, r6
20000b56:	46a8      	mov	r8, r5
20000b58:	bdf0      	pop	{r4, r5, r6, r7, pc}
20000b5a:	2000      	movs	r0, #0
20000b5c:	4661      	mov	r1, ip
20000b5e:	5c3c      	ldrb	r4, [r7, r0]
20000b60:	540c      	strb	r4, [r1, r0]
20000b62:	3001      	adds	r0, #1
20000b64:	4282      	cmp	r2, r0
20000b66:	d1f9      	bne.n	20000b5c <prepare_ep_buffer+0xe4>
20000b68:	e7e2      	b.n	20000b30 <prepare_ep_buffer+0xb8>
20000b6a:	46c0      	nop			; (mov r8, r8)

20000b6c <sync_ep_buffer>:
20000b6c:	6882      	ldr	r2, [r0, #8]
20000b6e:	0003      	movs	r3, r0
20000b70:	b5f0      	push	{r4, r5, r6, r7, lr}
20000b72:	6810      	ldr	r0, [r2, #0]
20000b74:	2900      	cmp	r1, #0
20000b76:	d000      	beq.n	20000b7a <sync_ep_buffer+0xe>
20000b78:	0c00      	lsrs	r0, r0, #16
20000b7a:	785a      	ldrb	r2, [r3, #1]
20000b7c:	0580      	lsls	r0, r0, #22
20000b7e:	0d80      	lsrs	r0, r0, #22
20000b80:	2a00      	cmp	r2, #0
20000b82:	d108      	bne.n	20000b96 <sync_ep_buffer+0x2a>
20000b84:	8ada      	ldrh	r2, [r3, #22]
20000b86:	1882      	adds	r2, r0, r2
20000b88:	82da      	strh	r2, [r3, #22]
20000b8a:	8b1a      	ldrh	r2, [r3, #24]
20000b8c:	4282      	cmp	r2, r0
20000b8e:	d901      	bls.n	20000b94 <sync_ep_buffer+0x28>
20000b90:	2200      	movs	r2, #0
20000b92:	829a      	strh	r2, [r3, #20]
20000b94:	bdf0      	pop	{r4, r5, r6, r7, pc}
20000b96:	68da      	ldr	r2, [r3, #12]
20000b98:	0189      	lsls	r1, r1, #6
20000b9a:	1e45      	subs	r5, r0, #1
20000b9c:	46ac      	mov	ip, r5
20000b9e:	691c      	ldr	r4, [r3, #16]
20000ba0:	1856      	adds	r6, r2, r1
20000ba2:	2800      	cmp	r0, #0
20000ba4:	d02e      	beq.n	20000c04 <sync_ep_buffer+0x98>
20000ba6:	3101      	adds	r1, #1
20000ba8:	1851      	adds	r1, r2, r1
20000baa:	0025      	movs	r5, r4
20000bac:	2202      	movs	r2, #2
20000bae:	1a61      	subs	r1, r4, r1
20000bb0:	428a      	cmp	r2, r1
20000bb2:	4189      	sbcs	r1, r1
20000bb4:	4335      	orrs	r5, r6
20000bb6:	3201      	adds	r2, #1
20000bb8:	402a      	ands	r2, r5
20000bba:	4255      	negs	r5, r2
20000bbc:	416a      	adcs	r2, r5
20000bbe:	4249      	negs	r1, r1
20000bc0:	420a      	tst	r2, r1
20000bc2:	d025      	beq.n	20000c10 <sync_ep_buffer+0xa4>
20000bc4:	4662      	mov	r2, ip
20000bc6:	2a08      	cmp	r2, #8
20000bc8:	d922      	bls.n	20000c10 <sync_ep_buffer+0xa4>
20000bca:	2200      	movs	r2, #0
20000bcc:	2100      	movs	r1, #0
20000bce:	1f05      	subs	r5, r0, #4
20000bd0:	08ad      	lsrs	r5, r5, #2
20000bd2:	3501      	adds	r5, #1
20000bd4:	58b7      	ldr	r7, [r6, r2]
20000bd6:	3101      	adds	r1, #1
20000bd8:	50a7      	str	r7, [r4, r2]
20000bda:	3204      	adds	r2, #4
20000bdc:	428d      	cmp	r5, r1
20000bde:	d8f9      	bhi.n	20000bd4 <sync_ep_buffer+0x68>
20000be0:	4662      	mov	r2, ip
20000be2:	00ad      	lsls	r5, r5, #2
20000be4:	1976      	adds	r6, r6, r5
20000be6:	1964      	adds	r4, r4, r5
20000be8:	1b57      	subs	r7, r2, r5
20000bea:	42a8      	cmp	r0, r5
20000bec:	d009      	beq.n	20000c02 <sync_ep_buffer+0x96>
20000bee:	7832      	ldrb	r2, [r6, #0]
20000bf0:	7022      	strb	r2, [r4, #0]
20000bf2:	2f00      	cmp	r7, #0
20000bf4:	d005      	beq.n	20000c02 <sync_ep_buffer+0x96>
20000bf6:	7872      	ldrb	r2, [r6, #1]
20000bf8:	7062      	strb	r2, [r4, #1]
20000bfa:	2f01      	cmp	r7, #1
20000bfc:	d001      	beq.n	20000c02 <sync_ep_buffer+0x96>
20000bfe:	78b2      	ldrb	r2, [r6, #2]
20000c00:	70a2      	strb	r2, [r4, #2]
20000c02:	691c      	ldr	r4, [r3, #16]
20000c04:	8ada      	ldrh	r2, [r3, #22]
20000c06:	1824      	adds	r4, r4, r0
20000c08:	1882      	adds	r2, r0, r2
20000c0a:	82da      	strh	r2, [r3, #22]
20000c0c:	611c      	str	r4, [r3, #16]
20000c0e:	e7bc      	b.n	20000b8a <sync_ep_buffer+0x1e>
20000c10:	2200      	movs	r2, #0
20000c12:	5cb1      	ldrb	r1, [r6, r2]
20000c14:	54a1      	strb	r1, [r4, r2]
20000c16:	3201      	adds	r2, #1
20000c18:	4290      	cmp	r0, r2
20000c1a:	d1fa      	bne.n	20000c12 <sync_ep_buffer+0xa6>
20000c1c:	691c      	ldr	r4, [r3, #16]
20000c1e:	e7f1      	b.n	20000c04 <sync_ep_buffer+0x98>

20000c20 <_hw_endpoint_xfer_sync>:
20000c20:	b510      	push	{r4, lr}
20000c22:	0004      	movs	r4, r0
20000c24:	6883      	ldr	r3, [r0, #8]
20000c26:	2100      	movs	r1, #0
20000c28:	681b      	ldr	r3, [r3, #0]
20000c2a:	f7ff ff9f 	bl	20000b6c <sync_ep_buffer>
20000c2e:	6863      	ldr	r3, [r4, #4]
20000c30:	681b      	ldr	r3, [r3, #0]
20000c32:	005b      	lsls	r3, r3, #1
20000c34:	d502      	bpl.n	20000c3c <_hw_endpoint_xfer_sync+0x1c>
20000c36:	8b23      	ldrh	r3, [r4, #24]
20000c38:	4283      	cmp	r3, r0
20000c3a:	d000      	beq.n	20000c3e <_hw_endpoint_xfer_sync+0x1e>
20000c3c:	bd10      	pop	{r4, pc}
20000c3e:	2101      	movs	r1, #1
20000c40:	0020      	movs	r0, r4
20000c42:	f7ff ff93 	bl	20000b6c <sync_ep_buffer>
20000c46:	e7f9      	b.n	20000c3c <_hw_endpoint_xfer_sync+0x1c>

20000c48 <e15_is_bulkin_ep>:
20000c48:	4a08      	ldr	r2, [pc, #32]	; (20000c6c <e15_is_bulkin_ep+0x24>)
20000c4a:	0003      	movs	r3, r0
20000c4c:	6c12      	ldr	r2, [r2, #64]	; 0x40
20000c4e:	2000      	movs	r0, #0
20000c50:	0792      	lsls	r2, r2, #30
20000c52:	d403      	bmi.n	20000c5c <e15_is_bulkin_ep+0x14>
20000c54:	789a      	ldrb	r2, [r3, #2]
20000c56:	09d2      	lsrs	r2, r2, #7
20000c58:	2a01      	cmp	r2, #1
20000c5a:	d000      	beq.n	20000c5e <e15_is_bulkin_ep+0x16>
20000c5c:	4770      	bx	lr
20000c5e:	7ed8      	ldrb	r0, [r3, #27]
20000c60:	3802      	subs	r0, #2
20000c62:	4243      	negs	r3, r0
20000c64:	4158      	adcs	r0, r3
20000c66:	b2c0      	uxtb	r0, r0
20000c68:	e7f8      	b.n	20000c5c <e15_is_bulkin_ep+0x14>
20000c6a:	46c0      	nop			; (mov r8, r8)
20000c6c:	50110000 	.word	0x50110000

20000c70 <e15_is_critical_frame_period>:
20000c70:	b510      	push	{r4, lr}
20000c72:	f7ff ffe9 	bl	20000c48 <e15_is_bulkin_ep>
20000c76:	2800      	cmp	r0, #0
20000c78:	d00c      	beq.n	20000c94 <e15_is_critical_frame_period+0x24>
20000c7a:	4907      	ldr	r1, [pc, #28]	; (20000c98 <e15_is_critical_frame_period+0x28>)
20000c7c:	4b07      	ldr	r3, [pc, #28]	; (20000c9c <e15_is_critical_frame_period+0x2c>)
20000c7e:	468c      	mov	ip, r1
20000c80:	4a07      	ldr	r2, [pc, #28]	; (20000ca0 <e15_is_critical_frame_period+0x30>)
20000c82:	6a9b      	ldr	r3, [r3, #40]	; 0x28
20000c84:	6812      	ldr	r2, [r2, #0]
20000c86:	4463      	add	r3, ip
20000c88:	1a9b      	subs	r3, r3, r2
20000c8a:	2000      	movs	r0, #0
20000c8c:	22c6      	movs	r2, #198	; 0xc6
20000c8e:	429a      	cmp	r2, r3
20000c90:	4140      	adcs	r0, r0
20000c92:	b2c0      	uxtb	r0, r0
20000c94:	bd10      	pop	{r4, pc}
20000c96:	46c0      	nop			; (mov r8, r8)
20000c98:	fffffce0 	.word	0xfffffce0
20000c9c:	40054000 	.word	0x40054000
20000ca0:	20001a90 	.word	0x20001a90

20000ca4 <hw_endpoint_reset_transfer>:
20000ca4:	2300      	movs	r3, #0
20000ca6:	7683      	strb	r3, [r0, #26]
20000ca8:	6143      	str	r3, [r0, #20]
20000caa:	6103      	str	r3, [r0, #16]
20000cac:	4770      	bx	lr
20000cae:	46c0      	nop			; (mov r8, r8)

20000cb0 <_hw_endpoint_buffer_control_update32>:
20000cb0:	b510      	push	{r4, lr}
20000cb2:	6883      	ldr	r3, [r0, #8]
20000cb4:	2900      	cmp	r1, #0
20000cb6:	d001      	beq.n	20000cbc <_hw_endpoint_buffer_control_update32+0xc>
20000cb8:	681c      	ldr	r4, [r3, #0]
20000cba:	4021      	ands	r1, r4
20000cbc:	2a00      	cmp	r2, #0
20000cbe:	d012      	beq.n	20000ce6 <_hw_endpoint_buffer_control_update32+0x36>
20000cc0:	2480      	movs	r4, #128	; 0x80
20000cc2:	00e4      	lsls	r4, r4, #3
20000cc4:	4311      	orrs	r1, r2
20000cc6:	4222      	tst	r2, r4
20000cc8:	d00d      	beq.n	20000ce6 <_hw_endpoint_buffer_control_update32+0x36>
20000cca:	681a      	ldr	r2, [r3, #0]
20000ccc:	4222      	tst	r2, r4
20000cce:	d10c      	bne.n	20000cea <_hw_endpoint_buffer_control_update32+0x3a>
20000cd0:	4a08      	ldr	r2, [pc, #32]	; (20000cf4 <_hw_endpoint_buffer_control_update32+0x44>)
20000cd2:	400a      	ands	r2, r1
20000cd4:	601a      	str	r2, [r3, #0]
20000cd6:	4a08      	ldr	r2, [pc, #32]	; (20000cf8 <_hw_endpoint_buffer_control_update32+0x48>)
20000cd8:	6c12      	ldr	r2, [r2, #64]	; 0x40
20000cda:	0792      	lsls	r2, r2, #30
20000cdc:	d403      	bmi.n	20000ce6 <_hw_endpoint_buffer_control_update32+0x36>
20000cde:	230c      	movs	r3, #12
20000ce0:	3b03      	subs	r3, #3
20000ce2:	d2fd      	bcs.n	20000ce0 <_hw_endpoint_buffer_control_update32+0x30>
20000ce4:	6883      	ldr	r3, [r0, #8]
20000ce6:	6019      	str	r1, [r3, #0]
20000ce8:	bd10      	pop	{r4, pc}
20000cea:	7881      	ldrb	r1, [r0, #2]
20000cec:	4803      	ldr	r0, [pc, #12]	; (20000cfc <_hw_endpoint_buffer_control_update32+0x4c>)
20000cee:	f000 f977 	bl	20000fe0 <__panic_veneer>
20000cf2:	46c0      	nop			; (mov r8, r8)
20000cf4:	fffffbff 	.word	0xfffffbff
20000cf8:	50110000 	.word	0x50110000
20000cfc:	10004de4 	.word	0x10004de4

20000d00 <hw_endpoint_start_next_buffer>:
20000d00:	6843      	ldr	r3, [r0, #4]
20000d02:	b570      	push	{r4, r5, r6, lr}
20000d04:	2100      	movs	r1, #0
20000d06:	2580      	movs	r5, #128	; 0x80
20000d08:	681e      	ldr	r6, [r3, #0]
20000d0a:	0004      	movs	r4, r0
20000d0c:	f7ff feb4 	bl	20000a78 <prepare_ep_buffer>
20000d10:	4b13      	ldr	r3, [pc, #76]	; (20000d60 <hw_endpoint_start_next_buffer+0x60>)
20000d12:	016d      	lsls	r5, r5, #5
20000d14:	6c1b      	ldr	r3, [r3, #64]	; 0x40
20000d16:	4305      	orrs	r5, r0
20000d18:	079b      	lsls	r3, r3, #30
20000d1a:	d50f      	bpl.n	20000d3c <hw_endpoint_start_next_buffer+0x3c>
20000d1c:	78a3      	ldrb	r3, [r4, #2]
20000d1e:	065b      	lsls	r3, r3, #25
20000d20:	d00f      	beq.n	20000d42 <hw_endpoint_start_next_buffer+0x42>
20000d22:	4b10      	ldr	r3, [pc, #64]	; (20000d64 <hw_endpoint_start_next_buffer+0x64>)
20000d24:	401e      	ands	r6, r3
20000d26:	2380      	movs	r3, #128	; 0x80
20000d28:	059b      	lsls	r3, r3, #22
20000d2a:	4333      	orrs	r3, r6
20000d2c:	6862      	ldr	r2, [r4, #4]
20000d2e:	2100      	movs	r1, #0
20000d30:	6013      	str	r3, [r2, #0]
20000d32:	0020      	movs	r0, r4
20000d34:	002a      	movs	r2, r5
20000d36:	f7ff ffbb 	bl	20000cb0 <_hw_endpoint_buffer_control_update32>
20000d3a:	bd70      	pop	{r4, r5, r6, pc}
20000d3c:	78a3      	ldrb	r3, [r4, #2]
20000d3e:	09db      	lsrs	r3, r3, #7
20000d40:	d0ef      	beq.n	20000d22 <hw_endpoint_start_next_buffer+0x22>
20000d42:	8aa3      	ldrh	r3, [r4, #20]
20000d44:	2b00      	cmp	r3, #0
20000d46:	d0ec      	beq.n	20000d22 <hw_endpoint_start_next_buffer+0x22>
20000d48:	2101      	movs	r1, #1
20000d4a:	0020      	movs	r0, r4
20000d4c:	f7ff fe94 	bl	20000a78 <prepare_ep_buffer>
20000d50:	23a0      	movs	r3, #160	; 0xa0
20000d52:	4a05      	ldr	r2, [pc, #20]	; (20000d68 <hw_endpoint_start_next_buffer+0x68>)
20000d54:	05db      	lsls	r3, r3, #23
20000d56:	4032      	ands	r2, r6
20000d58:	4305      	orrs	r5, r0
20000d5a:	4313      	orrs	r3, r2
20000d5c:	e7e6      	b.n	20000d2c <hw_endpoint_start_next_buffer+0x2c>
20000d5e:	46c0      	nop			; (mov r8, r8)
20000d60:	50110000 	.word	0x50110000
20000d64:	afffffff 	.word	0xafffffff
20000d68:	dfffffff 	.word	0xdfffffff

20000d6c <hw_endpoint_xfer_continue>:
20000d6c:	b570      	push	{r4, r5, r6, lr}
20000d6e:	7e85      	ldrb	r5, [r0, #26]
20000d70:	0004      	movs	r4, r0
20000d72:	2d00      	cmp	r5, #0
20000d74:	d013      	beq.n	20000d9e <hw_endpoint_xfer_continue+0x32>
20000d76:	f7ff ff53 	bl	20000c20 <_hw_endpoint_xfer_sync>
20000d7a:	8aa3      	ldrh	r3, [r4, #20]
20000d7c:	2b00      	cmp	r3, #0
20000d7e:	d101      	bne.n	20000d84 <hw_endpoint_xfer_continue+0x18>
20000d80:	0028      	movs	r0, r5
20000d82:	bd70      	pop	{r4, r5, r6, pc}
20000d84:	0020      	movs	r0, r4
20000d86:	f7ff ff73 	bl	20000c70 <e15_is_critical_frame_period>
20000d8a:	1e05      	subs	r5, r0, #0
20000d8c:	d003      	beq.n	20000d96 <hw_endpoint_xfer_continue+0x2a>
20000d8e:	2301      	movs	r3, #1
20000d90:	2500      	movs	r5, #0
20000d92:	7723      	strb	r3, [r4, #28]
20000d94:	e7f4      	b.n	20000d80 <hw_endpoint_xfer_continue+0x14>
20000d96:	0020      	movs	r0, r4
20000d98:	f7ff ffb2 	bl	20000d00 <hw_endpoint_start_next_buffer>
20000d9c:	e7f0      	b.n	20000d80 <hw_endpoint_xfer_continue+0x14>
20000d9e:	7881      	ldrb	r1, [r0, #2]
20000da0:	4801      	ldr	r0, [pc, #4]	; (20000da8 <hw_endpoint_xfer_continue+0x3c>)
20000da2:	f000 f91d 	bl	20000fe0 <__panic_veneer>
20000da6:	46c0      	nop			; (mov r8, r8)
20000da8:	10004e04 	.word	0x10004e04

20000dac <dcd_event_handler>:
20000dac:	b5f0      	push	{r4, r5, r6, r7, lr}
20000dae:	46ce      	mov	lr, r9
20000db0:	4647      	mov	r7, r8
20000db2:	b580      	push	{r7, lr}
20000db4:	7843      	ldrb	r3, [r0, #1]
20000db6:	0005      	movs	r5, r0
20000db8:	000e      	movs	r6, r1
20000dba:	b085      	sub	sp, #20
20000dbc:	2b06      	cmp	r3, #6
20000dbe:	d812      	bhi.n	20000de6 <dcd_event_handler+0x3a>
20000dc0:	4a6f      	ldr	r2, [pc, #444]	; (20000f80 <dcd_event_handler+0x1d4>)
20000dc2:	009b      	lsls	r3, r3, #2
20000dc4:	58d3      	ldr	r3, [r2, r3]
20000dc6:	469f      	mov	pc, r3
20000dc8:	2101      	movs	r1, #1
20000dca:	4b6e      	ldr	r3, [pc, #440]	; (20000f84 <dcd_event_handler+0x1d8>)
20000dcc:	781a      	ldrb	r2, [r3, #0]
20000dce:	438a      	bics	r2, r1
20000dd0:	701a      	strb	r2, [r3, #0]
20000dd2:	781a      	ldrb	r2, [r3, #0]
20000dd4:	3101      	adds	r1, #1
20000dd6:	438a      	bics	r2, r1
20000dd8:	701a      	strb	r2, [r3, #0]
20000dda:	2200      	movs	r2, #0
20000ddc:	705a      	strb	r2, [r3, #1]
20000dde:	781a      	ldrb	r2, [r3, #0]
20000de0:	3102      	adds	r1, #2
20000de2:	438a      	bics	r2, r1
20000de4:	701a      	strb	r2, [r3, #0]
20000de6:	4b68      	ldr	r3, [pc, #416]	; (20000f88 <dcd_event_handler+0x1dc>)
20000de8:	681c      	ldr	r4, [r3, #0]
20000dea:	6962      	ldr	r2, [r4, #20]
20000dec:	f3ef 8110 	mrs	r1, PRIMASK
20000df0:	b672      	cpsid	i
20000df2:	6813      	ldr	r3, [r2, #0]
20000df4:	2b00      	cmp	r3, #0
20000df6:	d0fc      	beq.n	20000df2 <dcd_event_handler+0x46>
20000df8:	f3bf 8f5f 	dmb	sy
20000dfc:	61a1      	str	r1, [r4, #24]
20000dfe:	0020      	movs	r0, r4
20000e00:	0029      	movs	r1, r5
20000e02:	f000 f8d5 	bl	20000fb0 <__tu_fifo_write_veneer>
20000e06:	6962      	ldr	r2, [r4, #20]
20000e08:	69a3      	ldr	r3, [r4, #24]
20000e0a:	f3bf 8f5f 	dmb	sy
20000e0e:	2100      	movs	r1, #0
20000e10:	6011      	str	r1, [r2, #0]
20000e12:	f383 8810 	msr	PRIMASK, r3
20000e16:	2800      	cmp	r0, #0
20000e18:	d104      	bne.n	20000e24 <dcd_event_handler+0x78>
20000e1a:	b005      	add	sp, #20
20000e1c:	bcc0      	pop	{r6, r7}
20000e1e:	46b9      	mov	r9, r7
20000e20:	46b0      	mov	r8, r6
20000e22:	bdf0      	pop	{r4, r5, r6, r7, pc}
20000e24:	0032      	movs	r2, r6
20000e26:	7869      	ldrb	r1, [r5, #1]
20000e28:	7828      	ldrb	r0, [r5, #0]
20000e2a:	f000 f8b9 	bl	20000fa0 <__tud_event_hook_cb_veneer>
20000e2e:	e7f4      	b.n	20000e1a <dcd_event_handler+0x6e>
20000e30:	4a56      	ldr	r2, [pc, #344]	; (20000f8c <dcd_event_handler+0x1e0>)
20000e32:	7813      	ldrb	r3, [r2, #0]
20000e34:	3301      	adds	r3, #1
20000e36:	b2db      	uxtb	r3, r3
20000e38:	7013      	strb	r3, [r2, #0]
20000e3a:	e7d4      	b.n	20000de6 <dcd_event_handler+0x3a>
20000e3c:	4954      	ldr	r1, [pc, #336]	; (20000f90 <dcd_event_handler+0x1e4>)
20000e3e:	4f55      	ldr	r7, [pc, #340]	; (20000f94 <dcd_event_handler+0x1e8>)
20000e40:	4689      	mov	r9, r1
20000e42:	4955      	ldr	r1, [pc, #340]	; (20000f98 <dcd_event_handler+0x1ec>)
20000e44:	2400      	movs	r4, #0
20000e46:	2300      	movs	r3, #0
20000e48:	4688      	mov	r8, r1
20000e4a:	783a      	ldrb	r2, [r7, #0]
20000e4c:	e00c      	b.n	20000e68 <dcd_event_handler+0xbc>
20000e4e:	4641      	mov	r1, r8
20000e50:	6809      	ldr	r1, [r1, #0]
20000e52:	0163      	lsls	r3, r4, #5
20000e54:	468c      	mov	ip, r1
20000e56:	4463      	add	r3, ip
20000e58:	2b00      	cmp	r3, #0
20000e5a:	d10a      	bne.n	20000e72 <dcd_event_handler+0xc6>
20000e5c:	3401      	adds	r4, #1
20000e5e:	b2e4      	uxtb	r4, r4
20000e60:	1c51      	adds	r1, r2, #1
20000e62:	0023      	movs	r3, r4
20000e64:	42a1      	cmp	r1, r4
20000e66:	db11      	blt.n	20000e8c <dcd_event_handler+0xe0>
20000e68:	4294      	cmp	r4, r2
20000e6a:	d3f0      	bcc.n	20000e4e <dcd_event_handler+0xa2>
20000e6c:	1a9b      	subs	r3, r3, r2
20000e6e:	015b      	lsls	r3, r3, #5
20000e70:	444b      	add	r3, r9
20000e72:	69db      	ldr	r3, [r3, #28]
20000e74:	2b00      	cmp	r3, #0
20000e76:	d0f1      	beq.n	20000e5c <dcd_event_handler+0xb0>
20000e78:	6869      	ldr	r1, [r5, #4]
20000e7a:	7828      	ldrb	r0, [r5, #0]
20000e7c:	4798      	blx	r3
20000e7e:	783a      	ldrb	r2, [r7, #0]
20000e80:	3401      	adds	r4, #1
20000e82:	b2e4      	uxtb	r4, r4
20000e84:	1c51      	adds	r1, r2, #1
20000e86:	0023      	movs	r3, r4
20000e88:	42a1      	cmp	r1, r4
20000e8a:	daed      	bge.n	20000e68 <dcd_event_handler+0xbc>
20000e8c:	4f3d      	ldr	r7, [pc, #244]	; (20000f84 <dcd_event_handler+0x1d8>)
20000e8e:	783b      	ldrb	r3, [r7, #0]
20000e90:	075b      	lsls	r3, r3, #29
20000e92:	d52a      	bpl.n	20000eea <dcd_event_handler+0x13e>
20000e94:	2204      	movs	r2, #4
20000e96:	783b      	ldrb	r3, [r7, #0]
20000e98:	ac01      	add	r4, sp, #4
20000e9a:	4393      	bics	r3, r2
20000e9c:	2100      	movs	r1, #0
20000e9e:	0020      	movs	r0, r4
20000ea0:	3208      	adds	r2, #8
20000ea2:	703b      	strb	r3, [r7, #0]
20000ea4:	f000 f8a4 	bl	20000ff0 <____wrap_memset_veneer>
20000ea8:	782b      	ldrb	r3, [r5, #0]
20000eaa:	7023      	strb	r3, [r4, #0]
20000eac:	2305      	movs	r3, #5
20000eae:	7063      	strb	r3, [r4, #1]
20000eb0:	4b35      	ldr	r3, [pc, #212]	; (20000f88 <dcd_event_handler+0x1dc>)
20000eb2:	681b      	ldr	r3, [r3, #0]
20000eb4:	4698      	mov	r8, r3
20000eb6:	695a      	ldr	r2, [r3, #20]
20000eb8:	f3ef 8110 	mrs	r1, PRIMASK
20000ebc:	b672      	cpsid	i
20000ebe:	6813      	ldr	r3, [r2, #0]
20000ec0:	2b00      	cmp	r3, #0
20000ec2:	d0fc      	beq.n	20000ebe <dcd_event_handler+0x112>
20000ec4:	f3bf 8f5f 	dmb	sy
20000ec8:	4643      	mov	r3, r8
20000eca:	4640      	mov	r0, r8
20000ecc:	6199      	str	r1, [r3, #24]
20000ece:	0021      	movs	r1, r4
20000ed0:	f000 f86e 	bl	20000fb0 <__tu_fifo_write_veneer>
20000ed4:	4643      	mov	r3, r8
20000ed6:	695a      	ldr	r2, [r3, #20]
20000ed8:	699b      	ldr	r3, [r3, #24]
20000eda:	f3bf 8f5f 	dmb	sy
20000ede:	2100      	movs	r1, #0
20000ee0:	6011      	str	r1, [r2, #0]
20000ee2:	f383 8810 	msr	PRIMASK, r3
20000ee6:	2800      	cmp	r0, #0
20000ee8:	d144      	bne.n	20000f74 <dcd_event_handler+0x1c8>
20000eea:	78fb      	ldrb	r3, [r7, #3]
20000eec:	07db      	lsls	r3, r3, #31
20000eee:	d400      	bmi.n	20000ef2 <dcd_event_handler+0x146>
20000ef0:	e793      	b.n	20000e1a <dcd_event_handler+0x6e>
20000ef2:	ac01      	add	r4, sp, #4
20000ef4:	220c      	movs	r2, #12
20000ef6:	2100      	movs	r1, #0
20000ef8:	0020      	movs	r0, r4
20000efa:	f000 f879 	bl	20000ff0 <____wrap_memset_veneer>
20000efe:	782b      	ldrb	r3, [r5, #0]
20000f00:	7023      	strb	r3, [r4, #0]
20000f02:	2303      	movs	r3, #3
20000f04:	7063      	strb	r3, [r4, #1]
20000f06:	686b      	ldr	r3, [r5, #4]
20000f08:	6063      	str	r3, [r4, #4]
20000f0a:	4b1f      	ldr	r3, [pc, #124]	; (20000f88 <dcd_event_handler+0x1dc>)
20000f0c:	681d      	ldr	r5, [r3, #0]
20000f0e:	696a      	ldr	r2, [r5, #20]
20000f10:	f3ef 8110 	mrs	r1, PRIMASK
20000f14:	b672      	cpsid	i
20000f16:	6813      	ldr	r3, [r2, #0]
20000f18:	2b00      	cmp	r3, #0
20000f1a:	d0fc      	beq.n	20000f16 <dcd_event_handler+0x16a>
20000f1c:	f3bf 8f5f 	dmb	sy
20000f20:	61a9      	str	r1, [r5, #24]
20000f22:	0028      	movs	r0, r5
20000f24:	0021      	movs	r1, r4
20000f26:	f000 f843 	bl	20000fb0 <__tu_fifo_write_veneer>
20000f2a:	696a      	ldr	r2, [r5, #20]
20000f2c:	69ab      	ldr	r3, [r5, #24]
20000f2e:	f3bf 8f5f 	dmb	sy
20000f32:	2100      	movs	r1, #0
20000f34:	6011      	str	r1, [r2, #0]
20000f36:	f383 8810 	msr	PRIMASK, r3
20000f3a:	2800      	cmp	r0, #0
20000f3c:	d100      	bne.n	20000f40 <dcd_event_handler+0x194>
20000f3e:	e76c      	b.n	20000e1a <dcd_event_handler+0x6e>
20000f40:	0032      	movs	r2, r6
20000f42:	7861      	ldrb	r1, [r4, #1]
20000f44:	7820      	ldrb	r0, [r4, #0]
20000f46:	f000 f82b 	bl	20000fa0 <__tud_event_hook_cb_veneer>
20000f4a:	e766      	b.n	20000e1a <dcd_event_handler+0x6e>
20000f4c:	4b0d      	ldr	r3, [pc, #52]	; (20000f84 <dcd_event_handler+0x1d8>)
20000f4e:	781a      	ldrb	r2, [r3, #0]
20000f50:	07d2      	lsls	r2, r2, #31
20000f52:	d400      	bmi.n	20000f56 <dcd_event_handler+0x1aa>
20000f54:	e761      	b.n	20000e1a <dcd_event_handler+0x6e>
20000f56:	2104      	movs	r1, #4
20000f58:	781a      	ldrb	r2, [r3, #0]
20000f5a:	430a      	orrs	r2, r1
20000f5c:	701a      	strb	r2, [r3, #0]
20000f5e:	e742      	b.n	20000de6 <dcd_event_handler+0x3a>
20000f60:	4b08      	ldr	r3, [pc, #32]	; (20000f84 <dcd_event_handler+0x1d8>)
20000f62:	781a      	ldrb	r2, [r3, #0]
20000f64:	07d2      	lsls	r2, r2, #31
20000f66:	d400      	bmi.n	20000f6a <dcd_event_handler+0x1be>
20000f68:	e757      	b.n	20000e1a <dcd_event_handler+0x6e>
20000f6a:	2104      	movs	r1, #4
20000f6c:	781a      	ldrb	r2, [r3, #0]
20000f6e:	438a      	bics	r2, r1
20000f70:	701a      	strb	r2, [r3, #0]
20000f72:	e738      	b.n	20000de6 <dcd_event_handler+0x3a>
20000f74:	0032      	movs	r2, r6
20000f76:	7861      	ldrb	r1, [r4, #1]
20000f78:	7820      	ldrb	r0, [r4, #0]
20000f7a:	f000 f811 	bl	20000fa0 <__tud_event_hook_cb_veneer>
20000f7e:	e7b4      	b.n	20000eea <dcd_event_handler+0x13e>
20000f80:	10004eb8 	.word	0x10004eb8
20000f84:	20001544 	.word	0x20001544
20000f88:	2000159c 	.word	0x2000159c
20000f8c:	20001feb 	.word	0x20001feb
20000f90:	10004ed4 	.word	0x10004ed4
20000f94:	20001fe9 	.word	0x20001fe9
20000f98:	20001394 	.word	0x20001394

20000f9c <__aeabi_idiv0>:
20000f9c:	4770      	bx	lr
20000f9e:	46c0      	nop			; (mov r8, r8)

20000fa0 <__tud_event_hook_cb_veneer>:
20000fa0:	b401      	push	{r0}
20000fa2:	4802      	ldr	r0, [pc, #8]	; (20000fac <__tud_event_hook_cb_veneer+0xc>)
20000fa4:	4684      	mov	ip, r0
20000fa6:	bc01      	pop	{r0}
20000fa8:	4760      	bx	ip
20000faa:	bf00      	nop
20000fac:	10002c71 	.word	0x10002c71

20000fb0 <__tu_fifo_write_veneer>:
20000fb0:	b401      	push	{r0}
20000fb2:	4802      	ldr	r0, [pc, #8]	; (20000fbc <__tu_fifo_write_veneer+0xc>)
20000fb4:	4684      	mov	ip, r0
20000fb6:	bc01      	pop	{r0}
20000fb8:	4760      	bx	ip
20000fba:	bf00      	nop
20000fbc:	100046f9 	.word	0x100046f9

20000fc0 <__time_us_64_veneer>:
20000fc0:	b401      	push	{r0}
20000fc2:	4802      	ldr	r0, [pc, #8]	; (20000fcc <__time_us_64_veneer+0xc>)
20000fc4:	4684      	mov	ip, r0
20000fc6:	bc01      	pop	{r0}
20000fc8:	4760      	bx	ip
20000fca:	bf00      	nop
20000fcc:	100013a9 	.word	0x100013a9

20000fd0 <____wrap___aeabi_lmul_veneer>:
20000fd0:	b401      	push	{r0}
20000fd2:	4802      	ldr	r0, [pc, #8]	; (20000fdc <____wrap___aeabi_lmul_veneer+0xc>)
20000fd4:	4684      	mov	ip, r0
20000fd6:	bc01      	pop	{r0}
20000fd8:	4760      	bx	ip
20000fda:	bf00      	nop
20000fdc:	10001da1 	.word	0x10001da1

20000fe0 <__panic_veneer>:
20000fe0:	b401      	push	{r0}
20000fe2:	4802      	ldr	r0, [pc, #8]	; (20000fec <__panic_veneer+0xc>)
20000fe4:	4684      	mov	ip, r0
20000fe6:	bc01      	pop	{r0}
20000fe8:	4760      	bx	ip
20000fea:	bf00      	nop
20000fec:	100005a9 	.word	0x100005a9

20000ff0 <____wrap_memset_veneer>:
20000ff0:	b401      	push	{r0}
20000ff2:	4802      	ldr	r0, [pc, #8]	; (20000ffc <____wrap_memset_veneer+0xc>)
20000ff4:	4684      	mov	ip, r0
20000ff6:	bc01      	pop	{r0}
20000ff8:	4760      	bx	ip
20000ffa:	bf00      	nop
20000ffc:	10001e4d 	.word	0x10001e4d

20001000 <__rp2040_chip_version_veneer>:
20001000:	b401      	push	{r0}
20001002:	4802      	ldr	r0, [pc, #8]	; (2000100c <__rp2040_chip_version_veneer+0xc>)
20001004:	4684      	mov	ip, r0
20001006:	bc01      	pop	{r0}
20001008:	4760      	bx	ip
2000100a:	bf00      	nop
2000100c:	1000059d 	.word	0x1000059d

20001010 <__best_effort_wfe_or_timeout_veneer>:
20001010:	b401      	push	{r0}
20001012:	4802      	ldr	r0, [pc, #8]	; (2000101c <__best_effort_wfe_or_timeout_veneer+0xc>)
20001014:	4684      	mov	ip, r0
20001016:	bc01      	pop	{r0}
20001018:	4760      	bx	ip
2000101a:	bf00      	nop
2000101c:	10001289 	.word	0x10001289

20001020 <striped_spin_lock_num>:
20001020:	00000010                                ....

20001024 <irq_handler_chain_slots>:
20001024:	00000000 	.word	0x00000000
20001028:	00010000 	.word	0x00010000
	...
20001034:	00020000 	.word	0x00020000
	...
20001040:	00030000 	.word	0x00030000
	...
2000104c:	00ff0000 	.word	0x00ff0000
20001050:	00000000 	.word	0x00000000

20001054 <irq_handler_chain_first_slot>:
20001054:	b501      	push	{r0, lr}
20001056:	6848      	ldr	r0, [r1, #4]
20001058:	3101      	adds	r1, #1
2000105a:	468e      	mov	lr, r1
2000105c:	4700      	bx	r0

2000105e <irq_handler_chain_remove_tail>:
2000105e:	4670      	mov	r0, lr
20001060:	3809      	subs	r0, #9
20001062:	4901      	ldr	r1, [pc, #4]	; (20001068 <irq_handler_chain_remove_tail+0xa>)
20001064:	4788      	blx	r1
20001066:	bd01      	pop	{r0, pc}
20001068:	100009dd 	.word	0x100009dd

2000106c <default_alarm_pool>:
	...
20001080:	200010f0 00000000 00000000 00000000     ... ............

20001090 <aeabi_bits_funcs>:
20001090:	00003350 	.word	0x00003350
20001094:	0000334c 	.word	0x0000334c
20001098:	00003354 	.word	0x00003354
2000109c:	00003352 	.word	0x00003352

200010a0 <aeabi_bits_funcs_end>:
200010a0:	0000534d 	.word	0x0000534d
200010a4:	0000434d 	.word	0x0000434d
200010a8:	00003453 	.word	0x00003453
200010ac:	00003443 	.word	0x00003443

200010b0 <stdio_usb>:
200010b0:	10002425 100023d5 10002345 100022bd     %$...#..E#..."..
200010c0:	00000000 00000100                       ........

200010c8 <_usbd_qdef>:
200010c8:	200015a0 000c0010 00000000 00000000     ... ............
	...

200010e4 <_usbd_rhport>:
200010e4:	000000ff                                ....

200010e8 <print_mutex>:
	...
