
/home/kwon/pico_ws/interrupt/build/interrupt.elf:     file format elf32-littlearm

Sections:
Idx Name          Size      VMA       LMA       File off  Algn
  0 .boot2        00000100  10000000  10000000  00001000  2**0
                  CONTENTS, ALLOC, LOAD, READONLY, CODE
  1 .text         00004b2c  10000100  10000100  00001100  2**3
                  CONTENTS, ALLOC, LOAD, READONLY, CODE
  2 .rodata       00000414  10004c2c  10004c2c  00005c2c  2**2
                  CONTENTS, ALLOC, LOAD, READONLY, DATA
  3 .binary_info  00000020  10005040  10005040  00006040  2**2
                  CONTENTS, ALLOC, LOAD, READONLY, DATA
  4 .ram_vector_table 000000c0  20000000  20000000  00008000  2**2
                  ALLOC
  5 .uninitialized_data 00000000  200000c0  200000c0  000070f0  2**0
                  CONTENTS
  6 .data         00001030  200000c0  10005060  000060c0  2**4
                  CONTENTS, ALLOC, LOAD, READONLY, CODE
  7 .tdata        00000000  200010f0  200010f0  000070f0  2**0
                  CONTENTS, ALLOC, LOAD, DATA, THREAD_LOCAL
  8 .tbss         00000000  200010f0  200010f0  00000000  2**0
                  ALLOC, THREAD_LOCAL
  9 .bss          00000f10  200010f0  10006090  000070f0  2**3
                  ALLOC
 10 .heap         00000800  20002000  10006090  00008000  2**2
                  ALLOC, READONLY
 11 .scratch_x    00000000  20040000  20040000  000070f0  2**0
                  CONTENTS
 12 .scratch_y    00000000  20041000  20041000  000070f0  2**0
                  CONTENTS
 13 .stack_dummy  00000800  20041000  20041000  00008000  2**5
                  ALLOC, READONLY
 14 .ARM.attributes 00000028  00000000  00000000  000070f0  2**0
                  CONTENTS, READONLY
 15 .comment      00000033  00000000  00000000  00007118  2**0
                  CONTENTS, READONLY
 16 .debug_info   0002fc35  00000000  00000000  0000714b  2**0
                  CONTENTS, READONLY, DEBUGGING, OCTETS
 17 .debug_abbrev 0000815e  00000000  00000000  00036d80  2**0
                  CONTENTS, READONLY, DEBUGGING, OCTETS
 18 .debug_loc    00025f61  00000000  00000000  0003eede  2**0
                  CONTENTS, READONLY, DEBUGGING, OCTETS
 19 .debug_aranges 00001690  00000000  00000000  00064e40  2**3
                  CONTENTS, READONLY, DEBUGGING, OCTETS
 20 .debug_ranges 0000c290  00000000  00000000  000664d0  2**3
                  CONTENTS, READONLY, DEBUGGING, OCTETS
 21 .debug_line   0001fda7  00000000  00000000  00072760  2**0
                  CONTENTS, READONLY, DEBUGGING, OCTETS
 22 .debug_str    0000882d  00000000  00000000  00092507  2**0
                  CONTENTS, READONLY, DEBUGGING, OCTETS
 23 .debug_frame  00002ed8  00000000  00000000  0009ad34  2**2
                  CONTENTS, READONLY, DEBUGGING, OCTETS

/home/kwon/pico_ws/interrupt/build/interrupt.elf:     file format elf32-littlearm


Disassembly of section .boot2:

10000000 <__boot2_start__>:
10000000:	4b32b500 	.word	0x4b32b500
10000004:	60582021 	.word	0x60582021
10000008:	21026898 	.word	0x21026898
1000000c:	60984388 	.word	0x60984388
10000010:	611860d8 	.word	0x611860d8
10000014:	4b2e6158 	.word	0x4b2e6158
10000018:	60992100 	.word	0x60992100
1000001c:	61592102 	.word	0x61592102
10000020:	22f02101 	.word	0x22f02101
10000024:	492b5099 	.word	0x492b5099
10000028:	21016019 	.word	0x21016019
1000002c:	20356099 	.word	0x20356099
10000030:	f844f000 	.word	0xf844f000
10000034:	42902202 	.word	0x42902202
10000038:	2106d014 	.word	0x2106d014
1000003c:	f0006619 	.word	0xf0006619
10000040:	6e19f834 	.word	0x6e19f834
10000044:	66192101 	.word	0x66192101
10000048:	66182000 	.word	0x66182000
1000004c:	f000661a 	.word	0xf000661a
10000050:	6e19f82c 	.word	0x6e19f82c
10000054:	6e196e19 	.word	0x6e196e19
10000058:	f0002005 	.word	0xf0002005
1000005c:	2101f82f 	.word	0x2101f82f
10000060:	d1f94208 	.word	0xd1f94208
10000064:	60992100 	.word	0x60992100
10000068:	6019491b 	.word	0x6019491b
1000006c:	60592100 	.word	0x60592100
10000070:	481b491a 	.word	0x481b491a
10000074:	21016001 	.word	0x21016001
10000078:	21eb6099 	.word	0x21eb6099
1000007c:	21a06619 	.word	0x21a06619
10000080:	f0006619 	.word	0xf0006619
10000084:	2100f812 	.word	0x2100f812
10000088:	49166099 	.word	0x49166099
1000008c:	60014814 	.word	0x60014814
10000090:	60992101 	.word	0x60992101
10000094:	2800bc01 	.word	0x2800bc01
10000098:	4700d000 	.word	0x4700d000
1000009c:	49134812 	.word	0x49134812
100000a0:	c8036008 	.word	0xc8036008
100000a4:	8808f380 	.word	0x8808f380
100000a8:	b5034708 	.word	0xb5034708
100000ac:	20046a99 	.word	0x20046a99
100000b0:	d0fb4201 	.word	0xd0fb4201
100000b4:	42012001 	.word	0x42012001
100000b8:	bd03d1f8 	.word	0xbd03d1f8
100000bc:	6618b502 	.word	0x6618b502
100000c0:	f7ff6618 	.word	0xf7ff6618
100000c4:	6e18fff2 	.word	0x6e18fff2
100000c8:	bd026e18 	.word	0xbd026e18
100000cc:	40020000 	.word	0x40020000
100000d0:	18000000 	.word	0x18000000
100000d4:	00070000 	.word	0x00070000
100000d8:	005f0300 	.word	0x005f0300
100000dc:	00002221 	.word	0x00002221
100000e0:	180000f4 	.word	0x180000f4
100000e4:	a0002022 	.word	0xa0002022
100000e8:	10000100 	.word	0x10000100
100000ec:	e000ed08 	.word	0xe000ed08
	...
100000fc:	7a4eb274 	.word	0x7a4eb274

Disassembly of section .text:

10000100 <__VECTOR_TABLE>:
10000100:	20042000 	.word	0x20042000
10000104:	100001f7 	.word	0x100001f7
10000108:	100001cb 	.word	0x100001cb
1000010c:	100001cd 	.word	0x100001cd
10000110:	100001c9 	.word	0x100001c9
10000114:	100001c9 	.word	0x100001c9
10000118:	100001c9 	.word	0x100001c9
1000011c:	100001c9 	.word	0x100001c9
10000120:	100001c9 	.word	0x100001c9
10000124:	100001c9 	.word	0x100001c9
10000128:	100001c9 	.word	0x100001c9
1000012c:	100001cf 	.word	0x100001cf
10000130:	100001c9 	.word	0x100001c9
10000134:	100001c9 	.word	0x100001c9
10000138:	100001d1 	.word	0x100001d1
1000013c:	100001d3 	.word	0x100001d3
10000140:	100001c1 	.word	0x100001c1
10000144:	100001c1 	.word	0x100001c1
10000148:	100001c1 	.word	0x100001c1
1000014c:	100001c1 	.word	0x100001c1
10000150:	100001c1 	.word	0x100001c1
10000154:	100001c1 	.word	0x100001c1
10000158:	100001c1 	.word	0x100001c1
1000015c:	100001c1 	.word	0x100001c1
10000160:	100001c1 	.word	0x100001c1
10000164:	100001c1 	.word	0x100001c1
10000168:	100001c1 	.word	0x100001c1
1000016c:	100001c1 	.word	0x100001c1
10000170:	100001c1 	.word	0x100001c1
10000174:	100001c1 	.word	0x100001c1
10000178:	100001c1 	.word	0x100001c1
1000017c:	100001c1 	.word	0x100001c1
10000180:	100001c1 	.word	0x100001c1
10000184:	100001c1 	.word	0x100001c1
10000188:	100001c1 	.word	0x100001c1
1000018c:	100001c1 	.word	0x100001c1
10000190:	100001c1 	.word	0x100001c1
10000194:	100001c1 	.word	0x100001c1
10000198:	100001c1 	.word	0x100001c1
1000019c:	100001c1 	.word	0x100001c1
100001a0:	100001c1 	.word	0x100001c1
100001a4:	100001c1 	.word	0x100001c1
100001a8:	100001c1 	.word	0x100001c1
100001ac:	100001c1 	.word	0x100001c1
100001b0:	100001c1 	.word	0x100001c1
100001b4:	100001c1 	.word	0x100001c1
100001b8:	100001c1 	.word	0x100001c1
100001bc:	100001c1 	.word	0x100001c1

100001c0 <__unhandled_user_irq>:
100001c0:	f3ef 8005 	mrs	r0, IPSR
100001c4:	3810      	subs	r0, #16

100001c6 <unhandled_user_irq_num_in_r0>:
100001c6:	be00      	bkpt	0x0000

100001c8 <isr_invalid>:
100001c8:	be00      	bkpt	0x0000

100001ca <isr_nmi>:
100001ca:	be00      	bkpt	0x0000

100001cc <isr_hardfault>:
100001cc:	be00      	bkpt	0x0000

100001ce <isr_svcall>:
100001ce:	be00      	bkpt	0x0000

100001d0 <isr_pendsv>:
100001d0:	be00      	bkpt	0x0000

100001d2 <isr_systick>:
100001d2:	be00      	bkpt	0x0000

100001d4 <__default_isrs_end>:
100001d4:	7188ebf2 	.word	0x7188ebf2
100001d8:	10005040 	.word	0x10005040
100001dc:	10005060 	.word	0x10005060
100001e0:	10000238 	.word	0x10000238
100001e4:	e71aa390 	.word	0xe71aa390

100001e8 <_entry_point>:
100001e8:	481e      	ldr	r0, [pc, #120]	; (10000264 <data_cpy_table+0x2c>)

100001ea <_enter_vtable_in_r0>:
100001ea:	491f      	ldr	r1, [pc, #124]	; (10000268 <data_cpy_table+0x30>)
100001ec:	6008      	str	r0, [r1, #0]
100001ee:	c806      	ldmia	r0!, {r1, r2}
100001f0:	f381 8808 	msr	MSP, r1
100001f4:	4710      	bx	r2

100001f6 <_reset_handler>:
100001f6:	481d      	ldr	r0, [pc, #116]	; (1000026c <data_cpy_table+0x34>)
100001f8:	6800      	ldr	r0, [r0, #0]
100001fa:	2800      	cmp	r0, #0
100001fc:	d001      	beq.n	10000202 <hold_non_core0_in_bootrom+0x4>

100001fe <hold_non_core0_in_bootrom>:
100001fe:	4819      	ldr	r0, [pc, #100]	; (10000264 <data_cpy_table+0x2c>)
10000200:	e7f3      	b.n	100001ea <_enter_vtable_in_r0>
10000202:	a40d      	add	r4, pc, #52	; (adr r4, 10000238 <data_cpy_table>)
10000204:	cc0e      	ldmia	r4!, {r1, r2, r3}
10000206:	2900      	cmp	r1, #0
10000208:	d002      	beq.n	10000210 <hold_non_core0_in_bootrom+0x12>
1000020a:	f000 f812 	bl	10000232 <data_cpy>
1000020e:	e7f9      	b.n	10000204 <hold_non_core0_in_bootrom+0x6>
10000210:	4917      	ldr	r1, [pc, #92]	; (10000270 <data_cpy_table+0x38>)
10000212:	4a18      	ldr	r2, [pc, #96]	; (10000274 <data_cpy_table+0x3c>)
10000214:	2000      	movs	r0, #0
10000216:	e000      	b.n	1000021a <bss_fill_test>

10000218 <bss_fill_loop>:
10000218:	c101      	stmia	r1!, {r0}

1000021a <bss_fill_test>:
1000021a:	4291      	cmp	r1, r2
1000021c:	d1fc      	bne.n	10000218 <bss_fill_loop>

1000021e <platform_entry>:
1000021e:	4916      	ldr	r1, [pc, #88]	; (10000278 <data_cpy_table+0x40>)
10000220:	4788      	blx	r1
10000222:	4916      	ldr	r1, [pc, #88]	; (1000027c <data_cpy_table+0x44>)
10000224:	4788      	blx	r1
10000226:	4916      	ldr	r1, [pc, #88]	; (10000280 <data_cpy_table+0x48>)
10000228:	4788      	blx	r1
1000022a:	be00      	bkpt	0x0000
1000022c:	e7fd      	b.n	1000022a <platform_entry+0xc>

1000022e <data_cpy_loop>:
1000022e:	c901      	ldmia	r1!, {r0}
10000230:	c201      	stmia	r2!, {r0}

10000232 <data_cpy>:
10000232:	429a      	cmp	r2, r3
10000234:	d3fb      	bcc.n	1000022e <data_cpy_loop>
10000236:	4770      	bx	lr

10000238 <data_cpy_table>:
10000238:	10005060 	.word	0x10005060
1000023c:	200000c0 	.word	0x200000c0
10000240:	200010f0 	.word	0x200010f0
10000244:	10006090 	.word	0x10006090
10000248:	20040000 	.word	0x20040000
1000024c:	20040000 	.word	0x20040000
10000250:	10006090 	.word	0x10006090
10000254:	20041000 	.word	0x20041000
10000258:	20041000 	.word	0x20041000
1000025c:	00000000 	.word	0x00000000
10000260:	4770      	bx	lr
10000262:	0000      	.short	0x0000
10000264:	00000000 	.word	0x00000000
10000268:	e000ed08 	.word	0xe000ed08
1000026c:	d0000000 	.word	0xd0000000
10000270:	200010f0 	.word	0x200010f0
10000274:	20002000 	.word	0x20002000
10000278:	10002009 	.word	0x10002009
1000027c:	10000339 	.word	0x10000339
10000280:	10002001 	.word	0x10002001

10000284 <_init>:
10000284:	b5f8      	push	{r3, r4, r5, r6, r7, lr}
10000286:	46c0      	nop			; (mov r8, r8)

10000288 <deregister_tm_clones>:
10000288:	4804      	ldr	r0, [pc, #16]	; (1000029c <deregister_tm_clones+0x14>)
1000028a:	4b05      	ldr	r3, [pc, #20]	; (100002a0 <deregister_tm_clones+0x18>)
1000028c:	b510      	push	{r4, lr}
1000028e:	4283      	cmp	r3, r0
10000290:	d003      	beq.n	1000029a <deregister_tm_clones+0x12>
10000292:	4b04      	ldr	r3, [pc, #16]	; (100002a4 <deregister_tm_clones+0x1c>)
10000294:	2b00      	cmp	r3, #0
10000296:	d000      	beq.n	1000029a <deregister_tm_clones+0x12>
10000298:	4798      	blx	r3
1000029a:	bd10      	pop	{r4, pc}
1000029c:	200010f0 	.word	0x200010f0
100002a0:	200010f0 	.word	0x200010f0
100002a4:	00000000 	.word	0x00000000

100002a8 <register_tm_clones>:
100002a8:	4806      	ldr	r0, [pc, #24]	; (100002c4 <register_tm_clones+0x1c>)
100002aa:	4907      	ldr	r1, [pc, #28]	; (100002c8 <register_tm_clones+0x20>)
100002ac:	1a09      	subs	r1, r1, r0
100002ae:	108b      	asrs	r3, r1, #2
100002b0:	0fc9      	lsrs	r1, r1, #31
100002b2:	18c9      	adds	r1, r1, r3
100002b4:	b510      	push	{r4, lr}
100002b6:	1049      	asrs	r1, r1, #1
100002b8:	d003      	beq.n	100002c2 <register_tm_clones+0x1a>
100002ba:	4b04      	ldr	r3, [pc, #16]	; (100002cc <register_tm_clones+0x24>)
100002bc:	2b00      	cmp	r3, #0
100002be:	d000      	beq.n	100002c2 <register_tm_clones+0x1a>
100002c0:	4798      	blx	r3
100002c2:	bd10      	pop	{r4, pc}
100002c4:	200010f0 	.word	0x200010f0
100002c8:	200010f0 	.word	0x200010f0
100002cc:	00000000 	.word	0x00000000

100002d0 <__do_global_dtors_aux>:
100002d0:	b510      	push	{r4, lr}
100002d2:	4c07      	ldr	r4, [pc, #28]	; (100002f0 <__do_global_dtors_aux+0x20>)
100002d4:	7823      	ldrb	r3, [r4, #0]
100002d6:	2b00      	cmp	r3, #0
100002d8:	d109      	bne.n	100002ee <__do_global_dtors_aux+0x1e>
100002da:	f7ff ffd5 	bl	10000288 <deregister_tm_clones>
100002de:	4b05      	ldr	r3, [pc, #20]	; (100002f4 <__do_global_dtors_aux+0x24>)
100002e0:	2b00      	cmp	r3, #0
100002e2:	d002      	beq.n	100002ea <__do_global_dtors_aux+0x1a>
100002e4:	4804      	ldr	r0, [pc, #16]	; (100002f8 <__do_global_dtors_aux+0x28>)
100002e6:	e000      	b.n	100002ea <__do_global_dtors_aux+0x1a>
100002e8:	bf00      	nop
100002ea:	2301      	movs	r3, #1
100002ec:	7023      	strb	r3, [r4, #0]
100002ee:	bd10      	pop	{r4, pc}
100002f0:	20001478 	.word	0x20001478
100002f4:	00000000 	.word	0x00000000
100002f8:	10004c2c 	.word	0x10004c2c

100002fc <frame_dummy>:
100002fc:	4b05      	ldr	r3, [pc, #20]	; (10000314 <frame_dummy+0x18>)
100002fe:	b510      	push	{r4, lr}
10000300:	2b00      	cmp	r3, #0
10000302:	d003      	beq.n	1000030c <frame_dummy+0x10>
10000304:	4904      	ldr	r1, [pc, #16]	; (10000318 <frame_dummy+0x1c>)
10000306:	4805      	ldr	r0, [pc, #20]	; (1000031c <frame_dummy+0x20>)
10000308:	e000      	b.n	1000030c <frame_dummy+0x10>
1000030a:	bf00      	nop
1000030c:	f7ff ffcc 	bl	100002a8 <register_tm_clones>
10000310:	bd10      	pop	{r4, pc}
10000312:	46c0      	nop			; (mov r8, r8)
10000314:	00000000 	.word	0x00000000
10000318:	2000147c 	.word	0x2000147c
1000031c:	10004c2c 	.word	0x10004c2c

10000320 <_Z13gpio_callbackjm>:
10000320:	280f      	cmp	r0, #15
10000322:	d000      	beq.n	10000326 <_Z13gpio_callbackjm+0x6>
10000324:	4770      	bx	lr
10000326:	070b      	lsls	r3, r1, #28
10000328:	d5fc      	bpl.n	10000324 <_Z13gpio_callbackjm+0x4>
1000032a:	2201      	movs	r2, #1
1000032c:	4b01      	ldr	r3, [pc, #4]	; (10000334 <_Z13gpio_callbackjm+0x14>)
1000032e:	701a      	strb	r2, [r3, #0]
10000330:	e7f8      	b.n	10000324 <_Z13gpio_callbackjm+0x4>
10000332:	46c0      	nop			; (mov r8, r8)
10000334:	20001ffd 	.word	0x20001ffd

10000338 <main>:
10000338:	b5f0      	push	{r4, r5, r6, r7, lr}
1000033a:	46c6      	mov	lr, r8
1000033c:	b500      	push	{lr}
1000033e:	f001 ff73 	bl	10002228 <stdio_init_all>
10000342:	200f      	movs	r0, #15
10000344:	f000 f9ec 	bl	10000720 <gpio_init>
10000348:	24d0      	movs	r4, #208	; 0xd0
1000034a:	2380      	movs	r3, #128	; 0x80
1000034c:	2580      	movs	r5, #128	; 0x80
1000034e:	021b      	lsls	r3, r3, #8
10000350:	0624      	lsls	r4, r4, #24
10000352:	62a3      	str	r3, [r4, #40]	; 0x28
10000354:	2201      	movs	r2, #1
10000356:	2100      	movs	r1, #0
10000358:	200f      	movs	r0, #15
1000035a:	f000 f95f 	bl	1000061c <gpio_set_pulls>
1000035e:	04ad      	lsls	r5, r5, #18
10000360:	2019      	movs	r0, #25
10000362:	f000 f9dd 	bl	10000720 <gpio_init>
10000366:	2200      	movs	r2, #0
10000368:	2101      	movs	r1, #1
1000036a:	2019      	movs	r0, #25
1000036c:	6265      	str	r5, [r4, #36]	; 0x24
1000036e:	f000 f955 	bl	1000061c <gpio_set_pulls>
10000372:	4b0b      	ldr	r3, [pc, #44]	; (100003a0 <main+0x68>)
10000374:	2201      	movs	r2, #1
10000376:	2108      	movs	r1, #8
10000378:	200f      	movs	r0, #15
1000037a:	f000 f969 	bl	10000650 <gpio_set_irq_enabled_with_callback>
1000037e:	4b09      	ldr	r3, [pc, #36]	; (100003a4 <main+0x6c>)
10000380:	2700      	movs	r7, #0
10000382:	4698      	mov	r8, r3
10000384:	4e08      	ldr	r6, [pc, #32]	; (100003a8 <main+0x70>)
10000386:	7833      	ldrb	r3, [r6, #0]
10000388:	2b00      	cmp	r3, #0
1000038a:	d007      	beq.n	1000039c <main+0x64>
1000038c:	4640      	mov	r0, r8
1000038e:	7037      	strb	r7, [r6, #0]
10000390:	f001 ff9a 	bl	100022c8 <__wrap_puts>
10000394:	2064      	movs	r0, #100	; 0x64
10000396:	6165      	str	r5, [r4, #20]
10000398:	f001 f920 	bl	100015dc <sleep_ms>
1000039c:	61a5      	str	r5, [r4, #24]
1000039e:	e7f2      	b.n	10000386 <main+0x4e>
100003a0:	10000321 	.word	0x10000321
100003a4:	10004c2c 	.word	0x10004c2c
100003a8:	20001ffd 	.word	0x20001ffd

100003ac <gpio_default_irq_handler>:
100003ac:	23d0      	movs	r3, #208	; 0xd0
100003ae:	061b      	lsls	r3, r3, #24
100003b0:	681b      	ldr	r3, [r3, #0]
100003b2:	b5f0      	push	{r4, r5, r6, r7, lr}
100003b4:	009a      	lsls	r2, r3, #2
100003b6:	4645      	mov	r5, r8
100003b8:	4690      	mov	r8, r2
100003ba:	4641      	mov	r1, r8
100003bc:	4a93      	ldr	r2, [pc, #588]	; (1000060c <gpio_default_irq_handler+0x260>)
100003be:	46de      	mov	lr, fp
100003c0:	5852      	ldr	r2, [r2, r1]
100003c2:	4657      	mov	r7, sl
100003c4:	4693      	mov	fp, r2
100003c6:	1e5a      	subs	r2, r3, #1
100003c8:	4193      	sbcs	r3, r2
100003ca:	2230      	movs	r2, #48	; 0x30
100003cc:	464e      	mov	r6, r9
100003ce:	425b      	negs	r3, r3
100003d0:	401a      	ands	r2, r3
100003d2:	0013      	movs	r3, r2
100003d4:	4a8e      	ldr	r2, [pc, #568]	; (10000610 <gpio_default_irq_handler+0x264>)
100003d6:	b5e0      	push	{r5, r6, r7, lr}
100003d8:	4694      	mov	ip, r2
100003da:	b083      	sub	sp, #12
100003dc:	4463      	add	r3, ip
100003de:	9301      	str	r3, [sp, #4]
100003e0:	4b8c      	ldr	r3, [pc, #560]	; (10000614 <gpio_default_irq_handler+0x268>)
100003e2:	2608      	movs	r6, #8
100003e4:	469a      	mov	sl, r3
100003e6:	0035      	movs	r5, r6
100003e8:	3d08      	subs	r5, #8
100003ea:	08ea      	lsrs	r2, r5, #3
100003ec:	0013      	movs	r3, r2
100003ee:	9901      	ldr	r1, [sp, #4]
100003f0:	3308      	adds	r3, #8
100003f2:	009b      	lsls	r3, r3, #2
100003f4:	585c      	ldr	r4, [r3, r1]
100003f6:	2c00      	cmp	r4, #0
100003f8:	d027      	beq.n	1000044a <gpio_default_irq_handler+0x9e>
100003fa:	465b      	mov	r3, fp
100003fc:	2b00      	cmp	r3, #0
100003fe:	d02e      	beq.n	1000045e <gpio_default_irq_handler+0xb2>
10000400:	2301      	movs	r3, #1
10000402:	270f      	movs	r7, #15
10000404:	4699      	mov	r9, r3
10000406:	0039      	movs	r1, r7
10000408:	4021      	ands	r1, r4
1000040a:	4227      	tst	r7, r4
1000040c:	d017      	beq.n	1000043e <gpio_default_irq_handler+0x92>
1000040e:	4652      	mov	r2, sl
10000410:	4640      	mov	r0, r8
10000412:	002b      	movs	r3, r5
10000414:	5812      	ldr	r2, [r2, r0]
10000416:	3b20      	subs	r3, #32
10000418:	40ea      	lsrs	r2, r5
1000041a:	17db      	asrs	r3, r3, #31
1000041c:	4013      	ands	r3, r2
1000041e:	464a      	mov	r2, r9
10000420:	4213      	tst	r3, r2
10000422:	d10c      	bne.n	1000043e <gpio_default_irq_handler+0x92>
10000424:	2207      	movs	r2, #7
10000426:	0008      	movs	r0, r1
10000428:	402a      	ands	r2, r5
1000042a:	0092      	lsls	r2, r2, #2
1000042c:	4090      	lsls	r0, r2
1000042e:	0002      	movs	r2, r0
10000430:	08eb      	lsrs	r3, r5, #3
10000432:	4879      	ldr	r0, [pc, #484]	; (10000618 <gpio_default_irq_handler+0x26c>)
10000434:	333c      	adds	r3, #60	; 0x3c
10000436:	009b      	lsls	r3, r3, #2
10000438:	501a      	str	r2, [r3, r0]
1000043a:	0028      	movs	r0, r5
1000043c:	47d8      	blx	fp
1000043e:	0924      	lsrs	r4, r4, #4
10000440:	3501      	adds	r5, #1
10000442:	2c00      	cmp	r4, #0
10000444:	d001      	beq.n	1000044a <gpio_default_irq_handler+0x9e>
10000446:	42b5      	cmp	r5, r6
10000448:	d3dd      	bcc.n	10000406 <gpio_default_irq_handler+0x5a>
1000044a:	3608      	adds	r6, #8
1000044c:	2e28      	cmp	r6, #40	; 0x28
1000044e:	d1ca      	bne.n	100003e6 <gpio_default_irq_handler+0x3a>
10000450:	b003      	add	sp, #12
10000452:	bcf0      	pop	{r4, r5, r6, r7}
10000454:	46bb      	mov	fp, r7
10000456:	46b2      	mov	sl, r6
10000458:	46a9      	mov	r9, r5
1000045a:	46a0      	mov	r8, r4
1000045c:	bdf0      	pop	{r4, r5, r6, r7, pc}
1000045e:	230f      	movs	r3, #15
10000460:	0018      	movs	r0, r3
10000462:	4020      	ands	r0, r4
10000464:	4223      	tst	r3, r4
10000466:	d009      	beq.n	1000047c <gpio_default_irq_handler+0xd0>
10000468:	4641      	mov	r1, r8
1000046a:	4b6a      	ldr	r3, [pc, #424]	; (10000614 <gpio_default_irq_handler+0x268>)
1000046c:	5859      	ldr	r1, [r3, r1]
1000046e:	0033      	movs	r3, r6
10000470:	40e9      	lsrs	r1, r5
10000472:	3b28      	subs	r3, #40	; 0x28
10000474:	0fdb      	lsrs	r3, r3, #31
10000476:	420b      	tst	r3, r1
10000478:	d100      	bne.n	1000047c <gpio_default_irq_handler+0xd0>
1000047a:	e097      	b.n	100005ac <gpio_default_irq_handler+0x200>
1000047c:	0923      	lsrs	r3, r4, #4
1000047e:	1ff1      	subs	r1, r6, #7
10000480:	2b00      	cmp	r3, #0
10000482:	d0e2      	beq.n	1000044a <gpio_default_irq_handler+0x9e>
10000484:	220f      	movs	r2, #15
10000486:	0010      	movs	r0, r2
10000488:	4018      	ands	r0, r3
1000048a:	421a      	tst	r2, r3
1000048c:	d011      	beq.n	100004b2 <gpio_default_irq_handler+0x106>
1000048e:	4642      	mov	r2, r8
10000490:	4b60      	ldr	r3, [pc, #384]	; (10000614 <gpio_default_irq_handler+0x268>)
10000492:	589a      	ldr	r2, [r3, r2]
10000494:	0033      	movs	r3, r6
10000496:	40ca      	lsrs	r2, r1
10000498:	3b27      	subs	r3, #39	; 0x27
1000049a:	0fdb      	lsrs	r3, r3, #31
1000049c:	4213      	tst	r3, r2
1000049e:	d108      	bne.n	100004b2 <gpio_default_irq_handler+0x106>
100004a0:	2207      	movs	r2, #7
100004a2:	08cb      	lsrs	r3, r1, #3
100004a4:	4011      	ands	r1, r2
100004a6:	0089      	lsls	r1, r1, #2
100004a8:	4088      	lsls	r0, r1
100004aa:	4a5b      	ldr	r2, [pc, #364]	; (10000618 <gpio_default_irq_handler+0x26c>)
100004ac:	333c      	adds	r3, #60	; 0x3c
100004ae:	009b      	lsls	r3, r3, #2
100004b0:	5098      	str	r0, [r3, r2]
100004b2:	0a23      	lsrs	r3, r4, #8
100004b4:	1fb1      	subs	r1, r6, #6
100004b6:	2b00      	cmp	r3, #0
100004b8:	d0c7      	beq.n	1000044a <gpio_default_irq_handler+0x9e>
100004ba:	220f      	movs	r2, #15
100004bc:	0010      	movs	r0, r2
100004be:	4018      	ands	r0, r3
100004c0:	421a      	tst	r2, r3
100004c2:	d011      	beq.n	100004e8 <gpio_default_irq_handler+0x13c>
100004c4:	4642      	mov	r2, r8
100004c6:	4b53      	ldr	r3, [pc, #332]	; (10000614 <gpio_default_irq_handler+0x268>)
100004c8:	589a      	ldr	r2, [r3, r2]
100004ca:	0033      	movs	r3, r6
100004cc:	40ca      	lsrs	r2, r1
100004ce:	3b26      	subs	r3, #38	; 0x26
100004d0:	0fdb      	lsrs	r3, r3, #31
100004d2:	4213      	tst	r3, r2
100004d4:	d108      	bne.n	100004e8 <gpio_default_irq_handler+0x13c>
100004d6:	2207      	movs	r2, #7
100004d8:	08cb      	lsrs	r3, r1, #3
100004da:	4011      	ands	r1, r2
100004dc:	0089      	lsls	r1, r1, #2
100004de:	4088      	lsls	r0, r1
100004e0:	4a4d      	ldr	r2, [pc, #308]	; (10000618 <gpio_default_irq_handler+0x26c>)
100004e2:	333c      	adds	r3, #60	; 0x3c
100004e4:	009b      	lsls	r3, r3, #2
100004e6:	5098      	str	r0, [r3, r2]
100004e8:	0b23      	lsrs	r3, r4, #12
100004ea:	1f71      	subs	r1, r6, #5
100004ec:	2b00      	cmp	r3, #0
100004ee:	d0ac      	beq.n	1000044a <gpio_default_irq_handler+0x9e>
100004f0:	220f      	movs	r2, #15
100004f2:	0010      	movs	r0, r2
100004f4:	4018      	ands	r0, r3
100004f6:	421a      	tst	r2, r3
100004f8:	d145      	bne.n	10000586 <gpio_default_irq_handler+0x1da>
100004fa:	0c23      	lsrs	r3, r4, #16
100004fc:	1f31      	subs	r1, r6, #4
100004fe:	2b00      	cmp	r3, #0
10000500:	d0a3      	beq.n	1000044a <gpio_default_irq_handler+0x9e>
10000502:	220f      	movs	r2, #15
10000504:	0010      	movs	r0, r2
10000506:	4018      	ands	r0, r3
10000508:	421a      	tst	r2, r3
1000050a:	d158      	bne.n	100005be <gpio_default_irq_handler+0x212>
1000050c:	0d23      	lsrs	r3, r4, #20
1000050e:	1ef1      	subs	r1, r6, #3
10000510:	2b00      	cmp	r3, #0
10000512:	d09a      	beq.n	1000044a <gpio_default_irq_handler+0x9e>
10000514:	220f      	movs	r2, #15
10000516:	0010      	movs	r0, r2
10000518:	4018      	ands	r0, r3
1000051a:	421a      	tst	r2, r3
1000051c:	d162      	bne.n	100005e4 <gpio_default_irq_handler+0x238>
1000051e:	0e23      	lsrs	r3, r4, #24
10000520:	1eb1      	subs	r1, r6, #2
10000522:	2b00      	cmp	r3, #0
10000524:	d091      	beq.n	1000044a <gpio_default_irq_handler+0x9e>
10000526:	220f      	movs	r2, #15
10000528:	0010      	movs	r0, r2
1000052a:	4018      	ands	r0, r3
1000052c:	421a      	tst	r2, r3
1000052e:	d011      	beq.n	10000554 <gpio_default_irq_handler+0x1a8>
10000530:	4642      	mov	r2, r8
10000532:	4b38      	ldr	r3, [pc, #224]	; (10000614 <gpio_default_irq_handler+0x268>)
10000534:	589a      	ldr	r2, [r3, r2]
10000536:	0033      	movs	r3, r6
10000538:	40ca      	lsrs	r2, r1
1000053a:	3b22      	subs	r3, #34	; 0x22
1000053c:	0fdb      	lsrs	r3, r3, #31
1000053e:	4213      	tst	r3, r2
10000540:	d108      	bne.n	10000554 <gpio_default_irq_handler+0x1a8>
10000542:	2207      	movs	r2, #7
10000544:	08cb      	lsrs	r3, r1, #3
10000546:	4011      	ands	r1, r2
10000548:	0089      	lsls	r1, r1, #2
1000054a:	4088      	lsls	r0, r1
1000054c:	4a32      	ldr	r2, [pc, #200]	; (10000618 <gpio_default_irq_handler+0x26c>)
1000054e:	333c      	adds	r3, #60	; 0x3c
10000550:	009b      	lsls	r3, r3, #2
10000552:	5098      	str	r0, [r3, r2]
10000554:	0f24      	lsrs	r4, r4, #28
10000556:	1e71      	subs	r1, r6, #1
10000558:	2c00      	cmp	r4, #0
1000055a:	d100      	bne.n	1000055e <gpio_default_irq_handler+0x1b2>
1000055c:	e775      	b.n	1000044a <gpio_default_irq_handler+0x9e>
1000055e:	4653      	mov	r3, sl
10000560:	4642      	mov	r2, r8
10000562:	589a      	ldr	r2, [r3, r2]
10000564:	0033      	movs	r3, r6
10000566:	40ca      	lsrs	r2, r1
10000568:	3b21      	subs	r3, #33	; 0x21
1000056a:	0fdb      	lsrs	r3, r3, #31
1000056c:	4213      	tst	r3, r2
1000056e:	d000      	beq.n	10000572 <gpio_default_irq_handler+0x1c6>
10000570:	e76b      	b.n	1000044a <gpio_default_irq_handler+0x9e>
10000572:	2207      	movs	r2, #7
10000574:	08cb      	lsrs	r3, r1, #3
10000576:	4011      	ands	r1, r2
10000578:	0089      	lsls	r1, r1, #2
1000057a:	408c      	lsls	r4, r1
1000057c:	4a26      	ldr	r2, [pc, #152]	; (10000618 <gpio_default_irq_handler+0x26c>)
1000057e:	333c      	adds	r3, #60	; 0x3c
10000580:	009b      	lsls	r3, r3, #2
10000582:	509c      	str	r4, [r3, r2]
10000584:	e761      	b.n	1000044a <gpio_default_irq_handler+0x9e>
10000586:	4642      	mov	r2, r8
10000588:	4b22      	ldr	r3, [pc, #136]	; (10000614 <gpio_default_irq_handler+0x268>)
1000058a:	589a      	ldr	r2, [r3, r2]
1000058c:	0033      	movs	r3, r6
1000058e:	40ca      	lsrs	r2, r1
10000590:	3b25      	subs	r3, #37	; 0x25
10000592:	0fdb      	lsrs	r3, r3, #31
10000594:	4213      	tst	r3, r2
10000596:	d1b0      	bne.n	100004fa <gpio_default_irq_handler+0x14e>
10000598:	2207      	movs	r2, #7
1000059a:	08cb      	lsrs	r3, r1, #3
1000059c:	4011      	ands	r1, r2
1000059e:	0089      	lsls	r1, r1, #2
100005a0:	4088      	lsls	r0, r1
100005a2:	4a1d      	ldr	r2, [pc, #116]	; (10000618 <gpio_default_irq_handler+0x26c>)
100005a4:	333c      	adds	r3, #60	; 0x3c
100005a6:	009b      	lsls	r3, r3, #2
100005a8:	5098      	str	r0, [r3, r2]
100005aa:	e7a6      	b.n	100004fa <gpio_default_irq_handler+0x14e>
100005ac:	2307      	movs	r3, #7
100005ae:	401d      	ands	r5, r3
100005b0:	00ad      	lsls	r5, r5, #2
100005b2:	40a8      	lsls	r0, r5
100005b4:	4b18      	ldr	r3, [pc, #96]	; (10000618 <gpio_default_irq_handler+0x26c>)
100005b6:	323c      	adds	r2, #60	; 0x3c
100005b8:	0092      	lsls	r2, r2, #2
100005ba:	50d0      	str	r0, [r2, r3]
100005bc:	e75e      	b.n	1000047c <gpio_default_irq_handler+0xd0>
100005be:	4642      	mov	r2, r8
100005c0:	4b14      	ldr	r3, [pc, #80]	; (10000614 <gpio_default_irq_handler+0x268>)
100005c2:	589a      	ldr	r2, [r3, r2]
100005c4:	0033      	movs	r3, r6
100005c6:	40ca      	lsrs	r2, r1
100005c8:	3b24      	subs	r3, #36	; 0x24
100005ca:	0fdb      	lsrs	r3, r3, #31
100005cc:	4213      	tst	r3, r2
100005ce:	d19d      	bne.n	1000050c <gpio_default_irq_handler+0x160>
100005d0:	2207      	movs	r2, #7
100005d2:	08cb      	lsrs	r3, r1, #3
100005d4:	4011      	ands	r1, r2
100005d6:	0089      	lsls	r1, r1, #2
100005d8:	4088      	lsls	r0, r1
100005da:	4a0f      	ldr	r2, [pc, #60]	; (10000618 <gpio_default_irq_handler+0x26c>)
100005dc:	333c      	adds	r3, #60	; 0x3c
100005de:	009b      	lsls	r3, r3, #2
100005e0:	5098      	str	r0, [r3, r2]
100005e2:	e793      	b.n	1000050c <gpio_default_irq_handler+0x160>
100005e4:	4642      	mov	r2, r8
100005e6:	4b0b      	ldr	r3, [pc, #44]	; (10000614 <gpio_default_irq_handler+0x268>)
100005e8:	589a      	ldr	r2, [r3, r2]
100005ea:	0033      	movs	r3, r6
100005ec:	40ca      	lsrs	r2, r1
100005ee:	3b23      	subs	r3, #35	; 0x23
100005f0:	0fdb      	lsrs	r3, r3, #31
100005f2:	4213      	tst	r3, r2
100005f4:	d193      	bne.n	1000051e <gpio_default_irq_handler+0x172>
100005f6:	2207      	movs	r2, #7
100005f8:	08cb      	lsrs	r3, r1, #3
100005fa:	4011      	ands	r1, r2
100005fc:	0089      	lsls	r1, r1, #2
100005fe:	4088      	lsls	r0, r1
10000600:	4a05      	ldr	r2, [pc, #20]	; (10000618 <gpio_default_irq_handler+0x26c>)
10000602:	333c      	adds	r3, #60	; 0x3c
10000604:	009b      	lsls	r3, r3, #2
10000606:	5098      	str	r0, [r3, r2]
10000608:	e789      	b.n	1000051e <gpio_default_irq_handler+0x172>
1000060a:	46c0      	nop			; (mov r8, r8)
1000060c:	20001b2c 	.word	0x20001b2c
10000610:	40014100 	.word	0x40014100
10000614:	20001fc4 	.word	0x20001fc4
10000618:	40014000 	.word	0x40014000

1000061c <gpio_set_pulls>:
1000061c:	4b0b      	ldr	r3, [pc, #44]	; (1000064c <gpio_set_pulls+0x30>)
1000061e:	0080      	lsls	r0, r0, #2
10000620:	469c      	mov	ip, r3
10000622:	4460      	add	r0, ip
10000624:	2900      	cmp	r1, #0
10000626:	d10e      	bne.n	10000646 <gpio_set_pulls+0x2a>
10000628:	2300      	movs	r3, #0
1000062a:	3104      	adds	r1, #4
1000062c:	2a00      	cmp	r2, #0
1000062e:	d100      	bne.n	10000632 <gpio_set_pulls+0x16>
10000630:	0019      	movs	r1, r3
10000632:	2280      	movs	r2, #128	; 0x80
10000634:	6803      	ldr	r3, [r0, #0]
10000636:	0152      	lsls	r2, r2, #5
10000638:	4059      	eors	r1, r3
1000063a:	4694      	mov	ip, r2
1000063c:	230c      	movs	r3, #12
1000063e:	4460      	add	r0, ip
10000640:	400b      	ands	r3, r1
10000642:	6003      	str	r3, [r0, #0]
10000644:	4770      	bx	lr
10000646:	210c      	movs	r1, #12
10000648:	2308      	movs	r3, #8
1000064a:	e7ef      	b.n	1000062c <gpio_set_pulls+0x10>
1000064c:	4001c004 	.word	0x4001c004

10000650 <gpio_set_irq_enabled_with_callback>:
10000650:	b5f8      	push	{r3, r4, r5, r6, r7, lr}
10000652:	4645      	mov	r5, r8
10000654:	4698      	mov	r8, r3
10000656:	23d0      	movs	r3, #208	; 0xd0
10000658:	061b      	lsls	r3, r3, #24
1000065a:	46de      	mov	lr, fp
1000065c:	681c      	ldr	r4, [r3, #0]
1000065e:	469b      	mov	fp, r3
10000660:	4b2b      	ldr	r3, [pc, #172]	; (10000710 <gpio_set_irq_enabled_with_callback+0xc0>)
10000662:	4657      	mov	r7, sl
10000664:	469a      	mov	sl, r3
10000666:	00a3      	lsls	r3, r4, #2
10000668:	464e      	mov	r6, r9
1000066a:	4699      	mov	r9, r3
1000066c:	b5e0      	push	{r5, r6, r7, lr}
1000066e:	4653      	mov	r3, sl
10000670:	0016      	movs	r6, r2
10000672:	464a      	mov	r2, r9
10000674:	589b      	ldr	r3, [r3, r2]
10000676:	0007      	movs	r7, r0
10000678:	000d      	movs	r5, r1
1000067a:	2b00      	cmp	r3, #0
1000067c:	d034      	beq.n	100006e8 <gpio_set_irq_enabled_with_callback+0x98>
1000067e:	4643      	mov	r3, r8
10000680:	2b00      	cmp	r3, #0
10000682:	d03f      	beq.n	10000704 <gpio_set_irq_enabled_with_callback+0xb4>
10000684:	4653      	mov	r3, sl
10000686:	464a      	mov	r2, r9
10000688:	4641      	mov	r1, r8
1000068a:	5099      	str	r1, [r3, r2]
1000068c:	23d0      	movs	r3, #208	; 0xd0
1000068e:	061b      	lsls	r3, r3, #24
10000690:	681c      	ldr	r4, [r3, #0]
10000692:	2007      	movs	r0, #7
10000694:	4a1f      	ldr	r2, [pc, #124]	; (10000714 <gpio_set_irq_enabled_with_callback+0xc4>)
10000696:	1e63      	subs	r3, r4, #1
10000698:	419c      	sbcs	r4, r3
1000069a:	4694      	mov	ip, r2
1000069c:	08fa      	lsrs	r2, r7, #3
1000069e:	0011      	movs	r1, r2
100006a0:	2330      	movs	r3, #48	; 0x30
100006a2:	4038      	ands	r0, r7
100006a4:	0080      	lsls	r0, r0, #2
100006a6:	4085      	lsls	r5, r0
100006a8:	4264      	negs	r4, r4
100006aa:	481b      	ldr	r0, [pc, #108]	; (10000718 <gpio_set_irq_enabled_with_callback+0xc8>)
100006ac:	4023      	ands	r3, r4
100006ae:	313c      	adds	r1, #60	; 0x3c
100006b0:	4463      	add	r3, ip
100006b2:	0089      	lsls	r1, r1, #2
100006b4:	0092      	lsls	r2, r2, #2
100006b6:	500d      	str	r5, [r1, r0]
100006b8:	189b      	adds	r3, r3, r2
100006ba:	2e00      	cmp	r6, #0
100006bc:	d00e      	beq.n	100006dc <gpio_set_irq_enabled_with_callback+0x8c>
100006be:	2280      	movs	r2, #128	; 0x80
100006c0:	0192      	lsls	r2, r2, #6
100006c2:	4694      	mov	ip, r2
100006c4:	4463      	add	r3, ip
100006c6:	2101      	movs	r1, #1
100006c8:	200d      	movs	r0, #13
100006ca:	601d      	str	r5, [r3, #0]
100006cc:	f000 f912 	bl	100008f4 <irq_set_enabled>
100006d0:	bcf0      	pop	{r4, r5, r6, r7}
100006d2:	46bb      	mov	fp, r7
100006d4:	46b2      	mov	sl, r6
100006d6:	46a9      	mov	r9, r5
100006d8:	46a0      	mov	r8, r4
100006da:	bdf8      	pop	{r3, r4, r5, r6, r7, pc}
100006dc:	22c0      	movs	r2, #192	; 0xc0
100006de:	0192      	lsls	r2, r2, #6
100006e0:	4694      	mov	ip, r2
100006e2:	4463      	add	r3, ip
100006e4:	601d      	str	r5, [r3, #0]
100006e6:	e7f3      	b.n	100006d0 <gpio_set_irq_enabled_with_callback+0x80>
100006e8:	4643      	mov	r3, r8
100006ea:	2b00      	cmp	r3, #0
100006ec:	d0d1      	beq.n	10000692 <gpio_set_irq_enabled_with_callback+0x42>
100006ee:	4653      	mov	r3, sl
100006f0:	4641      	mov	r1, r8
100006f2:	200d      	movs	r0, #13
100006f4:	5099      	str	r1, [r3, r2]
100006f6:	2200      	movs	r2, #0
100006f8:	4908      	ldr	r1, [pc, #32]	; (1000071c <gpio_set_irq_enabled_with_callback+0xcc>)
100006fa:	f000 f95d 	bl	100009b8 <irq_add_shared_handler>
100006fe:	465b      	mov	r3, fp
10000700:	681c      	ldr	r4, [r3, #0]
10000702:	e7c6      	b.n	10000692 <gpio_set_irq_enabled_with_callback+0x42>
10000704:	200d      	movs	r0, #13
10000706:	4905      	ldr	r1, [pc, #20]	; (1000071c <gpio_set_irq_enabled_with_callback+0xcc>)
10000708:	f000 fa4a 	bl	10000ba0 <irq_remove_handler>
1000070c:	e7ba      	b.n	10000684 <gpio_set_irq_enabled_with_callback+0x34>
1000070e:	46c0      	nop			; (mov r8, r8)
10000710:	20001b2c 	.word	0x20001b2c
10000714:	40014100 	.word	0x40014100
10000718:	40014000 	.word	0x40014000
1000071c:	100003ad 	.word	0x100003ad

10000720 <gpio_init>:
10000720:	2301      	movs	r3, #1
10000722:	22d0      	movs	r2, #208	; 0xd0
10000724:	4083      	lsls	r3, r0
10000726:	2140      	movs	r1, #64	; 0x40
10000728:	0612      	lsls	r2, r2, #24
1000072a:	6293      	str	r3, [r2, #40]	; 0x28
1000072c:	6193      	str	r3, [r2, #24]
1000072e:	4a09      	ldr	r2, [pc, #36]	; (10000754 <gpio_init+0x34>)
10000730:	0083      	lsls	r3, r0, #2
10000732:	189a      	adds	r2, r3, r2
10000734:	6812      	ldr	r2, [r2, #0]
10000736:	00c0      	lsls	r0, r0, #3
10000738:	4051      	eors	r1, r2
1000073a:	22c0      	movs	r2, #192	; 0xc0
1000073c:	400a      	ands	r2, r1
1000073e:	4906      	ldr	r1, [pc, #24]	; (10000758 <gpio_init+0x38>)
10000740:	468c      	mov	ip, r1
10000742:	4463      	add	r3, ip
10000744:	601a      	str	r2, [r3, #0]
10000746:	4b05      	ldr	r3, [pc, #20]	; (1000075c <gpio_init+0x3c>)
10000748:	469c      	mov	ip, r3
1000074a:	2305      	movs	r3, #5
1000074c:	4460      	add	r0, ip
1000074e:	6043      	str	r3, [r0, #4]
10000750:	4770      	bx	lr
10000752:	46c0      	nop			; (mov r8, r8)
10000754:	4001c004 	.word	0x4001c004
10000758:	4001d004 	.word	0x4001d004
1000075c:	40014000 	.word	0x40014000

10000760 <rp2040_chip_version>:
10000760:	2380      	movs	r3, #128	; 0x80
10000762:	05db      	lsls	r3, r3, #23
10000764:	6818      	ldr	r0, [r3, #0]
10000766:	0f00      	lsrs	r0, r0, #28
10000768:	4770      	bx	lr
1000076a:	46c0      	nop			; (mov r8, r8)

1000076c <panic>:
1000076c:	b40f      	push	{r0, r1, r2, r3}
1000076e:	b500      	push	{lr}
10000770:	4808      	ldr	r0, [pc, #32]	; (10000794 <panic+0x28>)
10000772:	b083      	sub	sp, #12
10000774:	f001 fda8 	bl	100022c8 <__wrap_puts>
10000778:	9b04      	ldr	r3, [sp, #16]
1000077a:	2b00      	cmp	r3, #0
1000077c:	d007      	beq.n	1000078e <panic+0x22>
1000077e:	a905      	add	r1, sp, #20
10000780:	0018      	movs	r0, r3
10000782:	9101      	str	r1, [sp, #4]
10000784:	f001 fc22 	bl	10001fcc <weak_raw_vprintf>
10000788:	4803      	ldr	r0, [pc, #12]	; (10000798 <panic+0x2c>)
1000078a:	f001 fd9d 	bl	100022c8 <__wrap_puts>
1000078e:	2001      	movs	r0, #1
10000790:	f001 fc34 	bl	10001ffc <_exit>
10000794:	10004c30 	.word	0x10004c30
10000798:	10004c40 	.word	0x10004c40

1000079c <hw_claim_or_assert>:
1000079c:	b570      	push	{r4, r5, r6, lr}
1000079e:	f3ef 8c10 	mrs	ip, PRIMASK
100007a2:	b672      	cpsid	i
100007a4:	4d0d      	ldr	r5, [pc, #52]	; (100007dc <hw_claim_or_assert+0x40>)
100007a6:	682b      	ldr	r3, [r5, #0]
100007a8:	2b00      	cmp	r3, #0
100007aa:	d0fc      	beq.n	100007a6 <hw_claim_or_assert+0xa>
100007ac:	f3bf 8f5f 	dmb	sy
100007b0:	2407      	movs	r4, #7
100007b2:	08cb      	lsrs	r3, r1, #3
100007b4:	18c6      	adds	r6, r0, r3
100007b6:	5cc0      	ldrb	r0, [r0, r3]
100007b8:	2301      	movs	r3, #1
100007ba:	400c      	ands	r4, r1
100007bc:	40a3      	lsls	r3, r4
100007be:	001c      	movs	r4, r3
100007c0:	4004      	ands	r4, r0
100007c2:	4203      	tst	r3, r0
100007c4:	d107      	bne.n	100007d6 <hw_claim_or_assert+0x3a>
100007c6:	4303      	orrs	r3, r0
100007c8:	7033      	strb	r3, [r6, #0]
100007ca:	f3bf 8f5f 	dmb	sy
100007ce:	602c      	str	r4, [r5, #0]
100007d0:	f38c 8810 	msr	PRIMASK, ip
100007d4:	bd70      	pop	{r4, r5, r6, pc}
100007d6:	0010      	movs	r0, r2
100007d8:	f7ff ffc8 	bl	1000076c <panic>
100007dc:	d000012c 	.word	0xd000012c

100007e0 <hw_claim_unused_from_range>:
100007e0:	b5f8      	push	{r3, r4, r5, r6, r7, lr}
100007e2:	4647      	mov	r7, r8
100007e4:	46ce      	mov	lr, r9
100007e6:	4688      	mov	r8, r1
100007e8:	b580      	push	{r7, lr}
100007ea:	f3ef 8c10 	mrs	ip, PRIMASK
100007ee:	b672      	cpsid	i
100007f0:	4d21      	ldr	r5, [pc, #132]	; (10000878 <hw_claim_unused_from_range+0x98>)
100007f2:	682c      	ldr	r4, [r5, #0]
100007f4:	2c00      	cmp	r4, #0
100007f6:	d0fc      	beq.n	100007f2 <hw_claim_unused_from_range+0x12>
100007f8:	f3bf 8f5f 	dmb	sy
100007fc:	429a      	cmp	r2, r3
100007fe:	d82c      	bhi.n	1000085a <hw_claim_unused_from_range+0x7a>
10000800:	08d4      	lsrs	r4, r2, #3
10000802:	2707      	movs	r7, #7
10000804:	5d05      	ldrb	r5, [r0, r4]
10000806:	1906      	adds	r6, r0, r4
10000808:	2401      	movs	r4, #1
1000080a:	4017      	ands	r7, r2
1000080c:	40bc      	lsls	r4, r7
1000080e:	422c      	tst	r4, r5
10000810:	d01f      	beq.n	10000852 <hw_claim_unused_from_range+0x72>
10000812:	2107      	movs	r1, #7
10000814:	2701      	movs	r7, #1
10000816:	4689      	mov	r9, r1
10000818:	e009      	b.n	1000082e <hw_claim_unused_from_range+0x4e>
1000081a:	08d4      	lsrs	r4, r2, #3
1000081c:	5d05      	ldrb	r5, [r0, r4]
1000081e:	1906      	adds	r6, r0, r4
10000820:	464c      	mov	r4, r9
10000822:	0039      	movs	r1, r7
10000824:	4014      	ands	r4, r2
10000826:	40a1      	lsls	r1, r4
10000828:	000c      	movs	r4, r1
1000082a:	4229      	tst	r1, r5
1000082c:	d011      	beq.n	10000852 <hw_claim_unused_from_range+0x72>
1000082e:	3201      	adds	r2, #1
10000830:	4293      	cmp	r3, r2
10000832:	d2f2      	bcs.n	1000081a <hw_claim_unused_from_range+0x3a>
10000834:	2001      	movs	r0, #1
10000836:	4240      	negs	r0, r0
10000838:	f3bf 8f5f 	dmb	sy
1000083c:	2200      	movs	r2, #0
1000083e:	4b0e      	ldr	r3, [pc, #56]	; (10000878 <hw_claim_unused_from_range+0x98>)
10000840:	601a      	str	r2, [r3, #0]
10000842:	f38c 8810 	msr	PRIMASK, ip
10000846:	2800      	cmp	r0, #0
10000848:	db0f      	blt.n	1000086a <hw_claim_unused_from_range+0x8a>
1000084a:	bcc0      	pop	{r6, r7}
1000084c:	46b9      	mov	r9, r7
1000084e:	46b0      	mov	r8, r6
10000850:	bdf8      	pop	{r3, r4, r5, r6, r7, pc}
10000852:	432c      	orrs	r4, r5
10000854:	0010      	movs	r0, r2
10000856:	7034      	strb	r4, [r6, #0]
10000858:	e7ee      	b.n	10000838 <hw_claim_unused_from_range+0x58>
1000085a:	f3bf 8f5f 	dmb	sy
1000085e:	2300      	movs	r3, #0
10000860:	602b      	str	r3, [r5, #0]
10000862:	f38c 8810 	msr	PRIMASK, ip
10000866:	2001      	movs	r0, #1
10000868:	4240      	negs	r0, r0
1000086a:	4643      	mov	r3, r8
1000086c:	2b00      	cmp	r3, #0
1000086e:	d0ec      	beq.n	1000084a <hw_claim_unused_from_range+0x6a>
10000870:	9808      	ldr	r0, [sp, #32]
10000872:	f7ff ff7b 	bl	1000076c <panic>
10000876:	46c0      	nop			; (mov r8, r8)
10000878:	d000012c 	.word	0xd000012c

1000087c <next_striped_spin_lock_num>:
1000087c:	4a04      	ldr	r2, [pc, #16]	; (10000890 <next_striped_spin_lock_num+0x14>)
1000087e:	7810      	ldrb	r0, [r2, #0]
10000880:	1c43      	adds	r3, r0, #1
10000882:	b2db      	uxtb	r3, r3
10000884:	2b17      	cmp	r3, #23
10000886:	d900      	bls.n	1000088a <next_striped_spin_lock_num+0xe>
10000888:	2310      	movs	r3, #16
1000088a:	7013      	strb	r3, [r2, #0]
1000088c:	4770      	bx	lr
1000088e:	46c0      	nop			; (mov r8, r8)
10000890:	20001020 	.word	0x20001020

10000894 <spin_lock_claim_unused>:
10000894:	b500      	push	{lr}
10000896:	4b05      	ldr	r3, [pc, #20]	; (100008ac <spin_lock_claim_unused+0x18>)
10000898:	b083      	sub	sp, #12
1000089a:	0001      	movs	r1, r0
1000089c:	9300      	str	r3, [sp, #0]
1000089e:	2218      	movs	r2, #24
100008a0:	231f      	movs	r3, #31
100008a2:	4803      	ldr	r0, [pc, #12]	; (100008b0 <spin_lock_claim_unused+0x1c>)
100008a4:	f7ff ff9c 	bl	100007e0 <hw_claim_unused_from_range>
100008a8:	b003      	add	sp, #12
100008aa:	bd00      	pop	{pc}
100008ac:	10004c44 	.word	0x10004c44
100008b0:	20001b3c 	.word	0x20001b3c

100008b4 <spin_locks_reset>:
100008b4:	2100      	movs	r1, #0
100008b6:	4b04      	ldr	r3, [pc, #16]	; (100008c8 <spin_locks_reset+0x14>)
100008b8:	4a04      	ldr	r2, [pc, #16]	; (100008cc <spin_locks_reset+0x18>)
100008ba:	f3bf 8f5f 	dmb	sy
100008be:	c302      	stmia	r3!, {r1}
100008c0:	4293      	cmp	r3, r2
100008c2:	d1fa      	bne.n	100008ba <spin_locks_reset+0x6>
100008c4:	4770      	bx	lr
100008c6:	46c0      	nop			; (mov r8, r8)
100008c8:	d0000100 	.word	0xd0000100
100008cc:	d0000180 	.word	0xd0000180

100008d0 <runtime_init_per_core_irq_priorities>:
100008d0:	4b05      	ldr	r3, [pc, #20]	; (100008e8 <runtime_init_per_core_irq_priorities+0x18>)
100008d2:	4a06      	ldr	r2, [pc, #24]	; (100008ec <runtime_init_per_core_irq_priorities+0x1c>)
100008d4:	6013      	str	r3, [r2, #0]
100008d6:	4a06      	ldr	r2, [pc, #24]	; (100008f0 <runtime_init_per_core_irq_priorities+0x20>)
100008d8:	6013      	str	r3, [r2, #0]
100008da:	6053      	str	r3, [r2, #4]
100008dc:	6093      	str	r3, [r2, #8]
100008de:	60d3      	str	r3, [r2, #12]
100008e0:	6113      	str	r3, [r2, #16]
100008e2:	6153      	str	r3, [r2, #20]
100008e4:	6193      	str	r3, [r2, #24]
100008e6:	4770      	bx	lr
100008e8:	80808080 	.word	0x80808080
100008ec:	e000e400 	.word	0xe000e400
100008f0:	e000e404 	.word	0xe000e404

100008f4 <irq_set_enabled>:
100008f4:	231f      	movs	r3, #31
100008f6:	4018      	ands	r0, r3
100008f8:	3b1e      	subs	r3, #30
100008fa:	4083      	lsls	r3, r0
100008fc:	2900      	cmp	r1, #0
100008fe:	d005      	beq.n	1000090c <irq_set_enabled+0x18>
10000900:	21c0      	movs	r1, #192	; 0xc0
10000902:	4a04      	ldr	r2, [pc, #16]	; (10000914 <irq_set_enabled+0x20>)
10000904:	0049      	lsls	r1, r1, #1
10000906:	5053      	str	r3, [r2, r1]
10000908:	6013      	str	r3, [r2, #0]
1000090a:	4770      	bx	lr
1000090c:	2280      	movs	r2, #128	; 0x80
1000090e:	4901      	ldr	r1, [pc, #4]	; (10000914 <irq_set_enabled+0x20>)
10000910:	508b      	str	r3, [r1, r2]
10000912:	e7fa      	b.n	1000090a <irq_set_enabled+0x16>
10000914:	e000e100 	.word	0xe000e100

10000918 <irq_is_enabled>:
10000918:	2201      	movs	r2, #1
1000091a:	4082      	lsls	r2, r0
1000091c:	4b03      	ldr	r3, [pc, #12]	; (1000092c <irq_is_enabled+0x14>)
1000091e:	681b      	ldr	r3, [r3, #0]
10000920:	4013      	ands	r3, r2
10000922:	1e5a      	subs	r2, r3, #1
10000924:	4193      	sbcs	r3, r2
10000926:	b2d8      	uxtb	r0, r3
10000928:	4770      	bx	lr
1000092a:	46c0      	nop			; (mov r8, r8)
1000092c:	e000e100 	.word	0xe000e100

10000930 <irq_set_pending>:
10000930:	2301      	movs	r3, #1
10000932:	4083      	lsls	r3, r0
10000934:	4a01      	ldr	r2, [pc, #4]	; (1000093c <irq_set_pending+0xc>)
10000936:	6013      	str	r3, [r2, #0]
10000938:	4770      	bx	lr
1000093a:	46c0      	nop			; (mov r8, r8)
1000093c:	e000e200 	.word	0xe000e200

10000940 <irq_has_shared_handler>:
10000940:	4b06      	ldr	r3, [pc, #24]	; (1000095c <irq_has_shared_handler+0x1c>)
10000942:	3010      	adds	r0, #16
10000944:	689b      	ldr	r3, [r3, #8]
10000946:	0080      	lsls	r0, r0, #2
10000948:	58c3      	ldr	r3, [r0, r3]
1000094a:	4a05      	ldr	r2, [pc, #20]	; (10000960 <irq_has_shared_handler+0x20>)
1000094c:	2000      	movs	r0, #0
1000094e:	1a9b      	subs	r3, r3, r2
10000950:	222f      	movs	r2, #47	; 0x2f
10000952:	429a      	cmp	r2, r3
10000954:	4140      	adcs	r0, r0
10000956:	b2c0      	uxtb	r0, r0
10000958:	4770      	bx	lr
1000095a:	46c0      	nop			; (mov r8, r8)
1000095c:	e000ed00 	.word	0xe000ed00
10000960:	20001024 	.word	0x20001024

10000964 <irq_set_exclusive_handler>:
10000964:	b570      	push	{r4, r5, r6, lr}
10000966:	000d      	movs	r5, r1
10000968:	f3ef 8610 	mrs	r6, PRIMASK
1000096c:	b672      	cpsid	i
1000096e:	4a0f      	ldr	r2, [pc, #60]	; (100009ac <irq_set_exclusive_handler+0x48>)
10000970:	6813      	ldr	r3, [r2, #0]
10000972:	2b00      	cmp	r3, #0
10000974:	d0fc      	beq.n	10000970 <irq_set_exclusive_handler+0xc>
10000976:	f3bf 8f5f 	dmb	sy
1000097a:	4b0d      	ldr	r3, [pc, #52]	; (100009b0 <irq_set_exclusive_handler+0x4c>)
1000097c:	3010      	adds	r0, #16
1000097e:	689b      	ldr	r3, [r3, #8]
10000980:	0084      	lsls	r4, r0, #2
10000982:	591b      	ldr	r3, [r3, r4]
10000984:	4a0b      	ldr	r2, [pc, #44]	; (100009b4 <irq_set_exclusive_handler+0x50>)
10000986:	4293      	cmp	r3, r2
10000988:	d003      	beq.n	10000992 <irq_set_exclusive_handler+0x2e>
1000098a:	429d      	cmp	r5, r3
1000098c:	d001      	beq.n	10000992 <irq_set_exclusive_handler+0x2e>
1000098e:	f001 f8dd 	bl	10001b4c <hard_assertion_failure>
10000992:	4b07      	ldr	r3, [pc, #28]	; (100009b0 <irq_set_exclusive_handler+0x4c>)
10000994:	689b      	ldr	r3, [r3, #8]
10000996:	511d      	str	r5, [r3, r4]
10000998:	f3bf 8f5f 	dmb	sy
1000099c:	f3bf 8f5f 	dmb	sy
100009a0:	2200      	movs	r2, #0
100009a2:	4b02      	ldr	r3, [pc, #8]	; (100009ac <irq_set_exclusive_handler+0x48>)
100009a4:	601a      	str	r2, [r3, #0]
100009a6:	f386 8810 	msr	PRIMASK, r6
100009aa:	bd70      	pop	{r4, r5, r6, pc}
100009ac:	d0000124 	.word	0xd0000124
100009b0:	e000ed00 	.word	0xe000ed00
100009b4:	100001c1 	.word	0x100001c1

100009b8 <irq_add_shared_handler>:
100009b8:	b5f0      	push	{r4, r5, r6, r7, lr}
100009ba:	4657      	mov	r7, sl
100009bc:	464e      	mov	r6, r9
100009be:	46de      	mov	lr, fp
100009c0:	4645      	mov	r5, r8
100009c2:	b5e0      	push	{r5, r6, r7, lr}
100009c4:	b085      	sub	sp, #20
100009c6:	0006      	movs	r6, r0
100009c8:	9102      	str	r1, [sp, #8]
100009ca:	0017      	movs	r7, r2
100009cc:	f3ef 8b10 	mrs	fp, PRIMASK
100009d0:	b672      	cpsid	i
100009d2:	4a67      	ldr	r2, [pc, #412]	; (10000b70 <irq_add_shared_handler+0x1b8>)
100009d4:	6813      	ldr	r3, [r2, #0]
100009d6:	2b00      	cmp	r3, #0
100009d8:	d0fc      	beq.n	100009d4 <irq_add_shared_handler+0x1c>
100009da:	f3bf 8f5f 	dmb	sy
100009de:	2500      	movs	r5, #0
100009e0:	4b64      	ldr	r3, [pc, #400]	; (10000b74 <irq_add_shared_handler+0x1bc>)
100009e2:	575d      	ldrsb	r5, [r3, r5]
100009e4:	469a      	mov	sl, r3
100009e6:	2d00      	cmp	r5, #0
100009e8:	da00      	bge.n	100009ec <irq_add_shared_handler+0x34>
100009ea:	e0a4      	b.n	10000b36 <irq_add_shared_handler+0x17e>
100009ec:	006b      	lsls	r3, r5, #1
100009ee:	4c62      	ldr	r4, [pc, #392]	; (10000b78 <irq_add_shared_handler+0x1c0>)
100009f0:	9303      	str	r3, [sp, #12]
100009f2:	195b      	adds	r3, r3, r5
100009f4:	009b      	lsls	r3, r3, #2
100009f6:	4698      	mov	r8, r3
100009f8:	46a1      	mov	r9, r4
100009fa:	44c1      	add	r9, r8
100009fc:	464b      	mov	r3, r9
100009fe:	4652      	mov	r2, sl
10000a00:	799b      	ldrb	r3, [r3, #6]
10000a02:	3610      	adds	r6, #16
10000a04:	7013      	strb	r3, [r2, #0]
10000a06:	4b5d      	ldr	r3, [pc, #372]	; (10000b7c <irq_add_shared_handler+0x1c4>)
10000a08:	00b2      	lsls	r2, r6, #2
10000a0a:	689b      	ldr	r3, [r3, #8]
10000a0c:	9201      	str	r2, [sp, #4]
10000a0e:	5899      	ldr	r1, [r3, r2]
10000a10:	1b0b      	subs	r3, r1, r4
10000a12:	2b2f      	cmp	r3, #47	; 0x2f
10000a14:	d934      	bls.n	10000a80 <irq_add_shared_handler+0xc8>
10000a16:	4b5a      	ldr	r3, [pc, #360]	; (10000b80 <irq_add_shared_handler+0x1c8>)
10000a18:	4299      	cmp	r1, r3
10000a1a:	d000      	beq.n	10000a1e <irq_add_shared_handler+0x66>
10000a1c:	e0a4      	b.n	10000b68 <irq_add_shared_handler+0x1b0>
10000a1e:	9b03      	ldr	r3, [sp, #12]
10000a20:	4a58      	ldr	r2, [pc, #352]	; (10000b84 <irq_add_shared_handler+0x1cc>)
10000a22:	469c      	mov	ip, r3
10000a24:	4b58      	ldr	r3, [pc, #352]	; (10000b88 <irq_add_shared_handler+0x1d0>)
10000a26:	4465      	add	r5, ip
10000a28:	00ad      	lsls	r5, r5, #2
10000a2a:	5363      	strh	r3, [r4, r5]
10000a2c:	4643      	mov	r3, r8
10000a2e:	3302      	adds	r3, #2
10000a30:	1965      	adds	r5, r4, r5
10000a32:	18e4      	adds	r4, r4, r3
10000a34:	4b55      	ldr	r3, [pc, #340]	; (10000b8c <irq_add_shared_handler+0x1d4>)
10000a36:	2101      	movs	r1, #1
10000a38:	3b04      	subs	r3, #4
10000a3a:	1b1b      	subs	r3, r3, r4
10000a3c:	051b      	lsls	r3, r3, #20
10000a3e:	0d5b      	lsrs	r3, r3, #21
10000a40:	4313      	orrs	r3, r2
10000a42:	806b      	strh	r3, [r5, #2]
10000a44:	4b52      	ldr	r3, [pc, #328]	; (10000b90 <irq_add_shared_handler+0x1d8>)
10000a46:	71ef      	strb	r7, [r5, #7]
10000a48:	80ab      	strh	r3, [r5, #4]
10000a4a:	23ff      	movs	r3, #255	; 0xff
10000a4c:	71ab      	strb	r3, [r5, #6]
10000a4e:	9b02      	ldr	r3, [sp, #8]
10000a50:	60ab      	str	r3, [r5, #8]
10000a52:	464b      	mov	r3, r9
10000a54:	430b      	orrs	r3, r1
10000a56:	0019      	movs	r1, r3
10000a58:	4b48      	ldr	r3, [pc, #288]	; (10000b7c <irq_add_shared_handler+0x1c4>)
10000a5a:	9a01      	ldr	r2, [sp, #4]
10000a5c:	689b      	ldr	r3, [r3, #8]
10000a5e:	5099      	str	r1, [r3, r2]
10000a60:	f3bf 8f5f 	dmb	sy
10000a64:	f3bf 8f5f 	dmb	sy
10000a68:	2200      	movs	r2, #0
10000a6a:	4b41      	ldr	r3, [pc, #260]	; (10000b70 <irq_add_shared_handler+0x1b8>)
10000a6c:	601a      	str	r2, [r3, #0]
10000a6e:	f38b 8810 	msr	PRIMASK, fp
10000a72:	b005      	add	sp, #20
10000a74:	bcf0      	pop	{r4, r5, r6, r7}
10000a76:	46bb      	mov	fp, r7
10000a78:	46b2      	mov	sl, r6
10000a7a:	46a9      	mov	r9, r5
10000a7c:	46a0      	mov	r8, r4
10000a7e:	bdf0      	pop	{r4, r5, r6, r7, pc}
10000a80:	2001      	movs	r0, #1
10000a82:	000a      	movs	r2, r1
10000a84:	4382      	bics	r2, r0
10000a86:	79d3      	ldrb	r3, [r2, #7]
10000a88:	42bb      	cmp	r3, r7
10000a8a:	d82f      	bhi.n	10000aec <irq_add_shared_handler+0x134>
10000a8c:	4645      	mov	r5, r8
10000a8e:	464e      	mov	r6, r9
10000a90:	0013      	movs	r3, r2
10000a92:	4940      	ldr	r1, [pc, #256]	; (10000b94 <irq_add_shared_handler+0x1dc>)
10000a94:	1b1b      	subs	r3, r3, r4
10000a96:	415b      	adcs	r3, r3
10000a98:	4359      	muls	r1, r3
10000a9a:	0d09      	lsrs	r1, r1, #20
10000a9c:	4b3a      	ldr	r3, [pc, #232]	; (10000b88 <irq_add_shared_handler+0x1d0>)
10000a9e:	5363      	strh	r3, [r4, r5]
10000aa0:	4b3a      	ldr	r3, [pc, #232]	; (10000b8c <irq_add_shared_handler+0x1d4>)
10000aa2:	3502      	adds	r5, #2
10000aa4:	1965      	adds	r5, r4, r5
10000aa6:	3b04      	subs	r3, #4
10000aa8:	1b5b      	subs	r3, r3, r5
10000aaa:	051b      	lsls	r3, r3, #20
10000aac:	4d35      	ldr	r5, [pc, #212]	; (10000b84 <irq_add_shared_handler+0x1cc>)
10000aae:	0d5b      	lsrs	r3, r3, #21
10000ab0:	432b      	orrs	r3, r5
10000ab2:	8073      	strh	r3, [r6, #2]
10000ab4:	2604      	movs	r6, #4
10000ab6:	46b4      	mov	ip, r6
10000ab8:	44e0      	add	r8, ip
10000aba:	4444      	add	r4, r8
10000abc:	1f13      	subs	r3, r2, #4
10000abe:	1b1b      	subs	r3, r3, r4
10000ac0:	464c      	mov	r4, r9
10000ac2:	71a1      	strb	r1, [r4, #6]
10000ac4:	9902      	ldr	r1, [sp, #8]
10000ac6:	051b      	lsls	r3, r3, #20
10000ac8:	60a1      	str	r1, [r4, #8]
10000aca:	4649      	mov	r1, r9
10000acc:	0d5b      	lsrs	r3, r3, #21
10000ace:	432b      	orrs	r3, r5
10000ad0:	80a3      	strh	r3, [r4, #4]
10000ad2:	4b31      	ldr	r3, [pc, #196]	; (10000b98 <irq_add_shared_handler+0x1e0>)
10000ad4:	71e7      	strb	r7, [r4, #7]
10000ad6:	4301      	orrs	r1, r0
10000ad8:	6013      	str	r3, [r2, #0]
10000ada:	e7bd      	b.n	10000a58 <irq_add_shared_handler+0xa0>
10000adc:	0058      	lsls	r0, r3, #1
10000ade:	18c0      	adds	r0, r0, r3
10000ae0:	0080      	lsls	r0, r0, #2
10000ae2:	1820      	adds	r0, r4, r0
10000ae4:	79c6      	ldrb	r6, [r0, #7]
10000ae6:	42be      	cmp	r6, r7
10000ae8:	d92b      	bls.n	10000b42 <irq_add_shared_handler+0x18a>
10000aea:	0002      	movs	r2, r0
10000aec:	2306      	movs	r3, #6
10000aee:	56d3      	ldrsb	r3, [r2, r3]
10000af0:	2b00      	cmp	r3, #0
10000af2:	daf3      	bge.n	10000adc <irq_add_shared_handler+0x124>
10000af4:	1d10      	adds	r0, r2, #4
10000af6:	4682      	mov	sl, r0
10000af8:	4828      	ldr	r0, [pc, #160]	; (10000b9c <irq_add_shared_handler+0x1e4>)
10000afa:	4680      	mov	r8, r0
10000afc:	2604      	movs	r6, #4
10000afe:	4276      	negs	r6, r6
10000b00:	46b4      	mov	ip, r6
10000b02:	44e1      	add	r9, ip
10000b04:	4650      	mov	r0, sl
10000b06:	464e      	mov	r6, r9
10000b08:	1a36      	subs	r6, r6, r0
10000b0a:	0530      	lsls	r0, r6, #20
10000b0c:	0d40      	lsrs	r0, r0, #21
10000b0e:	4682      	mov	sl, r0
10000b10:	4656      	mov	r6, sl
10000b12:	481c      	ldr	r0, [pc, #112]	; (10000b84 <irq_add_shared_handler+0x1cc>)
10000b14:	7195      	strb	r5, [r2, #6]
10000b16:	4306      	orrs	r6, r0
10000b18:	8096      	strh	r6, [r2, #4]
10000b1a:	9a03      	ldr	r2, [sp, #12]
10000b1c:	4694      	mov	ip, r2
10000b1e:	4465      	add	r5, ip
10000b20:	4a1d      	ldr	r2, [pc, #116]	; (10000b98 <irq_add_shared_handler+0x1e0>)
10000b22:	00ad      	lsls	r5, r5, #2
10000b24:	1964      	adds	r4, r4, r5
10000b26:	6022      	str	r2, [r4, #0]
10000b28:	4642      	mov	r2, r8
10000b2a:	71a3      	strb	r3, [r4, #6]
10000b2c:	9b02      	ldr	r3, [sp, #8]
10000b2e:	80a2      	strh	r2, [r4, #4]
10000b30:	71e7      	strb	r7, [r4, #7]
10000b32:	60a3      	str	r3, [r4, #8]
10000b34:	e790      	b.n	10000a58 <irq_add_shared_handler+0xa0>
10000b36:	f001 f809 	bl	10001b4c <hard_assertion_failure>
10000b3a:	2500      	movs	r5, #0
10000b3c:	4653      	mov	r3, sl
10000b3e:	575d      	ldrsb	r5, [r3, r5]
10000b40:	e754      	b.n	100009ec <irq_add_shared_handler+0x34>
10000b42:	1d10      	adds	r0, r2, #4
10000b44:	4682      	mov	sl, r0
10000b46:	8890      	ldrh	r0, [r2, #4]
10000b48:	0540      	lsls	r0, r0, #21
10000b4a:	1500      	asrs	r0, r0, #20
10000b4c:	4684      	mov	ip, r0
10000b4e:	4640      	mov	r0, r8
10000b50:	44d4      	add	ip, sl
10000b52:	4666      	mov	r6, ip
10000b54:	3004      	adds	r0, #4
10000b56:	1820      	adds	r0, r4, r0
10000b58:	1a30      	subs	r0, r6, r0
10000b5a:	26e0      	movs	r6, #224	; 0xe0
10000b5c:	0500      	lsls	r0, r0, #20
10000b5e:	0d40      	lsrs	r0, r0, #21
10000b60:	0236      	lsls	r6, r6, #8
10000b62:	4330      	orrs	r0, r6
10000b64:	4680      	mov	r8, r0
10000b66:	e7c9      	b.n	10000afc <irq_add_shared_handler+0x144>
10000b68:	f000 fff0 	bl	10001b4c <hard_assertion_failure>
10000b6c:	e757      	b.n	10000a1e <irq_add_shared_handler+0x66>
10000b6e:	46c0      	nop			; (mov r8, r8)
10000b70:	d0000124 	.word	0xd0000124
10000b74:	20001ff9 	.word	0x20001ff9
10000b78:	20001024 	.word	0x20001024
10000b7c:	e000ed00 	.word	0xe000ed00
10000b80:	100001c1 	.word	0x100001c1
10000b84:	ffffe000 	.word	0xffffe000
10000b88:	ffffa100 	.word	0xffffa100
10000b8c:	20001054 	.word	0x20001054
10000b90:	ffffbd01 	.word	0xffffbd01
10000b94:	0000aaaa 	.word	0x0000aaaa
10000b98:	47804801 	.word	0x47804801
10000b9c:	0000bd01 	.word	0x0000bd01

10000ba0 <irq_remove_handler>:
10000ba0:	b5f0      	push	{r4, r5, r6, r7, lr}
10000ba2:	46de      	mov	lr, fp
10000ba4:	4657      	mov	r7, sl
10000ba6:	464e      	mov	r6, r9
10000ba8:	4645      	mov	r5, r8
10000baa:	b5e0      	push	{r5, r6, r7, lr}
10000bac:	000c      	movs	r4, r1
10000bae:	b083      	sub	sp, #12
10000bb0:	f3ef 8910 	mrs	r9, PRIMASK
10000bb4:	b672      	cpsid	i
10000bb6:	4a5f      	ldr	r2, [pc, #380]	; (10000d34 <irq_remove_handler+0x194>)
10000bb8:	6813      	ldr	r3, [r2, #0]
10000bba:	2b00      	cmp	r3, #0
10000bbc:	d0fc      	beq.n	10000bb8 <irq_remove_handler+0x18>
10000bbe:	f3bf 8f5f 	dmb	sy
10000bc2:	4b5d      	ldr	r3, [pc, #372]	; (10000d38 <irq_remove_handler+0x198>)
10000bc4:	689a      	ldr	r2, [r3, #8]
10000bc6:	0003      	movs	r3, r0
10000bc8:	3310      	adds	r3, #16
10000bca:	009f      	lsls	r7, r3, #2
10000bcc:	59d5      	ldr	r5, [r2, r7]
10000bce:	4a5b      	ldr	r2, [pc, #364]	; (10000d3c <irq_remove_handler+0x19c>)
10000bd0:	4690      	mov	r8, r2
10000bd2:	4295      	cmp	r5, r2
10000bd4:	d03d      	beq.n	10000c52 <irq_remove_handler+0xb2>
10000bd6:	42a5      	cmp	r5, r4
10000bd8:	d04e      	beq.n	10000c78 <irq_remove_handler+0xd8>
10000bda:	4e59      	ldr	r6, [pc, #356]	; (10000d40 <irq_remove_handler+0x1a0>)
10000bdc:	1baa      	subs	r2, r5, r6
10000bde:	2a2f      	cmp	r2, #47	; 0x2f
10000be0:	d837      	bhi.n	10000c52 <irq_remove_handler+0xb2>
10000be2:	4a58      	ldr	r2, [pc, #352]	; (10000d44 <irq_remove_handler+0x1a4>)
10000be4:	4693      	mov	fp, r2
10000be6:	6812      	ldr	r2, [r2, #0]
10000be8:	4694      	mov	ip, r2
10000bea:	2201      	movs	r2, #1
10000bec:	4661      	mov	r1, ip
10000bee:	4692      	mov	sl, r2
10000bf0:	4082      	lsls	r2, r0
10000bf2:	4011      	ands	r1, r2
10000bf4:	221f      	movs	r2, #31
10000bf6:	4010      	ands	r0, r2
10000bf8:	4652      	mov	r2, sl
10000bfa:	4082      	lsls	r2, r0
10000bfc:	4692      	mov	sl, r2
10000bfe:	9101      	str	r1, [sp, #4]
10000c00:	2280      	movs	r2, #128	; 0x80
10000c02:	4651      	mov	r1, sl
10000c04:	4658      	mov	r0, fp
10000c06:	5081      	str	r1, [r0, r2]
10000c08:	f3bf 8f5f 	dmb	sy
10000c0c:	f3ef 8205 	mrs	r2, IPSR
10000c10:	4693      	mov	fp, r2
10000c12:	2a00      	cmp	r2, #0
10000c14:	d132      	bne.n	10000c7c <irq_remove_handler+0xdc>
10000c16:	2301      	movs	r3, #1
10000c18:	002a      	movs	r2, r5
10000c1a:	439a      	bics	r2, r3
10000c1c:	6890      	ldr	r0, [r2, #8]
10000c1e:	4284      	cmp	r4, r0
10000c20:	d108      	bne.n	10000c34 <irq_remove_handler+0x94>
10000c22:	e07c      	b.n	10000d1e <irq_remove_handler+0x17e>
10000c24:	004b      	lsls	r3, r1, #1
10000c26:	185b      	adds	r3, r3, r1
10000c28:	009b      	lsls	r3, r3, #2
10000c2a:	18f3      	adds	r3, r6, r3
10000c2c:	6898      	ldr	r0, [r3, #8]
10000c2e:	4284      	cmp	r4, r0
10000c30:	d02e      	beq.n	10000c90 <irq_remove_handler+0xf0>
10000c32:	001a      	movs	r2, r3
10000c34:	2106      	movs	r1, #6
10000c36:	5651      	ldrsb	r1, [r2, r1]
10000c38:	2900      	cmp	r1, #0
10000c3a:	daf3      	bge.n	10000c24 <irq_remove_handler+0x84>
10000c3c:	4284      	cmp	r4, r0
10000c3e:	d04d      	beq.n	10000cdc <irq_remove_handler+0x13c>
10000c40:	9b01      	ldr	r3, [sp, #4]
10000c42:	2b00      	cmp	r3, #0
10000c44:	d01f      	beq.n	10000c86 <irq_remove_handler+0xe6>
10000c46:	22c0      	movs	r2, #192	; 0xc0
10000c48:	4651      	mov	r1, sl
10000c4a:	4b3e      	ldr	r3, [pc, #248]	; (10000d44 <irq_remove_handler+0x1a4>)
10000c4c:	0052      	lsls	r2, r2, #1
10000c4e:	5099      	str	r1, [r3, r2]
10000c50:	6019      	str	r1, [r3, #0]
10000c52:	4b39      	ldr	r3, [pc, #228]	; (10000d38 <irq_remove_handler+0x198>)
10000c54:	689b      	ldr	r3, [r3, #8]
10000c56:	51dd      	str	r5, [r3, r7]
10000c58:	f3bf 8f5f 	dmb	sy
10000c5c:	f3bf 8f5f 	dmb	sy
10000c60:	2200      	movs	r2, #0
10000c62:	4b34      	ldr	r3, [pc, #208]	; (10000d34 <irq_remove_handler+0x194>)
10000c64:	601a      	str	r2, [r3, #0]
10000c66:	f389 8810 	msr	PRIMASK, r9
10000c6a:	b003      	add	sp, #12
10000c6c:	bcf0      	pop	{r4, r5, r6, r7}
10000c6e:	46bb      	mov	fp, r7
10000c70:	46b2      	mov	sl, r6
10000c72:	46a9      	mov	r9, r5
10000c74:	46a0      	mov	r8, r4
10000c76:	bdf0      	pop	{r4, r5, r6, r7, pc}
10000c78:	0015      	movs	r5, r2
10000c7a:	e7ea      	b.n	10000c52 <irq_remove_handler+0xb2>
10000c7c:	4293      	cmp	r3, r2
10000c7e:	d0ca      	beq.n	10000c16 <irq_remove_handler+0x76>
10000c80:	f000 ff64 	bl	10001b4c <hard_assertion_failure>
10000c84:	e7c7      	b.n	10000c16 <irq_remove_handler+0x76>
10000c86:	2380      	movs	r3, #128	; 0x80
10000c88:	4651      	mov	r1, sl
10000c8a:	4a2e      	ldr	r2, [pc, #184]	; (10000d44 <irq_remove_handler+0x1a4>)
10000c8c:	50d1      	str	r1, [r2, r3]
10000c8e:	e7e0      	b.n	10000c52 <irq_remove_handler+0xb2>
10000c90:	2106      	movs	r1, #6
10000c92:	5659      	ldrsb	r1, [r3, r1]
10000c94:	2900      	cmp	r1, #0
10000c96:	db22      	blt.n	10000cde <irq_remove_handler+0x13e>
10000c98:	004a      	lsls	r2, r1, #1
10000c9a:	1850      	adds	r0, r2, r1
10000c9c:	0080      	lsls	r0, r0, #2
10000c9e:	1834      	adds	r4, r6, r0
10000ca0:	4680      	mov	r8, r0
10000ca2:	68a0      	ldr	r0, [r4, #8]
10000ca4:	6098      	str	r0, [r3, #8]
10000ca6:	79e0      	ldrb	r0, [r4, #7]
10000ca8:	71d8      	strb	r0, [r3, #7]
10000caa:	2006      	movs	r0, #6
10000cac:	5620      	ldrsb	r0, [r4, r0]
10000cae:	7198      	strb	r0, [r3, #6]
10000cb0:	2800      	cmp	r0, #0
10000cb2:	db25      	blt.n	10000d00 <irq_remove_handler+0x160>
10000cb4:	88a4      	ldrh	r4, [r4, #4]
10000cb6:	1af0      	subs	r0, r6, r3
10000cb8:	0564      	lsls	r4, r4, #21
10000cba:	1524      	asrs	r4, r4, #20
10000cbc:	4444      	add	r4, r8
10000cbe:	1900      	adds	r0, r0, r4
10000cc0:	24e0      	movs	r4, #224	; 0xe0
10000cc2:	0500      	lsls	r0, r0, #20
10000cc4:	0d40      	lsrs	r0, r0, #21
10000cc6:	0224      	lsls	r4, r4, #8
10000cc8:	4320      	orrs	r0, r4
10000cca:	8098      	strh	r0, [r3, #4]
10000ccc:	1852      	adds	r2, r2, r1
10000cce:	4b1e      	ldr	r3, [pc, #120]	; (10000d48 <irq_remove_handler+0x1a8>)
10000cd0:	0092      	lsls	r2, r2, #2
10000cd2:	18b6      	adds	r6, r6, r2
10000cd4:	781a      	ldrb	r2, [r3, #0]
10000cd6:	7019      	strb	r1, [r3, #0]
10000cd8:	71b2      	strb	r2, [r6, #6]
10000cda:	e7b1      	b.n	10000c40 <irq_remove_handler+0xa0>
10000cdc:	0013      	movs	r3, r2
10000cde:	4659      	mov	r1, fp
10000ce0:	2900      	cmp	r1, #0
10000ce2:	d10f      	bne.n	10000d04 <irq_remove_handler+0x164>
10000ce4:	31ff      	adds	r1, #255	; 0xff
10000ce6:	7191      	strb	r1, [r2, #6]
10000ce8:	4918      	ldr	r1, [pc, #96]	; (10000d4c <irq_remove_handler+0x1ac>)
10000cea:	8091      	strh	r1, [r2, #4]
10000cec:	4916      	ldr	r1, [pc, #88]	; (10000d48 <irq_remove_handler+0x1a8>)
10000cee:	780a      	ldrb	r2, [r1, #0]
10000cf0:	719a      	strb	r2, [r3, #6]
10000cf2:	4a17      	ldr	r2, [pc, #92]	; (10000d50 <irq_remove_handler+0x1b0>)
10000cf4:	1b9b      	subs	r3, r3, r6
10000cf6:	415b      	adcs	r3, r3
10000cf8:	435a      	muls	r2, r3
10000cfa:	0d12      	lsrs	r2, r2, #20
10000cfc:	700a      	strb	r2, [r1, #0]
10000cfe:	e79f      	b.n	10000c40 <irq_remove_handler+0xa0>
10000d00:	4814      	ldr	r0, [pc, #80]	; (10000d54 <irq_remove_handler+0x1b4>)
10000d02:	e7e2      	b.n	10000cca <irq_remove_handler+0x12a>
10000d04:	4a14      	ldr	r2, [pc, #80]	; (10000d58 <irq_remove_handler+0x1b8>)
10000d06:	4915      	ldr	r1, [pc, #84]	; (10000d5c <irq_remove_handler+0x1bc>)
10000d08:	1ad2      	subs	r2, r2, r3
10000d0a:	3a08      	subs	r2, #8
10000d0c:	0250      	lsls	r0, r2, #9
10000d0e:	0d40      	lsrs	r0, r0, #21
10000d10:	4301      	orrs	r1, r0
10000d12:	8099      	strh	r1, [r3, #4]
10000d14:	4912      	ldr	r1, [pc, #72]	; (10000d60 <irq_remove_handler+0x1c0>)
10000d16:	0852      	lsrs	r2, r2, #1
10000d18:	430a      	orrs	r2, r1
10000d1a:	80da      	strh	r2, [r3, #6]
10000d1c:	e790      	b.n	10000c40 <irq_remove_handler+0xa0>
10000d1e:	2106      	movs	r1, #6
10000d20:	5651      	ldrsb	r1, [r2, r1]
10000d22:	0013      	movs	r3, r2
10000d24:	2900      	cmp	r1, #0
10000d26:	dab7      	bge.n	10000c98 <irq_remove_handler+0xf8>
10000d28:	465a      	mov	r2, fp
10000d2a:	2a00      	cmp	r2, #0
10000d2c:	d1ea      	bne.n	10000d04 <irq_remove_handler+0x164>
10000d2e:	4645      	mov	r5, r8
10000d30:	e7dc      	b.n	10000cec <irq_remove_handler+0x14c>
10000d32:	46c0      	nop			; (mov r8, r8)
10000d34:	d0000124 	.word	0xd0000124
10000d38:	e000ed00 	.word	0xe000ed00
10000d3c:	100001c1 	.word	0x100001c1
10000d40:	20001024 	.word	0x20001024
10000d44:	e000e100 	.word	0xe000e100
10000d48:	20001ff9 	.word	0x20001ff9
10000d4c:	ffffbd01 	.word	0xffffbd01
10000d50:	0000aaaa 	.word	0x0000aaaa
10000d54:	0000bd01 	.word	0x0000bd01
10000d58:	2000105e 	.word	0x2000105e
10000d5c:	fffff000 	.word	0xfffff000
10000d60:	fffff800 	.word	0xfffff800

10000d64 <irq_add_tail_to_free_list>:
10000d64:	b570      	push	{r4, r5, r6, lr}
10000d66:	2401      	movs	r4, #1
10000d68:	4304      	orrs	r4, r0
10000d6a:	f3ef 8105 	mrs	r1, IPSR
10000d6e:	f3ef 8c10 	mrs	ip, PRIMASK
10000d72:	b672      	cpsid	i
10000d74:	4a21      	ldr	r2, [pc, #132]	; (10000dfc <irq_add_tail_to_free_list+0x98>)
10000d76:	6813      	ldr	r3, [r2, #0]
10000d78:	2b00      	cmp	r3, #0
10000d7a:	d0fc      	beq.n	10000d76 <irq_add_tail_to_free_list+0x12>
10000d7c:	f3bf 8f5f 	dmb	sy
10000d80:	4b1f      	ldr	r3, [pc, #124]	; (10000e00 <irq_add_tail_to_free_list+0x9c>)
10000d82:	0005      	movs	r5, r0
10000d84:	4a1f      	ldr	r2, [pc, #124]	; (10000e04 <irq_add_tail_to_free_list+0xa0>)
10000d86:	1aed      	subs	r5, r5, r3
10000d88:	416d      	adcs	r5, r5
10000d8a:	436a      	muls	r2, r5
10000d8c:	0d12      	lsrs	r2, r2, #20
10000d8e:	4d1e      	ldr	r5, [pc, #120]	; (10000e08 <irq_add_tail_to_free_list+0xa4>)
10000d90:	0089      	lsls	r1, r1, #2
10000d92:	68ae      	ldr	r6, [r5, #8]
10000d94:	b252      	sxtb	r2, r2
10000d96:	5876      	ldr	r6, [r6, r1]
10000d98:	42a6      	cmp	r6, r4
10000d9a:	d01c      	beq.n	10000dd6 <irq_add_tail_to_free_list+0x72>
10000d9c:	2106      	movs	r1, #6
10000d9e:	5659      	ldrsb	r1, [r3, r1]
10000da0:	4291      	cmp	r1, r2
10000da2:	d01c      	beq.n	10000dde <irq_add_tail_to_free_list+0x7a>
10000da4:	2112      	movs	r1, #18
10000da6:	5659      	ldrsb	r1, [r3, r1]
10000da8:	4291      	cmp	r1, r2
10000daa:	d022      	beq.n	10000df2 <irq_add_tail_to_free_list+0x8e>
10000dac:	211e      	movs	r1, #30
10000dae:	5659      	ldrsb	r1, [r3, r1]
10000db0:	4291      	cmp	r1, r2
10000db2:	d020      	beq.n	10000df6 <irq_add_tail_to_free_list+0x92>
10000db4:	212a      	movs	r1, #42	; 0x2a
10000db6:	5659      	ldrsb	r1, [r3, r1]
10000db8:	2403      	movs	r4, #3
10000dba:	4291      	cmp	r1, r2
10000dbc:	d010      	beq.n	10000de0 <irq_add_tail_to_free_list+0x7c>
10000dbe:	4b13      	ldr	r3, [pc, #76]	; (10000e0c <irq_add_tail_to_free_list+0xa8>)
10000dc0:	7819      	ldrb	r1, [r3, #0]
10000dc2:	701a      	strb	r2, [r3, #0]
10000dc4:	7181      	strb	r1, [r0, #6]
10000dc6:	f3bf 8f5f 	dmb	sy
10000dca:	2200      	movs	r2, #0
10000dcc:	4b0b      	ldr	r3, [pc, #44]	; (10000dfc <irq_add_tail_to_free_list+0x98>)
10000dce:	601a      	str	r2, [r3, #0]
10000dd0:	f38c 8810 	msr	PRIMASK, ip
10000dd4:	bd70      	pop	{r4, r5, r6, pc}
10000dd6:	68ab      	ldr	r3, [r5, #8]
10000dd8:	4c0d      	ldr	r4, [pc, #52]	; (10000e10 <irq_add_tail_to_free_list+0xac>)
10000dda:	505c      	str	r4, [r3, r1]
10000ddc:	e7ef      	b.n	10000dbe <irq_add_tail_to_free_list+0x5a>
10000dde:	2400      	movs	r4, #0
10000de0:	0061      	lsls	r1, r4, #1
10000de2:	1909      	adds	r1, r1, r4
10000de4:	0089      	lsls	r1, r1, #2
10000de6:	185b      	adds	r3, r3, r1
10000de8:	21ff      	movs	r1, #255	; 0xff
10000dea:	7199      	strb	r1, [r3, #6]
10000dec:	4909      	ldr	r1, [pc, #36]	; (10000e14 <irq_add_tail_to_free_list+0xb0>)
10000dee:	8099      	strh	r1, [r3, #4]
10000df0:	e7e5      	b.n	10000dbe <irq_add_tail_to_free_list+0x5a>
10000df2:	2401      	movs	r4, #1
10000df4:	e7f4      	b.n	10000de0 <irq_add_tail_to_free_list+0x7c>
10000df6:	2402      	movs	r4, #2
10000df8:	e7f2      	b.n	10000de0 <irq_add_tail_to_free_list+0x7c>
10000dfa:	46c0      	nop			; (mov r8, r8)
10000dfc:	d0000124 	.word	0xd0000124
10000e00:	20001024 	.word	0x20001024
10000e04:	0000aaaa 	.word	0x0000aaaa
10000e08:	e000ed00 	.word	0xe000ed00
10000e0c:	20001ff9 	.word	0x20001ff9
10000e10:	100001c1 	.word	0x100001c1
10000e14:	ffffbd01 	.word	0xffffbd01

10000e18 <user_irq_claim_unused>:
10000e18:	b500      	push	{lr}
10000e1a:	4b07      	ldr	r3, [pc, #28]	; (10000e38 <user_irq_claim_unused+0x20>)
10000e1c:	b083      	sub	sp, #12
10000e1e:	0001      	movs	r1, r0
10000e20:	9300      	str	r3, [sp, #0]
10000e22:	2200      	movs	r2, #0
10000e24:	2305      	movs	r3, #5
10000e26:	4805      	ldr	r0, [pc, #20]	; (10000e3c <user_irq_claim_unused+0x24>)
10000e28:	f7ff fcda 	bl	100007e0 <hw_claim_unused_from_range>
10000e2c:	2800      	cmp	r0, #0
10000e2e:	db01      	blt.n	10000e34 <user_irq_claim_unused+0x1c>
10000e30:	231f      	movs	r3, #31
10000e32:	1a18      	subs	r0, r3, r0
10000e34:	b003      	add	sp, #12
10000e36:	bd00      	pop	{pc}
10000e38:	10004c60 	.word	0x10004c60
10000e3c:	20001ffe 	.word	0x20001ffe

10000e40 <lock_init>:
10000e40:	4b02      	ldr	r3, [pc, #8]	; (10000e4c <lock_init+0xc>)
10000e42:	469c      	mov	ip, r3
10000e44:	4461      	add	r1, ip
10000e46:	0089      	lsls	r1, r1, #2
10000e48:	6001      	str	r1, [r0, #0]
10000e4a:	4770      	bx	lr
10000e4c:	34000040 	.word	0x34000040

10000e50 <runtime_init_mutex>:
10000e50:	b5f8      	push	{r3, r4, r5, r6, r7, lr}
10000e52:	4d13      	ldr	r5, [pc, #76]	; (10000ea0 <runtime_init_mutex+0x50>)
10000e54:	4e13      	ldr	r6, [pc, #76]	; (10000ea4 <runtime_init_mutex+0x54>)
10000e56:	002c      	movs	r4, r5
10000e58:	27ff      	movs	r7, #255	; 0xff
10000e5a:	42b5      	cmp	r5, r6
10000e5c:	d21e      	bcs.n	10000e9c <runtime_init_mutex+0x4c>
10000e5e:	6823      	ldr	r3, [r4, #0]
10000e60:	2b00      	cmp	r3, #0
10000e62:	d00f      	beq.n	10000e84 <runtime_init_mutex+0x34>
10000e64:	f7ff fd0a 	bl	1000087c <next_striped_spin_lock_num>
10000e68:	0001      	movs	r1, r0
10000e6a:	0028      	movs	r0, r5
10000e6c:	f7ff ffe8 	bl	10000e40 <lock_init>
10000e70:	80a7      	strh	r7, [r4, #4]
10000e72:	f3bf 8f5f 	dmb	sy
10000e76:	3408      	adds	r4, #8
10000e78:	42b4      	cmp	r4, r6
10000e7a:	d20f      	bcs.n	10000e9c <runtime_init_mutex+0x4c>
10000e7c:	6823      	ldr	r3, [r4, #0]
10000e7e:	0025      	movs	r5, r4
10000e80:	2b00      	cmp	r3, #0
10000e82:	d1ef      	bne.n	10000e64 <runtime_init_mutex+0x14>
10000e84:	f7ff fcfa 	bl	1000087c <next_striped_spin_lock_num>
10000e88:	0001      	movs	r1, r0
10000e8a:	0028      	movs	r0, r5
10000e8c:	f7ff ffd8 	bl	10000e40 <lock_init>
10000e90:	7127      	strb	r7, [r4, #4]
10000e92:	f3bf 8f5f 	dmb	sy
10000e96:	3408      	adds	r4, #8
10000e98:	42b4      	cmp	r4, r6
10000e9a:	d3ef      	bcc.n	10000e7c <runtime_init_mutex+0x2c>
10000e9c:	bdf8      	pop	{r3, r4, r5, r6, r7, pc}
10000e9e:	46c0      	nop			; (mov r8, r8)
10000ea0:	200010e8 	.word	0x200010e8
10000ea4:	200010f0 	.word	0x200010f0

10000ea8 <mutex_init>:
10000ea8:	b510      	push	{r4, lr}
10000eaa:	0004      	movs	r4, r0
10000eac:	f7ff fce6 	bl	1000087c <next_striped_spin_lock_num>
10000eb0:	0001      	movs	r1, r0
10000eb2:	0020      	movs	r0, r4
10000eb4:	f7ff ffc4 	bl	10000e40 <lock_init>
10000eb8:	23ff      	movs	r3, #255	; 0xff
10000eba:	7123      	strb	r3, [r4, #4]
10000ebc:	f3bf 8f5f 	dmb	sy
10000ec0:	bd10      	pop	{r4, pc}
10000ec2:	46c0      	nop			; (mov r8, r8)

10000ec4 <critical_section_init>:
10000ec4:	b510      	push	{r4, lr}
10000ec6:	0004      	movs	r4, r0
10000ec8:	2001      	movs	r0, #1
10000eca:	f7ff fce3 	bl	10000894 <spin_lock_claim_unused>
10000ece:	4b04      	ldr	r3, [pc, #16]	; (10000ee0 <critical_section_init+0x1c>)
10000ed0:	469c      	mov	ip, r3
10000ed2:	4460      	add	r0, ip
10000ed4:	0080      	lsls	r0, r0, #2
10000ed6:	6020      	str	r0, [r4, #0]
10000ed8:	f3bf 8f5f 	dmb	sy
10000edc:	bd10      	pop	{r4, pc}
10000ede:	46c0      	nop			; (mov r8, r8)
10000ee0:	34000040 	.word	0x34000040

10000ee4 <critical_section_init_with_lock_num>:
10000ee4:	4b03      	ldr	r3, [pc, #12]	; (10000ef4 <critical_section_init_with_lock_num+0x10>)
10000ee6:	469c      	mov	ip, r3
10000ee8:	4461      	add	r1, ip
10000eea:	0089      	lsls	r1, r1, #2
10000eec:	6001      	str	r1, [r0, #0]
10000eee:	f3bf 8f5f 	dmb	sy
10000ef2:	4770      	bx	lr
10000ef4:	34000040 	.word	0x34000040

10000ef8 <sleep_until_callback>:
10000ef8:	4b0a      	ldr	r3, [pc, #40]	; (10000f24 <sleep_until_callback+0x2c>)
10000efa:	6819      	ldr	r1, [r3, #0]
10000efc:	f3ef 8010 	mrs	r0, PRIMASK
10000f00:	b672      	cpsid	i
10000f02:	680a      	ldr	r2, [r1, #0]
10000f04:	2a00      	cmp	r2, #0
10000f06:	d0fc      	beq.n	10000f02 <sleep_until_callback+0xa>
10000f08:	f3bf 8f5f 	dmb	sy
10000f0c:	681b      	ldr	r3, [r3, #0]
10000f0e:	f3bf 8f5f 	dmb	sy
10000f12:	2200      	movs	r2, #0
10000f14:	601a      	str	r2, [r3, #0]
10000f16:	f380 8810 	msr	PRIMASK, r0
10000f1a:	bf40      	sev
10000f1c:	2000      	movs	r0, #0
10000f1e:	2100      	movs	r1, #0
10000f20:	4770      	bx	lr
10000f22:	46c0      	nop			; (mov r8, r8)
10000f24:	20001fd8 	.word	0x20001fd8

10000f28 <alarm_pool_irq_handler>:
10000f28:	b5f0      	push	{r4, r5, r6, r7, lr}
10000f2a:	46de      	mov	lr, fp
10000f2c:	4657      	mov	r7, sl
10000f2e:	464e      	mov	r6, r9
10000f30:	4645      	mov	r5, r8
10000f32:	b5e0      	push	{r5, r6, r7, lr}
10000f34:	b085      	sub	sp, #20
10000f36:	f3ef 8205 	mrs	r2, IPSR
10000f3a:	2303      	movs	r3, #3
10000f3c:	4013      	ands	r3, r2
10000f3e:	009a      	lsls	r2, r3, #2
10000f40:	0011      	movs	r1, r2
10000f42:	9203      	str	r2, [sp, #12]
10000f44:	4ab6      	ldr	r2, [pc, #728]	; (10001220 <alarm_pool_irq_handler+0x2f8>)
10000f46:	5852      	ldr	r2, [r2, r1]
10000f48:	4690      	mov	r8, r2
10000f4a:	2201      	movs	r2, #1
10000f4c:	409a      	lsls	r2, r3
10000f4e:	4691      	mov	r9, r2
10000f50:	4bb4      	ldr	r3, [pc, #720]	; (10001224 <alarm_pool_irq_handler+0x2fc>)
10000f52:	601a      	str	r2, [r3, #0]
10000f54:	464b      	mov	r3, r9
10000f56:	48b4      	ldr	r0, [pc, #720]	; (10001228 <alarm_pool_irq_handler+0x300>)
10000f58:	6343      	str	r3, [r0, #52]	; 0x34
10000f5a:	4643      	mov	r3, r8
10000f5c:	2208      	movs	r2, #8
10000f5e:	5e9b      	ldrsh	r3, [r3, r2]
10000f60:	469a      	mov	sl, r3
10000f62:	2b00      	cmp	r3, #0
10000f64:	da3d      	bge.n	10000fe2 <alarm_pool_irq_handler+0xba>
10000f66:	4643      	mov	r3, r8
10000f68:	889b      	ldrh	r3, [r3, #4]
10000f6a:	b21b      	sxth	r3, r3
10000f6c:	2b00      	cmp	r3, #0
10000f6e:	db00      	blt.n	10000f72 <alarm_pool_irq_handler+0x4a>
10000f70:	e0a1      	b.n	100010b6 <alarm_pool_irq_handler+0x18e>
10000f72:	4643      	mov	r3, r8
10000f74:	799b      	ldrb	r3, [r3, #6]
10000f76:	2b00      	cmp	r3, #0
10000f78:	d000      	beq.n	10000f7c <alarm_pool_irq_handler+0x54>
10000f7a:	e0f3      	b.n	10001164 <alarm_pool_irq_handler+0x23c>
10000f7c:	4643      	mov	r3, r8
10000f7e:	2408      	movs	r4, #8
10000f80:	5f1c      	ldrsh	r4, [r3, r4]
10000f82:	2c00      	cmp	r4, #0
10000f84:	db23      	blt.n	10000fce <alarm_pool_irq_handler+0xa6>
10000f86:	4642      	mov	r2, r8
10000f88:	6952      	ldr	r2, [r2, #20]
10000f8a:	0063      	lsls	r3, r4, #1
10000f8c:	4694      	mov	ip, r2
10000f8e:	191b      	adds	r3, r3, r4
10000f90:	00db      	lsls	r3, r3, #3
10000f92:	4463      	add	r3, ip
10000f94:	689c      	ldr	r4, [r3, #8]
10000f96:	68dd      	ldr	r5, [r3, #12]
10000f98:	1c63      	adds	r3, r4, #1
10000f9a:	d100      	bne.n	10000f9e <alarm_pool_irq_handler+0x76>
10000f9c:	e10f      	b.n	100011be <alarm_pool_irq_handler+0x296>
10000f9e:	48a2      	ldr	r0, [pc, #648]	; (10001228 <alarm_pool_irq_handler+0x300>)
10000fa0:	9903      	ldr	r1, [sp, #12]
10000fa2:	4684      	mov	ip, r0
10000fa4:	4461      	add	r1, ip
10000fa6:	6a82      	ldr	r2, [r0, #40]	; 0x28
10000fa8:	690b      	ldr	r3, [r1, #16]
10000faa:	1aa6      	subs	r6, r4, r2
10000fac:	1a9b      	subs	r3, r3, r2
10000fae:	429e      	cmp	r6, r3
10000fb0:	d315      	bcc.n	10000fde <alarm_pool_irq_handler+0xb6>
10000fb2:	464a      	mov	r2, r9
10000fb4:	6a03      	ldr	r3, [r0, #32]
10000fb6:	421a      	tst	r2, r3
10000fb8:	d011      	beq.n	10000fde <alarm_pool_irq_handler+0xb6>
10000fba:	489b      	ldr	r0, [pc, #620]	; (10001228 <alarm_pool_irq_handler+0x300>)
10000fbc:	f000 fbb0 	bl	10001720 <timer_time_us_64>
10000fc0:	1a24      	subs	r4, r4, r0
10000fc2:	418d      	sbcs	r5, r1
10000fc4:	2d00      	cmp	r5, #0
10000fc6:	dc02      	bgt.n	10000fce <alarm_pool_irq_handler+0xa6>
10000fc8:	d1c4      	bne.n	10000f54 <alarm_pool_irq_handler+0x2c>
10000fca:	2c00      	cmp	r4, #0
10000fcc:	d0c2      	beq.n	10000f54 <alarm_pool_irq_handler+0x2c>
10000fce:	bf40      	sev
10000fd0:	b005      	add	sp, #20
10000fd2:	bcf0      	pop	{r4, r5, r6, r7}
10000fd4:	46bb      	mov	fp, r7
10000fd6:	46b2      	mov	sl, r6
10000fd8:	46a9      	mov	r9, r5
10000fda:	46a0      	mov	r8, r4
10000fdc:	bdf0      	pop	{r4, r5, r6, r7, pc}
10000fde:	610c      	str	r4, [r1, #16]
10000fe0:	e7eb      	b.n	10000fba <alarm_pool_irq_handler+0x92>
10000fe2:	4642      	mov	r2, r8
10000fe4:	6952      	ldr	r2, [r2, #20]
10000fe6:	005b      	lsls	r3, r3, #1
10000fe8:	4693      	mov	fp, r2
10000fea:	4453      	add	r3, sl
10000fec:	00db      	lsls	r3, r3, #3
10000fee:	449b      	add	fp, r3
10000ff0:	465b      	mov	r3, fp
10000ff2:	689e      	ldr	r6, [r3, #8]
10000ff4:	68df      	ldr	r7, [r3, #12]
10000ff6:	f000 fb93 	bl	10001720 <timer_time_us_64>
10000ffa:	1b80      	subs	r0, r0, r6
10000ffc:	41b9      	sbcs	r1, r7
10000ffe:	2900      	cmp	r1, #0
10001000:	dbb1      	blt.n	10000f66 <alarm_pool_irq_handler+0x3e>
10001002:	2f00      	cmp	r7, #0
10001004:	da00      	bge.n	10001008 <alarm_pool_irq_handler+0xe0>
10001006:	e0e5      	b.n	100011d4 <alarm_pool_irq_handler+0x2ac>
10001008:	465b      	mov	r3, fp
1000100a:	4a88      	ldr	r2, [pc, #544]	; (1000122c <alarm_pool_irq_handler+0x304>)
1000100c:	691b      	ldr	r3, [r3, #16]
1000100e:	4293      	cmp	r3, r2
10001010:	d100      	bne.n	10001014 <alarm_pool_irq_handler+0xec>
10001012:	e0d8      	b.n	100011c6 <alarm_pool_irq_handler+0x29e>
10001014:	4641      	mov	r1, r8
10001016:	465a      	mov	r2, fp
10001018:	2008      	movs	r0, #8
1000101a:	5e08      	ldrsh	r0, [r1, r0]
1000101c:	8852      	ldrh	r2, [r2, #2]
1000101e:	0400      	lsls	r0, r0, #16
10001020:	4310      	orrs	r0, r2
10001022:	465a      	mov	r2, fp
10001024:	6951      	ldr	r1, [r2, #20]
10001026:	4798      	blx	r3
10001028:	0004      	movs	r4, r0
1000102a:	000d      	movs	r5, r1
1000102c:	0023      	movs	r3, r4
1000102e:	432b      	orrs	r3, r5
10001030:	d100      	bne.n	10001034 <alarm_pool_irq_handler+0x10c>
10001032:	e0cf      	b.n	100011d4 <alarm_pool_irq_handler+0x2ac>
10001034:	2d00      	cmp	r5, #0
10001036:	db00      	blt.n	1000103a <alarm_pool_irq_handler+0x112>
10001038:	e0e8      	b.n	1000120c <alarm_pool_irq_handler+0x2e4>
1000103a:	1b36      	subs	r6, r6, r4
1000103c:	41af      	sbcs	r7, r5
1000103e:	0034      	movs	r4, r6
10001040:	003d      	movs	r5, r7
10001042:	465b      	mov	r3, fp
10001044:	609c      	str	r4, [r3, #8]
10001046:	60dd      	str	r5, [r3, #12]
10001048:	2100      	movs	r1, #0
1000104a:	5e59      	ldrsh	r1, [r3, r1]
1000104c:	2900      	cmp	r1, #0
1000104e:	da00      	bge.n	10001052 <alarm_pool_irq_handler+0x12a>
10001050:	e789      	b.n	10000f66 <alarm_pool_irq_handler+0x3e>
10001052:	4643      	mov	r3, r8
10001054:	695b      	ldr	r3, [r3, #20]
10001056:	0022      	movs	r2, r4
10001058:	469c      	mov	ip, r3
1000105a:	002b      	movs	r3, r5
1000105c:	0048      	lsls	r0, r1, #1
1000105e:	1840      	adds	r0, r0, r1
10001060:	00c0      	lsls	r0, r0, #3
10001062:	4460      	add	r0, ip
10001064:	6886      	ldr	r6, [r0, #8]
10001066:	68c7      	ldr	r7, [r0, #12]
10001068:	1b92      	subs	r2, r2, r6
1000106a:	41bb      	sbcs	r3, r7
1000106c:	2b00      	cmp	r3, #0
1000106e:	da00      	bge.n	10001072 <alarm_pool_irq_handler+0x14a>
10001070:	e779      	b.n	10000f66 <alarm_pool_irq_handler+0x3e>
10001072:	4643      	mov	r3, r8
10001074:	4666      	mov	r6, ip
10001076:	0002      	movs	r2, r0
10001078:	9400      	str	r4, [sp, #0]
1000107a:	9501      	str	r5, [sp, #4]
1000107c:	8119      	strh	r1, [r3, #8]
1000107e:	e00c      	b.n	1000109a <alarm_pool_irq_handler+0x172>
10001080:	007b      	lsls	r3, r7, #1
10001082:	19db      	adds	r3, r3, r7
10001084:	00db      	lsls	r3, r3, #3
10001086:	18f3      	adds	r3, r6, r3
10001088:	9800      	ldr	r0, [sp, #0]
1000108a:	9901      	ldr	r1, [sp, #4]
1000108c:	689c      	ldr	r4, [r3, #8]
1000108e:	68dd      	ldr	r5, [r3, #12]
10001090:	1b00      	subs	r0, r0, r4
10001092:	41a9      	sbcs	r1, r5
10001094:	2900      	cmp	r1, #0
10001096:	db04      	blt.n	100010a2 <alarm_pool_irq_handler+0x17a>
10001098:	001a      	movs	r2, r3
1000109a:	2300      	movs	r3, #0
1000109c:	5ed7      	ldrsh	r7, [r2, r3]
1000109e:	2f00      	cmp	r7, #0
100010a0:	daee      	bge.n	10001080 <alarm_pool_irq_handler+0x158>
100010a2:	465b      	mov	r3, fp
100010a4:	801f      	strh	r7, [r3, #0]
100010a6:	4653      	mov	r3, sl
100010a8:	8013      	strh	r3, [r2, #0]
100010aa:	4643      	mov	r3, r8
100010ac:	889b      	ldrh	r3, [r3, #4]
100010ae:	b21b      	sxth	r3, r3
100010b0:	2b00      	cmp	r3, #0
100010b2:	da00      	bge.n	100010b6 <alarm_pool_irq_handler+0x18e>
100010b4:	e75d      	b.n	10000f72 <alarm_pool_irq_handler+0x4a>
100010b6:	4643      	mov	r3, r8
100010b8:	691a      	ldr	r2, [r3, #16]
100010ba:	f3ef 8110 	mrs	r1, PRIMASK
100010be:	b672      	cpsid	i
100010c0:	6813      	ldr	r3, [r2, #0]
100010c2:	2b00      	cmp	r3, #0
100010c4:	d0fc      	beq.n	100010c0 <alarm_pool_irq_handler+0x198>
100010c6:	f3bf 8f5f 	dmb	sy
100010ca:	4643      	mov	r3, r8
100010cc:	889b      	ldrh	r3, [r3, #4]
100010ce:	4642      	mov	r2, r8
100010d0:	b21b      	sxth	r3, r3
100010d2:	469a      	mov	sl, r3
100010d4:	2301      	movs	r3, #1
100010d6:	425b      	negs	r3, r3
100010d8:	8093      	strh	r3, [r2, #4]
100010da:	6913      	ldr	r3, [r2, #16]
100010dc:	f3bf 8f5f 	dmb	sy
100010e0:	2200      	movs	r2, #0
100010e2:	601a      	str	r2, [r3, #0]
100010e4:	f381 8810 	msr	PRIMASK, r1
100010e8:	4653      	mov	r3, sl
100010ea:	2b00      	cmp	r3, #0
100010ec:	da00      	bge.n	100010f0 <alarm_pool_irq_handler+0x1c8>
100010ee:	e740      	b.n	10000f72 <alarm_pool_irq_handler+0x4a>
100010f0:	4643      	mov	r3, r8
100010f2:	695b      	ldr	r3, [r3, #20]
100010f4:	469c      	mov	ip, r3
100010f6:	2308      	movs	r3, #8
100010f8:	4443      	add	r3, r8
100010fa:	469b      	mov	fp, r3
100010fc:	4653      	mov	r3, sl
100010fe:	005f      	lsls	r7, r3, #1
10001100:	4643      	mov	r3, r8
10001102:	4457      	add	r7, sl
10001104:	00ff      	lsls	r7, r7, #3
10001106:	2208      	movs	r2, #8
10001108:	5e9a      	ldrsh	r2, [r3, r2]
1000110a:	4467      	add	r7, ip
1000110c:	465e      	mov	r6, fp
1000110e:	68bc      	ldr	r4, [r7, #8]
10001110:	68fd      	ldr	r5, [r7, #12]
10001112:	2a00      	cmp	r2, #0
10001114:	db19      	blt.n	1000114a <alarm_pool_irq_handler+0x222>
10001116:	003b      	movs	r3, r7
10001118:	9400      	str	r4, [sp, #0]
1000111a:	9501      	str	r5, [sp, #4]
1000111c:	4667      	mov	r7, ip
1000111e:	469c      	mov	ip, r3
10001120:	e004      	b.n	1000112c <alarm_pool_irq_handler+0x204>
10001122:	001e      	movs	r6, r3
10001124:	2300      	movs	r3, #0
10001126:	5ef2      	ldrsh	r2, [r6, r3]
10001128:	2a00      	cmp	r2, #0
1000112a:	db0b      	blt.n	10001144 <alarm_pool_irq_handler+0x21c>
1000112c:	9800      	ldr	r0, [sp, #0]
1000112e:	9901      	ldr	r1, [sp, #4]
10001130:	0053      	lsls	r3, r2, #1
10001132:	189b      	adds	r3, r3, r2
10001134:	00db      	lsls	r3, r3, #3
10001136:	18fb      	adds	r3, r7, r3
10001138:	689c      	ldr	r4, [r3, #8]
1000113a:	68dd      	ldr	r5, [r3, #12]
1000113c:	1b00      	subs	r0, r0, r4
1000113e:	41a9      	sbcs	r1, r5
10001140:	2900      	cmp	r1, #0
10001142:	daee      	bge.n	10001122 <alarm_pool_irq_handler+0x1fa>
10001144:	4663      	mov	r3, ip
10001146:	46bc      	mov	ip, r7
10001148:	001f      	movs	r7, r3
1000114a:	4653      	mov	r3, sl
1000114c:	8033      	strh	r3, [r6, #0]
1000114e:	2100      	movs	r1, #0
10001150:	5e7b      	ldrsh	r3, [r7, r1]
10001152:	803a      	strh	r2, [r7, #0]
10001154:	469a      	mov	sl, r3
10001156:	2b00      	cmp	r3, #0
10001158:	dad0      	bge.n	100010fc <alarm_pool_irq_handler+0x1d4>
1000115a:	4643      	mov	r3, r8
1000115c:	799b      	ldrb	r3, [r3, #6]
1000115e:	2b00      	cmp	r3, #0
10001160:	d100      	bne.n	10001164 <alarm_pool_irq_handler+0x23c>
10001162:	e70b      	b.n	10000f7c <alarm_pool_irq_handler+0x54>
10001164:	2300      	movs	r3, #0
10001166:	4642      	mov	r2, r8
10001168:	7193      	strb	r3, [r2, #6]
1000116a:	4643      	mov	r3, r8
1000116c:	4646      	mov	r6, r8
1000116e:	2108      	movs	r1, #8
10001170:	5e59      	ldrsh	r1, [r3, r1]
10001172:	3608      	adds	r6, #8
10001174:	1c4b      	adds	r3, r1, #1
10001176:	d100      	bne.n	1000117a <alarm_pool_irq_handler+0x252>
10001178:	e729      	b.n	10000fce <alarm_pool_irq_handler+0xa6>
1000117a:	4647      	mov	r7, r8
1000117c:	468c      	mov	ip, r1
1000117e:	6955      	ldr	r5, [r2, #20]
10001180:	e002      	b.n	10001188 <alarm_pool_irq_handler+0x260>
10001182:	0006      	movs	r6, r0
10001184:	1c4b      	adds	r3, r1, #1
10001186:	d017      	beq.n	100011b8 <alarm_pool_irq_handler+0x290>
10001188:	004b      	lsls	r3, r1, #1
1000118a:	185b      	adds	r3, r3, r1
1000118c:	00db      	lsls	r3, r3, #3
1000118e:	18e8      	adds	r0, r5, r3
10001190:	000a      	movs	r2, r1
10001192:	5ee9      	ldrsh	r1, [r5, r3]
10001194:	8843      	ldrh	r3, [r0, #2]
10001196:	b21b      	sxth	r3, r3
10001198:	2b00      	cmp	r3, #0
1000119a:	daf2      	bge.n	10001182 <alarm_pool_irq_handler+0x25a>
1000119c:	2301      	movs	r3, #1
1000119e:	425b      	negs	r3, r3
100011a0:	17dc      	asrs	r4, r3, #31
100011a2:	6083      	str	r3, [r0, #8]
100011a4:	60c4      	str	r4, [r0, #12]
100011a6:	4562      	cmp	r2, ip
100011a8:	d0ec      	beq.n	10001184 <alarm_pool_irq_handler+0x25c>
100011aa:	8031      	strh	r1, [r6, #0]
100011ac:	893b      	ldrh	r3, [r7, #8]
100011ae:	4694      	mov	ip, r2
100011b0:	8003      	strh	r3, [r0, #0]
100011b2:	813a      	strh	r2, [r7, #8]
100011b4:	1c4b      	adds	r3, r1, #1
100011b6:	d1e7      	bne.n	10001188 <alarm_pool_irq_handler+0x260>
100011b8:	46b8      	mov	r8, r7
100011ba:	4664      	mov	r4, ip
100011bc:	e6e1      	b.n	10000f82 <alarm_pool_irq_handler+0x5a>
100011be:	1c6b      	adds	r3, r5, #1
100011c0:	d000      	beq.n	100011c4 <alarm_pool_irq_handler+0x29c>
100011c2:	e6ec      	b.n	10000f9e <alarm_pool_irq_handler+0x76>
100011c4:	e6f9      	b.n	10000fba <alarm_pool_irq_handler+0x92>
100011c6:	465b      	mov	r3, fp
100011c8:	695c      	ldr	r4, [r3, #20]
100011ca:	0020      	movs	r0, r4
100011cc:	6923      	ldr	r3, [r4, #16]
100011ce:	4798      	blx	r3
100011d0:	2800      	cmp	r0, #0
100011d2:	d121      	bne.n	10001218 <alarm_pool_irq_handler+0x2f0>
100011d4:	465b      	mov	r3, fp
100011d6:	4642      	mov	r2, r8
100011d8:	881b      	ldrh	r3, [r3, #0]
100011da:	8113      	strh	r3, [r2, #8]
100011dc:	6912      	ldr	r2, [r2, #16]
100011de:	f3ef 8310 	mrs	r3, PRIMASK
100011e2:	b672      	cpsid	i
100011e4:	6811      	ldr	r1, [r2, #0]
100011e6:	2900      	cmp	r1, #0
100011e8:	d0fc      	beq.n	100011e4 <alarm_pool_irq_handler+0x2bc>
100011ea:	f3bf 8f5f 	dmb	sy
100011ee:	4642      	mov	r2, r8
100011f0:	4659      	mov	r1, fp
100011f2:	8852      	ldrh	r2, [r2, #2]
100011f4:	800a      	strh	r2, [r1, #0]
100011f6:	4642      	mov	r2, r8
100011f8:	4651      	mov	r1, sl
100011fa:	8051      	strh	r1, [r2, #2]
100011fc:	6912      	ldr	r2, [r2, #16]
100011fe:	f3bf 8f5f 	dmb	sy
10001202:	2100      	movs	r1, #0
10001204:	6011      	str	r1, [r2, #0]
10001206:	f383 8810 	msr	PRIMASK, r3
1000120a:	e6ac      	b.n	10000f66 <alarm_pool_irq_handler+0x3e>
1000120c:	4806      	ldr	r0, [pc, #24]	; (10001228 <alarm_pool_irq_handler+0x300>)
1000120e:	f000 fa87 	bl	10001720 <timer_time_us_64>
10001212:	1824      	adds	r4, r4, r0
10001214:	414d      	adcs	r5, r1
10001216:	e714      	b.n	10001042 <alarm_pool_irq_handler+0x11a>
10001218:	6865      	ldr	r5, [r4, #4]
1000121a:	6824      	ldr	r4, [r4, #0]
1000121c:	e706      	b.n	1000102c <alarm_pool_irq_handler+0x104>
1000121e:	46c0      	nop			; (mov r8, r8)
10001220:	20001fb4 	.word	0x20001fb4
10001224:	4005703c 	.word	0x4005703c
10001228:	40054000 	.word	0x40054000
1000122c:	10000f29 	.word	0x10000f29

10001230 <runtime_init_default_alarm_pool>:
10001230:	b570      	push	{r4, r5, r6, lr}
10001232:	4c2e      	ldr	r4, [pc, #184]	; (100012ec <runtime_init_default_alarm_pool+0xbc>)
10001234:	6925      	ldr	r5, [r4, #16]
10001236:	2d00      	cmp	r5, #0
10001238:	d004      	beq.n	10001244 <runtime_init_default_alarm_pool+0x14>
1000123a:	210a      	movs	r1, #10
1000123c:	482c      	ldr	r0, [pc, #176]	; (100012f0 <runtime_init_default_alarm_pool+0xc0>)
1000123e:	f7ff fdff 	bl	10000e40 <lock_init>
10001242:	bd70      	pop	{r4, r5, r6, pc}
10001244:	4e2b      	ldr	r6, [pc, #172]	; (100012f4 <runtime_init_default_alarm_pool+0xc4>)
10001246:	2103      	movs	r1, #3
10001248:	0030      	movs	r0, r6
1000124a:	f000 fa5f 	bl	1000170c <timer_hardware_alarm_claim>
1000124e:	60e6      	str	r6, [r4, #12]
10001250:	f7ff fb14 	bl	1000087c <next_striped_spin_lock_num>
10001254:	4b28      	ldr	r3, [pc, #160]	; (100012f8 <runtime_init_default_alarm_pool+0xc8>)
10001256:	2203      	movs	r2, #3
10001258:	469c      	mov	ip, r3
1000125a:	23d0      	movs	r3, #208	; 0xd0
1000125c:	7022      	strb	r2, [r4, #0]
1000125e:	061b      	lsls	r3, r3, #24
10001260:	681b      	ldr	r3, [r3, #0]
10001262:	2101      	movs	r1, #1
10001264:	7063      	strb	r3, [r4, #1]
10001266:	4b25      	ldr	r3, [pc, #148]	; (100012fc <runtime_init_default_alarm_pool+0xcc>)
10001268:	4460      	add	r0, ip
1000126a:	60a3      	str	r3, [r4, #8]
1000126c:	230f      	movs	r3, #15
1000126e:	0080      	lsls	r0, r0, #2
10001270:	6120      	str	r0, [r4, #16]
10001272:	2002      	movs	r0, #2
10001274:	8063      	strh	r3, [r4, #2]
10001276:	6963      	ldr	r3, [r4, #20]
10001278:	4249      	negs	r1, r1
1000127a:	80a1      	strh	r1, [r4, #4]
1000127c:	8019      	strh	r1, [r3, #0]
1000127e:	3102      	adds	r1, #2
10001280:	8619      	strh	r1, [r3, #48]	; 0x30
10001282:	3147      	adds	r1, #71	; 0x47
10001284:	831d      	strh	r5, [r3, #24]
10001286:	5258      	strh	r0, [r3, r1]
10001288:	3118      	adds	r1, #24
1000128a:	525a      	strh	r2, [r3, r1]
1000128c:	3275      	adds	r2, #117	; 0x75
1000128e:	395c      	subs	r1, #92	; 0x5c
10001290:	5299      	strh	r1, [r3, r2]
10001292:	3218      	adds	r2, #24
10001294:	3101      	adds	r1, #1
10001296:	5299      	strh	r1, [r3, r2]
10001298:	3218      	adds	r2, #24
1000129a:	3101      	adds	r1, #1
1000129c:	5299      	strh	r1, [r3, r2]
1000129e:	3218      	adds	r2, #24
100012a0:	3101      	adds	r1, #1
100012a2:	5299      	strh	r1, [r3, r2]
100012a4:	3508      	adds	r5, #8
100012a6:	3218      	adds	r2, #24
100012a8:	529d      	strh	r5, [r3, r2]
100012aa:	3102      	adds	r1, #2
100012ac:	3218      	adds	r2, #24
100012ae:	5299      	strh	r1, [r3, r2]
100012b0:	3218      	adds	r2, #24
100012b2:	3101      	adds	r1, #1
100012b4:	5299      	strh	r1, [r3, r2]
100012b6:	3218      	adds	r2, #24
100012b8:	3101      	adds	r1, #1
100012ba:	5299      	strh	r1, [r3, r2]
100012bc:	3218      	adds	r2, #24
100012be:	3101      	adds	r1, #1
100012c0:	5299      	strh	r1, [r3, r2]
100012c2:	3218      	adds	r2, #24
100012c4:	3101      	adds	r1, #1
100012c6:	5299      	strh	r1, [r3, r2]
100012c8:	3218      	adds	r2, #24
100012ca:	3101      	adds	r1, #1
100012cc:	5299      	strh	r1, [r3, r2]
100012ce:	4b0c      	ldr	r3, [pc, #48]	; (10001300 <runtime_init_default_alarm_pool+0xd0>)
100012d0:	490c      	ldr	r1, [pc, #48]	; (10001304 <runtime_init_default_alarm_pool+0xd4>)
100012d2:	60dc      	str	r4, [r3, #12]
100012d4:	3001      	adds	r0, #1
100012d6:	6235      	str	r5, [r6, #32]
100012d8:	f7ff fb44 	bl	10000964 <irq_set_exclusive_handler>
100012dc:	2101      	movs	r1, #1
100012de:	2003      	movs	r0, #3
100012e0:	f7ff fb08 	bl	100008f4 <irq_set_enabled>
100012e4:	4b08      	ldr	r3, [pc, #32]	; (10001308 <runtime_init_default_alarm_pool+0xd8>)
100012e6:	601d      	str	r5, [r3, #0]
100012e8:	e7a7      	b.n	1000123a <runtime_init_default_alarm_pool+0xa>
100012ea:	46c0      	nop			; (mov r8, r8)
100012ec:	2000106c 	.word	0x2000106c
100012f0:	20001fd8 	.word	0x20001fd8
100012f4:	40054000 	.word	0x40054000
100012f8:	34000040 	.word	0x34000040
100012fc:	0010ffff 	.word	0x0010ffff
10001300:	20001fb4 	.word	0x20001fb4
10001304:	10000f29 	.word	0x10000f29
10001308:	40056038 	.word	0x40056038

1000130c <alarm_pool_get_default>:
1000130c:	4800      	ldr	r0, [pc, #0]	; (10001310 <alarm_pool_get_default+0x4>)
1000130e:	4770      	bx	lr
10001310:	2000106c 	.word	0x2000106c

10001314 <alarm_pool_add_alarm_at>:
10001314:	b5f8      	push	{r3, r4, r5, r6, r7, lr}
10001316:	001f      	movs	r7, r3
10001318:	ab08      	add	r3, sp, #32
1000131a:	781b      	ldrb	r3, [r3, #0]
1000131c:	0004      	movs	r4, r0
1000131e:	0016      	movs	r6, r2
10001320:	2b00      	cmp	r3, #0
10001322:	d107      	bne.n	10001334 <alarm_pool_add_alarm_at+0x20>
10001324:	f000 fa04 	bl	10001730 <time_us_64>
10001328:	0032      	movs	r2, r6
1000132a:	003b      	movs	r3, r7
1000132c:	1a12      	subs	r2, r2, r0
1000132e:	418b      	sbcs	r3, r1
10001330:	2b00      	cmp	r3, #0
10001332:	db4c      	blt.n	100013ce <alarm_pool_add_alarm_at+0xba>
10001334:	6922      	ldr	r2, [r4, #16]
10001336:	f3ef 8010 	mrs	r0, PRIMASK
1000133a:	b672      	cpsid	i
1000133c:	6813      	ldr	r3, [r2, #0]
1000133e:	2b00      	cmp	r3, #0
10001340:	d0fc      	beq.n	1000133c <alarm_pool_add_alarm_at+0x28>
10001342:	f3bf 8f5f 	dmb	sy
10001346:	6962      	ldr	r2, [r4, #20]
10001348:	2302      	movs	r3, #2
1000134a:	5ee1      	ldrsh	r1, [r4, r3]
1000134c:	4694      	mov	ip, r2
1000134e:	004b      	lsls	r3, r1, #1
10001350:	185b      	adds	r3, r3, r1
10001352:	00db      	lsls	r3, r3, #3
10001354:	4463      	add	r3, ip
10001356:	2900      	cmp	r1, #0
10001358:	db01      	blt.n	1000135e <alarm_pool_add_alarm_at+0x4a>
1000135a:	881a      	ldrh	r2, [r3, #0]
1000135c:	8062      	strh	r2, [r4, #2]
1000135e:	6922      	ldr	r2, [r4, #16]
10001360:	f3bf 8f5f 	dmb	sy
10001364:	2500      	movs	r5, #0
10001366:	6015      	str	r5, [r2, #0]
10001368:	f380 8810 	msr	PRIMASK, r0
1000136c:	2900      	cmp	r1, #0
1000136e:	db30      	blt.n	100013d2 <alarm_pool_add_alarm_at+0xbe>
10001370:	9a06      	ldr	r2, [sp, #24]
10001372:	609e      	str	r6, [r3, #8]
10001374:	60df      	str	r7, [r3, #12]
10001376:	611a      	str	r2, [r3, #16]
10001378:	9a07      	ldr	r2, [sp, #28]
1000137a:	615a      	str	r2, [r3, #20]
1000137c:	885a      	ldrh	r2, [r3, #2]
1000137e:	3201      	adds	r2, #1
10001380:	0452      	lsls	r2, r2, #17
10001382:	0c52      	lsrs	r2, r2, #17
10001384:	1c16      	adds	r6, r2, #0
10001386:	2a00      	cmp	r2, #0
10001388:	d01f      	beq.n	100013ca <alarm_pool_add_alarm_at+0xb6>
1000138a:	b2b0      	uxth	r0, r6
1000138c:	040a      	lsls	r2, r1, #16
1000138e:	805e      	strh	r6, [r3, #2]
10001390:	4310      	orrs	r0, r2
10001392:	6926      	ldr	r6, [r4, #16]
10001394:	f3ef 8510 	mrs	r5, PRIMASK
10001398:	b672      	cpsid	i
1000139a:	6832      	ldr	r2, [r6, #0]
1000139c:	2a00      	cmp	r2, #0
1000139e:	d0fc      	beq.n	1000139a <alarm_pool_add_alarm_at+0x86>
100013a0:	f3bf 8f5f 	dmb	sy
100013a4:	88a2      	ldrh	r2, [r4, #4]
100013a6:	801a      	strh	r2, [r3, #0]
100013a8:	80a1      	strh	r1, [r4, #4]
100013aa:	6923      	ldr	r3, [r4, #16]
100013ac:	f3bf 8f5f 	dmb	sy
100013b0:	2200      	movs	r2, #0
100013b2:	601a      	str	r2, [r3, #0]
100013b4:	f385 8810 	msr	PRIMASK, r5
100013b8:	4907      	ldr	r1, [pc, #28]	; (100013d8 <alarm_pool_add_alarm_at+0xc4>)
100013ba:	7823      	ldrb	r3, [r4, #0]
100013bc:	468c      	mov	ip, r1
100013be:	3201      	adds	r2, #1
100013c0:	409a      	lsls	r2, r3
100013c2:	68e3      	ldr	r3, [r4, #12]
100013c4:	4463      	add	r3, ip
100013c6:	601a      	str	r2, [r3, #0]
100013c8:	bdf8      	pop	{r3, r4, r5, r6, r7, pc}
100013ca:	2601      	movs	r6, #1
100013cc:	e7dd      	b.n	1000138a <alarm_pool_add_alarm_at+0x76>
100013ce:	2000      	movs	r0, #0
100013d0:	e7fa      	b.n	100013c8 <alarm_pool_add_alarm_at+0xb4>
100013d2:	2001      	movs	r0, #1
100013d4:	4240      	negs	r0, r0
100013d6:	e7f7      	b.n	100013c8 <alarm_pool_add_alarm_at+0xb4>
100013d8:	0000203c 	.word	0x0000203c

100013dc <alarm_pool_add_alarm_at_force_in_context>:
100013dc:	b570      	push	{r4, r5, r6, lr}
100013de:	46c6      	mov	lr, r8
100013e0:	0001      	movs	r1, r0
100013e2:	b500      	push	{lr}
100013e4:	6904      	ldr	r4, [r0, #16]
100013e6:	f3ef 8c10 	mrs	ip, PRIMASK
100013ea:	b672      	cpsid	i
100013ec:	6820      	ldr	r0, [r4, #0]
100013ee:	2800      	cmp	r0, #0
100013f0:	d0fc      	beq.n	100013ec <alarm_pool_add_alarm_at_force_in_context+0x10>
100013f2:	f3bf 8f5f 	dmb	sy
100013f6:	2002      	movs	r0, #2
100013f8:	5e0d      	ldrsh	r5, [r1, r0]
100013fa:	6948      	ldr	r0, [r1, #20]
100013fc:	006c      	lsls	r4, r5, #1
100013fe:	4680      	mov	r8, r0
10001400:	1964      	adds	r4, r4, r5
10001402:	00e4      	lsls	r4, r4, #3
10001404:	4444      	add	r4, r8
10001406:	2d00      	cmp	r5, #0
10001408:	db01      	blt.n	1000140e <alarm_pool_add_alarm_at_force_in_context+0x32>
1000140a:	8820      	ldrh	r0, [r4, #0]
1000140c:	8048      	strh	r0, [r1, #2]
1000140e:	6908      	ldr	r0, [r1, #16]
10001410:	f3bf 8f5f 	dmb	sy
10001414:	2600      	movs	r6, #0
10001416:	6006      	str	r6, [r0, #0]
10001418:	f38c 8810 	msr	PRIMASK, ip
1000141c:	2d00      	cmp	r5, #0
1000141e:	db30      	blt.n	10001482 <alarm_pool_add_alarm_at_force_in_context+0xa6>
10001420:	60e3      	str	r3, [r4, #12]
10001422:	8863      	ldrh	r3, [r4, #2]
10001424:	9805      	ldr	r0, [sp, #20]
10001426:	3301      	adds	r3, #1
10001428:	6120      	str	r0, [r4, #16]
1000142a:	045b      	lsls	r3, r3, #17
1000142c:	9806      	ldr	r0, [sp, #24]
1000142e:	0c5b      	lsrs	r3, r3, #17
10001430:	60a2      	str	r2, [r4, #8]
10001432:	6160      	str	r0, [r4, #20]
10001434:	1c1a      	adds	r2, r3, #0
10001436:	2b00      	cmp	r3, #0
10001438:	d021      	beq.n	1000147e <alarm_pool_add_alarm_at_force_in_context+0xa2>
1000143a:	b290      	uxth	r0, r2
1000143c:	042b      	lsls	r3, r5, #16
1000143e:	8062      	strh	r2, [r4, #2]
10001440:	4318      	orrs	r0, r3
10001442:	690a      	ldr	r2, [r1, #16]
10001444:	f3ef 8610 	mrs	r6, PRIMASK
10001448:	b672      	cpsid	i
1000144a:	6813      	ldr	r3, [r2, #0]
1000144c:	2b00      	cmp	r3, #0
1000144e:	d0fc      	beq.n	1000144a <alarm_pool_add_alarm_at_force_in_context+0x6e>
10001450:	f3bf 8f5f 	dmb	sy
10001454:	888b      	ldrh	r3, [r1, #4]
10001456:	8023      	strh	r3, [r4, #0]
10001458:	808d      	strh	r5, [r1, #4]
1000145a:	690b      	ldr	r3, [r1, #16]
1000145c:	f3bf 8f5f 	dmb	sy
10001460:	2200      	movs	r2, #0
10001462:	601a      	str	r2, [r3, #0]
10001464:	f386 8810 	msr	PRIMASK, r6
10001468:	780b      	ldrb	r3, [r1, #0]
1000146a:	3201      	adds	r2, #1
1000146c:	409a      	lsls	r2, r3
1000146e:	68cb      	ldr	r3, [r1, #12]
10001470:	4905      	ldr	r1, [pc, #20]	; (10001488 <alarm_pool_add_alarm_at_force_in_context+0xac>)
10001472:	468c      	mov	ip, r1
10001474:	4463      	add	r3, ip
10001476:	601a      	str	r2, [r3, #0]
10001478:	bc40      	pop	{r6}
1000147a:	46b0      	mov	r8, r6
1000147c:	bd70      	pop	{r4, r5, r6, pc}
1000147e:	2201      	movs	r2, #1
10001480:	e7db      	b.n	1000143a <alarm_pool_add_alarm_at_force_in_context+0x5e>
10001482:	2001      	movs	r0, #1
10001484:	4240      	negs	r0, r0
10001486:	e7f7      	b.n	10001478 <alarm_pool_add_alarm_at_force_in_context+0x9c>
10001488:	0000203c 	.word	0x0000203c

1000148c <alarm_pool_cancel_alarm>:
1000148c:	b510      	push	{r4, lr}
1000148e:	8943      	ldrh	r3, [r0, #10]
10001490:	140a      	asrs	r2, r1, #16
10001492:	4293      	cmp	r3, r2
10001494:	dd33      	ble.n	100014fe <alarm_pool_cancel_alarm+0x72>
10001496:	0053      	lsls	r3, r2, #1
10001498:	189b      	adds	r3, r3, r2
1000149a:	6942      	ldr	r2, [r0, #20]
1000149c:	00db      	lsls	r3, r3, #3
1000149e:	4694      	mov	ip, r2
100014a0:	6904      	ldr	r4, [r0, #16]
100014a2:	4463      	add	r3, ip
100014a4:	f3ef 8c10 	mrs	ip, PRIMASK
100014a8:	b672      	cpsid	i
100014aa:	6822      	ldr	r2, [r4, #0]
100014ac:	2a00      	cmp	r2, #0
100014ae:	d0fc      	beq.n	100014aa <alarm_pool_cancel_alarm+0x1e>
100014b0:	f3bf 8f5f 	dmb	sy
100014b4:	885a      	ldrh	r2, [r3, #2]
100014b6:	0409      	lsls	r1, r1, #16
100014b8:	b294      	uxth	r4, r2
100014ba:	0c09      	lsrs	r1, r1, #16
100014bc:	428a      	cmp	r2, r1
100014be:	d008      	beq.n	100014d2 <alarm_pool_cancel_alarm+0x46>
100014c0:	6903      	ldr	r3, [r0, #16]
100014c2:	f3bf 8f5f 	dmb	sy
100014c6:	2200      	movs	r2, #0
100014c8:	601a      	str	r2, [r3, #0]
100014ca:	f38c 8810 	msr	PRIMASK, ip
100014ce:	2000      	movs	r0, #0
100014d0:	bd10      	pop	{r4, pc}
100014d2:	2280      	movs	r2, #128	; 0x80
100014d4:	0212      	lsls	r2, r2, #8
100014d6:	4314      	orrs	r4, r2
100014d8:	805c      	strh	r4, [r3, #2]
100014da:	2301      	movs	r3, #1
100014dc:	6902      	ldr	r2, [r0, #16]
100014de:	7183      	strb	r3, [r0, #6]
100014e0:	f3bf 8f5f 	dmb	sy
100014e4:	2100      	movs	r1, #0
100014e6:	6011      	str	r1, [r2, #0]
100014e8:	f38c 8810 	msr	PRIMASK, ip
100014ec:	4905      	ldr	r1, [pc, #20]	; (10001504 <alarm_pool_cancel_alarm+0x78>)
100014ee:	7802      	ldrb	r2, [r0, #0]
100014f0:	468c      	mov	ip, r1
100014f2:	4093      	lsls	r3, r2
100014f4:	68c2      	ldr	r2, [r0, #12]
100014f6:	2001      	movs	r0, #1
100014f8:	4462      	add	r2, ip
100014fa:	6013      	str	r3, [r2, #0]
100014fc:	e7e8      	b.n	100014d0 <alarm_pool_cancel_alarm+0x44>
100014fe:	2000      	movs	r0, #0
10001500:	e7e6      	b.n	100014d0 <alarm_pool_cancel_alarm+0x44>
10001502:	46c0      	nop			; (mov r8, r8)
10001504:	0000203c 	.word	0x0000203c

10001508 <alarm_pool_core_num>:
10001508:	7840      	ldrb	r0, [r0, #1]
1000150a:	4770      	bx	lr

1000150c <sleep_until>:
1000150c:	b5f0      	push	{r4, r5, r6, r7, lr}
1000150e:	0004      	movs	r4, r0
10001510:	000d      	movs	r5, r1
10001512:	2606      	movs	r6, #6
10001514:	4276      	negs	r6, r6
10001516:	17f7      	asrs	r7, r6, #31
10001518:	46c6      	mov	lr, r8
1000151a:	1936      	adds	r6, r6, r4
1000151c:	416f      	adcs	r7, r5
1000151e:	b500      	push	{lr}
10001520:	b082      	sub	sp, #8
10001522:	428f      	cmp	r7, r1
10001524:	d814      	bhi.n	10001550 <sleep_until+0x44>
10001526:	d011      	beq.n	1000154c <sleep_until+0x40>
10001528:	f000 f902 	bl	10001730 <time_us_64>
1000152c:	0032      	movs	r2, r6
1000152e:	003b      	movs	r3, r7
10001530:	1a12      	subs	r2, r2, r0
10001532:	418b      	sbcs	r3, r1
10001534:	2b00      	cmp	r3, #0
10001536:	dc15      	bgt.n	10001564 <sleep_until+0x58>
10001538:	2b00      	cmp	r3, #0
1000153a:	d044      	beq.n	100015c6 <sleep_until+0xba>
1000153c:	0020      	movs	r0, r4
1000153e:	0029      	movs	r1, r5
10001540:	f000 f900 	bl	10001744 <busy_wait_until>
10001544:	b002      	add	sp, #8
10001546:	bc80      	pop	{r7}
10001548:	46b8      	mov	r8, r7
1000154a:	bdf0      	pop	{r4, r5, r6, r7, pc}
1000154c:	4286      	cmp	r6, r0
1000154e:	d9eb      	bls.n	10001528 <sleep_until+0x1c>
10001550:	2600      	movs	r6, #0
10001552:	2700      	movs	r7, #0
10001554:	f000 f8ec 	bl	10001730 <time_us_64>
10001558:	0032      	movs	r2, r6
1000155a:	003b      	movs	r3, r7
1000155c:	1a12      	subs	r2, r2, r0
1000155e:	418b      	sbcs	r3, r1
10001560:	2b00      	cmp	r3, #0
10001562:	dde9      	ble.n	10001538 <sleep_until+0x2c>
10001564:	f000 f8e4 	bl	10001730 <time_us_64>
10001568:	0032      	movs	r2, r6
1000156a:	003b      	movs	r3, r7
1000156c:	1a12      	subs	r2, r2, r0
1000156e:	418b      	sbcs	r3, r1
10001570:	2b00      	cmp	r3, #0
10001572:	db0a      	blt.n	1000158a <sleep_until+0x7e>
10001574:	2300      	movs	r3, #0
10001576:	9301      	str	r3, [sp, #4]
10001578:	4b14      	ldr	r3, [pc, #80]	; (100015cc <sleep_until+0xc0>)
1000157a:	0032      	movs	r2, r6
1000157c:	9300      	str	r3, [sp, #0]
1000157e:	4814      	ldr	r0, [pc, #80]	; (100015d0 <sleep_until+0xc4>)
10001580:	003b      	movs	r3, r7
10001582:	f7ff ff2b 	bl	100013dc <alarm_pool_add_alarm_at_force_in_context>
10001586:	2800      	cmp	r0, #0
10001588:	dbd8      	blt.n	1000153c <sleep_until+0x30>
1000158a:	46b0      	mov	r8, r6
1000158c:	2600      	movs	r6, #0
1000158e:	46bc      	mov	ip, r7
10001590:	4a10      	ldr	r2, [pc, #64]	; (100015d4 <sleep_until+0xc8>)
10001592:	4f11      	ldr	r7, [pc, #68]	; (100015d8 <sleep_until+0xcc>)
10001594:	6a7b      	ldr	r3, [r7, #36]	; 0x24
10001596:	459c      	cmp	ip, r3
10001598:	d804      	bhi.n	100015a4 <sleep_until+0x98>
1000159a:	6ab9      	ldr	r1, [r7, #40]	; 0x28
1000159c:	4588      	cmp	r8, r1
1000159e:	d9cd      	bls.n	1000153c <sleep_until+0x30>
100015a0:	459c      	cmp	ip, r3
100015a2:	d1cb      	bne.n	1000153c <sleep_until+0x30>
100015a4:	6811      	ldr	r1, [r2, #0]
100015a6:	f3ef 8010 	mrs	r0, PRIMASK
100015aa:	b672      	cpsid	i
100015ac:	680b      	ldr	r3, [r1, #0]
100015ae:	2b00      	cmp	r3, #0
100015b0:	d0fc      	beq.n	100015ac <sleep_until+0xa0>
100015b2:	f3bf 8f5f 	dmb	sy
100015b6:	6813      	ldr	r3, [r2, #0]
100015b8:	f3bf 8f5f 	dmb	sy
100015bc:	601e      	str	r6, [r3, #0]
100015be:	f380 8810 	msr	PRIMASK, r0
100015c2:	bf20      	wfe
100015c4:	e7e6      	b.n	10001594 <sleep_until+0x88>
100015c6:	2a00      	cmp	r2, #0
100015c8:	d0b8      	beq.n	1000153c <sleep_until+0x30>
100015ca:	e7cb      	b.n	10001564 <sleep_until+0x58>
100015cc:	10000ef9 	.word	0x10000ef9
100015d0:	2000106c 	.word	0x2000106c
100015d4:	20001fd8 	.word	0x20001fd8
100015d8:	40054000 	.word	0x40054000

100015dc <sleep_ms>:
100015dc:	b570      	push	{r4, r5, r6, lr}
100015de:	0006      	movs	r6, r0
100015e0:	f000 f8a6 	bl	10001730 <time_us_64>
100015e4:	22fa      	movs	r2, #250	; 0xfa
100015e6:	0004      	movs	r4, r0
100015e8:	000d      	movs	r5, r1
100015ea:	2300      	movs	r3, #0
100015ec:	0030      	movs	r0, r6
100015ee:	2100      	movs	r1, #0
100015f0:	0092      	lsls	r2, r2, #2
100015f2:	f000 fc6d 	bl	10001ed0 <__wrap___aeabi_lmul>
100015f6:	1900      	adds	r0, r0, r4
100015f8:	4169      	adcs	r1, r5
100015fa:	2900      	cmp	r1, #0
100015fc:	db02      	blt.n	10001604 <sleep_ms+0x28>
100015fe:	f7ff ff85 	bl	1000150c <sleep_until>
10001602:	bd70      	pop	{r4, r5, r6, pc}
10001604:	2001      	movs	r0, #1
10001606:	4901      	ldr	r1, [pc, #4]	; (1000160c <sleep_ms+0x30>)
10001608:	4240      	negs	r0, r0
1000160a:	e7f8      	b.n	100015fe <sleep_ms+0x22>
1000160c:	7fffffff 	.word	0x7fffffff

10001610 <best_effort_wfe_or_timeout>:
10001610:	b5f0      	push	{r4, r5, r6, r7, lr}
10001612:	46ce      	mov	lr, r9
10001614:	4647      	mov	r7, r8
10001616:	b580      	push	{r7, lr}
10001618:	0004      	movs	r4, r0
1000161a:	000d      	movs	r5, r1
1000161c:	b083      	sub	sp, #12
1000161e:	f3ef 8705 	mrs	r7, IPSR
10001622:	2f00      	cmp	r7, #0
10001624:	d00d      	beq.n	10001642 <best_effort_wfe_or_timeout+0x32>
10001626:	4a36      	ldr	r2, [pc, #216]	; (10001700 <best_effort_wfe_or_timeout+0xf0>)
10001628:	2000      	movs	r0, #0
1000162a:	6a53      	ldr	r3, [r2, #36]	; 0x24
1000162c:	428b      	cmp	r3, r1
1000162e:	d303      	bcc.n	10001638 <best_effort_wfe_or_timeout+0x28>
10001630:	6a92      	ldr	r2, [r2, #40]	; 0x28
10001632:	3001      	adds	r0, #1
10001634:	42a2      	cmp	r2, r4
10001636:	d350      	bcc.n	100016da <best_effort_wfe_or_timeout+0xca>
10001638:	b003      	add	sp, #12
1000163a:	bcc0      	pop	{r6, r7}
1000163c:	46b9      	mov	r9, r7
1000163e:	46b0      	mov	r8, r6
10001640:	bdf0      	pop	{r4, r5, r6, r7, pc}
10001642:	4b30      	ldr	r3, [pc, #192]	; (10001704 <best_effort_wfe_or_timeout+0xf4>)
10001644:	4698      	mov	r8, r3
10001646:	68db      	ldr	r3, [r3, #12]
10001648:	4699      	mov	r9, r3
1000164a:	4643      	mov	r3, r8
1000164c:	4648      	mov	r0, r9
1000164e:	781e      	ldrb	r6, [r3, #0]
10001650:	f000 f866 	bl	10001720 <timer_time_us_64>
10001654:	000b      	movs	r3, r1
10001656:	4649      	mov	r1, r9
10001658:	0002      	movs	r2, r0
1000165a:	3604      	adds	r6, #4
1000165c:	00b6      	lsls	r6, r6, #2
1000165e:	5871      	ldr	r1, [r6, r1]
10001660:	0020      	movs	r0, r4
10001662:	1a8e      	subs	r6, r1, r2
10001664:	0029      	movs	r1, r5
10001666:	1a80      	subs	r0, r0, r2
10001668:	4199      	sbcs	r1, r3
1000166a:	428f      	cmp	r7, r1
1000166c:	dc11      	bgt.n	10001692 <best_effort_wfe_or_timeout+0x82>
1000166e:	d00e      	beq.n	1000168e <best_effort_wfe_or_timeout+0x7e>
10001670:	bf20      	wfe
10001672:	4a23      	ldr	r2, [pc, #140]	; (10001700 <best_effort_wfe_or_timeout+0xf0>)
10001674:	2000      	movs	r0, #0
10001676:	6a53      	ldr	r3, [r2, #36]	; 0x24
10001678:	42ab      	cmp	r3, r5
1000167a:	d3dd      	bcc.n	10001638 <best_effort_wfe_or_timeout+0x28>
1000167c:	6a92      	ldr	r2, [r2, #40]	; 0x28
1000167e:	3001      	adds	r0, #1
10001680:	42a2      	cmp	r2, r4
10001682:	d2d9      	bcs.n	10001638 <best_effort_wfe_or_timeout+0x28>
10001684:	1ae8      	subs	r0, r5, r3
10001686:	1e42      	subs	r2, r0, #1
10001688:	4190      	sbcs	r0, r2
1000168a:	b2c0      	uxtb	r0, r0
1000168c:	e7d4      	b.n	10001638 <best_effort_wfe_or_timeout+0x28>
1000168e:	4286      	cmp	r6, r0
10001690:	d9ee      	bls.n	10001670 <best_effort_wfe_or_timeout+0x60>
10001692:	f000 f84d 	bl	10001730 <time_us_64>
10001696:	0022      	movs	r2, r4
10001698:	002b      	movs	r3, r5
1000169a:	1a12      	subs	r2, r2, r0
1000169c:	418b      	sbcs	r3, r1
1000169e:	2b00      	cmp	r3, #0
100016a0:	db20      	blt.n	100016e4 <best_effort_wfe_or_timeout+0xd4>
100016a2:	2300      	movs	r3, #0
100016a4:	9301      	str	r3, [sp, #4]
100016a6:	4b18      	ldr	r3, [pc, #96]	; (10001708 <best_effort_wfe_or_timeout+0xf8>)
100016a8:	0022      	movs	r2, r4
100016aa:	9300      	str	r3, [sp, #0]
100016ac:	4640      	mov	r0, r8
100016ae:	002b      	movs	r3, r5
100016b0:	f7ff fe94 	bl	100013dc <alarm_pool_add_alarm_at_force_in_context>
100016b4:	1e01      	subs	r1, r0, #0
100016b6:	dd15      	ble.n	100016e4 <best_effort_wfe_or_timeout+0xd4>
100016b8:	4b11      	ldr	r3, [pc, #68]	; (10001700 <best_effort_wfe_or_timeout+0xf0>)
100016ba:	002e      	movs	r6, r5
100016bc:	6a5a      	ldr	r2, [r3, #36]	; 0x24
100016be:	4295      	cmp	r5, r2
100016c0:	d81c      	bhi.n	100016fc <best_effort_wfe_or_timeout+0xec>
100016c2:	6a9b      	ldr	r3, [r3, #40]	; 0x28
100016c4:	42a3      	cmp	r3, r4
100016c6:	d317      	bcc.n	100016f8 <best_effort_wfe_or_timeout+0xe8>
100016c8:	4640      	mov	r0, r8
100016ca:	f7ff fedf 	bl	1000148c <alarm_pool_cancel_alarm>
100016ce:	4a0c      	ldr	r2, [pc, #48]	; (10001700 <best_effort_wfe_or_timeout+0xf0>)
100016d0:	2000      	movs	r0, #0
100016d2:	6a53      	ldr	r3, [r2, #36]	; 0x24
100016d4:	429e      	cmp	r6, r3
100016d6:	d8af      	bhi.n	10001638 <best_effort_wfe_or_timeout+0x28>
100016d8:	e7d0      	b.n	1000167c <best_effort_wfe_or_timeout+0x6c>
100016da:	1a58      	subs	r0, r3, r1
100016dc:	1e42      	subs	r2, r0, #1
100016de:	4190      	sbcs	r0, r2
100016e0:	b2c0      	uxtb	r0, r0
100016e2:	e7a9      	b.n	10001638 <best_effort_wfe_or_timeout+0x28>
100016e4:	4a06      	ldr	r2, [pc, #24]	; (10001700 <best_effort_wfe_or_timeout+0xf0>)
100016e6:	2000      	movs	r0, #0
100016e8:	6a53      	ldr	r3, [r2, #36]	; 0x24
100016ea:	42ab      	cmp	r3, r5
100016ec:	d3a4      	bcc.n	10001638 <best_effort_wfe_or_timeout+0x28>
100016ee:	6a92      	ldr	r2, [r2, #40]	; 0x28
100016f0:	2001      	movs	r0, #1
100016f2:	42a2      	cmp	r2, r4
100016f4:	d2a0      	bcs.n	10001638 <best_effort_wfe_or_timeout+0x28>
100016f6:	e7c5      	b.n	10001684 <best_effort_wfe_or_timeout+0x74>
100016f8:	4295      	cmp	r5, r2
100016fa:	d1e5      	bne.n	100016c8 <best_effort_wfe_or_timeout+0xb8>
100016fc:	bf20      	wfe
100016fe:	e7e3      	b.n	100016c8 <best_effort_wfe_or_timeout+0xb8>
10001700:	40054000 	.word	0x40054000
10001704:	2000106c 	.word	0x2000106c
10001708:	10000ef9 	.word	0x10000ef9

1000170c <timer_hardware_alarm_claim>:
1000170c:	b510      	push	{r4, lr}
1000170e:	4a02      	ldr	r2, [pc, #8]	; (10001718 <timer_hardware_alarm_claim+0xc>)
10001710:	4802      	ldr	r0, [pc, #8]	; (1000171c <timer_hardware_alarm_claim+0x10>)
10001712:	f7ff f843 	bl	1000079c <hw_claim_or_assert>
10001716:	bd10      	pop	{r4, pc}
10001718:	10004c7c 	.word	0x10004c7c
1000171c:	20001b40 	.word	0x20001b40

10001720 <timer_time_us_64>:
10001720:	0003      	movs	r3, r0
10001722:	6a41      	ldr	r1, [r0, #36]	; 0x24
10001724:	000a      	movs	r2, r1
10001726:	6a98      	ldr	r0, [r3, #40]	; 0x28
10001728:	6a59      	ldr	r1, [r3, #36]	; 0x24
1000172a:	428a      	cmp	r2, r1
1000172c:	d1fa      	bne.n	10001724 <timer_time_us_64+0x4>
1000172e:	4770      	bx	lr

10001730 <time_us_64>:
10001730:	4b03      	ldr	r3, [pc, #12]	; (10001740 <time_us_64+0x10>)
10001732:	6a59      	ldr	r1, [r3, #36]	; 0x24
10001734:	000a      	movs	r2, r1
10001736:	6a98      	ldr	r0, [r3, #40]	; 0x28
10001738:	6a59      	ldr	r1, [r3, #36]	; 0x24
1000173a:	4291      	cmp	r1, r2
1000173c:	d1fa      	bne.n	10001734 <time_us_64+0x4>
1000173e:	4770      	bx	lr
10001740:	40054000 	.word	0x40054000

10001744 <busy_wait_until>:
10001744:	4a06      	ldr	r2, [pc, #24]	; (10001760 <busy_wait_until+0x1c>)
10001746:	6a53      	ldr	r3, [r2, #36]	; 0x24
10001748:	4299      	cmp	r1, r3
1000174a:	d8fc      	bhi.n	10001746 <busy_wait_until+0x2>
1000174c:	d107      	bne.n	1000175e <busy_wait_until+0x1a>
1000174e:	4b04      	ldr	r3, [pc, #16]	; (10001760 <busy_wait_until+0x1c>)
10001750:	e002      	b.n	10001758 <busy_wait_until+0x14>
10001752:	6a5a      	ldr	r2, [r3, #36]	; 0x24
10001754:	4291      	cmp	r1, r2
10001756:	d102      	bne.n	1000175e <busy_wait_until+0x1a>
10001758:	6a9a      	ldr	r2, [r3, #40]	; 0x28
1000175a:	4282      	cmp	r2, r0
1000175c:	d3f9      	bcc.n	10001752 <busy_wait_until+0xe>
1000175e:	4770      	bx	lr
10001760:	40054000 	.word	0x40054000

10001764 <clock_configure_int_divider>:
10001764:	b5f8      	push	{r3, r4, r5, r6, r7, lr}
10001766:	46de      	mov	lr, fp
10001768:	464e      	mov	r6, r9
1000176a:	4657      	mov	r7, sl
1000176c:	4645      	mov	r5, r8
1000176e:	b5e0      	push	{r5, r6, r7, lr}
10001770:	468b      	mov	fp, r1
10001772:	0005      	movs	r5, r0
10001774:	990a      	ldr	r1, [sp, #40]	; 0x28
10001776:	0018      	movs	r0, r3
10001778:	0016      	movs	r6, r2
1000177a:	f000 fb1d 	bl	10001db8 <__wrap___aeabi_uidiv>
1000177e:	9b0a      	ldr	r3, [sp, #40]	; 0x28
10001780:	006c      	lsls	r4, r5, #1
10001782:	021f      	lsls	r7, r3, #8
10001784:	4b32      	ldr	r3, [pc, #200]	; (10001850 <clock_configure_int_divider+0xec>)
10001786:	1964      	adds	r4, r4, r5
10001788:	469c      	mov	ip, r3
1000178a:	00a4      	lsls	r4, r4, #2
1000178c:	4464      	add	r4, ip
1000178e:	6863      	ldr	r3, [r4, #4]
10001790:	4681      	mov	r9, r0
10001792:	429f      	cmp	r7, r3
10001794:	d900      	bls.n	10001798 <clock_configure_int_divider+0x34>
10001796:	6067      	str	r7, [r4, #4]
10001798:	1f2b      	subs	r3, r5, #4
1000179a:	b2db      	uxtb	r3, r3
1000179c:	4698      	mov	r8, r3
1000179e:	2b01      	cmp	r3, #1
100017a0:	d930      	bls.n	10001804 <clock_configure_int_divider+0xa0>
100017a2:	23c0      	movs	r3, #192	; 0xc0
100017a4:	2280      	movs	r2, #128	; 0x80
100017a6:	019b      	lsls	r3, r3, #6
100017a8:	18e3      	adds	r3, r4, r3
100017aa:	0112      	lsls	r2, r2, #4
100017ac:	601a      	str	r2, [r3, #0]
100017ae:	4b29      	ldr	r3, [pc, #164]	; (10001854 <clock_configure_int_divider+0xf0>)
100017b0:	00ad      	lsls	r5, r5, #2
100017b2:	5959      	ldr	r1, [r3, r5]
100017b4:	469a      	mov	sl, r3
100017b6:	2900      	cmp	r1, #0
100017b8:	d11b      	bne.n	100017f2 <clock_configure_int_divider+0x8e>
100017ba:	6822      	ldr	r2, [r4, #0]
100017bc:	0176      	lsls	r6, r6, #5
100017be:	4072      	eors	r2, r6
100017c0:	26e0      	movs	r6, #224	; 0xe0
100017c2:	2380      	movs	r3, #128	; 0x80
100017c4:	4016      	ands	r6, r2
100017c6:	4642      	mov	r2, r8
100017c8:	015b      	lsls	r3, r3, #5
100017ca:	18e3      	adds	r3, r4, r3
100017cc:	601e      	str	r6, [r3, #0]
100017ce:	2a01      	cmp	r2, #1
100017d0:	d930      	bls.n	10001834 <clock_configure_int_divider+0xd0>
100017d2:	2380      	movs	r3, #128	; 0x80
100017d4:	2280      	movs	r2, #128	; 0x80
100017d6:	019b      	lsls	r3, r3, #6
100017d8:	18e3      	adds	r3, r4, r3
100017da:	0112      	lsls	r2, r2, #4
100017dc:	601a      	str	r2, [r3, #0]
100017de:	4653      	mov	r3, sl
100017e0:	464a      	mov	r2, r9
100017e2:	6067      	str	r7, [r4, #4]
100017e4:	515a      	str	r2, [r3, r5]
100017e6:	bcf0      	pop	{r4, r5, r6, r7}
100017e8:	46bb      	mov	fp, r7
100017ea:	46b2      	mov	sl, r6
100017ec:	46a9      	mov	r9, r5
100017ee:	46a0      	mov	r8, r4
100017f0:	bdf8      	pop	{r3, r4, r5, r6, r7, pc}
100017f2:	6958      	ldr	r0, [r3, #20]
100017f4:	f000 fae0 	bl	10001db8 <__wrap___aeabi_uidiv>
100017f8:	1c43      	adds	r3, r0, #1
100017fa:	0058      	lsls	r0, r3, #1
100017fc:	18c0      	adds	r0, r0, r3
100017fe:	3803      	subs	r0, #3
10001800:	d2fd      	bcs.n	100017fe <clock_configure_int_divider+0x9a>
10001802:	e7da      	b.n	100017ba <clock_configure_int_divider+0x56>
10001804:	465b      	mov	r3, fp
10001806:	2b01      	cmp	r3, #1
10001808:	d1cb      	bne.n	100017a2 <clock_configure_int_divider+0x3e>
1000180a:	23c0      	movs	r3, #192	; 0xc0
1000180c:	2203      	movs	r2, #3
1000180e:	019b      	lsls	r3, r3, #6
10001810:	18e3      	adds	r3, r4, r3
10001812:	601a      	str	r2, [r3, #0]
10001814:	3a02      	subs	r2, #2
10001816:	68a3      	ldr	r3, [r4, #8]
10001818:	421a      	tst	r2, r3
1000181a:	d0fc      	beq.n	10001816 <clock_configure_int_divider+0xb2>
1000181c:	23e0      	movs	r3, #224	; 0xe0
1000181e:	6822      	ldr	r2, [r4, #0]
10001820:	0176      	lsls	r6, r6, #5
10001822:	4056      	eors	r6, r2
10001824:	401e      	ands	r6, r3
10001826:	2380      	movs	r3, #128	; 0x80
10001828:	4a0a      	ldr	r2, [pc, #40]	; (10001854 <clock_configure_int_divider+0xf0>)
1000182a:	015b      	lsls	r3, r3, #5
1000182c:	4692      	mov	sl, r2
1000182e:	18e3      	adds	r3, r4, r3
10001830:	601e      	str	r6, [r3, #0]
10001832:	00ad      	lsls	r5, r5, #2
10001834:	465a      	mov	r2, fp
10001836:	6821      	ldr	r1, [r4, #0]
10001838:	4051      	eors	r1, r2
1000183a:	2203      	movs	r2, #3
1000183c:	400a      	ands	r2, r1
1000183e:	601a      	str	r2, [r3, #0]
10001840:	2201      	movs	r2, #1
10001842:	465b      	mov	r3, fp
10001844:	409a      	lsls	r2, r3
10001846:	68a3      	ldr	r3, [r4, #8]
10001848:	421a      	tst	r2, r3
1000184a:	d0fc      	beq.n	10001846 <clock_configure_int_divider+0xe2>
1000184c:	e7c1      	b.n	100017d2 <clock_configure_int_divider+0x6e>
1000184e:	46c0      	nop			; (mov r8, r8)
10001850:	40008000 	.word	0x40008000
10001854:	20001b44 	.word	0x20001b44

10001858 <clock_configure_undivided>:
10001858:	b5f0      	push	{r4, r5, r6, r7, lr}
1000185a:	4646      	mov	r6, r8
1000185c:	464f      	mov	r7, r9
1000185e:	46d6      	mov	lr, sl
10001860:	b5c0      	push	{r6, r7, lr}
10001862:	001f      	movs	r7, r3
10001864:	4b34      	ldr	r3, [pc, #208]	; (10001938 <clock_configure_undivided+0xe0>)
10001866:	0044      	lsls	r4, r0, #1
10001868:	469c      	mov	ip, r3
1000186a:	1824      	adds	r4, r4, r0
1000186c:	00a4      	lsls	r4, r4, #2
1000186e:	4464      	add	r4, ip
10001870:	6863      	ldr	r3, [r4, #4]
10001872:	4688      	mov	r8, r1
10001874:	0016      	movs	r6, r2
10001876:	2bff      	cmp	r3, #255	; 0xff
10001878:	d802      	bhi.n	10001880 <clock_configure_undivided+0x28>
1000187a:	2380      	movs	r3, #128	; 0x80
1000187c:	005b      	lsls	r3, r3, #1
1000187e:	6063      	str	r3, [r4, #4]
10001880:	1f03      	subs	r3, r0, #4
10001882:	b2db      	uxtb	r3, r3
10001884:	469a      	mov	sl, r3
10001886:	2b01      	cmp	r3, #1
10001888:	d930      	bls.n	100018ec <clock_configure_undivided+0x94>
1000188a:	23c0      	movs	r3, #192	; 0xc0
1000188c:	2280      	movs	r2, #128	; 0x80
1000188e:	019b      	lsls	r3, r3, #6
10001890:	18e3      	adds	r3, r4, r3
10001892:	0112      	lsls	r2, r2, #4
10001894:	601a      	str	r2, [r3, #0]
10001896:	4b29      	ldr	r3, [pc, #164]	; (1000193c <clock_configure_undivided+0xe4>)
10001898:	0085      	lsls	r5, r0, #2
1000189a:	5959      	ldr	r1, [r3, r5]
1000189c:	4699      	mov	r9, r3
1000189e:	2900      	cmp	r1, #0
100018a0:	d11b      	bne.n	100018da <clock_configure_undivided+0x82>
100018a2:	6822      	ldr	r2, [r4, #0]
100018a4:	0176      	lsls	r6, r6, #5
100018a6:	4072      	eors	r2, r6
100018a8:	26e0      	movs	r6, #224	; 0xe0
100018aa:	2380      	movs	r3, #128	; 0x80
100018ac:	4016      	ands	r6, r2
100018ae:	4652      	mov	r2, sl
100018b0:	015b      	lsls	r3, r3, #5
100018b2:	18e3      	adds	r3, r4, r3
100018b4:	601e      	str	r6, [r3, #0]
100018b6:	2a01      	cmp	r2, #1
100018b8:	d930      	bls.n	1000191c <clock_configure_undivided+0xc4>
100018ba:	2380      	movs	r3, #128	; 0x80
100018bc:	2280      	movs	r2, #128	; 0x80
100018be:	019b      	lsls	r3, r3, #6
100018c0:	18e3      	adds	r3, r4, r3
100018c2:	0112      	lsls	r2, r2, #4
100018c4:	601a      	str	r2, [r3, #0]
100018c6:	2380      	movs	r3, #128	; 0x80
100018c8:	005b      	lsls	r3, r3, #1
100018ca:	6063      	str	r3, [r4, #4]
100018cc:	464b      	mov	r3, r9
100018ce:	515f      	str	r7, [r3, r5]
100018d0:	bce0      	pop	{r5, r6, r7}
100018d2:	46ba      	mov	sl, r7
100018d4:	46b1      	mov	r9, r6
100018d6:	46a8      	mov	r8, r5
100018d8:	bdf0      	pop	{r4, r5, r6, r7, pc}
100018da:	6958      	ldr	r0, [r3, #20]
100018dc:	f000 fa6c 	bl	10001db8 <__wrap___aeabi_uidiv>
100018e0:	1c43      	adds	r3, r0, #1
100018e2:	0058      	lsls	r0, r3, #1
100018e4:	18c0      	adds	r0, r0, r3
100018e6:	3803      	subs	r0, #3
100018e8:	d2fd      	bcs.n	100018e6 <clock_configure_undivided+0x8e>
100018ea:	e7da      	b.n	100018a2 <clock_configure_undivided+0x4a>
100018ec:	4643      	mov	r3, r8
100018ee:	2b01      	cmp	r3, #1
100018f0:	d1cb      	bne.n	1000188a <clock_configure_undivided+0x32>
100018f2:	23c0      	movs	r3, #192	; 0xc0
100018f4:	2203      	movs	r2, #3
100018f6:	019b      	lsls	r3, r3, #6
100018f8:	18e3      	adds	r3, r4, r3
100018fa:	601a      	str	r2, [r3, #0]
100018fc:	3a02      	subs	r2, #2
100018fe:	68a3      	ldr	r3, [r4, #8]
10001900:	421a      	tst	r2, r3
10001902:	d0fc      	beq.n	100018fe <clock_configure_undivided+0xa6>
10001904:	23e0      	movs	r3, #224	; 0xe0
10001906:	6822      	ldr	r2, [r4, #0]
10001908:	0176      	lsls	r6, r6, #5
1000190a:	4056      	eors	r6, r2
1000190c:	401e      	ands	r6, r3
1000190e:	2380      	movs	r3, #128	; 0x80
10001910:	4a0a      	ldr	r2, [pc, #40]	; (1000193c <clock_configure_undivided+0xe4>)
10001912:	015b      	lsls	r3, r3, #5
10001914:	4691      	mov	r9, r2
10001916:	18e3      	adds	r3, r4, r3
10001918:	601e      	str	r6, [r3, #0]
1000191a:	0085      	lsls	r5, r0, #2
1000191c:	4642      	mov	r2, r8
1000191e:	6821      	ldr	r1, [r4, #0]
10001920:	4051      	eors	r1, r2
10001922:	2203      	movs	r2, #3
10001924:	400a      	ands	r2, r1
10001926:	601a      	str	r2, [r3, #0]
10001928:	2301      	movs	r3, #1
1000192a:	4642      	mov	r2, r8
1000192c:	4093      	lsls	r3, r2
1000192e:	68a2      	ldr	r2, [r4, #8]
10001930:	4213      	tst	r3, r2
10001932:	d0fc      	beq.n	1000192e <clock_configure_undivided+0xd6>
10001934:	e7c1      	b.n	100018ba <clock_configure_undivided+0x62>
10001936:	46c0      	nop			; (mov r8, r8)
10001938:	40008000 	.word	0x40008000
1000193c:	20001b44 	.word	0x20001b44

10001940 <clock_get_hz>:
10001940:	4b01      	ldr	r3, [pc, #4]	; (10001948 <clock_get_hz+0x8>)
10001942:	0080      	lsls	r0, r0, #2
10001944:	58c0      	ldr	r0, [r0, r3]
10001946:	4770      	bx	lr
10001948:	20001b44 	.word	0x20001b44

1000194c <pll_init>:
1000194c:	b5f8      	push	{r3, r4, r5, r6, r7, lr}
1000194e:	0004      	movs	r4, r0
10001950:	4820      	ldr	r0, [pc, #128]	; (100019d4 <pll_init+0x88>)
10001952:	001d      	movs	r5, r3
10001954:	0017      	movs	r7, r2
10001956:	000e      	movs	r6, r1
10001958:	f000 fa2e 	bl	10001db8 <__wrap___aeabi_uidiv>
1000195c:	0001      	movs	r1, r0
1000195e:	0038      	movs	r0, r7
10001960:	f000 fa2a 	bl	10001db8 <__wrap___aeabi_uidiv>
10001964:	9b06      	ldr	r3, [sp, #24]
10001966:	0429      	lsls	r1, r5, #16
10001968:	031b      	lsls	r3, r3, #12
1000196a:	4319      	orrs	r1, r3
1000196c:	6823      	ldr	r3, [r4, #0]
1000196e:	2b00      	cmp	r3, #0
10001970:	db1e      	blt.n	100019b0 <pll_init+0x64>
10001972:	4b19      	ldr	r3, [pc, #100]	; (100019d8 <pll_init+0x8c>)
10001974:	4d19      	ldr	r5, [pc, #100]	; (100019dc <pll_init+0x90>)
10001976:	18e2      	adds	r2, r4, r3
10001978:	4253      	negs	r3, r2
1000197a:	415a      	adcs	r2, r3
1000197c:	2380      	movs	r3, #128	; 0x80
1000197e:	015b      	lsls	r3, r3, #5
10001980:	469c      	mov	ip, r3
10001982:	0312      	lsls	r2, r2, #12
10001984:	4b16      	ldr	r3, [pc, #88]	; (100019e0 <pll_init+0x94>)
10001986:	4462      	add	r2, ip
10001988:	601a      	str	r2, [r3, #0]
1000198a:	4b16      	ldr	r3, [pc, #88]	; (100019e4 <pll_init+0x98>)
1000198c:	601a      	str	r2, [r3, #0]
1000198e:	0017      	movs	r7, r2
10001990:	682b      	ldr	r3, [r5, #0]
10001992:	439f      	bics	r7, r3
10001994:	d1fb      	bne.n	1000198e <pll_init+0x42>
10001996:	4b14      	ldr	r3, [pc, #80]	; (100019e8 <pll_init+0x9c>)
10001998:	6026      	str	r6, [r4, #0]
1000199a:	18e2      	adds	r2, r4, r3
1000199c:	2321      	movs	r3, #33	; 0x21
1000199e:	60a0      	str	r0, [r4, #8]
100019a0:	6013      	str	r3, [r2, #0]
100019a2:	6823      	ldr	r3, [r4, #0]
100019a4:	2b00      	cmp	r3, #0
100019a6:	dafc      	bge.n	100019a2 <pll_init+0x56>
100019a8:	2308      	movs	r3, #8
100019aa:	60e1      	str	r1, [r4, #12]
100019ac:	6013      	str	r3, [r2, #0]
100019ae:	bdf8      	pop	{r3, r4, r5, r6, r7, pc}
100019b0:	233f      	movs	r3, #63	; 0x3f
100019b2:	6822      	ldr	r2, [r4, #0]
100019b4:	4013      	ands	r3, r2
100019b6:	42b3      	cmp	r3, r6
100019b8:	d1db      	bne.n	10001972 <pll_init+0x26>
100019ba:	68a3      	ldr	r3, [r4, #8]
100019bc:	051b      	lsls	r3, r3, #20
100019be:	0d1b      	lsrs	r3, r3, #20
100019c0:	4283      	cmp	r3, r0
100019c2:	d1d6      	bne.n	10001972 <pll_init+0x26>
100019c4:	22ee      	movs	r2, #238	; 0xee
100019c6:	68e3      	ldr	r3, [r4, #12]
100019c8:	02d2      	lsls	r2, r2, #11
100019ca:	4013      	ands	r3, r2
100019cc:	428b      	cmp	r3, r1
100019ce:	d1d0      	bne.n	10001972 <pll_init+0x26>
100019d0:	e7ed      	b.n	100019ae <pll_init+0x62>
100019d2:	46c0      	nop			; (mov r8, r8)
100019d4:	00b71b00 	.word	0x00b71b00
100019d8:	bffd4000 	.word	0xbffd4000
100019dc:	4000c008 	.word	0x4000c008
100019e0:	4000e000 	.word	0x4000e000
100019e4:	4000f000 	.word	0x4000f000
100019e8:	00003004 	.word	0x00003004

100019ec <watchdog_reboot>:
100019ec:	b510      	push	{r4, lr}
100019ee:	0014      	movs	r4, r2
100019f0:	2280      	movs	r2, #128	; 0x80
100019f2:	4b1b      	ldr	r3, [pc, #108]	; (10001a60 <watchdog_reboot+0x74>)
100019f4:	05d2      	lsls	r2, r2, #23
100019f6:	601a      	str	r2, [r3, #0]
100019f8:	2800      	cmp	r0, #0
100019fa:	d01a      	beq.n	10001a32 <watchdog_reboot+0x46>
100019fc:	2301      	movs	r3, #1
100019fe:	4a19      	ldr	r2, [pc, #100]	; (10001a64 <watchdog_reboot+0x78>)
10001a00:	4318      	orrs	r0, r3
10001a02:	4b19      	ldr	r3, [pc, #100]	; (10001a68 <watchdog_reboot+0x7c>)
10001a04:	61da      	str	r2, [r3, #28]
10001a06:	4a19      	ldr	r2, [pc, #100]	; (10001a6c <watchdog_reboot+0x80>)
10001a08:	4042      	eors	r2, r0
10001a0a:	621a      	str	r2, [r3, #32]
10001a0c:	6259      	str	r1, [r3, #36]	; 0x24
10001a0e:	6298      	str	r0, [r3, #40]	; 0x28
10001a10:	2280      	movs	r2, #128	; 0x80
10001a12:	4b13      	ldr	r3, [pc, #76]	; (10001a60 <watchdog_reboot+0x74>)
10001a14:	05d2      	lsls	r2, r2, #23
10001a16:	601a      	str	r2, [r3, #0]
10001a18:	4915      	ldr	r1, [pc, #84]	; (10001a70 <watchdog_reboot+0x84>)
10001a1a:	4a16      	ldr	r2, [pc, #88]	; (10001a74 <watchdog_reboot+0x88>)
10001a1c:	6011      	str	r1, [r2, #0]
10001a1e:	22e0      	movs	r2, #224	; 0xe0
10001a20:	04d2      	lsls	r2, r2, #19
10001a22:	601a      	str	r2, [r3, #0]
10001a24:	2c00      	cmp	r4, #0
10001a26:	d107      	bne.n	10001a38 <watchdog_reboot+0x4c>
10001a28:	2280      	movs	r2, #128	; 0x80
10001a2a:	4b13      	ldr	r3, [pc, #76]	; (10001a78 <watchdog_reboot+0x8c>)
10001a2c:	0612      	lsls	r2, r2, #24
10001a2e:	601a      	str	r2, [r3, #0]
10001a30:	bd10      	pop	{r4, pc}
10001a32:	4b0d      	ldr	r3, [pc, #52]	; (10001a68 <watchdog_reboot+0x7c>)
10001a34:	61d8      	str	r0, [r3, #28]
10001a36:	e7eb      	b.n	10001a10 <watchdog_reboot+0x24>
10001a38:	0163      	lsls	r3, r4, #5
10001a3a:	1b1b      	subs	r3, r3, r4
10001a3c:	009a      	lsls	r2, r3, #2
10001a3e:	2380      	movs	r3, #128	; 0x80
10001a40:	1912      	adds	r2, r2, r4
10001a42:	0112      	lsls	r2, r2, #4
10001a44:	045b      	lsls	r3, r3, #17
10001a46:	429a      	cmp	r2, r3
10001a48:	d300      	bcc.n	10001a4c <watchdog_reboot+0x60>
10001a4a:	4a0c      	ldr	r2, [pc, #48]	; (10001a7c <watchdog_reboot+0x90>)
10001a4c:	4b0c      	ldr	r3, [pc, #48]	; (10001a80 <watchdog_reboot+0x94>)
10001a4e:	601a      	str	r2, [r3, #0]
10001a50:	4b05      	ldr	r3, [pc, #20]	; (10001a68 <watchdog_reboot+0x7c>)
10001a52:	605a      	str	r2, [r3, #4]
10001a54:	2280      	movs	r2, #128	; 0x80
10001a56:	4b08      	ldr	r3, [pc, #32]	; (10001a78 <watchdog_reboot+0x8c>)
10001a58:	05d2      	lsls	r2, r2, #23
10001a5a:	601a      	str	r2, [r3, #0]
10001a5c:	e7e8      	b.n	10001a30 <watchdog_reboot+0x44>
10001a5e:	46c0      	nop			; (mov r8, r8)
10001a60:	4005b000 	.word	0x4005b000
10001a64:	b007c0d3 	.word	0xb007c0d3
10001a68:	40058000 	.word	0x40058000
10001a6c:	4ff83f2d 	.word	0x4ff83f2d
10001a70:	0001fffc 	.word	0x0001fffc
10001a74:	40012008 	.word	0x40012008
10001a78:	4005a000 	.word	0x4005a000
10001a7c:	00ffffff 	.word	0x00ffffff
10001a80:	20001fa4 	.word	0x20001fa4

10001a84 <tick_start>:
10001a84:	2380      	movs	r3, #128	; 0x80
10001a86:	4a02      	ldr	r2, [pc, #8]	; (10001a90 <tick_start+0xc>)
10001a88:	009b      	lsls	r3, r3, #2
10001a8a:	430b      	orrs	r3, r1
10001a8c:	62d3      	str	r3, [r2, #44]	; 0x2c
10001a8e:	4770      	bx	lr
10001a90:	40058000 	.word	0x40058000

10001a94 <rom_func_lookup>:
10001a94:	2314      	movs	r3, #20
10001a96:	b510      	push	{r4, lr}
10001a98:	0001      	movs	r1, r0
10001a9a:	8818      	ldrh	r0, [r3, #0]
10001a9c:	3304      	adds	r3, #4
10001a9e:	881b      	ldrh	r3, [r3, #0]
10001aa0:	4798      	blx	r3
10001aa2:	bd10      	pop	{r4, pc}

10001aa4 <rom_data_lookup>:
10001aa4:	2316      	movs	r3, #22
10001aa6:	b510      	push	{r4, lr}
10001aa8:	0001      	movs	r1, r0
10001aaa:	8818      	ldrh	r0, [r3, #0]
10001aac:	3302      	adds	r3, #2
10001aae:	881b      	ldrh	r3, [r3, #0]
10001ab0:	4798      	blx	r3
10001ab2:	bd10      	pop	{r4, pc}

10001ab4 <rom_funcs_lookup>:
10001ab4:	b5f8      	push	{r3, r4, r5, r6, r7, lr}
10001ab6:	4647      	mov	r7, r8
10001ab8:	46ce      	mov	lr, r9
10001aba:	b580      	push	{r7, lr}
10001abc:	1e0f      	subs	r7, r1, #0
10001abe:	d019      	beq.n	10001af4 <rom_funcs_lookup+0x40>
10001ac0:	2314      	movs	r3, #20
10001ac2:	4699      	mov	r9, r3
10001ac4:	3304      	adds	r3, #4
10001ac6:	0004      	movs	r4, r0
10001ac8:	2500      	movs	r5, #0
10001aca:	2601      	movs	r6, #1
10001acc:	4698      	mov	r8, r3
10001ace:	464b      	mov	r3, r9
10001ad0:	8818      	ldrh	r0, [r3, #0]
10001ad2:	4643      	mov	r3, r8
10001ad4:	6821      	ldr	r1, [r4, #0]
10001ad6:	881b      	ldrh	r3, [r3, #0]
10001ad8:	4798      	blx	r3
10001ada:	c401      	stmia	r4!, {r0}
10001adc:	1e43      	subs	r3, r0, #1
10001ade:	4198      	sbcs	r0, r3
10001ae0:	3501      	adds	r5, #1
10001ae2:	4240      	negs	r0, r0
10001ae4:	4006      	ands	r6, r0
10001ae6:	42af      	cmp	r7, r5
10001ae8:	d1f1      	bne.n	10001ace <rom_funcs_lookup+0x1a>
10001aea:	0030      	movs	r0, r6
10001aec:	bcc0      	pop	{r6, r7}
10001aee:	46b9      	mov	r9, r7
10001af0:	46b0      	mov	r8, r6
10001af2:	bdf8      	pop	{r3, r4, r5, r6, r7, pc}
10001af4:	2601      	movs	r6, #1
10001af6:	e7f8      	b.n	10001aea <rom_funcs_lookup+0x36>

10001af8 <rom_reset_usb_boot_extra>:
10001af8:	2314      	movs	r3, #20
10001afa:	b570      	push	{r4, r5, r6, lr}
10001afc:	0004      	movs	r4, r0
10001afe:	8818      	ldrh	r0, [r3, #0]
10001b00:	3304      	adds	r3, #4
10001b02:	881b      	ldrh	r3, [r3, #0]
10001b04:	000d      	movs	r5, r1
10001b06:	4905      	ldr	r1, [pc, #20]	; (10001b1c <rom_reset_usb_boot_extra+0x24>)
10001b08:	4798      	blx	r3
10001b0a:	0003      	movs	r3, r0
10001b0c:	2000      	movs	r0, #0
10001b0e:	2c00      	cmp	r4, #0
10001b10:	db01      	blt.n	10001b16 <rom_reset_usb_boot_extra+0x1e>
10001b12:	3001      	adds	r0, #1
10001b14:	40a0      	lsls	r0, r4
10001b16:	0029      	movs	r1, r5
10001b18:	4798      	blx	r3
10001b1a:	46c0      	nop			; (mov r8, r8)
10001b1c:	00004255 	.word	0x00004255

10001b20 <xosc_init>:
10001b20:	23aa      	movs	r3, #170	; 0xaa
10001b22:	4a06      	ldr	r2, [pc, #24]	; (10001b3c <xosc_init+0x1c>)
10001b24:	011b      	lsls	r3, r3, #4
10001b26:	6013      	str	r3, [r2, #0]
10001b28:	238d      	movs	r3, #141	; 0x8d
10001b2a:	005b      	lsls	r3, r3, #1
10001b2c:	60d3      	str	r3, [r2, #12]
10001b2e:	4904      	ldr	r1, [pc, #16]	; (10001b40 <xosc_init+0x20>)
10001b30:	4b04      	ldr	r3, [pc, #16]	; (10001b44 <xosc_init+0x24>)
10001b32:	6019      	str	r1, [r3, #0]
10001b34:	6853      	ldr	r3, [r2, #4]
10001b36:	2b00      	cmp	r3, #0
10001b38:	dafc      	bge.n	10001b34 <xosc_init+0x14>
10001b3a:	4770      	bx	lr
10001b3c:	40024000 	.word	0x40024000
10001b40:	00fab000 	.word	0x00fab000
10001b44:	40026000 	.word	0x40026000

10001b48 <first_per_core_initializer>:
10001b48:	4770      	bx	lr
10001b4a:	46c0      	nop			; (mov r8, r8)

10001b4c <hard_assertion_failure>:
10001b4c:	b510      	push	{r4, lr}
10001b4e:	4801      	ldr	r0, [pc, #4]	; (10001b54 <hard_assertion_failure+0x8>)
10001b50:	f7fe fe0c 	bl	1000076c <panic>
10001b54:	10004ca0 	.word	0x10004ca0

10001b58 <runtime_run_initializers>:
10001b58:	b570      	push	{r4, r5, r6, lr}
10001b5a:	4d07      	ldr	r5, [pc, #28]	; (10001b78 <runtime_run_initializers+0x20>)
10001b5c:	4e07      	ldr	r6, [pc, #28]	; (10001b7c <runtime_run_initializers+0x24>)
10001b5e:	42b5      	cmp	r5, r6
10001b60:	d209      	bcs.n	10001b76 <runtime_run_initializers+0x1e>
10001b62:	2400      	movs	r4, #0
10001b64:	3e01      	subs	r6, #1
10001b66:	1b76      	subs	r6, r6, r5
10001b68:	08b6      	lsrs	r6, r6, #2
10001b6a:	cd08      	ldmia	r5!, {r3}
10001b6c:	4798      	blx	r3
10001b6e:	0023      	movs	r3, r4
10001b70:	3401      	adds	r4, #1
10001b72:	42b3      	cmp	r3, r6
10001b74:	d1f9      	bne.n	10001b6a <runtime_run_initializers+0x12>
10001b76:	bd70      	pop	{r4, r5, r6, pc}
10001b78:	10004be8 	.word	0x10004be8
10001b7c:	10004c24 	.word	0x10004c24

10001b80 <runtime_init_early_resets>:
10001b80:	4b05      	ldr	r3, [pc, #20]	; (10001b98 <runtime_init_early_resets+0x18>)
10001b82:	4a06      	ldr	r2, [pc, #24]	; (10001b9c <runtime_init_early_resets+0x1c>)
10001b84:	4906      	ldr	r1, [pc, #24]	; (10001ba0 <runtime_init_early_resets+0x20>)
10001b86:	601a      	str	r2, [r3, #0]
10001b88:	4a06      	ldr	r2, [pc, #24]	; (10001ba4 <runtime_init_early_resets+0x24>)
10001b8a:	4b07      	ldr	r3, [pc, #28]	; (10001ba8 <runtime_init_early_resets+0x28>)
10001b8c:	601a      	str	r2, [r3, #0]
10001b8e:	0010      	movs	r0, r2
10001b90:	680b      	ldr	r3, [r1, #0]
10001b92:	4398      	bics	r0, r3
10001b94:	d1fb      	bne.n	10001b8e <runtime_init_early_resets+0xe>
10001b96:	4770      	bx	lr
10001b98:	4000e000 	.word	0x4000e000
10001b9c:	fefbcdbf 	.word	0xfefbcdbf
10001ba0:	4000c008 	.word	0x4000c008
10001ba4:	003c7ffe 	.word	0x003c7ffe
10001ba8:	4000f000 	.word	0x4000f000

10001bac <runtime_init_usb_power_down>:
10001bac:	4b04      	ldr	r3, [pc, #16]	; (10001bc0 <runtime_init_usb_power_down+0x14>)
10001bae:	6cdb      	ldr	r3, [r3, #76]	; 0x4c
10001bb0:	2b00      	cmp	r3, #0
10001bb2:	d103      	bne.n	10001bbc <runtime_init_usb_power_down+0x10>
10001bb4:	2280      	movs	r2, #128	; 0x80
10001bb6:	4b03      	ldr	r3, [pc, #12]	; (10001bc4 <runtime_init_usb_power_down+0x18>)
10001bb8:	02d2      	lsls	r2, r2, #11
10001bba:	601a      	str	r2, [r3, #0]
10001bbc:	4770      	bx	lr
10001bbe:	46c0      	nop			; (mov r8, r8)
10001bc0:	50110000 	.word	0x50110000
10001bc4:	5011204c 	.word	0x5011204c

10001bc8 <runtime_init_post_clock_resets>:
10001bc8:	4a04      	ldr	r2, [pc, #16]	; (10001bdc <runtime_init_post_clock_resets+0x14>)
10001bca:	4b05      	ldr	r3, [pc, #20]	; (10001be0 <runtime_init_post_clock_resets+0x18>)
10001bcc:	601a      	str	r2, [r3, #0]
10001bce:	4a05      	ldr	r2, [pc, #20]	; (10001be4 <runtime_init_post_clock_resets+0x1c>)
10001bd0:	6813      	ldr	r3, [r2, #0]
10001bd2:	01db      	lsls	r3, r3, #7
10001bd4:	3380      	adds	r3, #128	; 0x80
10001bd6:	d1fb      	bne.n	10001bd0 <runtime_init_post_clock_resets+0x8>
10001bd8:	4770      	bx	lr
10001bda:	46c0      	nop			; (mov r8, r8)
10001bdc:	01ffffff 	.word	0x01ffffff
10001be0:	4000f000 	.word	0x4000f000
10001be4:	4000c008 	.word	0x4000c008

10001be8 <runtime_init_rp2040_gpio_ie_disable>:
10001be8:	2240      	movs	r2, #64	; 0x40
10001bea:	4b03      	ldr	r3, [pc, #12]	; (10001bf8 <runtime_init_rp2040_gpio_ie_disable+0x10>)
10001bec:	679a      	str	r2, [r3, #120]	; 0x78
10001bee:	675a      	str	r2, [r3, #116]	; 0x74
10001bf0:	671a      	str	r2, [r3, #112]	; 0x70
10001bf2:	66da      	str	r2, [r3, #108]	; 0x6c
10001bf4:	4770      	bx	lr
10001bf6:	46c0      	nop			; (mov r8, r8)
10001bf8:	4001f000 	.word	0x4001f000

10001bfc <runtime_init_spin_locks_reset>:
10001bfc:	b510      	push	{r4, lr}
10001bfe:	f7fe fe59 	bl	100008b4 <spin_locks_reset>
10001c02:	bd10      	pop	{r4, pc}

10001c04 <runtime_init_install_ram_vector_table>:
10001c04:	b5f8      	push	{r3, r4, r5, r6, r7, lr}
10001c06:	492d      	ldr	r1, [pc, #180]	; (10001cbc <runtime_init_install_ram_vector_table+0xb8>)
10001c08:	4c2d      	ldr	r4, [pc, #180]	; (10001cc0 <runtime_init_install_ram_vector_table+0xbc>)
10001c0a:	4d2e      	ldr	r5, [pc, #184]	; (10001cc4 <runtime_init_install_ram_vector_table+0xc0>)
10001c0c:	1a64      	subs	r4, r4, r1
10001c0e:	10a6      	asrs	r6, r4, #2
10001c10:	0032      	movs	r2, r6
10001c12:	2e30      	cmp	r6, #48	; 0x30
10001c14:	d900      	bls.n	10001c18 <runtime_init_install_ram_vector_table+0x14>
10001c16:	2230      	movs	r2, #48	; 0x30
10001c18:	0028      	movs	r0, r5
10001c1a:	0092      	lsls	r2, r2, #2
10001c1c:	f000 f9c8 	bl	10001fb0 <__wrap___aeabi_memcpy>
10001c20:	2cbc      	cmp	r4, #188	; 0xbc
10001c22:	d841      	bhi.n	10001ca8 <runtime_init_install_ram_vector_table+0xa4>
10001c24:	2301      	movs	r3, #1
10001c26:	1c71      	adds	r1, r6, #1
10001c28:	0008      	movs	r0, r1
10001c2a:	469c      	mov	ip, r3
10001c2c:	4a26      	ldr	r2, [pc, #152]	; (10001cc8 <runtime_init_install_ram_vector_table+0xc4>)
10001c2e:	2930      	cmp	r1, #48	; 0x30
10001c30:	d93d      	bls.n	10001cae <runtime_init_install_ram_vector_table+0xaa>
10001c32:	272f      	movs	r7, #47	; 0x2f
10001c34:	192c      	adds	r4, r5, r4
10001c36:	0764      	lsls	r4, r4, #29
10001c38:	0fe3      	lsrs	r3, r4, #31
10001c3a:	1bbf      	subs	r7, r7, r6
10001c3c:	2f05      	cmp	r7, #5
10001c3e:	d919      	bls.n	10001c74 <runtime_init_install_ram_vector_table+0x70>
10001c40:	2930      	cmp	r1, #48	; 0x30
10001c42:	d817      	bhi.n	10001c74 <runtime_init_install_ram_vector_table+0x70>
10001c44:	2b00      	cmp	r3, #0
10001c46:	d036      	beq.n	10001cb6 <runtime_init_install_ram_vector_table+0xb2>
10001c48:	00b1      	lsls	r1, r6, #2
10001c4a:	506a      	str	r2, [r5, r1]
10001c4c:	4661      	mov	r1, ip
10001c4e:	1acc      	subs	r4, r1, r3
10001c50:	18f3      	adds	r3, r6, r3
10001c52:	009b      	lsls	r3, r3, #2
10001c54:	0861      	lsrs	r1, r4, #1
10001c56:	18eb      	adds	r3, r5, r3
10001c58:	00c9      	lsls	r1, r1, #3
10001c5a:	18c9      	adds	r1, r1, r3
10001c5c:	601a      	str	r2, [r3, #0]
10001c5e:	605a      	str	r2, [r3, #4]
10001c60:	3308      	adds	r3, #8
10001c62:	428b      	cmp	r3, r1
10001c64:	d1fa      	bne.n	10001c5c <runtime_init_install_ram_vector_table+0x58>
10001c66:	2301      	movs	r3, #1
10001c68:	0021      	movs	r1, r4
10001c6a:	4399      	bics	r1, r3
10001c6c:	1846      	adds	r6, r0, r1
10001c6e:	428c      	cmp	r4, r1
10001c70:	d01a      	beq.n	10001ca8 <runtime_init_install_ram_vector_table+0xa4>
10001c72:	1c71      	adds	r1, r6, #1
10001c74:	00b3      	lsls	r3, r6, #2
10001c76:	50ea      	str	r2, [r5, r3]
10001c78:	2930      	cmp	r1, #48	; 0x30
10001c7a:	d015      	beq.n	10001ca8 <runtime_init_install_ram_vector_table+0xa4>
10001c7c:	0089      	lsls	r1, r1, #2
10001c7e:	506a      	str	r2, [r5, r1]
10001c80:	1cb3      	adds	r3, r6, #2
10001c82:	2e2e      	cmp	r6, #46	; 0x2e
10001c84:	d010      	beq.n	10001ca8 <runtime_init_install_ram_vector_table+0xa4>
10001c86:	009b      	lsls	r3, r3, #2
10001c88:	50ea      	str	r2, [r5, r3]
10001c8a:	1cf3      	adds	r3, r6, #3
10001c8c:	2e2d      	cmp	r6, #45	; 0x2d
10001c8e:	d00b      	beq.n	10001ca8 <runtime_init_install_ram_vector_table+0xa4>
10001c90:	009b      	lsls	r3, r3, #2
10001c92:	50ea      	str	r2, [r5, r3]
10001c94:	1d33      	adds	r3, r6, #4
10001c96:	2e2c      	cmp	r6, #44	; 0x2c
10001c98:	d006      	beq.n	10001ca8 <runtime_init_install_ram_vector_table+0xa4>
10001c9a:	009b      	lsls	r3, r3, #2
10001c9c:	50ea      	str	r2, [r5, r3]
10001c9e:	1d73      	adds	r3, r6, #5
10001ca0:	2e2b      	cmp	r6, #43	; 0x2b
10001ca2:	d001      	beq.n	10001ca8 <runtime_init_install_ram_vector_table+0xa4>
10001ca4:	009b      	lsls	r3, r3, #2
10001ca6:	50ea      	str	r2, [r5, r3]
10001ca8:	4b08      	ldr	r3, [pc, #32]	; (10001ccc <runtime_init_install_ram_vector_table+0xc8>)
10001caa:	609d      	str	r5, [r3, #8]
10001cac:	bdf8      	pop	{r3, r4, r5, r6, r7, pc}
10001cae:	332f      	adds	r3, #47	; 0x2f
10001cb0:	1b9b      	subs	r3, r3, r6
10001cb2:	469c      	mov	ip, r3
10001cb4:	e7bd      	b.n	10001c32 <runtime_init_install_ram_vector_table+0x2e>
10001cb6:	0030      	movs	r0, r6
10001cb8:	e7c8      	b.n	10001c4c <runtime_init_install_ram_vector_table+0x48>
10001cba:	46c0      	nop			; (mov r8, r8)
10001cbc:	10000100 	.word	0x10000100
10001cc0:	100001c0 	.word	0x100001c0
10001cc4:	20000000 	.word	0x20000000
10001cc8:	100001c1 	.word	0x100001c1
10001ccc:	e000ed00 	.word	0xe000ed00

10001cd0 <runtime_init_clocks>:
10001cd0:	2300      	movs	r3, #0
10001cd2:	b510      	push	{r4, lr}
10001cd4:	4c29      	ldr	r4, [pc, #164]	; (10001d7c <runtime_init_clocks+0xac>)
10001cd6:	b082      	sub	sp, #8
10001cd8:	67a3      	str	r3, [r4, #120]	; 0x78
10001cda:	f7ff ff21 	bl	10001b20 <xosc_init>
10001cde:	2201      	movs	r2, #1
10001ce0:	4b27      	ldr	r3, [pc, #156]	; (10001d80 <runtime_init_clocks+0xb0>)
10001ce2:	601a      	str	r2, [r3, #0]
10001ce4:	6c63      	ldr	r3, [r4, #68]	; 0x44
10001ce6:	2b01      	cmp	r3, #1
10001ce8:	d1fc      	bne.n	10001ce4 <runtime_init_clocks+0x14>
10001cea:	2203      	movs	r2, #3
10001cec:	4b25      	ldr	r3, [pc, #148]	; (10001d84 <runtime_init_clocks+0xb4>)
10001cee:	601a      	str	r2, [r3, #0]
10001cf0:	4a22      	ldr	r2, [pc, #136]	; (10001d7c <runtime_init_clocks+0xac>)
10001cf2:	6b93      	ldr	r3, [r2, #56]	; 0x38
10001cf4:	2b01      	cmp	r3, #1
10001cf6:	d1fc      	bne.n	10001cf2 <runtime_init_clocks+0x22>
10001cf8:	3301      	adds	r3, #1
10001cfa:	9300      	str	r3, [sp, #0]
10001cfc:	2101      	movs	r1, #1
10001cfe:	4a22      	ldr	r2, [pc, #136]	; (10001d88 <runtime_init_clocks+0xb8>)
10001d00:	4822      	ldr	r0, [pc, #136]	; (10001d8c <runtime_init_clocks+0xbc>)
10001d02:	3304      	adds	r3, #4
10001d04:	f7ff fe22 	bl	1000194c <pll_init>
10001d08:	2305      	movs	r3, #5
10001d0a:	2101      	movs	r1, #1
10001d0c:	9300      	str	r3, [sp, #0]
10001d0e:	4a20      	ldr	r2, [pc, #128]	; (10001d90 <runtime_init_clocks+0xc0>)
10001d10:	4820      	ldr	r0, [pc, #128]	; (10001d94 <runtime_init_clocks+0xc4>)
10001d12:	f7ff fe1b 	bl	1000194c <pll_init>
10001d16:	2200      	movs	r2, #0
10001d18:	2102      	movs	r1, #2
10001d1a:	2004      	movs	r0, #4
10001d1c:	4b1e      	ldr	r3, [pc, #120]	; (10001d98 <runtime_init_clocks+0xc8>)
10001d1e:	f7ff fd9b 	bl	10001858 <clock_configure_undivided>
10001d22:	2200      	movs	r2, #0
10001d24:	2101      	movs	r1, #1
10001d26:	2005      	movs	r0, #5
10001d28:	4b1c      	ldr	r3, [pc, #112]	; (10001d9c <runtime_init_clocks+0xcc>)
10001d2a:	f7ff fd95 	bl	10001858 <clock_configure_undivided>
10001d2e:	2200      	movs	r2, #0
10001d30:	2100      	movs	r1, #0
10001d32:	2007      	movs	r0, #7
10001d34:	4b1a      	ldr	r3, [pc, #104]	; (10001da0 <runtime_init_clocks+0xd0>)
10001d36:	f7ff fd8f 	bl	10001858 <clock_configure_undivided>
10001d3a:	2200      	movs	r2, #0
10001d3c:	2100      	movs	r1, #0
10001d3e:	2008      	movs	r0, #8
10001d40:	4b17      	ldr	r3, [pc, #92]	; (10001da0 <runtime_init_clocks+0xd0>)
10001d42:	f7ff fd89 	bl	10001858 <clock_configure_undivided>
10001d46:	2380      	movs	r3, #128	; 0x80
10001d48:	00db      	lsls	r3, r3, #3
10001d4a:	9300      	str	r3, [sp, #0]
10001d4c:	2200      	movs	r2, #0
10001d4e:	2100      	movs	r1, #0
10001d50:	2009      	movs	r0, #9
10001d52:	4b13      	ldr	r3, [pc, #76]	; (10001da0 <runtime_init_clocks+0xd0>)
10001d54:	f7ff fd06 	bl	10001764 <clock_configure_int_divider>
10001d58:	2200      	movs	r2, #0
10001d5a:	4b10      	ldr	r3, [pc, #64]	; (10001d9c <runtime_init_clocks+0xcc>)
10001d5c:	2100      	movs	r1, #0
10001d5e:	2006      	movs	r0, #6
10001d60:	f7ff fd7a 	bl	10001858 <clock_configure_undivided>
10001d64:	2004      	movs	r0, #4
10001d66:	f7ff fdeb 	bl	10001940 <clock_get_hz>
10001d6a:	490e      	ldr	r1, [pc, #56]	; (10001da4 <runtime_init_clocks+0xd4>)
10001d6c:	f000 f824 	bl	10001db8 <__wrap___aeabi_uidiv>
10001d70:	0001      	movs	r1, r0
10001d72:	2000      	movs	r0, #0
10001d74:	f7ff fe86 	bl	10001a84 <tick_start>
10001d78:	b002      	add	sp, #8
10001d7a:	bd10      	pop	{r4, pc}
10001d7c:	40008000 	.word	0x40008000
10001d80:	4000b03c 	.word	0x4000b03c
10001d84:	4000b030 	.word	0x4000b030
10001d88:	59682f00 	.word	0x59682f00
10001d8c:	40028000 	.word	0x40028000
10001d90:	47868c00 	.word	0x47868c00
10001d94:	4002c000 	.word	0x4002c000
10001d98:	00b71b00 	.word	0x00b71b00
10001d9c:	07735940 	.word	0x07735940
10001da0:	02dc6c00 	.word	0x02dc6c00
10001da4:	000f4240 	.word	0x000f4240

10001da8 <__aeabi_bits_init>:
10001da8:	4801      	ldr	r0, [pc, #4]	; (10001db0 <__aeabi_bits_init+0x8>)
10001daa:	2104      	movs	r1, #4
10001dac:	4b01      	ldr	r3, [pc, #4]	; (10001db4 <__aeabi_bits_init+0xc>)
10001dae:	4718      	bx	r3
10001db0:	20001090 	.word	0x20001090
10001db4:	10001ab5 	.word	0x10001ab5

10001db8 <__wrap___aeabi_uidiv>:
10001db8:	4a11      	ldr	r2, [pc, #68]	; (10001e00 <divmod_u32u32_savestate+0x18>)
10001dba:	6f93      	ldr	r3, [r2, #120]	; 0x78
10001dbc:	089b      	lsrs	r3, r3, #2
10001dbe:	d213      	bcs.n	10001de8 <divmod_u32u32_savestate>

10001dc0 <divmod_u32u32_unsafe>:
10001dc0:	6610      	str	r0, [r2, #96]	; 0x60
10001dc2:	6651      	str	r1, [r2, #100]	; 0x64
10001dc4:	2900      	cmp	r1, #0
10001dc6:	d005      	beq.n	10001dd4 <divmod_u32u32_unsafe+0x14>
10001dc8:	e7ff      	b.n	10001dca <divmod_u32u32_unsafe+0xa>
10001dca:	e7ff      	b.n	10001dcc <divmod_u32u32_unsafe+0xc>
10001dcc:	e7ff      	b.n	10001dce <divmod_u32u32_unsafe+0xe>
10001dce:	6f51      	ldr	r1, [r2, #116]	; 0x74
10001dd0:	6f10      	ldr	r0, [r2, #112]	; 0x70
10001dd2:	4770      	bx	lr
10001dd4:	b504      	push	{r2, lr}
10001dd6:	2800      	cmp	r0, #0
10001dd8:	d001      	beq.n	10001dde <divmod_u32u32_unsafe+0x1e>
10001dda:	2000      	movs	r0, #0
10001ddc:	43c0      	mvns	r0, r0
10001dde:	f002 fec3 	bl	10004b68 <____aeabi_idiv0_veneer>
10001de2:	2100      	movs	r1, #0
10001de4:	bd04      	pop	{r2, pc}
10001de6:	46c0      	nop			; (mov r8, r8)

10001de8 <divmod_u32u32_savestate>:
10001de8:	b5f0      	push	{r4, r5, r6, r7, lr}
10001dea:	6e14      	ldr	r4, [r2, #96]	; 0x60
10001dec:	6e55      	ldr	r5, [r2, #100]	; 0x64
10001dee:	6f57      	ldr	r7, [r2, #116]	; 0x74
10001df0:	6f16      	ldr	r6, [r2, #112]	; 0x70
10001df2:	f7ff ffe5 	bl	10001dc0 <divmod_u32u32_unsafe>
10001df6:	6614      	str	r4, [r2, #96]	; 0x60
10001df8:	6655      	str	r5, [r2, #100]	; 0x64
10001dfa:	6757      	str	r7, [r2, #116]	; 0x74
10001dfc:	6716      	str	r6, [r2, #112]	; 0x70
10001dfe:	bdf0      	pop	{r4, r5, r6, r7, pc}
10001e00:	d0000000 	.word	0xd0000000

10001e04 <__aeabi_double_init>:
10001e04:	2313      	movs	r3, #19
10001e06:	b570      	push	{r4, r5, r6, lr}
10001e08:	781d      	ldrb	r5, [r3, #0]
10001e0a:	2d01      	cmp	r5, #1
10001e0c:	d019      	beq.n	10001e42 <__aeabi_double_init+0x3e>
10001e0e:	dd14      	ble.n	10001e3a <__aeabi_double_init+0x36>
10001e10:	481e      	ldr	r0, [pc, #120]	; (10001e8c <__aeabi_double_init+0x88>)
10001e12:	f7ff fe47 	bl	10001aa4 <rom_data_lookup>
10001e16:	0006      	movs	r6, r0
10001e18:	481d      	ldr	r0, [pc, #116]	; (10001e90 <__aeabi_double_init+0x8c>)
10001e1a:	f7ff fe43 	bl	10001aa4 <rom_data_lookup>
10001e1e:	4c1d      	ldr	r4, [pc, #116]	; (10001e94 <__aeabi_double_init+0x90>)
10001e20:	2280      	movs	r2, #128	; 0x80
10001e22:	0031      	movs	r1, r6
10001e24:	0020      	movs	r0, r4
10001e26:	f000 f8c3 	bl	10001fb0 <__wrap___aeabi_memcpy>
10001e2a:	2d02      	cmp	r5, #2
10001e2c:	d006      	beq.n	10001e3c <__aeabi_double_init+0x38>
10001e2e:	481a      	ldr	r0, [pc, #104]	; (10001e98 <__aeabi_double_init+0x94>)
10001e30:	f7ff fe30 	bl	10001a94 <rom_func_lookup>
10001e34:	4b19      	ldr	r3, [pc, #100]	; (10001e9c <__aeabi_double_init+0x98>)
10001e36:	6018      	str	r0, [r3, #0]
10001e38:	bd70      	pop	{r4, r5, r6, pc}
10001e3a:	4c16      	ldr	r4, [pc, #88]	; (10001e94 <__aeabi_double_init+0x90>)
10001e3c:	4b18      	ldr	r3, [pc, #96]	; (10001ea0 <__aeabi_double_init+0x9c>)
10001e3e:	64a3      	str	r3, [r4, #72]	; 0x48
10001e40:	e7f5      	b.n	10001e2e <__aeabi_double_init+0x2a>
10001e42:	4b17      	ldr	r3, [pc, #92]	; (10001ea0 <__aeabi_double_init+0x9c>)
10001e44:	4c13      	ldr	r4, [pc, #76]	; (10001e94 <__aeabi_double_init+0x90>)
10001e46:	6023      	str	r3, [r4, #0]
10001e48:	6063      	str	r3, [r4, #4]
10001e4a:	60a3      	str	r3, [r4, #8]
10001e4c:	60e3      	str	r3, [r4, #12]
10001e4e:	6123      	str	r3, [r4, #16]
10001e50:	6163      	str	r3, [r4, #20]
10001e52:	61a3      	str	r3, [r4, #24]
10001e54:	61e3      	str	r3, [r4, #28]
10001e56:	6223      	str	r3, [r4, #32]
10001e58:	6263      	str	r3, [r4, #36]	; 0x24
10001e5a:	62a3      	str	r3, [r4, #40]	; 0x28
10001e5c:	62e3      	str	r3, [r4, #44]	; 0x2c
10001e5e:	6323      	str	r3, [r4, #48]	; 0x30
10001e60:	6363      	str	r3, [r4, #52]	; 0x34
10001e62:	63a3      	str	r3, [r4, #56]	; 0x38
10001e64:	63e3      	str	r3, [r4, #60]	; 0x3c
10001e66:	6423      	str	r3, [r4, #64]	; 0x40
10001e68:	6463      	str	r3, [r4, #68]	; 0x44
10001e6a:	64a3      	str	r3, [r4, #72]	; 0x48
10001e6c:	64e3      	str	r3, [r4, #76]	; 0x4c
10001e6e:	6523      	str	r3, [r4, #80]	; 0x50
10001e70:	6563      	str	r3, [r4, #84]	; 0x54
10001e72:	65a3      	str	r3, [r4, #88]	; 0x58
10001e74:	65e3      	str	r3, [r4, #92]	; 0x5c
10001e76:	6623      	str	r3, [r4, #96]	; 0x60
10001e78:	6663      	str	r3, [r4, #100]	; 0x64
10001e7a:	66a3      	str	r3, [r4, #104]	; 0x68
10001e7c:	66e3      	str	r3, [r4, #108]	; 0x6c
10001e7e:	6723      	str	r3, [r4, #112]	; 0x70
10001e80:	6763      	str	r3, [r4, #116]	; 0x74
10001e82:	67a3      	str	r3, [r4, #120]	; 0x78
10001e84:	67e3      	str	r3, [r4, #124]	; 0x7c
10001e86:	64a3      	str	r3, [r4, #72]	; 0x48
10001e88:	e7d1      	b.n	10001e2e <__aeabi_double_init+0x2a>
10001e8a:	46c0      	nop			; (mov r8, r8)
10001e8c:	00004453 	.word	0x00004453
10001e90:	00004653 	.word	0x00004653
10001e94:	20001278 	.word	0x20001278
10001e98:	0000334c 	.word	0x0000334c
10001e9c:	20001fd4 	.word	0x20001fd4
10001ea0:	10001ea5 	.word	0x10001ea5

10001ea4 <double_table_shim_on_use_helper>:
10001ea4:	b507      	push	{r0, r1, r2, lr}
10001ea6:	4660      	mov	r0, ip
10001ea8:	8801      	ldrh	r1, [r0, #0]
10001eaa:	0a0a      	lsrs	r2, r1, #8
10001eac:	3002      	adds	r0, #2
10001eae:	2adf      	cmp	r2, #223	; 0xdf
10001eb0:	d1fa      	bne.n	10001ea8 <double_table_shim_on_use_helper+0x4>
10001eb2:	b2c9      	uxtb	r1, r1
10001eb4:	0882      	lsrs	r2, r0, #2
10001eb6:	d304      	bcc.n	10001ec2 <double_table_shim_on_use_helper+0x1e>
10001eb8:	8802      	ldrh	r2, [r0, #0]
10001eba:	8840      	ldrh	r0, [r0, #2]
10001ebc:	0400      	lsls	r0, r0, #16
10001ebe:	4310      	orrs	r0, r2
10001ec0:	e000      	b.n	10001ec4 <double_table_shim_on_use_helper+0x20>
10001ec2:	6800      	ldr	r0, [r0, #0]
10001ec4:	4a01      	ldr	r2, [pc, #4]	; (10001ecc <double_table_shim_on_use_helper+0x28>)
10001ec6:	5050      	str	r0, [r2, r1]
10001ec8:	9003      	str	r0, [sp, #12]
10001eca:	bd07      	pop	{r0, r1, r2, pc}
10001ecc:	20001278 	.word	0x20001278

10001ed0 <__wrap___aeabi_lmul>:
10001ed0:	4351      	muls	r1, r2
10001ed2:	4343      	muls	r3, r0
10001ed4:	18c9      	adds	r1, r1, r3
10001ed6:	468c      	mov	ip, r1
10001ed8:	0c11      	lsrs	r1, r2, #16
10001eda:	b283      	uxth	r3, r0
10001edc:	434b      	muls	r3, r1
10001ede:	b410      	push	{r4}
10001ee0:	0c04      	lsrs	r4, r0, #16
10001ee2:	4361      	muls	r1, r4
10001ee4:	b292      	uxth	r2, r2
10001ee6:	b280      	uxth	r0, r0
10001ee8:	4350      	muls	r0, r2
10001eea:	4362      	muls	r2, r4
10001eec:	041c      	lsls	r4, r3, #16
10001eee:	0c1b      	lsrs	r3, r3, #16
10001ef0:	1900      	adds	r0, r0, r4
10001ef2:	bc10      	pop	{r4}
10001ef4:	4159      	adcs	r1, r3
10001ef6:	0413      	lsls	r3, r2, #16
10001ef8:	0c12      	lsrs	r2, r2, #16
10001efa:	18c0      	adds	r0, r0, r3
10001efc:	4151      	adcs	r1, r2
10001efe:	4461      	add	r1, ip
10001f00:	4770      	bx	lr
	...

10001f04 <__aeabi_float_init>:
10001f04:	2313      	movs	r3, #19
10001f06:	b510      	push	{r4, lr}
10001f08:	4812      	ldr	r0, [pc, #72]	; (10001f54 <__aeabi_float_init+0x50>)
10001f0a:	781c      	ldrb	r4, [r3, #0]
10001f0c:	f7ff fdca 	bl	10001aa4 <rom_data_lookup>
10001f10:	0001      	movs	r1, r0
10001f12:	2c01      	cmp	r4, #1
10001f14:	d00a      	beq.n	10001f2c <__aeabi_float_init+0x28>
10001f16:	dd03      	ble.n	10001f20 <__aeabi_float_init+0x1c>
10001f18:	2280      	movs	r2, #128	; 0x80
10001f1a:	480f      	ldr	r0, [pc, #60]	; (10001f58 <__aeabi_float_init+0x54>)
10001f1c:	f000 f848 	bl	10001fb0 <__wrap___aeabi_memcpy>
10001f20:	480e      	ldr	r0, [pc, #56]	; (10001f5c <__aeabi_float_init+0x58>)
10001f22:	f7ff fdb7 	bl	10001a94 <rom_func_lookup>
10001f26:	4b0e      	ldr	r3, [pc, #56]	; (10001f60 <__aeabi_float_init+0x5c>)
10001f28:	6018      	str	r0, [r3, #0]
10001f2a:	bd10      	pop	{r4, pc}
10001f2c:	4c0a      	ldr	r4, [pc, #40]	; (10001f58 <__aeabi_float_init+0x54>)
10001f2e:	2254      	movs	r2, #84	; 0x54
10001f30:	0020      	movs	r0, r4
10001f32:	f000 f83d 	bl	10001fb0 <__wrap___aeabi_memcpy>
10001f36:	4b0b      	ldr	r3, [pc, #44]	; (10001f64 <__aeabi_float_init+0x60>)
10001f38:	6563      	str	r3, [r4, #84]	; 0x54
10001f3a:	65a3      	str	r3, [r4, #88]	; 0x58
10001f3c:	65e3      	str	r3, [r4, #92]	; 0x5c
10001f3e:	6623      	str	r3, [r4, #96]	; 0x60
10001f40:	6663      	str	r3, [r4, #100]	; 0x64
10001f42:	66a3      	str	r3, [r4, #104]	; 0x68
10001f44:	66e3      	str	r3, [r4, #108]	; 0x6c
10001f46:	6723      	str	r3, [r4, #112]	; 0x70
10001f48:	6763      	str	r3, [r4, #116]	; 0x74
10001f4a:	67a3      	str	r3, [r4, #120]	; 0x78
10001f4c:	67e3      	str	r3, [r4, #124]	; 0x7c
10001f4e:	6223      	str	r3, [r4, #32]
10001f50:	61e3      	str	r3, [r4, #28]
10001f52:	e7e5      	b.n	10001f20 <__aeabi_float_init+0x1c>
10001f54:	00004653 	.word	0x00004653
10001f58:	20001378 	.word	0x20001378
10001f5c:	0000334c 	.word	0x0000334c
10001f60:	20001fd4 	.word	0x20001fd4
10001f64:	10001f69 	.word	0x10001f69

10001f68 <float_table_shim_on_use_helper>:
10001f68:	b507      	push	{r0, r1, r2, lr}
10001f6a:	4660      	mov	r0, ip
10001f6c:	8801      	ldrh	r1, [r0, #0]
10001f6e:	0a0a      	lsrs	r2, r1, #8
10001f70:	3002      	adds	r0, #2
10001f72:	2adf      	cmp	r2, #223	; 0xdf
10001f74:	d1fa      	bne.n	10001f6c <float_table_shim_on_use_helper+0x4>
10001f76:	b2c9      	uxtb	r1, r1
10001f78:	0882      	lsrs	r2, r0, #2
10001f7a:	d304      	bcc.n	10001f86 <float_table_shim_on_use_helper+0x1e>
10001f7c:	8802      	ldrh	r2, [r0, #0]
10001f7e:	8840      	ldrh	r0, [r0, #2]
10001f80:	0400      	lsls	r0, r0, #16
10001f82:	4310      	orrs	r0, r2
10001f84:	e000      	b.n	10001f88 <float_table_shim_on_use_helper+0x20>
10001f86:	6800      	ldr	r0, [r0, #0]
10001f88:	4a01      	ldr	r2, [pc, #4]	; (10001f90 <float_table_shim_on_use_helper+0x28>)
10001f8a:	5050      	str	r0, [r2, r1]
10001f8c:	9003      	str	r0, [sp, #12]
10001f8e:	bd07      	pop	{r0, r1, r2, pc}
10001f90:	20001378 	.word	0x20001378

10001f94 <__aeabi_mem_init>:
10001f94:	4801      	ldr	r0, [pc, #4]	; (10001f9c <__aeabi_mem_init+0x8>)
10001f96:	2104      	movs	r1, #4
10001f98:	4b01      	ldr	r3, [pc, #4]	; (10001fa0 <__aeabi_mem_init+0xc>)
10001f9a:	4718      	bx	r3
10001f9c:	200010a0 	.word	0x200010a0
10001fa0:	10001ab5 	.word	0x10001ab5

10001fa4 <__wrap_memset>:
10001fa4:	4b01      	ldr	r3, [pc, #4]	; (10001fac <__wrap_memset+0x8>)
10001fa6:	681b      	ldr	r3, [r3, #0]
10001fa8:	4718      	bx	r3
10001faa:	0000      	.short	0x0000
10001fac:	200010a0 	.word	0x200010a0

10001fb0 <__wrap___aeabi_memcpy>:
10001fb0:	4b01      	ldr	r3, [pc, #4]	; (10001fb8 <__wrap___aeabi_memcpy+0x8>)
10001fb2:	685b      	ldr	r3, [r3, #4]
10001fb4:	4718      	bx	r3
10001fb6:	0000      	.short	0x0000
10001fb8:	200010a0 	.word	0x200010a0

10001fbc <_out_char>:
10001fbc:	b510      	push	{r4, lr}
10001fbe:	2800      	cmp	r0, #0
10001fc0:	d100      	bne.n	10001fc4 <_out_char+0x8>
10001fc2:	bd10      	pop	{r4, pc}
10001fc4:	f000 f934 	bl	10002230 <__wrap_putchar>
10001fc8:	e7fb      	b.n	10001fc2 <_out_char+0x6>
10001fca:	46c0      	nop			; (mov r8, r8)

10001fcc <weak_raw_vprintf>:
10001fcc:	b510      	push	{r4, lr}
10001fce:	4a09      	ldr	r2, [pc, #36]	; (10001ff4 <weak_raw_vprintf+0x28>)
10001fd0:	0003      	movs	r3, r0
10001fd2:	6814      	ldr	r4, [r2, #0]
10001fd4:	b084      	sub	sp, #16
10001fd6:	2c00      	cmp	r4, #0
10001fd8:	d008      	beq.n	10001fec <weak_raw_vprintf+0x20>
10001fda:	2201      	movs	r2, #1
10001fdc:	9100      	str	r1, [sp, #0]
10001fde:	4806      	ldr	r0, [pc, #24]	; (10001ff8 <weak_raw_vprintf+0x2c>)
10001fe0:	4252      	negs	r2, r2
10001fe2:	a903      	add	r1, sp, #12
10001fe4:	47a0      	blx	r4
10001fe6:	2001      	movs	r0, #1
10001fe8:	b004      	add	sp, #16
10001fea:	bd10      	pop	{r4, pc}
10001fec:	f000 f96c 	bl	100022c8 <__wrap_puts>
10001ff0:	2000      	movs	r0, #0
10001ff2:	e7f9      	b.n	10001fe8 <weak_raw_vprintf+0x1c>
10001ff4:	20001fa0 	.word	0x20001fa0
10001ff8:	10001fbd 	.word	0x10001fbd

10001ffc <_exit>:
10001ffc:	be00      	bkpt	0x0000
10001ffe:	e7fd      	b.n	10001ffc <_exit>

10002000 <exit>:
10002000:	b510      	push	{r4, lr}
10002002:	f7ff fffb 	bl	10001ffc <_exit>
10002006:	46c0      	nop			; (mov r8, r8)

10002008 <runtime_init>:
10002008:	b570      	push	{r4, r5, r6, lr}
1000200a:	f7ff fda5 	bl	10001b58 <runtime_run_initializers>
1000200e:	4d07      	ldr	r5, [pc, #28]	; (1000202c <runtime_init+0x24>)
10002010:	4e07      	ldr	r6, [pc, #28]	; (10002030 <runtime_init+0x28>)
10002012:	42b5      	cmp	r5, r6
10002014:	d209      	bcs.n	1000202a <runtime_init+0x22>
10002016:	2400      	movs	r4, #0
10002018:	3e01      	subs	r6, #1
1000201a:	1b76      	subs	r6, r6, r5
1000201c:	08b6      	lsrs	r6, r6, #2
1000201e:	cd08      	ldmia	r5!, {r3}
10002020:	4798      	blx	r3
10002022:	0023      	movs	r3, r4
10002024:	3401      	adds	r4, #1
10002026:	42b3      	cmp	r3, r6
10002028:	d1f9      	bne.n	1000201e <runtime_init+0x16>
1000202a:	bd70      	pop	{r4, r5, r6, pc}
1000202c:	10004c24 	.word	0x10004c24
10002030:	10004c2c 	.word	0x10004c2c

10002034 <stdio_out_chars_no_crlf>:
10002034:	0003      	movs	r3, r0
10002036:	b510      	push	{r4, lr}
10002038:	0008      	movs	r0, r1
1000203a:	0011      	movs	r1, r2
1000203c:	681b      	ldr	r3, [r3, #0]
1000203e:	4798      	blx	r3
10002040:	bd10      	pop	{r4, pc}
10002042:	46c0      	nop			; (mov r8, r8)

10002044 <stdio_out_chars_crlf>:
10002044:	b5f0      	push	{r4, r5, r6, r7, lr}
10002046:	4646      	mov	r6, r8
10002048:	464f      	mov	r7, r9
1000204a:	46d6      	mov	lr, sl
1000204c:	b5c0      	push	{r6, r7, lr}
1000204e:	7d43      	ldrb	r3, [r0, #21]
10002050:	4680      	mov	r8, r0
10002052:	000e      	movs	r6, r1
10002054:	0017      	movs	r7, r2
10002056:	2b00      	cmp	r3, #0
10002058:	d046      	beq.n	100020e8 <stdio_out_chars_crlf+0xa4>
1000205a:	2a00      	cmp	r2, #0
1000205c:	dd3f      	ble.n	100020de <stdio_out_chars_crlf+0x9a>
1000205e:	1e4b      	subs	r3, r1, #1
10002060:	4699      	mov	r9, r3
10002062:	4b24      	ldr	r3, [pc, #144]	; (100020f4 <stdio_out_chars_crlf+0xb0>)
10002064:	2501      	movs	r5, #1
10002066:	2400      	movs	r4, #0
10002068:	2000      	movs	r0, #0
1000206a:	469a      	mov	sl, r3
1000206c:	e00d      	b.n	1000208a <stdio_out_chars_crlf+0x46>
1000206e:	464b      	mov	r3, r9
10002070:	5d1b      	ldrb	r3, [r3, r4]
10002072:	3b0d      	subs	r3, #13
10002074:	425a      	negs	r2, r3
10002076:	4153      	adcs	r3, r2
10002078:	5d32      	ldrb	r2, [r6, r4]
1000207a:	b2db      	uxtb	r3, r3
1000207c:	2a0a      	cmp	r2, #10
1000207e:	d00b      	beq.n	10002098 <stdio_out_chars_crlf+0x54>
10002080:	002b      	movs	r3, r5
10002082:	3401      	adds	r4, #1
10002084:	3501      	adds	r5, #1
10002086:	429f      	cmp	r7, r3
10002088:	dd1a      	ble.n	100020c0 <stdio_out_chars_crlf+0x7c>
1000208a:	2c00      	cmp	r4, #0
1000208c:	d1ef      	bne.n	1000206e <stdio_out_chars_crlf+0x2a>
1000208e:	4643      	mov	r3, r8
10002090:	5d32      	ldrb	r2, [r6, r4]
10002092:	7d1b      	ldrb	r3, [r3, #20]
10002094:	2a0a      	cmp	r2, #10
10002096:	d1f3      	bne.n	10002080 <stdio_out_chars_crlf+0x3c>
10002098:	2b00      	cmp	r3, #0
1000209a:	d1f1      	bne.n	10002080 <stdio_out_chars_crlf+0x3c>
1000209c:	42a0      	cmp	r0, r4
1000209e:	da04      	bge.n	100020aa <stdio_out_chars_crlf+0x66>
100020a0:	4643      	mov	r3, r8
100020a2:	1a21      	subs	r1, r4, r0
100020a4:	681b      	ldr	r3, [r3, #0]
100020a6:	1830      	adds	r0, r6, r0
100020a8:	4798      	blx	r3
100020aa:	4643      	mov	r3, r8
100020ac:	4650      	mov	r0, sl
100020ae:	681b      	ldr	r3, [r3, #0]
100020b0:	2102      	movs	r1, #2
100020b2:	4798      	blx	r3
100020b4:	3401      	adds	r4, #1
100020b6:	0028      	movs	r0, r5
100020b8:	002b      	movs	r3, r5
100020ba:	3501      	adds	r5, #1
100020bc:	429f      	cmp	r7, r3
100020be:	dce4      	bgt.n	1000208a <stdio_out_chars_crlf+0x46>
100020c0:	4287      	cmp	r7, r0
100020c2:	dd04      	ble.n	100020ce <stdio_out_chars_crlf+0x8a>
100020c4:	4643      	mov	r3, r8
100020c6:	1a39      	subs	r1, r7, r0
100020c8:	681b      	ldr	r3, [r3, #0]
100020ca:	1830      	adds	r0, r6, r0
100020cc:	4798      	blx	r3
100020ce:	19f6      	adds	r6, r6, r7
100020d0:	3e01      	subs	r6, #1
100020d2:	7833      	ldrb	r3, [r6, #0]
100020d4:	3b0d      	subs	r3, #13
100020d6:	425a      	negs	r2, r3
100020d8:	4153      	adcs	r3, r2
100020da:	4642      	mov	r2, r8
100020dc:	7513      	strb	r3, [r2, #20]
100020de:	bce0      	pop	{r5, r6, r7}
100020e0:	46ba      	mov	sl, r7
100020e2:	46b1      	mov	r9, r6
100020e4:	46a8      	mov	r8, r5
100020e6:	bdf0      	pop	{r4, r5, r6, r7, pc}
100020e8:	6803      	ldr	r3, [r0, #0]
100020ea:	0011      	movs	r1, r2
100020ec:	0030      	movs	r0, r6
100020ee:	4798      	blx	r3
100020f0:	e7f5      	b.n	100020de <stdio_out_chars_crlf+0x9a>
100020f2:	46c0      	nop			; (mov r8, r8)
100020f4:	10004d40 	.word	0x10004d40

100020f8 <stdio_put_string>:
100020f8:	b5f0      	push	{r4, r5, r6, r7, lr}
100020fa:	46de      	mov	lr, fp
100020fc:	4657      	mov	r7, sl
100020fe:	464e      	mov	r6, r9
10002100:	4645      	mov	r5, r8
10002102:	b5e0      	push	{r5, r6, r7, lr}
10002104:	b085      	sub	sp, #20
10002106:	0017      	movs	r7, r2
10002108:	001c      	movs	r4, r3
1000210a:	0006      	movs	r6, r0
1000210c:	000d      	movs	r5, r1
1000210e:	f7ff fb0f 	bl	10001730 <time_us_64>
10002112:	2300      	movs	r3, #0
10002114:	4a31      	ldr	r2, [pc, #196]	; (100021dc <stdio_put_string+0xe4>)
10002116:	1812      	adds	r2, r2, r0
10002118:	414b      	adcs	r3, r1
1000211a:	2b00      	cmp	r3, #0
1000211c:	db59      	blt.n	100021d2 <stdio_put_string+0xda>
1000211e:	4930      	ldr	r1, [pc, #192]	; (100021e0 <stdio_put_string+0xe8>)
10002120:	0008      	movs	r0, r1
10002122:	468a      	mov	sl, r1
10002124:	f002 fd40 	bl	10004ba8 <__mutex_try_enter_block_until_veneer>
10002128:	9001      	str	r0, [sp, #4]
1000212a:	1c6b      	adds	r3, r5, #1
1000212c:	d103      	bne.n	10002136 <stdio_put_string+0x3e>
1000212e:	0030      	movs	r0, r6
10002130:	f002 fcca 	bl	10004ac8 <strlen>
10002134:	0005      	movs	r5, r0
10002136:	2c00      	cmp	r4, #0
10002138:	d126      	bne.n	10002188 <stdio_put_string+0x90>
1000213a:	4b2a      	ldr	r3, [pc, #168]	; (100021e4 <stdio_put_string+0xec>)
1000213c:	4698      	mov	r8, r3
1000213e:	4b2a      	ldr	r3, [pc, #168]	; (100021e8 <stdio_put_string+0xf0>)
10002140:	681c      	ldr	r4, [r3, #0]
10002142:	2c00      	cmp	r4, #0
10002144:	d015      	beq.n	10002172 <stdio_put_string+0x7a>
10002146:	2f00      	cmp	r7, #0
10002148:	d121      	bne.n	1000218e <stdio_put_string+0x96>
1000214a:	4f28      	ldr	r7, [pc, #160]	; (100021ec <stdio_put_string+0xf4>)
1000214c:	e002      	b.n	10002154 <stdio_put_string+0x5c>
1000214e:	6924      	ldr	r4, [r4, #16]
10002150:	2c00      	cmp	r4, #0
10002152:	d00e      	beq.n	10002172 <stdio_put_string+0x7a>
10002154:	6823      	ldr	r3, [r4, #0]
10002156:	2b00      	cmp	r3, #0
10002158:	d0f9      	beq.n	1000214e <stdio_put_string+0x56>
1000215a:	683b      	ldr	r3, [r7, #0]
1000215c:	2b00      	cmp	r3, #0
1000215e:	d001      	beq.n	10002164 <stdio_put_string+0x6c>
10002160:	42a3      	cmp	r3, r4
10002162:	d1f4      	bne.n	1000214e <stdio_put_string+0x56>
10002164:	0020      	movs	r0, r4
10002166:	002a      	movs	r2, r5
10002168:	0031      	movs	r1, r6
1000216a:	47c0      	blx	r8
1000216c:	6924      	ldr	r4, [r4, #16]
1000216e:	2c00      	cmp	r4, #0
10002170:	d1f0      	bne.n	10002154 <stdio_put_string+0x5c>
10002172:	9b01      	ldr	r3, [sp, #4]
10002174:	2b00      	cmp	r3, #0
10002176:	d128      	bne.n	100021ca <stdio_put_string+0xd2>
10002178:	0028      	movs	r0, r5
1000217a:	b005      	add	sp, #20
1000217c:	bcf0      	pop	{r4, r5, r6, r7}
1000217e:	46bb      	mov	fp, r7
10002180:	46b2      	mov	sl, r6
10002182:	46a9      	mov	r9, r5
10002184:	46a0      	mov	r8, r4
10002186:	bdf0      	pop	{r4, r5, r6, r7, pc}
10002188:	4b19      	ldr	r3, [pc, #100]	; (100021f0 <stdio_put_string+0xf8>)
1000218a:	4698      	mov	r8, r3
1000218c:	e7d7      	b.n	1000213e <stdio_put_string+0x46>
1000218e:	4b17      	ldr	r3, [pc, #92]	; (100021ec <stdio_put_string+0xf4>)
10002190:	4699      	mov	r9, r3
10002192:	ab02      	add	r3, sp, #8
10002194:	1ddf      	adds	r7, r3, #7
10002196:	230a      	movs	r3, #10
10002198:	469b      	mov	fp, r3
1000219a:	e002      	b.n	100021a2 <stdio_put_string+0xaa>
1000219c:	6924      	ldr	r4, [r4, #16]
1000219e:	2c00      	cmp	r4, #0
100021a0:	d0e7      	beq.n	10002172 <stdio_put_string+0x7a>
100021a2:	6823      	ldr	r3, [r4, #0]
100021a4:	2b00      	cmp	r3, #0
100021a6:	d0f9      	beq.n	1000219c <stdio_put_string+0xa4>
100021a8:	464b      	mov	r3, r9
100021aa:	681b      	ldr	r3, [r3, #0]
100021ac:	2b00      	cmp	r3, #0
100021ae:	d001      	beq.n	100021b4 <stdio_put_string+0xbc>
100021b0:	42a3      	cmp	r3, r4
100021b2:	d1f3      	bne.n	1000219c <stdio_put_string+0xa4>
100021b4:	002a      	movs	r2, r5
100021b6:	0031      	movs	r1, r6
100021b8:	0020      	movs	r0, r4
100021ba:	47c0      	blx	r8
100021bc:	465b      	mov	r3, fp
100021be:	2201      	movs	r2, #1
100021c0:	0039      	movs	r1, r7
100021c2:	0020      	movs	r0, r4
100021c4:	703b      	strb	r3, [r7, #0]
100021c6:	47c0      	blx	r8
100021c8:	e7e8      	b.n	1000219c <stdio_put_string+0xa4>
100021ca:	4650      	mov	r0, sl
100021cc:	f002 fcb4 	bl	10004b38 <__mutex_exit_veneer>
100021d0:	e7d2      	b.n	10002178 <stdio_put_string+0x80>
100021d2:	2201      	movs	r2, #1
100021d4:	4b07      	ldr	r3, [pc, #28]	; (100021f4 <stdio_put_string+0xfc>)
100021d6:	4252      	negs	r2, r2
100021d8:	e7a1      	b.n	1000211e <stdio_put_string+0x26>
100021da:	46c0      	nop			; (mov r8, r8)
100021dc:	000f4240 	.word	0x000f4240
100021e0:	200010e8 	.word	0x200010e8
100021e4:	10002035 	.word	0x10002035
100021e8:	20001b94 	.word	0x20001b94
100021ec:	20001b9c 	.word	0x20001b9c
100021f0:	10002045 	.word	0x10002045
100021f4:	7fffffff 	.word	0x7fffffff

100021f8 <stdio_set_driver_enabled>:
100021f8:	4a0a      	ldr	r2, [pc, #40]	; (10002224 <stdio_set_driver_enabled+0x2c>)
100021fa:	6813      	ldr	r3, [r2, #0]
100021fc:	2b00      	cmp	r3, #0
100021fe:	d105      	bne.n	1000220c <stdio_set_driver_enabled+0x14>
10002200:	e00c      	b.n	1000221c <stdio_set_driver_enabled+0x24>
10002202:	001a      	movs	r2, r3
10002204:	691b      	ldr	r3, [r3, #16]
10002206:	3210      	adds	r2, #16
10002208:	2b00      	cmp	r3, #0
1000220a:	d007      	beq.n	1000221c <stdio_set_driver_enabled+0x24>
1000220c:	4298      	cmp	r0, r3
1000220e:	d1f8      	bne.n	10002202 <stdio_set_driver_enabled+0xa>
10002210:	2900      	cmp	r1, #0
10002212:	d102      	bne.n	1000221a <stdio_set_driver_enabled+0x22>
10002214:	6903      	ldr	r3, [r0, #16]
10002216:	6013      	str	r3, [r2, #0]
10002218:	6101      	str	r1, [r0, #16]
1000221a:	4770      	bx	lr
1000221c:	2900      	cmp	r1, #0
1000221e:	d0fc      	beq.n	1000221a <stdio_set_driver_enabled+0x22>
10002220:	6010      	str	r0, [r2, #0]
10002222:	e7fa      	b.n	1000221a <stdio_set_driver_enabled+0x22>
10002224:	20001b94 	.word	0x20001b94

10002228 <stdio_init_all>:
10002228:	b510      	push	{r4, lr}
1000222a:	f000 fa8b 	bl	10002744 <stdio_usb_init>
1000222e:	bd10      	pop	{r4, pc}

10002230 <__wrap_putchar>:
10002230:	b5f0      	push	{r4, r5, r6, r7, lr}
10002232:	46ce      	mov	lr, r9
10002234:	4647      	mov	r7, r8
10002236:	b580      	push	{r7, lr}
10002238:	b083      	sub	sp, #12
1000223a:	466b      	mov	r3, sp
1000223c:	0006      	movs	r6, r0
1000223e:	1ddd      	adds	r5, r3, #7
10002240:	7028      	strb	r0, [r5, #0]
10002242:	f7ff fa75 	bl	10001730 <time_us_64>
10002246:	2300      	movs	r3, #0
10002248:	4a1a      	ldr	r2, [pc, #104]	; (100022b4 <__wrap_putchar+0x84>)
1000224a:	1812      	adds	r2, r2, r0
1000224c:	414b      	adcs	r3, r1
1000224e:	2b00      	cmp	r3, #0
10002250:	db2b      	blt.n	100022aa <__wrap_putchar+0x7a>
10002252:	4919      	ldr	r1, [pc, #100]	; (100022b8 <__wrap_putchar+0x88>)
10002254:	0008      	movs	r0, r1
10002256:	4688      	mov	r8, r1
10002258:	f002 fca6 	bl	10004ba8 <__mutex_try_enter_block_until_veneer>
1000225c:	4b17      	ldr	r3, [pc, #92]	; (100022bc <__wrap_putchar+0x8c>)
1000225e:	4681      	mov	r9, r0
10002260:	681c      	ldr	r4, [r3, #0]
10002262:	2c00      	cmp	r4, #0
10002264:	d014      	beq.n	10002290 <__wrap_putchar+0x60>
10002266:	4f16      	ldr	r7, [pc, #88]	; (100022c0 <__wrap_putchar+0x90>)
10002268:	e002      	b.n	10002270 <__wrap_putchar+0x40>
1000226a:	6924      	ldr	r4, [r4, #16]
1000226c:	2c00      	cmp	r4, #0
1000226e:	d00f      	beq.n	10002290 <__wrap_putchar+0x60>
10002270:	6823      	ldr	r3, [r4, #0]
10002272:	2b00      	cmp	r3, #0
10002274:	d0f9      	beq.n	1000226a <__wrap_putchar+0x3a>
10002276:	683b      	ldr	r3, [r7, #0]
10002278:	2b00      	cmp	r3, #0
1000227a:	d001      	beq.n	10002280 <__wrap_putchar+0x50>
1000227c:	42a3      	cmp	r3, r4
1000227e:	d1f4      	bne.n	1000226a <__wrap_putchar+0x3a>
10002280:	0020      	movs	r0, r4
10002282:	2201      	movs	r2, #1
10002284:	0029      	movs	r1, r5
10002286:	f7ff fedd 	bl	10002044 <stdio_out_chars_crlf>
1000228a:	6924      	ldr	r4, [r4, #16]
1000228c:	2c00      	cmp	r4, #0
1000228e:	d1ef      	bne.n	10002270 <__wrap_putchar+0x40>
10002290:	464b      	mov	r3, r9
10002292:	2b00      	cmp	r3, #0
10002294:	d105      	bne.n	100022a2 <__wrap_putchar+0x72>
10002296:	0030      	movs	r0, r6
10002298:	b003      	add	sp, #12
1000229a:	bcc0      	pop	{r6, r7}
1000229c:	46b9      	mov	r9, r7
1000229e:	46b0      	mov	r8, r6
100022a0:	bdf0      	pop	{r4, r5, r6, r7, pc}
100022a2:	4640      	mov	r0, r8
100022a4:	f002 fc48 	bl	10004b38 <__mutex_exit_veneer>
100022a8:	e7f5      	b.n	10002296 <__wrap_putchar+0x66>
100022aa:	2201      	movs	r2, #1
100022ac:	4b05      	ldr	r3, [pc, #20]	; (100022c4 <__wrap_putchar+0x94>)
100022ae:	4252      	negs	r2, r2
100022b0:	e7cf      	b.n	10002252 <__wrap_putchar+0x22>
100022b2:	46c0      	nop			; (mov r8, r8)
100022b4:	000f4240 	.word	0x000f4240
100022b8:	200010e8 	.word	0x200010e8
100022bc:	20001b94 	.word	0x20001b94
100022c0:	20001b9c 	.word	0x20001b9c
100022c4:	7fffffff 	.word	0x7fffffff

100022c8 <__wrap_puts>:
100022c8:	b570      	push	{r4, r5, r6, lr}
100022ca:	0004      	movs	r4, r0
100022cc:	f002 fbfc 	bl	10004ac8 <strlen>
100022d0:	2301      	movs	r3, #1
100022d2:	0001      	movs	r1, r0
100022d4:	0005      	movs	r5, r0
100022d6:	2201      	movs	r2, #1
100022d8:	0020      	movs	r0, r4
100022da:	f7ff ff0d 	bl	100020f8 <stdio_put_string>
100022de:	4b08      	ldr	r3, [pc, #32]	; (10002300 <__wrap_puts+0x38>)
100022e0:	681c      	ldr	r4, [r3, #0]
100022e2:	2c00      	cmp	r4, #0
100022e4:	d006      	beq.n	100022f4 <__wrap_puts+0x2c>
100022e6:	6863      	ldr	r3, [r4, #4]
100022e8:	2b00      	cmp	r3, #0
100022ea:	d005      	beq.n	100022f8 <__wrap_puts+0x30>
100022ec:	4798      	blx	r3
100022ee:	6924      	ldr	r4, [r4, #16]
100022f0:	2c00      	cmp	r4, #0
100022f2:	d1f8      	bne.n	100022e6 <__wrap_puts+0x1e>
100022f4:	0028      	movs	r0, r5
100022f6:	bd70      	pop	{r4, r5, r6, pc}
100022f8:	6924      	ldr	r4, [r4, #16]
100022fa:	2c00      	cmp	r4, #0
100022fc:	d1f3      	bne.n	100022e6 <__wrap_puts+0x1e>
100022fe:	e7f9      	b.n	100022f4 <__wrap_puts+0x2c>
10002300:	20001b94 	.word	0x20001b94

10002304 <resetd_init>:
10002304:	4770      	bx	lr
10002306:	46c0      	nop			; (mov r8, r8)

10002308 <resetd_reset>:
10002308:	2200      	movs	r2, #0
1000230a:	4b01      	ldr	r3, [pc, #4]	; (10002310 <resetd_reset+0x8>)
1000230c:	701a      	strb	r2, [r3, #0]
1000230e:	4770      	bx	lr
10002310:	20001ffa 	.word	0x20001ffa

10002314 <resetd_open>:
10002314:	794b      	ldrb	r3, [r1, #5]
10002316:	2000      	movs	r0, #0
10002318:	2bff      	cmp	r3, #255	; 0xff
1000231a:	d10b      	bne.n	10002334 <resetd_open+0x20>
1000231c:	798b      	ldrb	r3, [r1, #6]
1000231e:	2b00      	cmp	r3, #0
10002320:	d108      	bne.n	10002334 <resetd_open+0x20>
10002322:	79cb      	ldrb	r3, [r1, #7]
10002324:	2b01      	cmp	r3, #1
10002326:	d105      	bne.n	10002334 <resetd_open+0x20>
10002328:	2a08      	cmp	r2, #8
1000232a:	d903      	bls.n	10002334 <resetd_open+0x20>
1000232c:	788a      	ldrb	r2, [r1, #2]
1000232e:	4b02      	ldr	r3, [pc, #8]	; (10002338 <resetd_open+0x24>)
10002330:	3009      	adds	r0, #9
10002332:	701a      	strb	r2, [r3, #0]
10002334:	4770      	bx	lr
10002336:	46c0      	nop			; (mov r8, r8)
10002338:	20001ffa 	.word	0x20001ffa

1000233c <resetd_xfer_cb>:
1000233c:	2001      	movs	r0, #1
1000233e:	4770      	bx	lr

10002340 <resetd_control_xfer_cb>:
10002340:	b510      	push	{r4, lr}
10002342:	2901      	cmp	r1, #1
10002344:	d109      	bne.n	1000235a <resetd_control_xfer_cb+0x1a>
10002346:	4915      	ldr	r1, [pc, #84]	; (1000239c <resetd_control_xfer_cb+0x5c>)
10002348:	7953      	ldrb	r3, [r2, #5]
1000234a:	7910      	ldrb	r0, [r2, #4]
1000234c:	7809      	ldrb	r1, [r1, #0]
1000234e:	021b      	lsls	r3, r3, #8
10002350:	4303      	orrs	r3, r0
10002352:	2000      	movs	r0, #0
10002354:	4299      	cmp	r1, r3
10002356:	d002      	beq.n	1000235e <resetd_control_xfer_cb+0x1e>
10002358:	bd10      	pop	{r4, pc}
1000235a:	2001      	movs	r0, #1
1000235c:	e7fc      	b.n	10002358 <resetd_control_xfer_cb+0x18>
1000235e:	7853      	ldrb	r3, [r2, #1]
10002360:	2b01      	cmp	r3, #1
10002362:	d008      	beq.n	10002376 <resetd_control_xfer_cb+0x36>
10002364:	2b02      	cmp	r3, #2
10002366:	d1f7      	bne.n	10002358 <resetd_control_xfer_cb+0x18>
10002368:	2000      	movs	r0, #0
1000236a:	2264      	movs	r2, #100	; 0x64
1000236c:	2100      	movs	r1, #0
1000236e:	f7ff fb3d 	bl	100019ec <watchdog_reboot>
10002372:	2001      	movs	r0, #1
10002374:	e7f0      	b.n	10002358 <resetd_control_xfer_cb+0x18>
10002376:	78d3      	ldrb	r3, [r2, #3]
10002378:	7891      	ldrb	r1, [r2, #2]
1000237a:	021b      	lsls	r3, r3, #8
1000237c:	4319      	orrs	r1, r3
1000237e:	05db      	lsls	r3, r3, #23
10002380:	d507      	bpl.n	10002392 <resetd_control_xfer_cb+0x52>
10002382:	0a4a      	lsrs	r2, r1, #9
10002384:	0010      	movs	r0, r2
10002386:	2301      	movs	r3, #1
10002388:	401a      	ands	r2, r3
1000238a:	337e      	adds	r3, #126	; 0x7e
1000238c:	4019      	ands	r1, r3
1000238e:	f7ff fbb3 	bl	10001af8 <rom_reset_usb_boot_extra>
10002392:	2001      	movs	r0, #1
10002394:	0a4a      	lsrs	r2, r1, #9
10002396:	4240      	negs	r0, r0
10002398:	e7f5      	b.n	10002386 <resetd_control_xfer_cb+0x46>
1000239a:	46c0      	nop			; (mov r8, r8)
1000239c:	20001ffa 	.word	0x20001ffa

100023a0 <tud_descriptor_bos_cb>:
100023a0:	4800      	ldr	r0, [pc, #0]	; (100023a4 <tud_descriptor_bos_cb+0x4>)
100023a2:	4770      	bx	lr
100023a4:	10004d64 	.word	0x10004d64

100023a8 <tud_vendor_control_xfer_cb>:
100023a8:	b570      	push	{r4, r5, r6, lr}
100023aa:	0005      	movs	r5, r0
100023ac:	0014      	movs	r4, r2
100023ae:	2001      	movs	r0, #1
100023b0:	2901      	cmp	r1, #1
100023b2:	d109      	bne.n	100023c8 <tud_vendor_control_xfer_cb+0x20>
100023b4:	7853      	ldrb	r3, [r2, #1]
100023b6:	2000      	movs	r0, #0
100023b8:	2b01      	cmp	r3, #1
100023ba:	d105      	bne.n	100023c8 <tud_vendor_control_xfer_cb+0x20>
100023bc:	7963      	ldrb	r3, [r4, #5]
100023be:	7912      	ldrb	r2, [r2, #4]
100023c0:	021b      	lsls	r3, r3, #8
100023c2:	4313      	orrs	r3, r2
100023c4:	2b07      	cmp	r3, #7
100023c6:	d000      	beq.n	100023ca <tud_vendor_control_xfer_cb+0x22>
100023c8:	bd70      	pop	{r4, r5, r6, pc}
100023ca:	0021      	movs	r1, r4
100023cc:	0028      	movs	r0, r5
100023ce:	4a02      	ldr	r2, [pc, #8]	; (100023d8 <tud_vendor_control_xfer_cb+0x30>)
100023d0:	339f      	adds	r3, #159	; 0x9f
100023d2:	f001 fa61 	bl	10003898 <tud_control_xfer>
100023d6:	e7f7      	b.n	100023c8 <tud_vendor_control_xfer_cb+0x20>
100023d8:	10004d88 	.word	0x10004d88

100023dc <usbd_app_driver_get_cb>:
100023dc:	2301      	movs	r3, #1
100023de:	7003      	strb	r3, [r0, #0]
100023e0:	4800      	ldr	r0, [pc, #0]	; (100023e4 <usbd_app_driver_get_cb+0x8>)
100023e2:	4770      	bx	lr
100023e4:	10004d44 	.word	0x10004d44

100023e8 <tud_cdc_line_coding_cb>:
100023e8:	7848      	ldrb	r0, [r1, #1]
100023ea:	780b      	ldrb	r3, [r1, #0]
100023ec:	788a      	ldrb	r2, [r1, #2]
100023ee:	0200      	lsls	r0, r0, #8
100023f0:	4318      	orrs	r0, r3
100023f2:	0412      	lsls	r2, r2, #16
100023f4:	4310      	orrs	r0, r2
100023f6:	2296      	movs	r2, #150	; 0x96
100023f8:	78cb      	ldrb	r3, [r1, #3]
100023fa:	b510      	push	{r4, lr}
100023fc:	061b      	lsls	r3, r3, #24
100023fe:	4303      	orrs	r3, r0
10002400:	00d2      	lsls	r2, r2, #3
10002402:	4293      	cmp	r3, r2
10002404:	d000      	beq.n	10002408 <tud_cdc_line_coding_cb+0x20>
10002406:	bd10      	pop	{r4, pc}
10002408:	2200      	movs	r2, #0
1000240a:	2001      	movs	r0, #1
1000240c:	0011      	movs	r1, r2
1000240e:	4240      	negs	r0, r0
10002410:	f7ff fb72 	bl	10001af8 <rom_reset_usb_boot_extra>

10002414 <stdio_usb_set_chars_available_callback>:
10002414:	4b02      	ldr	r3, [pc, #8]	; (10002420 <stdio_usb_set_chars_available_callback+0xc>)
10002416:	6018      	str	r0, [r3, #0]
10002418:	4b02      	ldr	r3, [pc, #8]	; (10002424 <stdio_usb_set_chars_available_callback+0x10>)
1000241a:	6019      	str	r1, [r3, #0]
1000241c:	4770      	bx	lr
1000241e:	46c0      	nop			; (mov r8, r8)
10002420:	20001b34 	.word	0x20001b34
10002424:	20001b38 	.word	0x20001b38

10002428 <usb_irq>:
10002428:	b510      	push	{r4, lr}
1000242a:	4b02      	ldr	r3, [pc, #8]	; (10002434 <usb_irq+0xc>)
1000242c:	7818      	ldrb	r0, [r3, #0]
1000242e:	f7fe fa7f 	bl	10000930 <irq_set_pending>
10002432:	bd10      	pop	{r4, pc}
10002434:	20001ffb 	.word	0x20001ffb

10002438 <timer_task>:
10002438:	4b15      	ldr	r3, [pc, #84]	; (10002490 <timer_task+0x58>)
1000243a:	b570      	push	{r4, r5, r6, lr}
1000243c:	681a      	ldr	r2, [r3, #0]
1000243e:	2a00      	cmp	r2, #0
10002440:	d022      	beq.n	10002488 <timer_task+0x50>
10002442:	f3ef 8110 	mrs	r1, PRIMASK
10002446:	b672      	cpsid	i
10002448:	6810      	ldr	r0, [r2, #0]
1000244a:	2800      	cmp	r0, #0
1000244c:	d0fc      	beq.n	10002448 <timer_task+0x10>
1000244e:	f3bf 8f5f 	dmb	sy
10002452:	2200      	movs	r2, #0
10002454:	480f      	ldr	r0, [pc, #60]	; (10002494 <timer_task+0x5c>)
10002456:	6059      	str	r1, [r3, #4]
10002458:	7002      	strb	r2, [r0, #0]
1000245a:	681b      	ldr	r3, [r3, #0]
1000245c:	f3bf 8f5f 	dmb	sy
10002460:	601a      	str	r2, [r3, #0]
10002462:	f381 8810 	msr	PRIMASK, r1
10002466:	2400      	movs	r4, #0
10002468:	2500      	movs	r5, #0
1000246a:	4e0b      	ldr	r6, [pc, #44]	; (10002498 <timer_task+0x60>)
1000246c:	7830      	ldrb	r0, [r6, #0]
1000246e:	f7fe fa53 	bl	10000918 <irq_is_enabled>
10002472:	2800      	cmp	r0, #0
10002474:	d104      	bne.n	10002480 <timer_task+0x48>
10002476:	2400      	movs	r4, #0
10002478:	2500      	movs	r5, #0
1000247a:	0029      	movs	r1, r5
1000247c:	0020      	movs	r0, r4
1000247e:	bd70      	pop	{r4, r5, r6, pc}
10002480:	7830      	ldrb	r0, [r6, #0]
10002482:	f7fe fa55 	bl	10000930 <irq_set_pending>
10002486:	e7f8      	b.n	1000247a <timer_task+0x42>
10002488:	24fa      	movs	r4, #250	; 0xfa
1000248a:	2500      	movs	r5, #0
1000248c:	00a4      	lsls	r4, r4, #2
1000248e:	e7ec      	b.n	1000246a <timer_task+0x32>
10002490:	20001fac 	.word	0x20001fac
10002494:	20001ffc 	.word	0x20001ffc
10002498:	20001ffb 	.word	0x20001ffb

1000249c <stdio_usb_in_chars>:
1000249c:	b570      	push	{r4, r5, r6, lr}
1000249e:	0004      	movs	r4, r0
100024a0:	2000      	movs	r0, #0
100024a2:	000e      	movs	r6, r1
100024a4:	f001 fb22 	bl	10003aec <tud_cdc_n_connected>
100024a8:	2800      	cmp	r0, #0
100024aa:	d035      	beq.n	10002518 <stdio_usb_in_chars+0x7c>
100024ac:	2000      	movs	r0, #0
100024ae:	f001 fb33 	bl	10003b18 <tud_cdc_n_available>
100024b2:	2800      	cmp	r0, #0
100024b4:	d030      	beq.n	10002518 <stdio_usb_in_chars+0x7c>
100024b6:	f7ff f93b 	bl	10001730 <time_us_64>
100024ba:	2300      	movs	r3, #0
100024bc:	4a18      	ldr	r2, [pc, #96]	; (10002520 <stdio_usb_in_chars+0x84>)
100024be:	1812      	adds	r2, r2, r0
100024c0:	414b      	adcs	r3, r1
100024c2:	2b00      	cmp	r3, #0
100024c4:	db24      	blt.n	10002510 <stdio_usb_in_chars+0x74>
100024c6:	4d17      	ldr	r5, [pc, #92]	; (10002524 <stdio_usb_in_chars+0x88>)
100024c8:	0028      	movs	r0, r5
100024ca:	f002 fb6d 	bl	10004ba8 <__mutex_try_enter_block_until_veneer>
100024ce:	2800      	cmp	r0, #0
100024d0:	d022      	beq.n	10002518 <stdio_usb_in_chars+0x7c>
100024d2:	2000      	movs	r0, #0
100024d4:	f001 fb0a 	bl	10003aec <tud_cdc_n_connected>
100024d8:	2800      	cmp	r0, #0
100024da:	d10b      	bne.n	100024f4 <stdio_usb_in_chars+0x58>
100024dc:	2001      	movs	r0, #1
100024de:	2100      	movs	r1, #0
100024e0:	2403      	movs	r4, #3
100024e2:	4240      	negs	r0, r0
100024e4:	f000 fd0a 	bl	10002efc <tud_task_ext>
100024e8:	4264      	negs	r4, r4
100024ea:	0028      	movs	r0, r5
100024ec:	f002 fb24 	bl	10004b38 <__mutex_exit_veneer>
100024f0:	0020      	movs	r0, r4
100024f2:	bd70      	pop	{r4, r5, r6, pc}
100024f4:	2000      	movs	r0, #0
100024f6:	f001 fb0f 	bl	10003b18 <tud_cdc_n_available>
100024fa:	2800      	cmp	r0, #0
100024fc:	d0ee      	beq.n	100024dc <stdio_usb_in_chars+0x40>
100024fe:	0021      	movs	r1, r4
10002500:	0032      	movs	r2, r6
10002502:	2000      	movs	r0, #0
10002504:	f001 fb14 	bl	10003b30 <tud_cdc_n_read>
10002508:	1e04      	subs	r4, r0, #0
1000250a:	d1ee      	bne.n	100024ea <stdio_usb_in_chars+0x4e>
1000250c:	3c03      	subs	r4, #3
1000250e:	e7ec      	b.n	100024ea <stdio_usb_in_chars+0x4e>
10002510:	2201      	movs	r2, #1
10002512:	4b05      	ldr	r3, [pc, #20]	; (10002528 <stdio_usb_in_chars+0x8c>)
10002514:	4252      	negs	r2, r2
10002516:	e7d6      	b.n	100024c6 <stdio_usb_in_chars+0x2a>
10002518:	2403      	movs	r4, #3
1000251a:	4264      	negs	r4, r4
1000251c:	e7e8      	b.n	100024f0 <stdio_usb_in_chars+0x54>
1000251e:	46c0      	nop			; (mov r8, r8)
10002520:	000f4240 	.word	0x000f4240
10002524:	20001fdc 	.word	0x20001fdc
10002528:	7fffffff 	.word	0x7fffffff

1000252c <stdio_usb_out_flush>:
1000252c:	b510      	push	{r4, lr}
1000252e:	f7ff f8ff 	bl	10001730 <time_us_64>
10002532:	2300      	movs	r3, #0
10002534:	4a0e      	ldr	r2, [pc, #56]	; (10002570 <stdio_usb_out_flush+0x44>)
10002536:	1812      	adds	r2, r2, r0
10002538:	414b      	adcs	r3, r1
1000253a:	2b00      	cmp	r3, #0
1000253c:	db13      	blt.n	10002566 <stdio_usb_out_flush+0x3a>
1000253e:	4c0d      	ldr	r4, [pc, #52]	; (10002574 <stdio_usb_out_flush+0x48>)
10002540:	0020      	movs	r0, r4
10002542:	f002 fb31 	bl	10004ba8 <__mutex_try_enter_block_until_veneer>
10002546:	2800      	cmp	r0, #0
10002548:	d00c      	beq.n	10002564 <stdio_usb_out_flush+0x38>
1000254a:	2001      	movs	r0, #1
1000254c:	2100      	movs	r1, #0
1000254e:	4240      	negs	r0, r0
10002550:	f000 fcd4 	bl	10002efc <tud_task_ext>
10002554:	2000      	movs	r0, #0
10002556:	f001 fb35 	bl	10003bc4 <tud_cdc_n_write_flush>
1000255a:	2800      	cmp	r0, #0
1000255c:	d1f5      	bne.n	1000254a <stdio_usb_out_flush+0x1e>
1000255e:	0020      	movs	r0, r4
10002560:	f002 faea 	bl	10004b38 <__mutex_exit_veneer>
10002564:	bd10      	pop	{r4, pc}
10002566:	2201      	movs	r2, #1
10002568:	4b03      	ldr	r3, [pc, #12]	; (10002578 <stdio_usb_out_flush+0x4c>)
1000256a:	4252      	negs	r2, r2
1000256c:	e7e7      	b.n	1000253e <stdio_usb_out_flush+0x12>
1000256e:	46c0      	nop			; (mov r8, r8)
10002570:	000f4240 	.word	0x000f4240
10002574:	20001fdc 	.word	0x20001fdc
10002578:	7fffffff 	.word	0x7fffffff

1000257c <stdio_usb_out_chars>:
1000257c:	b5f8      	push	{r3, r4, r5, r6, r7, lr}
1000257e:	46de      	mov	lr, fp
10002580:	4657      	mov	r7, sl
10002582:	b580      	push	{r7, lr}
10002584:	0005      	movs	r5, r0
10002586:	000c      	movs	r4, r1
10002588:	f7ff f8d2 	bl	10001730 <time_us_64>
1000258c:	2300      	movs	r3, #0
1000258e:	4a36      	ldr	r2, [pc, #216]	; (10002668 <stdio_usb_out_chars+0xec>)
10002590:	1812      	adds	r2, r2, r0
10002592:	414b      	adcs	r3, r1
10002594:	2b00      	cmp	r3, #0
10002596:	db5a      	blt.n	1000264e <stdio_usb_out_chars+0xd2>
10002598:	4934      	ldr	r1, [pc, #208]	; (1000266c <stdio_usb_out_chars+0xf0>)
1000259a:	0008      	movs	r0, r1
1000259c:	468a      	mov	sl, r1
1000259e:	f002 fb03 	bl	10004ba8 <__mutex_try_enter_block_until_veneer>
100025a2:	2800      	cmp	r0, #0
100025a4:	d103      	bne.n	100025ae <stdio_usb_out_chars+0x32>
100025a6:	bcc0      	pop	{r6, r7}
100025a8:	46bb      	mov	fp, r7
100025aa:	46b2      	mov	sl, r6
100025ac:	bdf8      	pop	{r3, r4, r5, r6, r7, pc}
100025ae:	2000      	movs	r0, #0
100025b0:	f001 fa9c 	bl	10003aec <tud_cdc_n_connected>
100025b4:	2800      	cmp	r0, #0
100025b6:	d04e      	beq.n	10002656 <stdio_usb_out_chars+0xda>
100025b8:	2600      	movs	r6, #0
100025ba:	2c00      	cmp	r4, #0
100025bc:	dd43      	ble.n	10002646 <stdio_usb_out_chars+0xca>
100025be:	4b2c      	ldr	r3, [pc, #176]	; (10002670 <stdio_usb_out_chars+0xf4>)
100025c0:	469b      	mov	fp, r3
100025c2:	e014      	b.n	100025ee <stdio_usb_out_chars+0x72>
100025c4:	19a9      	adds	r1, r5, r6
100025c6:	2000      	movs	r0, #0
100025c8:	f001 fb38 	bl	10003c3c <tud_cdc_n_write>
100025cc:	0007      	movs	r7, r0
100025ce:	2001      	movs	r0, #1
100025d0:	2100      	movs	r1, #0
100025d2:	4240      	negs	r0, r0
100025d4:	f000 fc92 	bl	10002efc <tud_task_ext>
100025d8:	2000      	movs	r0, #0
100025da:	f001 faf3 	bl	10003bc4 <tud_cdc_n_write_flush>
100025de:	f7ff f8a7 	bl	10001730 <time_us_64>
100025e2:	4b23      	ldr	r3, [pc, #140]	; (10002670 <stdio_usb_out_chars+0xf4>)
100025e4:	19f6      	adds	r6, r6, r7
100025e6:	6018      	str	r0, [r3, #0]
100025e8:	6059      	str	r1, [r3, #4]
100025ea:	42b4      	cmp	r4, r6
100025ec:	dd2b      	ble.n	10002646 <stdio_usb_out_chars+0xca>
100025ee:	2000      	movs	r0, #0
100025f0:	f001 fb46 	bl	10003c80 <tud_cdc_n_write_available>
100025f4:	1ba7      	subs	r7, r4, r6
100025f6:	0002      	movs	r2, r0
100025f8:	42b8      	cmp	r0, r7
100025fa:	dd00      	ble.n	100025fe <stdio_usb_out_chars+0x82>
100025fc:	003a      	movs	r2, r7
100025fe:	2a00      	cmp	r2, #0
10002600:	d1e0      	bne.n	100025c4 <stdio_usb_out_chars+0x48>
10002602:	2001      	movs	r0, #1
10002604:	2100      	movs	r1, #0
10002606:	4240      	negs	r0, r0
10002608:	f000 fc78 	bl	10002efc <tud_task_ext>
1000260c:	2000      	movs	r0, #0
1000260e:	f001 fad9 	bl	10003bc4 <tud_cdc_n_write_flush>
10002612:	2000      	movs	r0, #0
10002614:	f001 fa6a 	bl	10003aec <tud_cdc_n_connected>
10002618:	2800      	cmp	r0, #0
1000261a:	d014      	beq.n	10002646 <stdio_usb_out_chars+0xca>
1000261c:	2000      	movs	r0, #0
1000261e:	f001 fb2f 	bl	10003c80 <tud_cdc_n_write_available>
10002622:	2800      	cmp	r0, #0
10002624:	d1e1      	bne.n	100025ea <stdio_usb_out_chars+0x6e>
10002626:	f7ff f883 	bl	10001730 <time_us_64>
1000262a:	465b      	mov	r3, fp
1000262c:	000f      	movs	r7, r1
1000262e:	681a      	ldr	r2, [r3, #0]
10002630:	685b      	ldr	r3, [r3, #4]
10002632:	2100      	movs	r1, #0
10002634:	4684      	mov	ip, r0
10002636:	480f      	ldr	r0, [pc, #60]	; (10002674 <stdio_usb_out_chars+0xf8>)
10002638:	1812      	adds	r2, r2, r0
1000263a:	414b      	adcs	r3, r1
1000263c:	429f      	cmp	r7, r3
1000263e:	d802      	bhi.n	10002646 <stdio_usb_out_chars+0xca>
10002640:	d1d3      	bne.n	100025ea <stdio_usb_out_chars+0x6e>
10002642:	4594      	cmp	ip, r2
10002644:	d9d1      	bls.n	100025ea <stdio_usb_out_chars+0x6e>
10002646:	4650      	mov	r0, sl
10002648:	f002 fa76 	bl	10004b38 <__mutex_exit_veneer>
1000264c:	e7ab      	b.n	100025a6 <stdio_usb_out_chars+0x2a>
1000264e:	2201      	movs	r2, #1
10002650:	4b09      	ldr	r3, [pc, #36]	; (10002678 <stdio_usb_out_chars+0xfc>)
10002652:	4252      	negs	r2, r2
10002654:	e7a0      	b.n	10002598 <stdio_usb_out_chars+0x1c>
10002656:	2000      	movs	r0, #0
10002658:	2100      	movs	r1, #0
1000265a:	4b05      	ldr	r3, [pc, #20]	; (10002670 <stdio_usb_out_chars+0xf4>)
1000265c:	6018      	str	r0, [r3, #0]
1000265e:	6059      	str	r1, [r3, #4]
10002660:	4650      	mov	r0, sl
10002662:	f002 fa69 	bl	10004b38 <__mutex_exit_veneer>
10002666:	e79e      	b.n	100025a6 <stdio_usb_out_chars+0x2a>
10002668:	000f4240 	.word	0x000f4240
1000266c:	20001fdc 	.word	0x20001fdc
10002670:	20001270 	.word	0x20001270
10002674:	0007a120 	.word	0x0007a120
10002678:	7fffffff 	.word	0x7fffffff

1000267c <low_priority_worker_irq>:
1000267c:	b530      	push	{r4, r5, lr}
1000267e:	4c2a      	ldr	r4, [pc, #168]	; (10002728 <low_priority_worker_irq+0xac>)
10002680:	b085      	sub	sp, #20
10002682:	2100      	movs	r1, #0
10002684:	0020      	movs	r0, r4
10002686:	f002 fa77 	bl	10004b78 <__mutex_try_enter_veneer>
1000268a:	2800      	cmp	r0, #0
1000268c:	d11c      	bne.n	100026c8 <low_priority_worker_irq+0x4c>
1000268e:	4b27      	ldr	r3, [pc, #156]	; (1000272c <low_priority_worker_irq+0xb0>)
10002690:	681a      	ldr	r2, [r3, #0]
10002692:	2a00      	cmp	r2, #0
10002694:	d016      	beq.n	100026c4 <low_priority_worker_irq+0x48>
10002696:	f3ef 8110 	mrs	r1, PRIMASK
1000269a:	b672      	cpsid	i
1000269c:	6810      	ldr	r0, [r2, #0]
1000269e:	2800      	cmp	r0, #0
100026a0:	d0fc      	beq.n	1000269c <low_priority_worker_irq+0x20>
100026a2:	f3bf 8f5f 	dmb	sy
100026a6:	2401      	movs	r4, #1
100026a8:	4821      	ldr	r0, [pc, #132]	; (10002730 <low_priority_worker_irq+0xb4>)
100026aa:	6059      	str	r1, [r3, #4]
100026ac:	7802      	ldrb	r2, [r0, #0]
100026ae:	681b      	ldr	r3, [r3, #0]
100026b0:	b2d2      	uxtb	r2, r2
100026b2:	7004      	strb	r4, [r0, #0]
100026b4:	f3bf 8f5f 	dmb	sy
100026b8:	2000      	movs	r0, #0
100026ba:	6018      	str	r0, [r3, #0]
100026bc:	f381 8810 	msr	PRIMASK, r1
100026c0:	2a00      	cmp	r2, #0
100026c2:	d017      	beq.n	100026f4 <low_priority_worker_irq+0x78>
100026c4:	b005      	add	sp, #20
100026c6:	bd30      	pop	{r4, r5, pc}
100026c8:	2001      	movs	r0, #1
100026ca:	2100      	movs	r1, #0
100026cc:	4240      	negs	r0, r0
100026ce:	f000 fc15 	bl	10002efc <tud_task_ext>
100026d2:	2000      	movs	r0, #0
100026d4:	f001 fa20 	bl	10003b18 <tud_cdc_n_available>
100026d8:	0005      	movs	r5, r0
100026da:	0020      	movs	r0, r4
100026dc:	f002 fa2c 	bl	10004b38 <__mutex_exit_veneer>
100026e0:	2d00      	cmp	r5, #0
100026e2:	d0ef      	beq.n	100026c4 <low_priority_worker_irq+0x48>
100026e4:	4b13      	ldr	r3, [pc, #76]	; (10002734 <low_priority_worker_irq+0xb8>)
100026e6:	681b      	ldr	r3, [r3, #0]
100026e8:	2b00      	cmp	r3, #0
100026ea:	d0eb      	beq.n	100026c4 <low_priority_worker_irq+0x48>
100026ec:	4a12      	ldr	r2, [pc, #72]	; (10002738 <low_priority_worker_irq+0xbc>)
100026ee:	6810      	ldr	r0, [r2, #0]
100026f0:	4798      	blx	r3
100026f2:	e7e7      	b.n	100026c4 <low_priority_worker_irq+0x48>
100026f4:	f7fe fe0a 	bl	1000130c <alarm_pool_get_default>
100026f8:	0004      	movs	r4, r0
100026fa:	f7ff f819 	bl	10001730 <time_us_64>
100026fe:	22fa      	movs	r2, #250	; 0xfa
10002700:	2300      	movs	r3, #0
10002702:	0092      	lsls	r2, r2, #2
10002704:	1812      	adds	r2, r2, r0
10002706:	414b      	adcs	r3, r1
10002708:	2b00      	cmp	r3, #0
1000270a:	db09      	blt.n	10002720 <low_priority_worker_irq+0xa4>
1000270c:	2101      	movs	r1, #1
1000270e:	9102      	str	r1, [sp, #8]
10002710:	2100      	movs	r1, #0
10002712:	9101      	str	r1, [sp, #4]
10002714:	4909      	ldr	r1, [pc, #36]	; (1000273c <low_priority_worker_irq+0xc0>)
10002716:	0020      	movs	r0, r4
10002718:	9100      	str	r1, [sp, #0]
1000271a:	f7fe fdfb 	bl	10001314 <alarm_pool_add_alarm_at>
1000271e:	e7d1      	b.n	100026c4 <low_priority_worker_irq+0x48>
10002720:	2201      	movs	r2, #1
10002722:	4b07      	ldr	r3, [pc, #28]	; (10002740 <low_priority_worker_irq+0xc4>)
10002724:	4252      	negs	r2, r2
10002726:	e7f1      	b.n	1000270c <low_priority_worker_irq+0x90>
10002728:	20001fdc 	.word	0x20001fdc
1000272c:	20001fac 	.word	0x20001fac
10002730:	20001ffc 	.word	0x20001ffc
10002734:	20001b34 	.word	0x20001b34
10002738:	20001b38 	.word	0x20001b38
1000273c:	10002439 	.word	0x10002439
10002740:	7fffffff 	.word	0x7fffffff

10002744 <stdio_usb_init>:
10002744:	23d0      	movs	r3, #208	; 0xd0
10002746:	b510      	push	{r4, lr}
10002748:	061b      	lsls	r3, r3, #24
1000274a:	b084      	sub	sp, #16
1000274c:	681c      	ldr	r4, [r3, #0]
1000274e:	f7fe fddd 	bl	1000130c <alarm_pool_get_default>
10002752:	f7fe fed9 	bl	10001508 <alarm_pool_core_num>
10002756:	42a0      	cmp	r0, r4
10002758:	d002      	beq.n	10002760 <stdio_usb_init+0x1c>
1000275a:	2000      	movs	r0, #0
1000275c:	b004      	add	sp, #16
1000275e:	bd10      	pop	{r4, pc}
10002760:	4b29      	ldr	r3, [pc, #164]	; (10002808 <stdio_usb_init+0xc4>)
10002762:	2100      	movs	r1, #0
10002764:	2000      	movs	r0, #0
10002766:	781b      	ldrb	r3, [r3, #0]
10002768:	f001 fd7e 	bl	10004268 <tusb_rhport_init>
1000276c:	4827      	ldr	r0, [pc, #156]	; (1000280c <stdio_usb_init+0xc8>)
1000276e:	6803      	ldr	r3, [r0, #0]
10002770:	2b00      	cmp	r3, #0
10002772:	d041      	beq.n	100027f8 <stdio_usb_init+0xb4>
10002774:	2001      	movs	r0, #1
10002776:	f7fe fb4f 	bl	10000e18 <user_irq_claim_unused>
1000277a:	23ff      	movs	r3, #255	; 0xff
1000277c:	4c24      	ldr	r4, [pc, #144]	; (10002810 <stdio_usb_init+0xcc>)
1000277e:	4925      	ldr	r1, [pc, #148]	; (10002814 <stdio_usb_init+0xd0>)
10002780:	7020      	strb	r0, [r4, #0]
10002782:	4018      	ands	r0, r3
10002784:	f7fe f8ee 	bl	10000964 <irq_set_exclusive_handler>
10002788:	7820      	ldrb	r0, [r4, #0]
1000278a:	2101      	movs	r1, #1
1000278c:	f7fe f8b2 	bl	100008f4 <irq_set_enabled>
10002790:	2005      	movs	r0, #5
10002792:	f7fe f8d5 	bl	10000940 <irq_has_shared_handler>
10002796:	2800      	cmp	r0, #0
10002798:	d121      	bne.n	100027de <stdio_usb_init+0x9a>
1000279a:	2208      	movs	r2, #8
1000279c:	2100      	movs	r1, #0
1000279e:	481e      	ldr	r0, [pc, #120]	; (10002818 <stdio_usb_init+0xd4>)
100027a0:	f7ff fc00 	bl	10001fa4 <__wrap_memset>
100027a4:	f7fe fdb2 	bl	1000130c <alarm_pool_get_default>
100027a8:	0004      	movs	r4, r0
100027aa:	f7fe ffc1 	bl	10001730 <time_us_64>
100027ae:	22fa      	movs	r2, #250	; 0xfa
100027b0:	2300      	movs	r3, #0
100027b2:	0092      	lsls	r2, r2, #2
100027b4:	1812      	adds	r2, r2, r0
100027b6:	414b      	adcs	r3, r1
100027b8:	2b00      	cmp	r3, #0
100027ba:	db20      	blt.n	100027fe <stdio_usb_init+0xba>
100027bc:	2101      	movs	r1, #1
100027be:	9102      	str	r1, [sp, #8]
100027c0:	2100      	movs	r1, #0
100027c2:	9101      	str	r1, [sp, #4]
100027c4:	4915      	ldr	r1, [pc, #84]	; (1000281c <stdio_usb_init+0xd8>)
100027c6:	0020      	movs	r0, r4
100027c8:	9100      	str	r1, [sp, #0]
100027ca:	f7fe fda3 	bl	10001314 <alarm_pool_add_alarm_at>
100027ce:	2800      	cmp	r0, #0
100027d0:	dbc3      	blt.n	1000275a <stdio_usb_init+0x16>
100027d2:	4813      	ldr	r0, [pc, #76]	; (10002820 <stdio_usb_init+0xdc>)
100027d4:	2101      	movs	r1, #1
100027d6:	f7ff fd0f 	bl	100021f8 <stdio_set_driver_enabled>
100027da:	2001      	movs	r0, #1
100027dc:	e7be      	b.n	1000275c <stdio_usb_init+0x18>
100027de:	2001      	movs	r0, #1
100027e0:	f7fe f858 	bl	10000894 <spin_lock_claim_unused>
100027e4:	0001      	movs	r1, r0
100027e6:	480c      	ldr	r0, [pc, #48]	; (10002818 <stdio_usb_init+0xd4>)
100027e8:	f7fe fb7c 	bl	10000ee4 <critical_section_init_with_lock_num>
100027ec:	2200      	movs	r2, #0
100027ee:	2005      	movs	r0, #5
100027f0:	490c      	ldr	r1, [pc, #48]	; (10002824 <stdio_usb_init+0xe0>)
100027f2:	f7fe f8e1 	bl	100009b8 <irq_add_shared_handler>
100027f6:	e7ec      	b.n	100027d2 <stdio_usb_init+0x8e>
100027f8:	f7fe fb56 	bl	10000ea8 <mutex_init>
100027fc:	e7ba      	b.n	10002774 <stdio_usb_init+0x30>
100027fe:	2201      	movs	r2, #1
10002800:	4b09      	ldr	r3, [pc, #36]	; (10002828 <stdio_usb_init+0xe4>)
10002802:	4252      	negs	r2, r2
10002804:	e7da      	b.n	100027bc <stdio_usb_init+0x78>
10002806:	46c0      	nop			; (mov r8, r8)
10002808:	1000505c 	.word	0x1000505c
1000280c:	20001fdc 	.word	0x20001fdc
10002810:	20001ffb 	.word	0x20001ffb
10002814:	1000267d 	.word	0x1000267d
10002818:	20001fac 	.word	0x20001fac
1000281c:	10002439 	.word	0x10002439
10002820:	200010b0 	.word	0x200010b0
10002824:	10002429 	.word	0x10002429
10002828:	7fffffff 	.word	0x7fffffff

1000282c <tud_descriptor_device_cb>:
1000282c:	4800      	ldr	r0, [pc, #0]	; (10002830 <tud_descriptor_device_cb+0x4>)
1000282e:	4770      	bx	lr
10002830:	10004ed0 	.word	0x10004ed0

10002834 <tud_descriptor_configuration_cb>:
10002834:	4800      	ldr	r0, [pc, #0]	; (10002838 <tud_descriptor_configuration_cb+0x4>)
10002836:	4770      	bx	lr
10002838:	10004e7c 	.word	0x10004e7c

1000283c <tud_descriptor_string_cb>:
1000283c:	b570      	push	{r4, r5, r6, lr}
1000283e:	0004      	movs	r4, r0
10002840:	4817      	ldr	r0, [pc, #92]	; (100028a0 <tud_descriptor_string_cb+0x64>)
10002842:	7803      	ldrb	r3, [r0, #0]
10002844:	2b00      	cmp	r3, #0
10002846:	d021      	beq.n	1000288c <tud_descriptor_string_cb+0x50>
10002848:	2c00      	cmp	r4, #0
1000284a:	d106      	bne.n	1000285a <tud_descriptor_string_cb+0x1e>
1000284c:	24c1      	movs	r4, #193	; 0xc1
1000284e:	4815      	ldr	r0, [pc, #84]	; (100028a4 <tud_descriptor_string_cb+0x68>)
10002850:	4b15      	ldr	r3, [pc, #84]	; (100028a8 <tud_descriptor_string_cb+0x6c>)
10002852:	00a4      	lsls	r4, r4, #2
10002854:	8043      	strh	r3, [r0, #2]
10002856:	8004      	strh	r4, [r0, #0]
10002858:	bd70      	pop	{r4, r5, r6, pc}
1000285a:	2c05      	cmp	r4, #5
1000285c:	d81d      	bhi.n	1000289a <tud_descriptor_string_cb+0x5e>
1000285e:	4b13      	ldr	r3, [pc, #76]	; (100028ac <tud_descriptor_string_cb+0x70>)
10002860:	4810      	ldr	r0, [pc, #64]	; (100028a4 <tud_descriptor_string_cb+0x68>)
10002862:	00a4      	lsls	r4, r4, #2
10002864:	58e5      	ldr	r5, [r4, r3]
10002866:	1c81      	adds	r1, r0, #2
10002868:	2300      	movs	r3, #0
1000286a:	e004      	b.n	10002876 <tud_descriptor_string_cb+0x3a>
1000286c:	3301      	adds	r3, #1
1000286e:	800a      	strh	r2, [r1, #0]
10002870:	3102      	adds	r1, #2
10002872:	2b13      	cmp	r3, #19
10002874:	d00e      	beq.n	10002894 <tud_descriptor_string_cb+0x58>
10002876:	5cea      	ldrb	r2, [r5, r3]
10002878:	b2dc      	uxtb	r4, r3
1000287a:	2a00      	cmp	r2, #0
1000287c:	d1f6      	bne.n	1000286c <tud_descriptor_string_cb+0x30>
1000287e:	23c0      	movs	r3, #192	; 0xc0
10002880:	3401      	adds	r4, #1
10002882:	b2e4      	uxtb	r4, r4
10002884:	0064      	lsls	r4, r4, #1
10002886:	009b      	lsls	r3, r3, #2
10002888:	431c      	orrs	r4, r3
1000288a:	e7e4      	b.n	10002856 <tud_descriptor_string_cb+0x1a>
1000288c:	2111      	movs	r1, #17
1000288e:	f000 f817 	bl	100028c0 <pico_get_unique_board_id_string>
10002892:	e7d9      	b.n	10002848 <tud_descriptor_string_cb+0xc>
10002894:	24ca      	movs	r4, #202	; 0xca
10002896:	00a4      	lsls	r4, r4, #2
10002898:	e7dd      	b.n	10002856 <tud_descriptor_string_cb+0x1a>
1000289a:	2000      	movs	r0, #0
1000289c:	e7dc      	b.n	10002858 <tud_descriptor_string_cb+0x1c>
1000289e:	46c0      	nop			; (mov r8, r8)
100028a0:	20001fe4 	.word	0x20001fe4
100028a4:	20001b6c 	.word	0x20001b6c
100028a8:	00000409 	.word	0x00000409
100028ac:	10004ee4 	.word	0x10004ee4

100028b0 <_retrieve_unique_id_on_boot>:
100028b0:	b510      	push	{r4, lr}
100028b2:	4802      	ldr	r0, [pc, #8]	; (100028bc <_retrieve_unique_id_on_boot+0xc>)
100028b4:	f000 f8d8 	bl	10002a68 <flash_get_unique_id>
100028b8:	bd10      	pop	{r4, pc}
100028ba:	46c0      	nop			; (mov r8, r8)
100028bc:	20001fcc 	.word	0x20001fcc

100028c0 <pico_get_unique_board_id_string>:
100028c0:	b530      	push	{r4, r5, lr}
100028c2:	1e4b      	subs	r3, r1, #1
100028c4:	2901      	cmp	r1, #1
100028c6:	d100      	bne.n	100028ca <pico_get_unique_board_id_string+0xa>
100028c8:	e0a7      	b.n	10002a1a <pico_get_unique_board_id_string+0x15a>
100028ca:	4a66      	ldr	r2, [pc, #408]	; (10002a64 <pico_get_unique_board_id_string+0x1a4>)
100028cc:	7811      	ldrb	r1, [r2, #0]
100028ce:	110d      	asrs	r5, r1, #4
100028d0:	002c      	movs	r4, r5
100028d2:	3430      	adds	r4, #48	; 0x30
100028d4:	299f      	cmp	r1, #159	; 0x9f
100028d6:	d900      	bls.n	100028da <pico_get_unique_board_id_string+0x1a>
100028d8:	e0a2      	b.n	10002a20 <pico_get_unique_board_id_string+0x160>
100028da:	7004      	strb	r4, [r0, #0]
100028dc:	2b01      	cmp	r3, #1
100028de:	d100      	bne.n	100028e2 <pico_get_unique_board_id_string+0x22>
100028e0:	e0be      	b.n	10002a60 <pico_get_unique_board_id_string+0x1a0>
100028e2:	210f      	movs	r1, #15
100028e4:	7814      	ldrb	r4, [r2, #0]
100028e6:	4021      	ands	r1, r4
100028e8:	000c      	movs	r4, r1
100028ea:	3430      	adds	r4, #48	; 0x30
100028ec:	2909      	cmp	r1, #9
100028ee:	dd00      	ble.n	100028f2 <pico_get_unique_board_id_string+0x32>
100028f0:	e098      	b.n	10002a24 <pico_get_unique_board_id_string+0x164>
100028f2:	7044      	strb	r4, [r0, #1]
100028f4:	2b02      	cmp	r3, #2
100028f6:	d100      	bne.n	100028fa <pico_get_unique_board_id_string+0x3a>
100028f8:	e0b2      	b.n	10002a60 <pico_get_unique_board_id_string+0x1a0>
100028fa:	7854      	ldrb	r4, [r2, #1]
100028fc:	1125      	asrs	r5, r4, #4
100028fe:	0029      	movs	r1, r5
10002900:	3130      	adds	r1, #48	; 0x30
10002902:	2c9f      	cmp	r4, #159	; 0x9f
10002904:	d900      	bls.n	10002908 <pico_get_unique_board_id_string+0x48>
10002906:	e090      	b.n	10002a2a <pico_get_unique_board_id_string+0x16a>
10002908:	7081      	strb	r1, [r0, #2]
1000290a:	2b03      	cmp	r3, #3
1000290c:	d100      	bne.n	10002910 <pico_get_unique_board_id_string+0x50>
1000290e:	e0a7      	b.n	10002a60 <pico_get_unique_board_id_string+0x1a0>
10002910:	210f      	movs	r1, #15
10002912:	4021      	ands	r1, r4
10002914:	000c      	movs	r4, r1
10002916:	3430      	adds	r4, #48	; 0x30
10002918:	2909      	cmp	r1, #9
1000291a:	dd00      	ble.n	1000291e <pico_get_unique_board_id_string+0x5e>
1000291c:	e087      	b.n	10002a2e <pico_get_unique_board_id_string+0x16e>
1000291e:	70c4      	strb	r4, [r0, #3]
10002920:	2b04      	cmp	r3, #4
10002922:	d100      	bne.n	10002926 <pico_get_unique_board_id_string+0x66>
10002924:	e09c      	b.n	10002a60 <pico_get_unique_board_id_string+0x1a0>
10002926:	7894      	ldrb	r4, [r2, #2]
10002928:	1125      	asrs	r5, r4, #4
1000292a:	0029      	movs	r1, r5
1000292c:	3130      	adds	r1, #48	; 0x30
1000292e:	2c9f      	cmp	r4, #159	; 0x9f
10002930:	d900      	bls.n	10002934 <pico_get_unique_board_id_string+0x74>
10002932:	e07f      	b.n	10002a34 <pico_get_unique_board_id_string+0x174>
10002934:	7101      	strb	r1, [r0, #4]
10002936:	2b05      	cmp	r3, #5
10002938:	d100      	bne.n	1000293c <pico_get_unique_board_id_string+0x7c>
1000293a:	e091      	b.n	10002a60 <pico_get_unique_board_id_string+0x1a0>
1000293c:	210f      	movs	r1, #15
1000293e:	4021      	ands	r1, r4
10002940:	000c      	movs	r4, r1
10002942:	3430      	adds	r4, #48	; 0x30
10002944:	2909      	cmp	r1, #9
10002946:	dd00      	ble.n	1000294a <pico_get_unique_board_id_string+0x8a>
10002948:	e076      	b.n	10002a38 <pico_get_unique_board_id_string+0x178>
1000294a:	7144      	strb	r4, [r0, #5]
1000294c:	2b06      	cmp	r3, #6
1000294e:	d100      	bne.n	10002952 <pico_get_unique_board_id_string+0x92>
10002950:	e086      	b.n	10002a60 <pico_get_unique_board_id_string+0x1a0>
10002952:	78d4      	ldrb	r4, [r2, #3]
10002954:	1125      	asrs	r5, r4, #4
10002956:	0029      	movs	r1, r5
10002958:	3130      	adds	r1, #48	; 0x30
1000295a:	2c9f      	cmp	r4, #159	; 0x9f
1000295c:	d900      	bls.n	10002960 <pico_get_unique_board_id_string+0xa0>
1000295e:	e06e      	b.n	10002a3e <pico_get_unique_board_id_string+0x17e>
10002960:	7181      	strb	r1, [r0, #6]
10002962:	2b07      	cmp	r3, #7
10002964:	d100      	bne.n	10002968 <pico_get_unique_board_id_string+0xa8>
10002966:	e07b      	b.n	10002a60 <pico_get_unique_board_id_string+0x1a0>
10002968:	210f      	movs	r1, #15
1000296a:	4021      	ands	r1, r4
1000296c:	000c      	movs	r4, r1
1000296e:	3430      	adds	r4, #48	; 0x30
10002970:	2909      	cmp	r1, #9
10002972:	dc66      	bgt.n	10002a42 <pico_get_unique_board_id_string+0x182>
10002974:	71c4      	strb	r4, [r0, #7]
10002976:	2b08      	cmp	r3, #8
10002978:	d100      	bne.n	1000297c <pico_get_unique_board_id_string+0xbc>
1000297a:	e071      	b.n	10002a60 <pico_get_unique_board_id_string+0x1a0>
1000297c:	7914      	ldrb	r4, [r2, #4]
1000297e:	1125      	asrs	r5, r4, #4
10002980:	0029      	movs	r1, r5
10002982:	3130      	adds	r1, #48	; 0x30
10002984:	2c9f      	cmp	r4, #159	; 0x9f
10002986:	d85f      	bhi.n	10002a48 <pico_get_unique_board_id_string+0x188>
10002988:	7201      	strb	r1, [r0, #8]
1000298a:	2b09      	cmp	r3, #9
1000298c:	d068      	beq.n	10002a60 <pico_get_unique_board_id_string+0x1a0>
1000298e:	210f      	movs	r1, #15
10002990:	4021      	ands	r1, r4
10002992:	000c      	movs	r4, r1
10002994:	3430      	adds	r4, #48	; 0x30
10002996:	2909      	cmp	r1, #9
10002998:	dc58      	bgt.n	10002a4c <pico_get_unique_board_id_string+0x18c>
1000299a:	7244      	strb	r4, [r0, #9]
1000299c:	2b0a      	cmp	r3, #10
1000299e:	d05f      	beq.n	10002a60 <pico_get_unique_board_id_string+0x1a0>
100029a0:	7954      	ldrb	r4, [r2, #5]
100029a2:	1125      	asrs	r5, r4, #4
100029a4:	0029      	movs	r1, r5
100029a6:	3130      	adds	r1, #48	; 0x30
100029a8:	2c9f      	cmp	r4, #159	; 0x9f
100029aa:	d852      	bhi.n	10002a52 <pico_get_unique_board_id_string+0x192>
100029ac:	7281      	strb	r1, [r0, #10]
100029ae:	2b0b      	cmp	r3, #11
100029b0:	d056      	beq.n	10002a60 <pico_get_unique_board_id_string+0x1a0>
100029b2:	210f      	movs	r1, #15
100029b4:	4021      	ands	r1, r4
100029b6:	000c      	movs	r4, r1
100029b8:	3430      	adds	r4, #48	; 0x30
100029ba:	2909      	cmp	r1, #9
100029bc:	dc4b      	bgt.n	10002a56 <pico_get_unique_board_id_string+0x196>
100029be:	72c4      	strb	r4, [r0, #11]
100029c0:	2b0c      	cmp	r3, #12
100029c2:	d04d      	beq.n	10002a60 <pico_get_unique_board_id_string+0x1a0>
100029c4:	7994      	ldrb	r4, [r2, #6]
100029c6:	1125      	asrs	r5, r4, #4
100029c8:	0029      	movs	r1, r5
100029ca:	3130      	adds	r1, #48	; 0x30
100029cc:	2c9f      	cmp	r4, #159	; 0x9f
100029ce:	d900      	bls.n	100029d2 <pico_get_unique_board_id_string+0x112>
100029d0:	3107      	adds	r1, #7
100029d2:	7301      	strb	r1, [r0, #12]
100029d4:	2b0d      	cmp	r3, #13
100029d6:	d043      	beq.n	10002a60 <pico_get_unique_board_id_string+0x1a0>
100029d8:	210f      	movs	r1, #15
100029da:	4021      	ands	r1, r4
100029dc:	000c      	movs	r4, r1
100029de:	3430      	adds	r4, #48	; 0x30
100029e0:	2909      	cmp	r1, #9
100029e2:	dd01      	ble.n	100029e8 <pico_get_unique_board_id_string+0x128>
100029e4:	3137      	adds	r1, #55	; 0x37
100029e6:	000c      	movs	r4, r1
100029e8:	7344      	strb	r4, [r0, #13]
100029ea:	2b0e      	cmp	r3, #14
100029ec:	d038      	beq.n	10002a60 <pico_get_unique_board_id_string+0x1a0>
100029ee:	79d1      	ldrb	r1, [r2, #7]
100029f0:	110c      	asrs	r4, r1, #4
100029f2:	0022      	movs	r2, r4
100029f4:	3230      	adds	r2, #48	; 0x30
100029f6:	299f      	cmp	r1, #159	; 0x9f
100029f8:	d900      	bls.n	100029fc <pico_get_unique_board_id_string+0x13c>
100029fa:	3207      	adds	r2, #7
100029fc:	7382      	strb	r2, [r0, #14]
100029fe:	2b0f      	cmp	r3, #15
10002a00:	d02e      	beq.n	10002a60 <pico_get_unique_board_id_string+0x1a0>
10002a02:	220f      	movs	r2, #15
10002a04:	400a      	ands	r2, r1
10002a06:	0011      	movs	r1, r2
10002a08:	3137      	adds	r1, #55	; 0x37
10002a0a:	2a09      	cmp	r2, #9
10002a0c:	dc01      	bgt.n	10002a12 <pico_get_unique_board_id_string+0x152>
10002a0e:	3230      	adds	r2, #48	; 0x30
10002a10:	0011      	movs	r1, r2
10002a12:	73c1      	strb	r1, [r0, #15]
10002a14:	2b10      	cmp	r3, #16
10002a16:	d023      	beq.n	10002a60 <pico_get_unique_board_id_string+0x1a0>
10002a18:	3010      	adds	r0, #16
10002a1a:	2300      	movs	r3, #0
10002a1c:	7003      	strb	r3, [r0, #0]
10002a1e:	bd30      	pop	{r4, r5, pc}
10002a20:	3407      	adds	r4, #7
10002a22:	e75a      	b.n	100028da <pico_get_unique_board_id_string+0x1a>
10002a24:	3137      	adds	r1, #55	; 0x37
10002a26:	000c      	movs	r4, r1
10002a28:	e763      	b.n	100028f2 <pico_get_unique_board_id_string+0x32>
10002a2a:	3107      	adds	r1, #7
10002a2c:	e76c      	b.n	10002908 <pico_get_unique_board_id_string+0x48>
10002a2e:	3137      	adds	r1, #55	; 0x37
10002a30:	000c      	movs	r4, r1
10002a32:	e774      	b.n	1000291e <pico_get_unique_board_id_string+0x5e>
10002a34:	3107      	adds	r1, #7
10002a36:	e77d      	b.n	10002934 <pico_get_unique_board_id_string+0x74>
10002a38:	3137      	adds	r1, #55	; 0x37
10002a3a:	000c      	movs	r4, r1
10002a3c:	e785      	b.n	1000294a <pico_get_unique_board_id_string+0x8a>
10002a3e:	3107      	adds	r1, #7
10002a40:	e78e      	b.n	10002960 <pico_get_unique_board_id_string+0xa0>
10002a42:	3137      	adds	r1, #55	; 0x37
10002a44:	000c      	movs	r4, r1
10002a46:	e795      	b.n	10002974 <pico_get_unique_board_id_string+0xb4>
10002a48:	3107      	adds	r1, #7
10002a4a:	e79d      	b.n	10002988 <pico_get_unique_board_id_string+0xc8>
10002a4c:	3137      	adds	r1, #55	; 0x37
10002a4e:	000c      	movs	r4, r1
10002a50:	e7a3      	b.n	1000299a <pico_get_unique_board_id_string+0xda>
10002a52:	3107      	adds	r1, #7
10002a54:	e7aa      	b.n	100029ac <pico_get_unique_board_id_string+0xec>
10002a56:	3137      	adds	r1, #55	; 0x37
10002a58:	000c      	movs	r4, r1
10002a5a:	72c4      	strb	r4, [r0, #11]
10002a5c:	2b0c      	cmp	r3, #12
10002a5e:	d1b1      	bne.n	100029c4 <pico_get_unique_board_id_string+0x104>
10002a60:	18c0      	adds	r0, r0, r3
10002a62:	e7da      	b.n	10002a1a <pico_get_unique_board_id_string+0x15a>
10002a64:	20001fcc 	.word	0x20001fcc

10002a68 <flash_get_unique_id>:
10002a68:	b530      	push	{r4, r5, lr}
10002a6a:	2500      	movs	r5, #0
10002a6c:	b089      	sub	sp, #36	; 0x24
10002a6e:	0004      	movs	r4, r0
10002a70:	2209      	movs	r2, #9
10002a72:	2100      	movs	r1, #0
10002a74:	a801      	add	r0, sp, #4
10002a76:	9500      	str	r5, [sp, #0]
10002a78:	f7ff fa94 	bl	10001fa4 <__wrap_memset>
10002a7c:	2209      	movs	r2, #9
10002a7e:	2100      	movs	r1, #0
10002a80:	a805      	add	r0, sp, #20
10002a82:	9504      	str	r5, [sp, #16]
10002a84:	f7ff fa8e 	bl	10001fa4 <__wrap_memset>
10002a88:	234b      	movs	r3, #75	; 0x4b
10002a8a:	466a      	mov	r2, sp
10002a8c:	4668      	mov	r0, sp
10002a8e:	7013      	strb	r3, [r2, #0]
10002a90:	a904      	add	r1, sp, #16
10002a92:	220d      	movs	r2, #13
10002a94:	f002 f848 	bl	10004b28 <__flash_do_cmd_veneer>
10002a98:	2115      	movs	r1, #21
10002a9a:	2208      	movs	r2, #8
10002a9c:	0020      	movs	r0, r4
10002a9e:	4469      	add	r1, sp
10002aa0:	f7ff fa86 	bl	10001fb0 <__wrap___aeabi_memcpy>
10002aa4:	b009      	add	sp, #36	; 0x24
10002aa6:	bd30      	pop	{r4, r5, pc}

10002aa8 <dcd_init>:
10002aa8:	b5f8      	push	{r3, r4, r5, r6, r7, lr}
10002aaa:	f000 f945 	bl	10002d38 <rp2040_usb_init>
10002aae:	230c      	movs	r3, #12
10002ab0:	4d19      	ldr	r5, [pc, #100]	; (10002b18 <dcd_init+0x70>)
10002ab2:	22ff      	movs	r2, #255	; 0xff
10002ab4:	67ab      	str	r3, [r5, #120]	; 0x78
10002ab6:	2005      	movs	r0, #5
10002ab8:	4918      	ldr	r1, [pc, #96]	; (10002b1c <dcd_init+0x74>)
10002aba:	f7fd ff7d 	bl	100009b8 <irq_add_shared_handler>
10002abe:	4c18      	ldr	r4, [pc, #96]	; (10002b20 <dcd_init+0x78>)
10002ac0:	2240      	movs	r2, #64	; 0x40
10002ac2:	2100      	movs	r1, #0
10002ac4:	0020      	movs	r0, r4
10002ac6:	f7ff fa6d 	bl	10001fa4 <__wrap_memset>
10002aca:	2740      	movs	r7, #64	; 0x40
10002acc:	2300      	movs	r3, #0
10002ace:	2601      	movs	r6, #1
10002ad0:	2121      	movs	r1, #33	; 0x21
10002ad2:	4a14      	ldr	r2, [pc, #80]	; (10002b24 <dcd_init+0x7c>)
10002ad4:	7066      	strb	r6, [r4, #1]
10002ad6:	8327      	strh	r7, [r4, #24]
10002ad8:	60a2      	str	r2, [r4, #8]
10002ada:	6013      	str	r3, [r2, #0]
10002adc:	5463      	strb	r3, [r4, r1]
10002ade:	315f      	adds	r1, #95	; 0x5f
10002ae0:	8461      	strh	r1, [r4, #34]	; 0x22
10002ae2:	3945      	subs	r1, #69	; 0x45
10002ae4:	5463      	strb	r3, [r4, r1]
10002ae6:	4a10      	ldr	r2, [pc, #64]	; (10002b28 <dcd_init+0x80>)
10002ae8:	4910      	ldr	r1, [pc, #64]	; (10002b2c <dcd_init+0x84>)
10002aea:	6063      	str	r3, [r4, #4]
10002aec:	60e2      	str	r2, [r4, #12]
10002aee:	8727      	strh	r7, [r4, #56]	; 0x38
10002af0:	62a1      	str	r1, [r4, #40]	; 0x28
10002af2:	600b      	str	r3, [r1, #0]
10002af4:	6263      	str	r3, [r4, #36]	; 0x24
10002af6:	62e2      	str	r2, [r4, #44]	; 0x2c
10002af8:	f002 f826 	bl	10004b48 <__reset_non_control_endpoints_veneer>
10002afc:	2380      	movs	r3, #128	; 0x80
10002afe:	059b      	lsls	r3, r3, #22
10002b00:	642e      	str	r6, [r5, #64]	; 0x40
10002b02:	64eb      	str	r3, [r5, #76]	; 0x4c
10002b04:	2390      	movs	r3, #144	; 0x90
10002b06:	4a0a      	ldr	r2, [pc, #40]	; (10002b30 <dcd_init+0x88>)
10002b08:	2001      	movs	r0, #1
10002b0a:	50ea      	str	r2, [r5, r3]
10002b0c:	2280      	movs	r2, #128	; 0x80
10002b0e:	4b09      	ldr	r3, [pc, #36]	; (10002b34 <dcd_init+0x8c>)
10002b10:	0252      	lsls	r2, r2, #9
10002b12:	64da      	str	r2, [r3, #76]	; 0x4c
10002b14:	bdf8      	pop	{r3, r4, r5, r6, r7, pc}
10002b16:	46c0      	nop			; (mov r8, r8)
10002b18:	50110000 	.word	0x50110000
10002b1c:	20000549 	.word	0x20000549
10002b20:	20001ba0 	.word	0x20001ba0
10002b24:	50100084 	.word	0x50100084
10002b28:	50100100 	.word	0x50100100
10002b2c:	50100080 	.word	0x50100080
10002b30:	0001d010 	.word	0x0001d010
10002b34:	50112000 	.word	0x50112000

10002b38 <dcd_int_enable>:
10002b38:	b510      	push	{r4, lr}
10002b3a:	2101      	movs	r1, #1
10002b3c:	2005      	movs	r0, #5
10002b3e:	f7fd fed9 	bl	100008f4 <irq_set_enabled>
10002b42:	bd10      	pop	{r4, pc}

10002b44 <dcd_set_address>:
10002b44:	b510      	push	{r4, lr}
10002b46:	2200      	movs	r2, #0
10002b48:	2100      	movs	r1, #0
10002b4a:	4802      	ldr	r0, [pc, #8]	; (10002b54 <dcd_set_address+0x10>)
10002b4c:	f000 f914 	bl	10002d78 <hw_endpoint_xfer_start>
10002b50:	bd10      	pop	{r4, pc}
10002b52:	46c0      	nop			; (mov r8, r8)
10002b54:	20001bc0 	.word	0x20001bc0

10002b58 <dcd_sof_enable>:
10002b58:	4b04      	ldr	r3, [pc, #16]	; (10002b6c <dcd_sof_enable+0x14>)
10002b5a:	7019      	strb	r1, [r3, #0]
10002b5c:	2900      	cmp	r1, #0
10002b5e:	d004      	beq.n	10002b6a <dcd_sof_enable+0x12>
10002b60:	2180      	movs	r1, #128	; 0x80
10002b62:	2390      	movs	r3, #144	; 0x90
10002b64:	4a02      	ldr	r2, [pc, #8]	; (10002b70 <dcd_sof_enable+0x18>)
10002b66:	0289      	lsls	r1, r1, #10
10002b68:	50d1      	str	r1, [r2, r3]
10002b6a:	4770      	bx	lr
10002b6c:	20001ff6 	.word	0x20001ff6
10002b70:	50112000 	.word	0x50112000

10002b74 <dcd_edpt0_status_complete>:
10002b74:	780b      	ldrb	r3, [r1, #0]
10002b76:	065b      	lsls	r3, r3, #25
10002b78:	d102      	bne.n	10002b80 <dcd_edpt0_status_complete+0xc>
10002b7a:	784b      	ldrb	r3, [r1, #1]
10002b7c:	2b05      	cmp	r3, #5
10002b7e:	d000      	beq.n	10002b82 <dcd_edpt0_status_complete+0xe>
10002b80:	4770      	bx	lr
10002b82:	788a      	ldrb	r2, [r1, #2]
10002b84:	4b01      	ldr	r3, [pc, #4]	; (10002b8c <dcd_edpt0_status_complete+0x18>)
10002b86:	601a      	str	r2, [r3, #0]
10002b88:	e7fa      	b.n	10002b80 <dcd_edpt0_status_complete+0xc>
10002b8a:	46c0      	nop			; (mov r8, r8)
10002b8c:	50110000 	.word	0x50110000

10002b90 <dcd_edpt_open>:
10002b90:	b5f0      	push	{r4, r5, r6, r7, lr}
10002b92:	46c6      	mov	lr, r8
10002b94:	78c8      	ldrb	r0, [r1, #3]
10002b96:	b500      	push	{lr}
10002b98:	0780      	lsls	r0, r0, #30
10002b9a:	0f83      	lsrs	r3, r0, #30
10002b9c:	0018      	movs	r0, r3
10002b9e:	2b01      	cmp	r3, #1
10002ba0:	d061      	beq.n	10002c66 <dcd_edpt_open+0xd6>
10002ba2:	788f      	ldrb	r7, [r1, #2]
10002ba4:	790c      	ldrb	r4, [r1, #4]
10002ba6:	794b      	ldrb	r3, [r1, #5]
10002ba8:	217f      	movs	r1, #127	; 0x7f
10002baa:	021b      	lsls	r3, r3, #8
10002bac:	4039      	ands	r1, r7
10002bae:	4323      	orrs	r3, r4
10002bb0:	004e      	lsls	r6, r1, #1
10002bb2:	09fc      	lsrs	r4, r7, #7
10002bb4:	4d33      	ldr	r5, [pc, #204]	; (10002c84 <dcd_edpt_open+0xf4>)
10002bb6:	1932      	adds	r2, r6, r4
10002bb8:	0152      	lsls	r2, r2, #5
10002bba:	18aa      	adds	r2, r5, r2
10002bbc:	7097      	strb	r7, [r2, #2]
10002bbe:	2701      	movs	r7, #1
10002bc0:	4067      	eors	r7, r4
10002bc2:	7057      	strb	r7, [r2, #1]
10002bc4:	2700      	movs	r7, #0
10002bc6:	055b      	lsls	r3, r3, #21
10002bc8:	0d5b      	lsrs	r3, r3, #21
10002bca:	70d7      	strb	r7, [r2, #3]
10002bcc:	8313      	strh	r3, [r2, #24]
10002bce:	76d0      	strb	r0, [r2, #27]
10002bd0:	46b8      	mov	r8, r7
10002bd2:	00ca      	lsls	r2, r1, #3
10002bd4:	2c01      	cmp	r4, #1
10002bd6:	d032      	beq.n	10002c3e <dcd_edpt_open+0xae>
10002bd8:	4f2b      	ldr	r7, [pc, #172]	; (10002c88 <dcd_edpt_open+0xf8>)
10002bda:	46bc      	mov	ip, r7
10002bdc:	018f      	lsls	r7, r1, #6
10002bde:	4462      	add	r2, ip
10002be0:	46bc      	mov	ip, r7
10002be2:	44ac      	add	ip, r5
10002be4:	4667      	mov	r7, ip
10002be6:	60ba      	str	r2, [r7, #8]
10002be8:	4647      	mov	r7, r8
10002bea:	6017      	str	r7, [r2, #0]
10002bec:	2900      	cmp	r1, #0
10002bee:	d032      	beq.n	10002c56 <dcd_edpt_open+0xc6>
10002bf0:	4a26      	ldr	r2, [pc, #152]	; (10002c8c <dcd_edpt_open+0xfc>)
10002bf2:	00c9      	lsls	r1, r1, #3
10002bf4:	4690      	mov	r8, r2
10002bf6:	4662      	mov	r2, ip
10002bf8:	4441      	add	r1, r8
10002bfa:	6051      	str	r1, [r2, #4]
10002bfc:	223f      	movs	r2, #63	; 0x3f
10002bfe:	333f      	adds	r3, #63	; 0x3f
10002c00:	4393      	bics	r3, r2
10002c02:	2802      	cmp	r0, #2
10002c04:	d038      	beq.n	10002c78 <dcd_edpt_open+0xe8>
10002c06:	4922      	ldr	r1, [pc, #136]	; (10002c90 <dcd_edpt_open+0x100>)
10002c08:	1937      	adds	r7, r6, r4
10002c0a:	680a      	ldr	r2, [r1, #0]
10002c0c:	017f      	lsls	r7, r7, #5
10002c0e:	18d3      	adds	r3, r2, r3
10002c10:	600b      	str	r3, [r1, #0]
10002c12:	4920      	ldr	r1, [pc, #128]	; (10002c94 <dcd_edpt_open+0x104>)
10002c14:	19ef      	adds	r7, r5, r7
10002c16:	60fa      	str	r2, [r7, #12]
10002c18:	428b      	cmp	r3, r1
10002c1a:	d82f      	bhi.n	10002c7c <dcd_edpt_open+0xec>
10002c1c:	1934      	adds	r4, r6, r4
10002c1e:	0164      	lsls	r4, r4, #5
10002c20:	192d      	adds	r5, r5, r4
10002c22:	7eeb      	ldrb	r3, [r5, #27]
10002c24:	491c      	ldr	r1, [pc, #112]	; (10002c98 <dcd_edpt_open+0x108>)
10002c26:	069b      	lsls	r3, r3, #26
10002c28:	404a      	eors	r2, r1
10002c2a:	4313      	orrs	r3, r2
10002c2c:	2280      	movs	r2, #128	; 0x80
10002c2e:	2001      	movs	r0, #1
10002c30:	0612      	lsls	r2, r2, #24
10002c32:	4313      	orrs	r3, r2
10002c34:	686a      	ldr	r2, [r5, #4]
10002c36:	6013      	str	r3, [r2, #0]
10002c38:	bc80      	pop	{r7}
10002c3a:	46b8      	mov	r8, r7
10002c3c:	bdf0      	pop	{r4, r5, r6, r7, pc}
10002c3e:	4f17      	ldr	r7, [pc, #92]	; (10002c9c <dcd_edpt_open+0x10c>)
10002c40:	46bc      	mov	ip, r7
10002c42:	018f      	lsls	r7, r1, #6
10002c44:	4462      	add	r2, ip
10002c46:	46bc      	mov	ip, r7
10002c48:	44ac      	add	ip, r5
10002c4a:	4667      	mov	r7, ip
10002c4c:	62ba      	str	r2, [r7, #40]	; 0x28
10002c4e:	4647      	mov	r7, r8
10002c50:	6017      	str	r7, [r2, #0]
10002c52:	2900      	cmp	r1, #0
10002c54:	d109      	bne.n	10002c6a <dcd_edpt_open+0xda>
10002c56:	2300      	movs	r3, #0
10002c58:	0164      	lsls	r4, r4, #5
10002c5a:	192d      	adds	r5, r5, r4
10002c5c:	606b      	str	r3, [r5, #4]
10002c5e:	4b10      	ldr	r3, [pc, #64]	; (10002ca0 <dcd_edpt_open+0x110>)
10002c60:	2001      	movs	r0, #1
10002c62:	60eb      	str	r3, [r5, #12]
10002c64:	e7e8      	b.n	10002c38 <dcd_edpt_open+0xa8>
10002c66:	2000      	movs	r0, #0
10002c68:	e7e6      	b.n	10002c38 <dcd_edpt_open+0xa8>
10002c6a:	4a0b      	ldr	r2, [pc, #44]	; (10002c98 <dcd_edpt_open+0x108>)
10002c6c:	00c9      	lsls	r1, r1, #3
10002c6e:	4690      	mov	r8, r2
10002c70:	4662      	mov	r2, ip
10002c72:	4441      	add	r1, r8
10002c74:	6251      	str	r1, [r2, #36]	; 0x24
10002c76:	e7c1      	b.n	10002bfc <dcd_edpt_open+0x6c>
10002c78:	005b      	lsls	r3, r3, #1
10002c7a:	e7c4      	b.n	10002c06 <dcd_edpt_open+0x76>
10002c7c:	f7fe ff66 	bl	10001b4c <hard_assertion_failure>
10002c80:	68fa      	ldr	r2, [r7, #12]
10002c82:	e7cb      	b.n	10002c1c <dcd_edpt_open+0x8c>
10002c84:	20001ba0 	.word	0x20001ba0
10002c88:	50100084 	.word	0x50100084
10002c8c:	50100004 	.word	0x50100004
10002c90:	20001fa8 	.word	0x20001fa8
10002c94:	50100fff 	.word	0x50100fff
10002c98:	50100000 	.word	0x50100000
10002c9c:	50100080 	.word	0x50100080
10002ca0:	50100100 	.word	0x50100100

10002ca4 <dcd_edpt_close_all>:
10002ca4:	b510      	push	{r4, lr}
10002ca6:	f001 ff4f 	bl	10004b48 <__reset_non_control_endpoints_veneer>
10002caa:	bd10      	pop	{r4, pc}

10002cac <dcd_edpt_xfer>:
10002cac:	b510      	push	{r4, lr}
10002cae:	207f      	movs	r0, #127	; 0x7f
10002cb0:	000c      	movs	r4, r1
10002cb2:	4020      	ands	r0, r4
10002cb4:	0040      	lsls	r0, r0, #1
10002cb6:	09e4      	lsrs	r4, r4, #7
10002cb8:	0011      	movs	r1, r2
10002cba:	1900      	adds	r0, r0, r4
10002cbc:	001a      	movs	r2, r3
10002cbe:	4b03      	ldr	r3, [pc, #12]	; (10002ccc <dcd_edpt_xfer+0x20>)
10002cc0:	0140      	lsls	r0, r0, #5
10002cc2:	18c0      	adds	r0, r0, r3
10002cc4:	f000 f858 	bl	10002d78 <hw_endpoint_xfer_start>
10002cc8:	2001      	movs	r0, #1
10002cca:	bd10      	pop	{r4, pc}
10002ccc:	20001ba0 	.word	0x20001ba0

10002cd0 <dcd_edpt_stall>:
10002cd0:	227f      	movs	r2, #127	; 0x7f
10002cd2:	0013      	movs	r3, r2
10002cd4:	b510      	push	{r4, lr}
10002cd6:	400b      	ands	r3, r1
10002cd8:	420a      	tst	r2, r1
10002cda:	d00b      	beq.n	10002cf4 <dcd_edpt_stall+0x24>
10002cdc:	09c9      	lsrs	r1, r1, #7
10002cde:	2280      	movs	r2, #128	; 0x80
10002ce0:	0058      	lsls	r0, r3, #1
10002ce2:	1840      	adds	r0, r0, r1
10002ce4:	4906      	ldr	r1, [pc, #24]	; (10002d00 <dcd_edpt_stall+0x30>)
10002ce6:	0140      	lsls	r0, r0, #5
10002ce8:	1840      	adds	r0, r0, r1
10002cea:	0112      	lsls	r2, r2, #4
10002cec:	2100      	movs	r1, #0
10002cee:	f001 ff73 	bl	10004bd8 <___hw_endpoint_buffer_control_update32_veneer>
10002cf2:	bd10      	pop	{r4, pc}
10002cf4:	2202      	movs	r2, #2
10002cf6:	4803      	ldr	r0, [pc, #12]	; (10002d04 <dcd_edpt_stall+0x34>)
10002cf8:	09c9      	lsrs	r1, r1, #7
10002cfa:	1a52      	subs	r2, r2, r1
10002cfc:	6682      	str	r2, [r0, #104]	; 0x68
10002cfe:	e7ee      	b.n	10002cde <dcd_edpt_stall+0xe>
10002d00:	20001ba0 	.word	0x20001ba0
10002d04:	50112000 	.word	0x50112000

10002d08 <dcd_edpt_clear_stall>:
10002d08:	227f      	movs	r2, #127	; 0x7f
10002d0a:	0010      	movs	r0, r2
10002d0c:	b510      	push	{r4, lr}
10002d0e:	4008      	ands	r0, r1
10002d10:	420a      	tst	r2, r1
10002d12:	d100      	bne.n	10002d16 <dcd_edpt_clear_stall+0xe>
10002d14:	bd10      	pop	{r4, pc}
10002d16:	2300      	movs	r3, #0
10002d18:	09c9      	lsrs	r1, r1, #7
10002d1a:	0040      	lsls	r0, r0, #1
10002d1c:	1840      	adds	r0, r0, r1
10002d1e:	4904      	ldr	r1, [pc, #16]	; (10002d30 <dcd_edpt_clear_stall+0x28>)
10002d20:	0140      	lsls	r0, r0, #5
10002d22:	1808      	adds	r0, r1, r0
10002d24:	2200      	movs	r2, #0
10002d26:	4903      	ldr	r1, [pc, #12]	; (10002d34 <dcd_edpt_clear_stall+0x2c>)
10002d28:	70c3      	strb	r3, [r0, #3]
10002d2a:	f001 ff55 	bl	10004bd8 <___hw_endpoint_buffer_control_update32_veneer>
10002d2e:	e7f1      	b.n	10002d14 <dcd_edpt_clear_stall+0xc>
10002d30:	20001ba0 	.word	0x20001ba0
10002d34:	fffff7ff 	.word	0xfffff7ff

10002d38 <rp2040_usb_init>:
10002d38:	2280      	movs	r2, #128	; 0x80
10002d3a:	4b0a      	ldr	r3, [pc, #40]	; (10002d64 <rp2040_usb_init+0x2c>)
10002d3c:	0452      	lsls	r2, r2, #17
10002d3e:	b510      	push	{r4, lr}
10002d40:	601a      	str	r2, [r3, #0]
10002d42:	4b09      	ldr	r3, [pc, #36]	; (10002d68 <rp2040_usb_init+0x30>)
10002d44:	4909      	ldr	r1, [pc, #36]	; (10002d6c <rp2040_usb_init+0x34>)
10002d46:	601a      	str	r2, [r3, #0]
10002d48:	0010      	movs	r0, r2
10002d4a:	680b      	ldr	r3, [r1, #0]
10002d4c:	4398      	bics	r0, r3
10002d4e:	d1fb      	bne.n	10002d48 <rp2040_usb_init+0x10>
10002d50:	2280      	movs	r2, #128	; 0x80
10002d52:	2100      	movs	r1, #0
10002d54:	0152      	lsls	r2, r2, #5
10002d56:	4806      	ldr	r0, [pc, #24]	; (10002d70 <rp2040_usb_init+0x38>)
10002d58:	f7ff f924 	bl	10001fa4 <__wrap_memset>
10002d5c:	2209      	movs	r2, #9
10002d5e:	4b05      	ldr	r3, [pc, #20]	; (10002d74 <rp2040_usb_init+0x3c>)
10002d60:	675a      	str	r2, [r3, #116]	; 0x74
10002d62:	bd10      	pop	{r4, pc}
10002d64:	4000e000 	.word	0x4000e000
10002d68:	4000f000 	.word	0x4000f000
10002d6c:	4000c008 	.word	0x4000c008
10002d70:	50100000 	.word	0x50100000
10002d74:	50110000 	.word	0x50110000

10002d78 <hw_endpoint_xfer_start>:
10002d78:	b570      	push	{r4, r5, r6, lr}
10002d7a:	7e83      	ldrb	r3, [r0, #26]
10002d7c:	0004      	movs	r4, r0
10002d7e:	000d      	movs	r5, r1
10002d80:	0016      	movs	r6, r2
10002d82:	2b00      	cmp	r3, #0
10002d84:	d117      	bne.n	10002db6 <hw_endpoint_xfer_start+0x3e>
10002d86:	2300      	movs	r3, #0
10002d88:	82e3      	strh	r3, [r4, #22]
10002d8a:	3301      	adds	r3, #1
10002d8c:	0020      	movs	r0, r4
10002d8e:	82a6      	strh	r6, [r4, #20]
10002d90:	76a3      	strb	r3, [r4, #26]
10002d92:	6125      	str	r5, [r4, #16]
10002d94:	f001 fee0 	bl	10004b58 <__e15_is_bulkin_ep_veneer>
10002d98:	2800      	cmp	r0, #0
10002d9a:	d004      	beq.n	10002da6 <hw_endpoint_xfer_start+0x2e>
10002d9c:	2180      	movs	r1, #128	; 0x80
10002d9e:	2390      	movs	r3, #144	; 0x90
10002da0:	4a08      	ldr	r2, [pc, #32]	; (10002dc4 <hw_endpoint_xfer_start+0x4c>)
10002da2:	0289      	lsls	r1, r1, #10
10002da4:	50d1      	str	r1, [r2, r3]
10002da6:	0020      	movs	r0, r4
10002da8:	f001 fef6 	bl	10004b98 <__e15_is_critical_frame_period_veneer>
10002dac:	2800      	cmp	r0, #0
10002dae:	d005      	beq.n	10002dbc <hw_endpoint_xfer_start+0x44>
10002db0:	2301      	movs	r3, #1
10002db2:	7723      	strb	r3, [r4, #28]
10002db4:	bd70      	pop	{r4, r5, r6, pc}
10002db6:	f001 ff07 	bl	10004bc8 <__hw_endpoint_reset_transfer_veneer>
10002dba:	e7e4      	b.n	10002d86 <hw_endpoint_xfer_start+0xe>
10002dbc:	0020      	movs	r0, r4
10002dbe:	f001 fefb 	bl	10004bb8 <__hw_endpoint_start_next_buffer_veneer>
10002dc2:	e7f7      	b.n	10002db4 <hw_endpoint_xfer_start+0x3c>
10002dc4:	50112000 	.word	0x50112000

10002dc8 <tud_event_hook_cb>:
10002dc8:	4770      	bx	lr
10002dca:	46c0      	nop			; (mov r8, r8)

10002dcc <tud_sof_cb>:
10002dcc:	4770      	bx	lr
10002dce:	46c0      	nop			; (mov r8, r8)

10002dd0 <tud_descriptor_device_qualifier_cb>:
10002dd0:	2000      	movs	r0, #0
10002dd2:	4770      	bx	lr

10002dd4 <tud_descriptor_other_speed_configuration_cb>:
10002dd4:	2000      	movs	r0, #0
10002dd6:	4770      	bx	lr

10002dd8 <tud_mount_cb>:
10002dd8:	4770      	bx	lr
10002dda:	46c0      	nop			; (mov r8, r8)

10002ddc <tud_umount_cb>:
10002ddc:	4770      	bx	lr
10002dde:	46c0      	nop			; (mov r8, r8)

10002de0 <tud_suspend_cb>:
10002de0:	4770      	bx	lr
10002de2:	46c0      	nop			; (mov r8, r8)

10002de4 <tud_resume_cb>:
10002de4:	4770      	bx	lr
10002de6:	46c0      	nop			; (mov r8, r8)

10002de8 <tud_mounted>:
10002de8:	4b02      	ldr	r3, [pc, #8]	; (10002df4 <tud_mounted+0xc>)
10002dea:	7858      	ldrb	r0, [r3, #1]
10002dec:	1e43      	subs	r3, r0, #1
10002dee:	4198      	sbcs	r0, r3
10002df0:	b2c0      	uxtb	r0, r0
10002df2:	4770      	bx	lr
10002df4:	20001644 	.word	0x20001644

10002df8 <tud_suspended>:
10002df8:	4b02      	ldr	r3, [pc, #8]	; (10002e04 <tud_suspended+0xc>)
10002dfa:	7818      	ldrb	r0, [r3, #0]
10002dfc:	0740      	lsls	r0, r0, #29
10002dfe:	0fc0      	lsrs	r0, r0, #31
10002e00:	4770      	bx	lr
10002e02:	46c0      	nop			; (mov r8, r8)
10002e04:	20001644 	.word	0x20001644

10002e08 <tud_rhport_init>:
10002e08:	b5f0      	push	{r4, r5, r6, r7, lr}
10002e0a:	4646      	mov	r6, r8
10002e0c:	464f      	mov	r7, r9
10002e0e:	46d6      	mov	lr, sl
10002e10:	b5c0      	push	{r6, r7, lr}
10002e12:	4b2f      	ldr	r3, [pc, #188]	; (10002ed0 <tud_rhport_init+0xc8>)
10002e14:	4681      	mov	r9, r0
10002e16:	4698      	mov	r8, r3
10002e18:	781b      	ldrb	r3, [r3, #0]
10002e1a:	000e      	movs	r6, r1
10002e1c:	2401      	movs	r4, #1
10002e1e:	2bff      	cmp	r3, #255	; 0xff
10002e20:	d143      	bne.n	10002eaa <tud_rhport_init+0xa2>
10002e22:	2900      	cmp	r1, #0
10002e24:	d040      	beq.n	10002ea8 <tud_rhport_init+0xa0>
10002e26:	2100      	movs	r1, #0
10002e28:	2254      	movs	r2, #84	; 0x54
10002e2a:	482a      	ldr	r0, [pc, #168]	; (10002ed4 <tud_rhport_init+0xcc>)
10002e2c:	f7ff f8ba 	bl	10001fa4 <__wrap_memset>
10002e30:	2200      	movs	r2, #0
10002e32:	4c29      	ldr	r4, [pc, #164]	; (10002ed8 <tud_rhport_init+0xd0>)
10002e34:	4b29      	ldr	r3, [pc, #164]	; (10002edc <tud_rhport_init+0xd4>)
10002e36:	0020      	movs	r0, r4
10002e38:	701a      	strb	r2, [r3, #0]
10002e3a:	f7fe f835 	bl	10000ea8 <mutex_init>
10002e3e:	4b28      	ldr	r3, [pc, #160]	; (10002ee0 <tud_rhport_init+0xd8>)
10002e40:	601c      	str	r4, [r3, #0]
10002e42:	4c28      	ldr	r4, [pc, #160]	; (10002ee4 <tud_rhport_init+0xdc>)
10002e44:	0020      	movs	r0, r4
10002e46:	3014      	adds	r0, #20
10002e48:	f7fe f83c 	bl	10000ec4 <critical_section_init>
10002e4c:	0020      	movs	r0, r4
10002e4e:	f001 fdf7 	bl	10004a40 <tu_fifo_clear>
10002e52:	4b25      	ldr	r3, [pc, #148]	; (10002ee8 <tud_rhport_init+0xe0>)
10002e54:	4d25      	ldr	r5, [pc, #148]	; (10002eec <tud_rhport_init+0xe4>)
10002e56:	601c      	str	r4, [r3, #0]
10002e58:	4b25      	ldr	r3, [pc, #148]	; (10002ef0 <tud_rhport_init+0xe8>)
10002e5a:	2b00      	cmp	r3, #0
10002e5c:	d004      	beq.n	10002e68 <tud_rhport_init+0x60>
10002e5e:	0028      	movs	r0, r5
10002e60:	f7ff fabc 	bl	100023dc <usbd_app_driver_get_cb>
10002e64:	4b23      	ldr	r3, [pc, #140]	; (10002ef4 <tud_rhport_init+0xec>)
10002e66:	6018      	str	r0, [r3, #0]
10002e68:	4923      	ldr	r1, [pc, #140]	; (10002ef8 <tud_rhport_init+0xf0>)
10002e6a:	2400      	movs	r4, #0
10002e6c:	2300      	movs	r3, #0
10002e6e:	468a      	mov	sl, r1
10002e70:	782a      	ldrb	r2, [r5, #0]
10002e72:	4f20      	ldr	r7, [pc, #128]	; (10002ef4 <tud_rhport_init+0xec>)
10002e74:	e010      	b.n	10002e98 <tud_rhport_init+0x90>
10002e76:	683a      	ldr	r2, [r7, #0]
10002e78:	0163      	lsls	r3, r4, #5
10002e7a:	4694      	mov	ip, r2
10002e7c:	4463      	add	r3, ip
10002e7e:	2b00      	cmp	r3, #0
10002e80:	d012      	beq.n	10002ea8 <tud_rhport_init+0xa0>
10002e82:	685b      	ldr	r3, [r3, #4]
10002e84:	2b00      	cmp	r3, #0
10002e86:	d00f      	beq.n	10002ea8 <tud_rhport_init+0xa0>
10002e88:	4798      	blx	r3
10002e8a:	782a      	ldrb	r2, [r5, #0]
10002e8c:	3401      	adds	r4, #1
10002e8e:	b2e4      	uxtb	r4, r4
10002e90:	1c51      	adds	r1, r2, #1
10002e92:	0023      	movs	r3, r4
10002e94:	42a1      	cmp	r1, r4
10002e96:	db0e      	blt.n	10002eb6 <tud_rhport_init+0xae>
10002e98:	42a2      	cmp	r2, r4
10002e9a:	d8ec      	bhi.n	10002e76 <tud_rhport_init+0x6e>
10002e9c:	1a9b      	subs	r3, r3, r2
10002e9e:	015b      	lsls	r3, r3, #5
10002ea0:	4453      	add	r3, sl
10002ea2:	685b      	ldr	r3, [r3, #4]
10002ea4:	2b00      	cmp	r3, #0
10002ea6:	d1ef      	bne.n	10002e88 <tud_rhport_init+0x80>
10002ea8:	2400      	movs	r4, #0
10002eaa:	0020      	movs	r0, r4
10002eac:	bce0      	pop	{r5, r6, r7}
10002eae:	46ba      	mov	sl, r7
10002eb0:	46b1      	mov	r9, r6
10002eb2:	46a8      	mov	r8, r5
10002eb4:	bdf0      	pop	{r4, r5, r6, r7, pc}
10002eb6:	4643      	mov	r3, r8
10002eb8:	464a      	mov	r2, r9
10002eba:	0031      	movs	r1, r6
10002ebc:	4648      	mov	r0, r9
10002ebe:	701a      	strb	r2, [r3, #0]
10002ec0:	f7ff fdf2 	bl	10002aa8 <dcd_init>
10002ec4:	1e04      	subs	r4, r0, #0
10002ec6:	d0ef      	beq.n	10002ea8 <tud_rhport_init+0xa0>
10002ec8:	4648      	mov	r0, r9
10002eca:	f7ff fe35 	bl	10002b38 <dcd_int_enable>
10002ece:	e7ec      	b.n	10002eaa <tud_rhport_init+0xa2>
10002ed0:	200010e4 	.word	0x200010e4
10002ed4:	20001644 	.word	0x20001644
10002ed8:	2000163c 	.word	0x2000163c
10002edc:	20001ff7 	.word	0x20001ff7
10002ee0:	20001698 	.word	0x20001698
10002ee4:	200010c8 	.word	0x200010c8
10002ee8:	2000169c 	.word	0x2000169c
10002eec:	20001ff5 	.word	0x20001ff5
10002ef0:	100023dd 	.word	0x100023dd
10002ef4:	20001494 	.word	0x20001494
10002ef8:	10005000 	.word	0x10005000

10002efc <tud_task_ext>:
10002efc:	b5f0      	push	{r4, r5, r6, r7, lr}
10002efe:	46de      	mov	lr, fp
10002f00:	4657      	mov	r7, sl
10002f02:	464e      	mov	r6, r9
10002f04:	4645      	mov	r5, r8
10002f06:	b5e0      	push	{r5, r6, r7, lr}
10002f08:	4bc4      	ldr	r3, [pc, #784]	; (1000321c <tud_task_ext+0x320>)
10002f0a:	b08b      	sub	sp, #44	; 0x2c
10002f0c:	781b      	ldrb	r3, [r3, #0]
10002f0e:	2bff      	cmp	r3, #255	; 0xff
10002f10:	d100      	bne.n	10002f14 <tud_task_ext+0x18>
10002f12:	e12e      	b.n	10003172 <tud_task_ext+0x276>
10002f14:	4bc2      	ldr	r3, [pc, #776]	; (10003220 <tud_task_ext+0x324>)
10002f16:	4dc3      	ldr	r5, [pc, #780]	; (10003224 <tud_task_ext+0x328>)
10002f18:	469a      	mov	sl, r3
10002f1a:	ac07      	add	r4, sp, #28
10002f1c:	682e      	ldr	r6, [r5, #0]
10002f1e:	6972      	ldr	r2, [r6, #20]
10002f20:	f3ef 8110 	mrs	r1, PRIMASK
10002f24:	b672      	cpsid	i
10002f26:	6813      	ldr	r3, [r2, #0]
10002f28:	2b00      	cmp	r3, #0
10002f2a:	d0fc      	beq.n	10002f26 <tud_task_ext+0x2a>
10002f2c:	f3bf 8f5f 	dmb	sy
10002f30:	61b1      	str	r1, [r6, #24]
10002f32:	0030      	movs	r0, r6
10002f34:	0021      	movs	r1, r4
10002f36:	f001 fbc5 	bl	100046c4 <tu_fifo_read>
10002f3a:	6972      	ldr	r2, [r6, #20]
10002f3c:	69b3      	ldr	r3, [r6, #24]
10002f3e:	f3bf 8f5f 	dmb	sy
10002f42:	2100      	movs	r1, #0
10002f44:	6011      	str	r1, [r2, #0]
10002f46:	f383 8810 	msr	PRIMASK, r3
10002f4a:	2800      	cmp	r0, #0
10002f4c:	d100      	bne.n	10002f50 <tud_task_ext+0x54>
10002f4e:	e110      	b.n	10003172 <tud_task_ext+0x276>
10002f50:	7863      	ldrb	r3, [r4, #1]
10002f52:	2b08      	cmp	r3, #8
10002f54:	d8e2      	bhi.n	10002f1c <tud_task_ext+0x20>
10002f56:	4652      	mov	r2, sl
10002f58:	009b      	lsls	r3, r3, #2
10002f5a:	58d3      	ldr	r3, [r2, r3]
10002f5c:	469f      	mov	pc, r3
10002f5e:	6863      	ldr	r3, [r4, #4]
10002f60:	2b00      	cmp	r3, #0
10002f62:	d0db      	beq.n	10002f1c <tud_task_ext+0x20>
10002f64:	68a0      	ldr	r0, [r4, #8]
10002f66:	4798      	blx	r3
10002f68:	e7d8      	b.n	10002f1c <tud_task_ext+0x20>
10002f6a:	237f      	movs	r3, #127	; 0x7f
10002f6c:	7921      	ldrb	r1, [r4, #4]
10002f6e:	4eae      	ldr	r6, [pc, #696]	; (10003228 <tud_task_ext+0x32c>)
10002f70:	400b      	ands	r3, r1
10002f72:	0058      	lsls	r0, r3, #1
10002f74:	09ca      	lsrs	r2, r1, #7
10002f76:	1836      	adds	r6, r6, r0
10002f78:	18b6      	adds	r6, r6, r2
10002f7a:	0032      	movs	r2, r6
10002f7c:	2701      	movs	r7, #1
10002f7e:	3230      	adds	r2, #48	; 0x30
10002f80:	7910      	ldrb	r0, [r2, #4]
10002f82:	43b8      	bics	r0, r7
10002f84:	7110      	strb	r0, [r2, #4]
10002f86:	7910      	ldrb	r0, [r2, #4]
10002f88:	3703      	adds	r7, #3
10002f8a:	43b8      	bics	r0, r7
10002f8c:	7110      	strb	r0, [r2, #4]
10002f8e:	2b00      	cmp	r3, #0
10002f90:	d100      	bne.n	10002f94 <tud_task_ext+0x98>
10002f92:	e0f7      	b.n	10003184 <tud_task_ext+0x288>
10002f94:	4aa5      	ldr	r2, [pc, #660]	; (1000322c <tud_task_ext+0x330>)
10002f96:	7d33      	ldrb	r3, [r6, #20]
10002f98:	7812      	ldrb	r2, [r2, #0]
10002f9a:	4293      	cmp	r3, r2
10002f9c:	d300      	bcc.n	10002fa0 <tud_task_ext+0xa4>
10002f9e:	e0e5      	b.n	1000316c <tud_task_ext+0x270>
10002fa0:	4aa3      	ldr	r2, [pc, #652]	; (10003230 <tud_task_ext+0x334>)
10002fa2:	015b      	lsls	r3, r3, #5
10002fa4:	6812      	ldr	r2, [r2, #0]
10002fa6:	18d3      	adds	r3, r2, r3
10002fa8:	2b00      	cmp	r3, #0
10002faa:	d100      	bne.n	10002fae <tud_task_ext+0xb2>
10002fac:	e0e1      	b.n	10003172 <tud_task_ext+0x276>
10002fae:	699e      	ldr	r6, [r3, #24]
10002fb0:	7962      	ldrb	r2, [r4, #5]
10002fb2:	7820      	ldrb	r0, [r4, #0]
10002fb4:	68a3      	ldr	r3, [r4, #8]
10002fb6:	47b0      	blx	r6
10002fb8:	e7b0      	b.n	10002f1c <tud_task_ext+0x20>
10002fba:	4a9e      	ldr	r2, [pc, #632]	; (10003234 <tud_task_ext+0x338>)
10002fbc:	7813      	ldrb	r3, [r2, #0]
10002fbe:	2b00      	cmp	r3, #0
10002fc0:	d100      	bne.n	10002fc4 <tud_task_ext+0xc8>
10002fc2:	e0d6      	b.n	10003172 <tud_task_ext+0x276>
10002fc4:	7813      	ldrb	r3, [r2, #0]
10002fc6:	3b01      	subs	r3, #1
10002fc8:	b2db      	uxtb	r3, r3
10002fca:	7013      	strb	r3, [r2, #0]
10002fcc:	7813      	ldrb	r3, [r2, #0]
10002fce:	2b00      	cmp	r3, #0
10002fd0:	d1a4      	bne.n	10002f1c <tud_task_ext+0x20>
10002fd2:	2201      	movs	r2, #1
10002fd4:	4b94      	ldr	r3, [pc, #592]	; (10003228 <tud_task_ext+0x32c>)
10002fd6:	2101      	movs	r1, #1
10002fd8:	781b      	ldrb	r3, [r3, #0]
10002fda:	4893      	ldr	r0, [pc, #588]	; (10003228 <tud_task_ext+0x32c>)
10002fdc:	4313      	orrs	r3, r2
10002fde:	4a92      	ldr	r2, [pc, #584]	; (10003228 <tud_task_ext+0x32c>)
10002fe0:	4e91      	ldr	r6, [pc, #580]	; (10003228 <tud_task_ext+0x32c>)
10002fe2:	7013      	strb	r3, [r2, #0]
10002fe4:	2334      	movs	r3, #52	; 0x34
10002fe6:	5cd2      	ldrb	r2, [r2, r3]
10002fe8:	438a      	bics	r2, r1
10002fea:	54c2      	strb	r2, [r0, r3]
10002fec:	5cc2      	ldrb	r2, [r0, r3]
10002fee:	2004      	movs	r0, #4
10002ff0:	4382      	bics	r2, r0
10002ff2:	54f2      	strb	r2, [r6, r3]
10002ff4:	3301      	adds	r3, #1
10002ff6:	5cf2      	ldrb	r2, [r6, r3]
10002ff8:	438a      	bics	r2, r1
10002ffa:	54f2      	strb	r2, [r6, r3]
10002ffc:	5cf2      	ldrb	r2, [r6, r3]
10002ffe:	4382      	bics	r2, r0
10003000:	54f2      	strb	r2, [r6, r3]
10003002:	7823      	ldrb	r3, [r4, #0]
10003004:	2000      	movs	r0, #0
10003006:	469b      	mov	fp, r3
10003008:	f000 fcae 	bl	10003968 <usbd_control_set_complete_callback>
1000300c:	2260      	movs	r2, #96	; 0x60
1000300e:	7923      	ldrb	r3, [r4, #4]
10003010:	401a      	ands	r2, r3
10003012:	2a60      	cmp	r2, #96	; 0x60
10003014:	d00d      	beq.n	10003032 <tud_task_ext+0x136>
10003016:	2a40      	cmp	r2, #64	; 0x40
10003018:	d100      	bne.n	1000301c <tud_task_ext+0x120>
1000301a:	e0be      	b.n	1000319a <tud_task_ext+0x29e>
1000301c:	06db      	lsls	r3, r3, #27
1000301e:	0edb      	lsrs	r3, r3, #27
10003020:	2b01      	cmp	r3, #1
10003022:	d100      	bne.n	10003026 <tud_task_ext+0x12a>
10003024:	e10e      	b.n	10003244 <tud_task_ext+0x348>
10003026:	2b02      	cmp	r3, #2
10003028:	d100      	bne.n	1000302c <tud_task_ext+0x130>
1000302a:	e0d0      	b.n	100031ce <tud_task_ext+0x2d2>
1000302c:	2b00      	cmp	r3, #0
1000302e:	d100      	bne.n	10003032 <tud_task_ext+0x136>
10003030:	e0bf      	b.n	100031b2 <tud_task_ext+0x2b6>
10003032:	7820      	ldrb	r0, [r4, #0]
10003034:	2100      	movs	r1, #0
10003036:	f7ff fe4b 	bl	10002cd0 <dcd_edpt_stall>
1000303a:	2180      	movs	r1, #128	; 0x80
1000303c:	7820      	ldrb	r0, [r4, #0]
1000303e:	f7ff fe47 	bl	10002cd0 <dcd_edpt_stall>
10003042:	e76b      	b.n	10002f1c <tud_task_ext+0x20>
10003044:	4e78      	ldr	r6, [pc, #480]	; (10003228 <tud_task_ext+0x32c>)
10003046:	7833      	ldrb	r3, [r6, #0]
10003048:	07db      	lsls	r3, r3, #31
1000304a:	d400      	bmi.n	1000304e <tud_task_ext+0x152>
1000304c:	e766      	b.n	10002f1c <tud_task_ext+0x20>
1000304e:	f7ff fec9 	bl	10002de4 <tud_resume_cb>
10003052:	e763      	b.n	10002f1c <tud_task_ext+0x20>
10003054:	4b74      	ldr	r3, [pc, #464]	; (10003228 <tud_task_ext+0x32c>)
10003056:	78db      	ldrb	r3, [r3, #3]
10003058:	07db      	lsls	r3, r3, #31
1000305a:	d400      	bmi.n	1000305e <tud_task_ext+0x162>
1000305c:	e75e      	b.n	10002f1c <tud_task_ext+0x20>
1000305e:	6860      	ldr	r0, [r4, #4]
10003060:	f7ff feb4 	bl	10002dcc <tud_sof_cb>
10003064:	e75a      	b.n	10002f1c <tud_task_ext+0x20>
10003066:	4e70      	ldr	r6, [pc, #448]	; (10003228 <tud_task_ext+0x32c>)
10003068:	7833      	ldrb	r3, [r6, #0]
1000306a:	07db      	lsls	r3, r3, #31
1000306c:	d400      	bmi.n	10003070 <tud_task_ext+0x174>
1000306e:	e755      	b.n	10002f1c <tud_task_ext+0x20>
10003070:	7830      	ldrb	r0, [r6, #0]
10003072:	0700      	lsls	r0, r0, #28
10003074:	0fc0      	lsrs	r0, r0, #31
10003076:	f7ff feb3 	bl	10002de0 <tud_suspend_cb>
1000307a:	e74f      	b.n	10002f1c <tud_task_ext+0x20>
1000307c:	496e      	ldr	r1, [pc, #440]	; (10003238 <tud_task_ext+0x33c>)
1000307e:	4e6b      	ldr	r6, [pc, #428]	; (1000322c <tud_task_ext+0x330>)
10003080:	7823      	ldrb	r3, [r4, #0]
10003082:	468b      	mov	fp, r1
10003084:	496a      	ldr	r1, [pc, #424]	; (10003230 <tud_task_ext+0x334>)
10003086:	4698      	mov	r8, r3
10003088:	4689      	mov	r9, r1
1000308a:	0031      	movs	r1, r6
1000308c:	7832      	ldrb	r2, [r6, #0]
1000308e:	2300      	movs	r3, #0
10003090:	4646      	mov	r6, r8
10003092:	2700      	movs	r7, #0
10003094:	4688      	mov	r8, r1
10003096:	e011      	b.n	100030bc <tud_task_ext+0x1c0>
10003098:	464a      	mov	r2, r9
1000309a:	6812      	ldr	r2, [r2, #0]
1000309c:	017b      	lsls	r3, r7, #5
1000309e:	4694      	mov	ip, r2
100030a0:	4463      	add	r3, ip
100030a2:	2b00      	cmp	r3, #0
100030a4:	d06c      	beq.n	10003180 <tud_task_ext+0x284>
100030a6:	68db      	ldr	r3, [r3, #12]
100030a8:	0030      	movs	r0, r6
100030aa:	4798      	blx	r3
100030ac:	4643      	mov	r3, r8
100030ae:	781a      	ldrb	r2, [r3, #0]
100030b0:	3701      	adds	r7, #1
100030b2:	b2ff      	uxtb	r7, r7
100030b4:	1c51      	adds	r1, r2, #1
100030b6:	003b      	movs	r3, r7
100030b8:	428f      	cmp	r7, r1
100030ba:	dc41      	bgt.n	10003140 <tud_task_ext+0x244>
100030bc:	4297      	cmp	r7, r2
100030be:	d3eb      	bcc.n	10003098 <tud_task_ext+0x19c>
100030c0:	1a9b      	subs	r3, r3, r2
100030c2:	015b      	lsls	r3, r3, #5
100030c4:	445b      	add	r3, fp
100030c6:	e7ee      	b.n	100030a6 <tud_task_ext+0x1aa>
100030c8:	495b      	ldr	r1, [pc, #364]	; (10003238 <tud_task_ext+0x33c>)
100030ca:	4e58      	ldr	r6, [pc, #352]	; (1000322c <tud_task_ext+0x330>)
100030cc:	7823      	ldrb	r3, [r4, #0]
100030ce:	468b      	mov	fp, r1
100030d0:	4957      	ldr	r1, [pc, #348]	; (10003230 <tud_task_ext+0x334>)
100030d2:	4698      	mov	r8, r3
100030d4:	4689      	mov	r9, r1
100030d6:	0031      	movs	r1, r6
100030d8:	7832      	ldrb	r2, [r6, #0]
100030da:	2300      	movs	r3, #0
100030dc:	4646      	mov	r6, r8
100030de:	2700      	movs	r7, #0
100030e0:	4688      	mov	r8, r1
100030e2:	e011      	b.n	10003108 <tud_task_ext+0x20c>
100030e4:	464a      	mov	r2, r9
100030e6:	6812      	ldr	r2, [r2, #0]
100030e8:	017b      	lsls	r3, r7, #5
100030ea:	4694      	mov	ip, r2
100030ec:	4463      	add	r3, ip
100030ee:	2b00      	cmp	r3, #0
100030f0:	d021      	beq.n	10003136 <tud_task_ext+0x23a>
100030f2:	68db      	ldr	r3, [r3, #12]
100030f4:	0030      	movs	r0, r6
100030f6:	4798      	blx	r3
100030f8:	4643      	mov	r3, r8
100030fa:	781a      	ldrb	r2, [r3, #0]
100030fc:	3701      	adds	r7, #1
100030fe:	b2ff      	uxtb	r7, r7
10003100:	1c51      	adds	r1, r2, #1
10003102:	003b      	movs	r3, r7
10003104:	428f      	cmp	r7, r1
10003106:	dc05      	bgt.n	10003114 <tud_task_ext+0x218>
10003108:	42ba      	cmp	r2, r7
1000310a:	d8eb      	bhi.n	100030e4 <tud_task_ext+0x1e8>
1000310c:	1a9b      	subs	r3, r3, r2
1000310e:	015b      	lsls	r3, r3, #5
10003110:	445b      	add	r3, fp
10003112:	e7ee      	b.n	100030f2 <tud_task_ext+0x1f6>
10003114:	4e44      	ldr	r6, [pc, #272]	; (10003228 <tud_task_ext+0x32c>)
10003116:	2254      	movs	r2, #84	; 0x54
10003118:	2100      	movs	r1, #0
1000311a:	0030      	movs	r0, r6
1000311c:	f7fe ff42 	bl	10001fa4 <__wrap_memset>
10003120:	2210      	movs	r2, #16
10003122:	21ff      	movs	r1, #255	; 0xff
10003124:	1d30      	adds	r0, r6, #4
10003126:	f7fe ff3d 	bl	10001fa4 <__wrap_memset>
1000312a:	0030      	movs	r0, r6
1000312c:	2220      	movs	r2, #32
1000312e:	21ff      	movs	r1, #255	; 0xff
10003130:	3014      	adds	r0, #20
10003132:	f7fe ff37 	bl	10001fa4 <__wrap_memset>
10003136:	f000 fc0d 	bl	10003954 <usbd_control_reset>
1000313a:	f7ff fe4f 	bl	10002ddc <tud_umount_cb>
1000313e:	e6ed      	b.n	10002f1c <tud_task_ext+0x20>
10003140:	4e39      	ldr	r6, [pc, #228]	; (10003228 <tud_task_ext+0x32c>)
10003142:	2254      	movs	r2, #84	; 0x54
10003144:	2100      	movs	r1, #0
10003146:	0030      	movs	r0, r6
10003148:	f7fe ff2c 	bl	10001fa4 <__wrap_memset>
1000314c:	2210      	movs	r2, #16
1000314e:	21ff      	movs	r1, #255	; 0xff
10003150:	1d30      	adds	r0, r6, #4
10003152:	f7fe ff27 	bl	10001fa4 <__wrap_memset>
10003156:	0030      	movs	r0, r6
10003158:	2220      	movs	r2, #32
1000315a:	21ff      	movs	r1, #255	; 0xff
1000315c:	3014      	adds	r0, #20
1000315e:	f7fe ff21 	bl	10001fa4 <__wrap_memset>
10003162:	f000 fbf7 	bl	10003954 <usbd_control_reset>
10003166:	7923      	ldrb	r3, [r4, #4]
10003168:	70b3      	strb	r3, [r6, #2]
1000316a:	e6d7      	b.n	10002f1c <tud_task_ext+0x20>
1000316c:	1c50      	adds	r0, r2, #1
1000316e:	4298      	cmp	r0, r3
10003170:	da0e      	bge.n	10003190 <tud_task_ext+0x294>
10003172:	b00b      	add	sp, #44	; 0x2c
10003174:	bcf0      	pop	{r4, r5, r6, r7}
10003176:	46bb      	mov	fp, r7
10003178:	46b2      	mov	sl, r6
1000317a:	46a9      	mov	r9, r5
1000317c:	46a0      	mov	r8, r4
1000317e:	bdf0      	pop	{r4, r5, r6, r7, pc}
10003180:	4e29      	ldr	r6, [pc, #164]	; (10003228 <tud_task_ext+0x32c>)
10003182:	e7ee      	b.n	10003162 <tud_task_ext+0x266>
10003184:	7962      	ldrb	r2, [r4, #5]
10003186:	7820      	ldrb	r0, [r4, #0]
10003188:	68a3      	ldr	r3, [r4, #8]
1000318a:	f000 fc01 	bl	10003990 <usbd_control_xfer_cb>
1000318e:	e6c5      	b.n	10002f1c <tud_task_ext+0x20>
10003190:	1a9b      	subs	r3, r3, r2
10003192:	4a29      	ldr	r2, [pc, #164]	; (10003238 <tud_task_ext+0x33c>)
10003194:	015b      	lsls	r3, r3, #5
10003196:	18d3      	adds	r3, r2, r3
10003198:	e709      	b.n	10002fae <tud_task_ext+0xb2>
1000319a:	4828      	ldr	r0, [pc, #160]	; (1000323c <tud_task_ext+0x340>)
1000319c:	f000 fbe4 	bl	10003968 <usbd_control_set_complete_callback>
100031a0:	2101      	movs	r1, #1
100031a2:	4658      	mov	r0, fp
100031a4:	aa08      	add	r2, sp, #32
100031a6:	f7ff f8ff 	bl	100023a8 <tud_vendor_control_xfer_cb>
100031aa:	2800      	cmp	r0, #0
100031ac:	d000      	beq.n	100031b0 <tud_task_ext+0x2b4>
100031ae:	e6b5      	b.n	10002f1c <tud_task_ext+0x20>
100031b0:	e73f      	b.n	10003032 <tud_task_ext+0x136>
100031b2:	2a20      	cmp	r2, #32
100031b4:	d100      	bne.n	100031b8 <tud_task_ext+0x2bc>
100031b6:	e14e      	b.n	10003456 <tud_task_ext+0x55a>
100031b8:	2a00      	cmp	r2, #0
100031ba:	d000      	beq.n	100031be <tud_task_ext+0x2c2>
100031bc:	e739      	b.n	10003032 <tud_task_ext+0x136>
100031be:	7963      	ldrb	r3, [r4, #5]
100031c0:	2b09      	cmp	r3, #9
100031c2:	d900      	bls.n	100031c6 <tud_task_ext+0x2ca>
100031c4:	e735      	b.n	10003032 <tud_task_ext+0x136>
100031c6:	4a1e      	ldr	r2, [pc, #120]	; (10003240 <tud_task_ext+0x344>)
100031c8:	009b      	lsls	r3, r3, #2
100031ca:	58d3      	ldr	r3, [r2, r3]
100031cc:	469f      	mov	pc, r3
100031ce:	2370      	movs	r3, #112	; 0x70
100031d0:	7a21      	ldrb	r1, [r4, #8]
100031d2:	420b      	tst	r3, r1
100031d4:	d000      	beq.n	100031d8 <tud_task_ext+0x2dc>
100031d6:	e72c      	b.n	10003032 <tud_task_ext+0x136>
100031d8:	267f      	movs	r6, #127	; 0x7f
100031da:	09cb      	lsrs	r3, r1, #7
100031dc:	4698      	mov	r8, r3
100031de:	400e      	ands	r6, r1
100031e0:	4b11      	ldr	r3, [pc, #68]	; (10003228 <tud_task_ext+0x32c>)
100031e2:	0076      	lsls	r6, r6, #1
100031e4:	199b      	adds	r3, r3, r6
100031e6:	4443      	add	r3, r8
100031e8:	7d1f      	ldrb	r7, [r3, #20]
100031ea:	4b10      	ldr	r3, [pc, #64]	; (1000322c <tud_task_ext+0x330>)
100031ec:	781b      	ldrb	r3, [r3, #0]
100031ee:	429f      	cmp	r7, r3
100031f0:	d35e      	bcc.n	100032b0 <tud_task_ext+0x3b4>
100031f2:	1c58      	adds	r0, r3, #1
100031f4:	42b8      	cmp	r0, r7
100031f6:	da00      	bge.n	100031fa <tud_task_ext+0x2fe>
100031f8:	e149      	b.n	1000348e <tud_task_ext+0x592>
100031fa:	1aff      	subs	r7, r7, r3
100031fc:	4b0e      	ldr	r3, [pc, #56]	; (10003238 <tud_task_ext+0x33c>)
100031fe:	017f      	lsls	r7, r7, #5
10003200:	19df      	adds	r7, r3, r7
10003202:	2a00      	cmp	r2, #0
10003204:	d100      	bne.n	10003208 <tud_task_ext+0x30c>
10003206:	e146      	b.n	10003496 <tud_task_ext+0x59a>
10003208:	6978      	ldr	r0, [r7, #20]
1000320a:	f000 fbad 	bl	10003968 <usbd_control_set_complete_callback>
1000320e:	2101      	movs	r1, #1
10003210:	4658      	mov	r0, fp
10003212:	697b      	ldr	r3, [r7, #20]
10003214:	aa08      	add	r2, sp, #32
10003216:	4798      	blx	r3
10003218:	e7c7      	b.n	100031aa <tud_task_ext+0x2ae>
1000321a:	46c0      	nop			; (mov r8, r8)
1000321c:	200010e4 	.word	0x200010e4
10003220:	10004f58 	.word	0x10004f58
10003224:	2000169c 	.word	0x2000169c
10003228:	20001644 	.word	0x20001644
1000322c:	20001ff5 	.word	0x20001ff5
10003230:	20001494 	.word	0x20001494
10003234:	20001ff7 	.word	0x20001ff7
10003238:	10005000 	.word	0x10005000
1000323c:	100023a9 	.word	0x100023a9
10003240:	10004f7c 	.word	0x10004f7c
10003244:	7a23      	ldrb	r3, [r4, #8]
10003246:	2b0f      	cmp	r3, #15
10003248:	d900      	bls.n	1000324c <tud_task_ext+0x350>
1000324a:	e6f2      	b.n	10003032 <tud_task_ext+0x136>
1000324c:	4ad6      	ldr	r2, [pc, #856]	; (100035a8 <tud_task_ext+0x6ac>)
1000324e:	4694      	mov	ip, r2
10003250:	4ad6      	ldr	r2, [pc, #856]	; (100035ac <tud_task_ext+0x6b0>)
10003252:	4463      	add	r3, ip
10003254:	791b      	ldrb	r3, [r3, #4]
10003256:	7812      	ldrb	r2, [r2, #0]
10003258:	4293      	cmp	r3, r2
1000325a:	d334      	bcc.n	100032c6 <tud_task_ext+0x3ca>
1000325c:	1c51      	adds	r1, r2, #1
1000325e:	4299      	cmp	r1, r3
10003260:	da00      	bge.n	10003264 <tud_task_ext+0x368>
10003262:	e6e6      	b.n	10003032 <tud_task_ext+0x136>
10003264:	4ed2      	ldr	r6, [pc, #840]	; (100035b0 <tud_task_ext+0x6b4>)
10003266:	1a9b      	subs	r3, r3, r2
10003268:	015b      	lsls	r3, r3, #5
1000326a:	18f6      	adds	r6, r6, r3
1000326c:	6970      	ldr	r0, [r6, #20]
1000326e:	f000 fb7b 	bl	10003968 <usbd_control_set_complete_callback>
10003272:	2101      	movs	r1, #1
10003274:	4658      	mov	r0, fp
10003276:	6973      	ldr	r3, [r6, #20]
10003278:	aa08      	add	r2, sp, #32
1000327a:	4798      	blx	r3
1000327c:	2800      	cmp	r0, #0
1000327e:	d000      	beq.n	10003282 <tud_task_ext+0x386>
10003280:	e64c      	b.n	10002f1c <tud_task_ext+0x20>
10003282:	2260      	movs	r2, #96	; 0x60
10003284:	0016      	movs	r6, r2
10003286:	7923      	ldrb	r3, [r4, #4]
10003288:	401e      	ands	r6, r3
1000328a:	421a      	tst	r2, r3
1000328c:	d000      	beq.n	10003290 <tud_task_ext+0x394>
1000328e:	e6d0      	b.n	10003032 <tud_task_ext+0x136>
10003290:	7963      	ldrb	r3, [r4, #5]
10003292:	3b0a      	subs	r3, #10
10003294:	2b01      	cmp	r3, #1
10003296:	d900      	bls.n	1000329a <tud_task_ext+0x39e>
10003298:	e6cb      	b.n	10003032 <tud_task_ext+0x136>
1000329a:	f000 fb65 	bl	10003968 <usbd_control_set_complete_callback>
1000329e:	7963      	ldrb	r3, [r4, #5]
100032a0:	2b0a      	cmp	r3, #10
100032a2:	d100      	bne.n	100032a6 <tud_task_ext+0x3aa>
100032a4:	e150      	b.n	10003548 <tud_task_ext+0x64c>
100032a6:	4658      	mov	r0, fp
100032a8:	a908      	add	r1, sp, #32
100032aa:	f000 fadd 	bl	10003868 <tud_control_status>
100032ae:	e635      	b.n	10002f1c <tud_task_ext+0x20>
100032b0:	4bc0      	ldr	r3, [pc, #768]	; (100035b4 <tud_task_ext+0x6b8>)
100032b2:	017f      	lsls	r7, r7, #5
100032b4:	681b      	ldr	r3, [r3, #0]
100032b6:	19df      	adds	r7, r3, r7
100032b8:	2a00      	cmp	r2, #0
100032ba:	d100      	bne.n	100032be <tud_task_ext+0x3c2>
100032bc:	e0eb      	b.n	10003496 <tud_task_ext+0x59a>
100032be:	2f00      	cmp	r7, #0
100032c0:	d100      	bne.n	100032c4 <tud_task_ext+0x3c8>
100032c2:	e6b6      	b.n	10003032 <tud_task_ext+0x136>
100032c4:	e7a0      	b.n	10003208 <tud_task_ext+0x30c>
100032c6:	4abb      	ldr	r2, [pc, #748]	; (100035b4 <tud_task_ext+0x6b8>)
100032c8:	015b      	lsls	r3, r3, #5
100032ca:	6816      	ldr	r6, [r2, #0]
100032cc:	18f6      	adds	r6, r6, r3
100032ce:	2e00      	cmp	r6, #0
100032d0:	d100      	bne.n	100032d4 <tud_task_ext+0x3d8>
100032d2:	e6ae      	b.n	10003032 <tud_task_ext+0x136>
100032d4:	e7ca      	b.n	1000326c <tud_task_ext+0x370>
100032d6:	4bb4      	ldr	r3, [pc, #720]	; (100035a8 <tud_task_ext+0x6ac>)
100032d8:	79a7      	ldrb	r7, [r4, #6]
100032da:	785b      	ldrb	r3, [r3, #1]
100032dc:	429f      	cmp	r7, r3
100032de:	d0e2      	beq.n	100032a6 <tud_task_ext+0x3aa>
100032e0:	4bb1      	ldr	r3, [pc, #708]	; (100035a8 <tud_task_ext+0x6ac>)
100032e2:	785b      	ldrb	r3, [r3, #1]
100032e4:	2b00      	cmp	r3, #0
100032e6:	d000      	beq.n	100032ea <tud_task_ext+0x3ee>
100032e8:	e16a      	b.n	100035c0 <tud_task_ext+0x6c4>
100032ea:	4baf      	ldr	r3, [pc, #700]	; (100035a8 <tud_task_ext+0x6ac>)
100032ec:	705f      	strb	r7, [r3, #1]
100032ee:	2f00      	cmp	r7, #0
100032f0:	d100      	bne.n	100032f4 <tud_task_ext+0x3f8>
100032f2:	e155      	b.n	100035a0 <tud_task_ext+0x6a4>
100032f4:	1e78      	subs	r0, r7, #1
100032f6:	b2c0      	uxtb	r0, r0
100032f8:	f7ff fa9c 	bl	10002834 <tud_descriptor_configuration_cb>
100032fc:	2800      	cmp	r0, #0
100032fe:	d100      	bne.n	10003302 <tud_task_ext+0x406>
10003300:	e14a      	b.n	10003598 <tud_task_ext+0x69c>
10003302:	7843      	ldrb	r3, [r0, #1]
10003304:	9304      	str	r3, [sp, #16]
10003306:	2b02      	cmp	r3, #2
10003308:	d000      	beq.n	1000330c <tud_task_ext+0x410>
1000330a:	e145      	b.n	10003598 <tud_task_ext+0x69c>
1000330c:	2101      	movs	r1, #1
1000330e:	79c2      	ldrb	r2, [r0, #7]
10003310:	1193      	asrs	r3, r2, #6
10003312:	1152      	asrs	r2, r2, #5
10003314:	400b      	ands	r3, r1
10003316:	400a      	ands	r2, r1
10003318:	0112      	lsls	r2, r2, #4
1000331a:	015b      	lsls	r3, r3, #5
1000331c:	4313      	orrs	r3, r2
1000331e:	4aa2      	ldr	r2, [pc, #648]	; (100035a8 <tud_task_ext+0x6ac>)
10003320:	312f      	adds	r1, #47	; 0x2f
10003322:	7812      	ldrb	r2, [r2, #0]
10003324:	438a      	bics	r2, r1
10003326:	4313      	orrs	r3, r2
10003328:	4a9f      	ldr	r2, [pc, #636]	; (100035a8 <tud_task_ext+0x6ac>)
1000332a:	7013      	strb	r3, [r2, #0]
1000332c:	2309      	movs	r3, #9
1000332e:	4699      	mov	r9, r3
10003330:	78c3      	ldrb	r3, [r0, #3]
10003332:	7882      	ldrb	r2, [r0, #2]
10003334:	021b      	lsls	r3, r3, #8
10003336:	4313      	orrs	r3, r2
10003338:	18c3      	adds	r3, r0, r3
1000333a:	9302      	str	r3, [sp, #8]
1000333c:	4b9d      	ldr	r3, [pc, #628]	; (100035b4 <tud_task_ext+0x6b8>)
1000333e:	4481      	add	r9, r0
10003340:	4698      	mov	r8, r3
10003342:	464f      	mov	r7, r9
10003344:	9b02      	ldr	r3, [sp, #8]
10003346:	42bb      	cmp	r3, r7
10003348:	d800      	bhi.n	1000334c <tud_task_ext+0x450>
1000334a:	e106      	b.n	1000355a <tud_task_ext+0x65e>
1000334c:	2201      	movs	r2, #1
1000334e:	787b      	ldrb	r3, [r7, #1]
10003350:	9200      	str	r2, [sp, #0]
10003352:	2b0b      	cmp	r3, #11
10003354:	d104      	bne.n	10003360 <tud_task_ext+0x464>
10003356:	78fb      	ldrb	r3, [r7, #3]
10003358:	9300      	str	r3, [sp, #0]
1000335a:	783b      	ldrb	r3, [r7, #0]
1000335c:	18ff      	adds	r7, r7, r3
1000335e:	787b      	ldrb	r3, [r7, #1]
10003360:	2b04      	cmp	r3, #4
10003362:	d000      	beq.n	10003366 <tud_task_ext+0x46a>
10003364:	e118      	b.n	10003598 <tud_task_ext+0x69c>
10003366:	9b02      	ldr	r3, [sp, #8]
10003368:	46b9      	mov	r9, r7
1000336a:	1bdb      	subs	r3, r3, r7
1000336c:	b29b      	uxth	r3, r3
1000336e:	9303      	str	r3, [sp, #12]
10003370:	4b8e      	ldr	r3, [pc, #568]	; (100035ac <tud_task_ext+0x6b0>)
10003372:	781e      	ldrb	r6, [r3, #0]
10003374:	2300      	movs	r3, #0
10003376:	001f      	movs	r7, r3
10003378:	9301      	str	r3, [sp, #4]
1000337a:	e01b      	b.n	100033b4 <tud_task_ext+0x4b8>
1000337c:	4642      	mov	r2, r8
1000337e:	6812      	ldr	r2, [r2, #0]
10003380:	017b      	lsls	r3, r7, #5
10003382:	18d6      	adds	r6, r2, r3
10003384:	2e00      	cmp	r6, #0
10003386:	d100      	bne.n	1000338a <tud_task_ext+0x48e>
10003388:	e106      	b.n	10003598 <tud_task_ext+0x69c>
1000338a:	4649      	mov	r1, r9
1000338c:	4658      	mov	r0, fp
1000338e:	9a03      	ldr	r2, [sp, #12]
10003390:	6933      	ldr	r3, [r6, #16]
10003392:	4798      	blx	r3
10003394:	9005      	str	r0, [sp, #20]
10003396:	2808      	cmp	r0, #8
10003398:	d903      	bls.n	100033a2 <tud_task_ext+0x4a6>
1000339a:	9a03      	ldr	r2, [sp, #12]
1000339c:	4282      	cmp	r2, r0
1000339e:	d300      	bcc.n	100033a2 <tud_task_ext+0x4a6>
100033a0:	e0de      	b.n	10003560 <tud_task_ext+0x664>
100033a2:	4b82      	ldr	r3, [pc, #520]	; (100035ac <tud_task_ext+0x6b0>)
100033a4:	3701      	adds	r7, #1
100033a6:	781e      	ldrb	r6, [r3, #0]
100033a8:	b2ff      	uxtb	r7, r7
100033aa:	1c73      	adds	r3, r6, #1
100033ac:	9701      	str	r7, [sp, #4]
100033ae:	429f      	cmp	r7, r3
100033b0:	dd00      	ble.n	100033b4 <tud_task_ext+0x4b8>
100033b2:	e0f1      	b.n	10003598 <tud_task_ext+0x69c>
100033b4:	42be      	cmp	r6, r7
100033b6:	d8e1      	bhi.n	1000337c <tud_task_ext+0x480>
100033b8:	9b01      	ldr	r3, [sp, #4]
100033ba:	1b9e      	subs	r6, r3, r6
100033bc:	4b7c      	ldr	r3, [pc, #496]	; (100035b0 <tud_task_ext+0x6b4>)
100033be:	0176      	lsls	r6, r6, #5
100033c0:	469c      	mov	ip, r3
100033c2:	4466      	add	r6, ip
100033c4:	e7e1      	b.n	1000338a <tud_task_ext+0x48e>
100033c6:	4b78      	ldr	r3, [pc, #480]	; (100035a8 <tud_task_ext+0x6ac>)
100033c8:	aa06      	add	r2, sp, #24
100033ca:	785b      	ldrb	r3, [r3, #1]
100033cc:	3202      	adds	r2, #2
100033ce:	7013      	strb	r3, [r2, #0]
100033d0:	4658      	mov	r0, fp
100033d2:	2301      	movs	r3, #1
100033d4:	a908      	add	r1, sp, #32
100033d6:	f000 fa5f 	bl	10003898 <tud_control_xfer>
100033da:	e59f      	b.n	10002f1c <tud_task_ext+0x20>
100033dc:	88e0      	ldrh	r0, [r4, #6]
100033de:	0a03      	lsrs	r3, r0, #8
100033e0:	b2c0      	uxtb	r0, r0
100033e2:	2b0f      	cmp	r3, #15
100033e4:	d900      	bls.n	100033e8 <tud_task_ext+0x4ec>
100033e6:	e624      	b.n	10003032 <tud_task_ext+0x136>
100033e8:	4973      	ldr	r1, [pc, #460]	; (100035b8 <tud_task_ext+0x6bc>)
100033ea:	009a      	lsls	r2, r3, #2
100033ec:	588a      	ldr	r2, [r1, r2]
100033ee:	4697      	mov	pc, r2
100033f0:	a808      	add	r0, sp, #32
100033f2:	f000 fabf 	bl	10003974 <usbd_control_set_request>
100033f6:	4658      	mov	r0, fp
100033f8:	79a1      	ldrb	r1, [r4, #6]
100033fa:	f7ff fba3 	bl	10002b44 <dcd_set_address>
100033fe:	2202      	movs	r2, #2
10003400:	4b69      	ldr	r3, [pc, #420]	; (100035a8 <tud_task_ext+0x6ac>)
10003402:	781b      	ldrb	r3, [r3, #0]
10003404:	4313      	orrs	r3, r2
10003406:	4a68      	ldr	r2, [pc, #416]	; (100035a8 <tud_task_ext+0x6ac>)
10003408:	7013      	strb	r3, [r2, #0]
1000340a:	e587      	b.n	10002f1c <tud_task_ext+0x20>
1000340c:	88e3      	ldrh	r3, [r4, #6]
1000340e:	2b01      	cmp	r3, #1
10003410:	d000      	beq.n	10003414 <tud_task_ext+0x518>
10003412:	e60e      	b.n	10003032 <tud_task_ext+0x136>
10003414:	2208      	movs	r2, #8
10003416:	4b64      	ldr	r3, [pc, #400]	; (100035a8 <tud_task_ext+0x6ac>)
10003418:	781b      	ldrb	r3, [r3, #0]
1000341a:	4393      	bics	r3, r2
1000341c:	4a62      	ldr	r2, [pc, #392]	; (100035a8 <tud_task_ext+0x6ac>)
1000341e:	7013      	strb	r3, [r2, #0]
10003420:	e741      	b.n	100032a6 <tud_task_ext+0x3aa>
10003422:	2002      	movs	r0, #2
10003424:	4b60      	ldr	r3, [pc, #384]	; (100035a8 <tud_task_ext+0x6ac>)
10003426:	7819      	ldrb	r1, [r3, #0]
10003428:	ab06      	add	r3, sp, #24
1000342a:	1c9a      	adds	r2, r3, #2
1000342c:	068b      	lsls	r3, r1, #26
1000342e:	0889      	lsrs	r1, r1, #2
10003430:	0fdb      	lsrs	r3, r3, #31
10003432:	4001      	ands	r1, r0
10003434:	430b      	orrs	r3, r1
10003436:	8013      	strh	r3, [r2, #0]
10003438:	4658      	mov	r0, fp
1000343a:	2302      	movs	r3, #2
1000343c:	a908      	add	r1, sp, #32
1000343e:	f000 fa2b 	bl	10003898 <tud_control_xfer>
10003442:	e56b      	b.n	10002f1c <tud_task_ext+0x20>
10003444:	88e3      	ldrh	r3, [r4, #6]
10003446:	2b01      	cmp	r3, #1
10003448:	d000      	beq.n	1000344c <tud_task_ext+0x550>
1000344a:	e5f2      	b.n	10003032 <tud_task_ext+0x136>
1000344c:	2208      	movs	r2, #8
1000344e:	4b56      	ldr	r3, [pc, #344]	; (100035a8 <tud_task_ext+0x6ac>)
10003450:	781b      	ldrb	r3, [r3, #0]
10003452:	4313      	orrs	r3, r2
10003454:	e7e2      	b.n	1000341c <tud_task_ext+0x520>
10003456:	7a23      	ldrb	r3, [r4, #8]
10003458:	2b0f      	cmp	r3, #15
1000345a:	d900      	bls.n	1000345e <tud_task_ext+0x562>
1000345c:	e5e9      	b.n	10003032 <tud_task_ext+0x136>
1000345e:	4a52      	ldr	r2, [pc, #328]	; (100035a8 <tud_task_ext+0x6ac>)
10003460:	4694      	mov	ip, r2
10003462:	4a52      	ldr	r2, [pc, #328]	; (100035ac <tud_task_ext+0x6b0>)
10003464:	4463      	add	r3, ip
10003466:	791b      	ldrb	r3, [r3, #4]
10003468:	7812      	ldrb	r2, [r2, #0]
1000346a:	4293      	cmp	r3, r2
1000346c:	d227      	bcs.n	100034be <tud_task_ext+0x5c2>
1000346e:	4a51      	ldr	r2, [pc, #324]	; (100035b4 <tud_task_ext+0x6b8>)
10003470:	015b      	lsls	r3, r3, #5
10003472:	6816      	ldr	r6, [r2, #0]
10003474:	18f6      	adds	r6, r6, r3
10003476:	2e00      	cmp	r6, #0
10003478:	d100      	bne.n	1000347c <tud_task_ext+0x580>
1000347a:	e5da      	b.n	10003032 <tud_task_ext+0x136>
1000347c:	6970      	ldr	r0, [r6, #20]
1000347e:	f000 fa73 	bl	10003968 <usbd_control_set_complete_callback>
10003482:	2101      	movs	r1, #1
10003484:	4658      	mov	r0, fp
10003486:	6973      	ldr	r3, [r6, #20]
10003488:	aa08      	add	r2, sp, #32
1000348a:	4798      	blx	r3
1000348c:	e68d      	b.n	100031aa <tud_task_ext+0x2ae>
1000348e:	2700      	movs	r7, #0
10003490:	2a00      	cmp	r2, #0
10003492:	d000      	beq.n	10003496 <tud_task_ext+0x59a>
10003494:	e5cd      	b.n	10003032 <tud_task_ext+0x136>
10003496:	2202      	movs	r2, #2
10003498:	7963      	ldrb	r3, [r4, #5]
1000349a:	4699      	mov	r9, r3
1000349c:	4393      	bics	r3, r2
1000349e:	2b01      	cmp	r3, #1
100034a0:	d016      	beq.n	100034d0 <tud_task_ext+0x5d4>
100034a2:	464b      	mov	r3, r9
100034a4:	2b00      	cmp	r3, #0
100034a6:	d000      	beq.n	100034aa <tud_task_ext+0x5ae>
100034a8:	e5c3      	b.n	10003032 <tud_task_ext+0x136>
100034aa:	4b3f      	ldr	r3, [pc, #252]	; (100035a8 <tud_task_ext+0x6ac>)
100034ac:	aa06      	add	r2, sp, #24
100034ae:	199b      	adds	r3, r3, r6
100034b0:	4443      	add	r3, r8
100034b2:	3330      	adds	r3, #48	; 0x30
100034b4:	791b      	ldrb	r3, [r3, #4]
100034b6:	3202      	adds	r2, #2
100034b8:	079b      	lsls	r3, r3, #30
100034ba:	0fdb      	lsrs	r3, r3, #31
100034bc:	e7bb      	b.n	10003436 <tud_task_ext+0x53a>
100034be:	1c51      	adds	r1, r2, #1
100034c0:	4299      	cmp	r1, r3
100034c2:	da00      	bge.n	100034c6 <tud_task_ext+0x5ca>
100034c4:	e5b5      	b.n	10003032 <tud_task_ext+0x136>
100034c6:	4e3a      	ldr	r6, [pc, #232]	; (100035b0 <tud_task_ext+0x6b4>)
100034c8:	1a9b      	subs	r3, r3, r2
100034ca:	015b      	lsls	r3, r3, #5
100034cc:	18f6      	adds	r6, r6, r3
100034ce:	e7d5      	b.n	1000347c <tud_task_ext+0x580>
100034d0:	88e3      	ldrh	r3, [r4, #6]
100034d2:	2b00      	cmp	r3, #0
100034d4:	d112      	bne.n	100034fc <tud_task_ext+0x600>
100034d6:	464b      	mov	r3, r9
100034d8:	2b01      	cmp	r3, #1
100034da:	d024      	beq.n	10003526 <tud_task_ext+0x62a>
100034dc:	4b37      	ldr	r3, [pc, #220]	; (100035bc <tud_task_ext+0x6c0>)
100034de:	7818      	ldrb	r0, [r3, #0]
100034e0:	f7ff fbf6 	bl	10002cd0 <dcd_edpt_stall>
100034e4:	2102      	movs	r1, #2
100034e6:	4b30      	ldr	r3, [pc, #192]	; (100035a8 <tud_task_ext+0x6ac>)
100034e8:	199b      	adds	r3, r3, r6
100034ea:	4443      	add	r3, r8
100034ec:	3330      	adds	r3, #48	; 0x30
100034ee:	791a      	ldrb	r2, [r3, #4]
100034f0:	430a      	orrs	r2, r1
100034f2:	2101      	movs	r1, #1
100034f4:	711a      	strb	r2, [r3, #4]
100034f6:	791a      	ldrb	r2, [r3, #4]
100034f8:	430a      	orrs	r2, r1
100034fa:	711a      	strb	r2, [r3, #4]
100034fc:	2f00      	cmp	r7, #0
100034fe:	d100      	bne.n	10003502 <tud_task_ext+0x606>
10003500:	e50c      	b.n	10002f1c <tud_task_ext+0x20>
10003502:	6978      	ldr	r0, [r7, #20]
10003504:	f000 fa30 	bl	10003968 <usbd_control_set_complete_callback>
10003508:	697b      	ldr	r3, [r7, #20]
1000350a:	aa08      	add	r2, sp, #32
1000350c:	2101      	movs	r1, #1
1000350e:	4658      	mov	r0, fp
10003510:	4798      	blx	r3
10003512:	2000      	movs	r0, #0
10003514:	f000 fa28 	bl	10003968 <usbd_control_set_complete_callback>
10003518:	2335      	movs	r3, #53	; 0x35
1000351a:	4a23      	ldr	r2, [pc, #140]	; (100035a8 <tud_task_ext+0x6ac>)
1000351c:	5cd3      	ldrb	r3, [r2, r3]
1000351e:	07db      	lsls	r3, r3, #31
10003520:	d500      	bpl.n	10003524 <tud_task_ext+0x628>
10003522:	e4fb      	b.n	10002f1c <tud_task_ext+0x20>
10003524:	e6bf      	b.n	100032a6 <tud_task_ext+0x3aa>
10003526:	4b25      	ldr	r3, [pc, #148]	; (100035bc <tud_task_ext+0x6c0>)
10003528:	7818      	ldrb	r0, [r3, #0]
1000352a:	f7ff fbed 	bl	10002d08 <dcd_edpt_clear_stall>
1000352e:	2102      	movs	r1, #2
10003530:	4b1d      	ldr	r3, [pc, #116]	; (100035a8 <tud_task_ext+0x6ac>)
10003532:	199b      	adds	r3, r3, r6
10003534:	4443      	add	r3, r8
10003536:	3330      	adds	r3, #48	; 0x30
10003538:	791a      	ldrb	r2, [r3, #4]
1000353a:	438a      	bics	r2, r1
1000353c:	4649      	mov	r1, r9
1000353e:	711a      	strb	r2, [r3, #4]
10003540:	791a      	ldrb	r2, [r3, #4]
10003542:	438a      	bics	r2, r1
10003544:	711a      	strb	r2, [r3, #4]
10003546:	e7d9      	b.n	100034fc <tud_task_ext+0x600>
10003548:	ab06      	add	r3, sp, #24
1000354a:	1c9a      	adds	r2, r3, #2
1000354c:	4658      	mov	r0, fp
1000354e:	2301      	movs	r3, #1
10003550:	a908      	add	r1, sp, #32
10003552:	7016      	strb	r6, [r2, #0]
10003554:	f000 f9a0 	bl	10003898 <tud_control_xfer>
10003558:	e4e0      	b.n	10002f1c <tud_task_ext+0x20>
1000355a:	f7ff fc3d 	bl	10002dd8 <tud_mount_cb>
1000355e:	e6a2      	b.n	100032a6 <tud_task_ext+0x3aa>
10003560:	003b      	movs	r3, r7
10003562:	464f      	mov	r7, r9
10003564:	4699      	mov	r9, r3
10003566:	9b00      	ldr	r3, [sp, #0]
10003568:	2b01      	cmp	r3, #1
1000356a:	d100      	bne.n	1000356e <tud_task_ext+0x672>
1000356c:	e089      	b.n	10003682 <tud_task_ext+0x786>
1000356e:	9b00      	ldr	r3, [sp, #0]
10003570:	2b00      	cmp	r3, #0
10003572:	d075      	beq.n	10003660 <tud_task_ext+0x764>
10003574:	2300      	movs	r3, #0
10003576:	464e      	mov	r6, r9
10003578:	78b9      	ldrb	r1, [r7, #2]
1000357a:	e005      	b.n	10003588 <tud_task_ext+0x68c>
1000357c:	7116      	strb	r6, [r2, #4]
1000357e:	3301      	adds	r3, #1
10003580:	9a00      	ldr	r2, [sp, #0]
10003582:	b2db      	uxtb	r3, r3
10003584:	4293      	cmp	r3, r2
10003586:	d26a      	bcs.n	1000365e <tud_task_ext+0x762>
10003588:	4807      	ldr	r0, [pc, #28]	; (100035a8 <tud_task_ext+0x6ac>)
1000358a:	185a      	adds	r2, r3, r1
1000358c:	4684      	mov	ip, r0
1000358e:	b2d2      	uxtb	r2, r2
10003590:	4462      	add	r2, ip
10003592:	7910      	ldrb	r0, [r2, #4]
10003594:	28ff      	cmp	r0, #255	; 0xff
10003596:	d0f1      	beq.n	1000357c <tud_task_ext+0x680>
10003598:	2300      	movs	r3, #0
1000359a:	4a03      	ldr	r2, [pc, #12]	; (100035a8 <tud_task_ext+0x6ac>)
1000359c:	7053      	strb	r3, [r2, #1]
1000359e:	e548      	b.n	10003032 <tud_task_ext+0x136>
100035a0:	f7ff fc1c 	bl	10002ddc <tud_umount_cb>
100035a4:	e67f      	b.n	100032a6 <tud_task_ext+0x3aa>
100035a6:	46c0      	nop			; (mov r8, r8)
100035a8:	20001644 	.word	0x20001644
100035ac:	20001ff5 	.word	0x20001ff5
100035b0:	10005000 	.word	0x10005000
100035b4:	20001494 	.word	0x20001494
100035b8:	10004fa4 	.word	0x10004fa4
100035bc:	200010e4 	.word	0x200010e4
100035c0:	2100      	movs	r1, #0
100035c2:	4658      	mov	r0, fp
100035c4:	f7ff fac8 	bl	10002b58 <dcd_sof_enable>
100035c8:	4658      	mov	r0, fp
100035ca:	f7ff fb6b 	bl	10002ca4 <dcd_edpt_close_all>
100035ce:	4b45      	ldr	r3, [pc, #276]	; (100036e4 <tud_task_ext+0x7e8>)
100035d0:	4e45      	ldr	r6, [pc, #276]	; (100036e8 <tud_task_ext+0x7ec>)
100035d2:	789b      	ldrb	r3, [r3, #2]
100035d4:	4945      	ldr	r1, [pc, #276]	; (100036ec <tud_task_ext+0x7f0>)
100035d6:	9300      	str	r3, [sp, #0]
100035d8:	4689      	mov	r9, r1
100035da:	2300      	movs	r3, #0
100035dc:	0031      	movs	r1, r6
100035de:	7832      	ldrb	r2, [r6, #0]
100035e0:	4688      	mov	r8, r1
100035e2:	001e      	movs	r6, r3
100035e4:	e011      	b.n	1000360a <tud_task_ext+0x70e>
100035e6:	464a      	mov	r2, r9
100035e8:	6812      	ldr	r2, [r2, #0]
100035ea:	0173      	lsls	r3, r6, #5
100035ec:	4694      	mov	ip, r2
100035ee:	4463      	add	r3, ip
100035f0:	2b00      	cmp	r3, #0
100035f2:	d022      	beq.n	1000363a <tud_task_ext+0x73e>
100035f4:	68db      	ldr	r3, [r3, #12]
100035f6:	4658      	mov	r0, fp
100035f8:	4798      	blx	r3
100035fa:	4643      	mov	r3, r8
100035fc:	781a      	ldrb	r2, [r3, #0]
100035fe:	3601      	adds	r6, #1
10003600:	b2f6      	uxtb	r6, r6
10003602:	1c51      	adds	r1, r2, #1
10003604:	0033      	movs	r3, r6
10003606:	428e      	cmp	r6, r1
10003608:	dc07      	bgt.n	1000361a <tud_task_ext+0x71e>
1000360a:	42b2      	cmp	r2, r6
1000360c:	d8eb      	bhi.n	100035e6 <tud_task_ext+0x6ea>
1000360e:	1a9b      	subs	r3, r3, r2
10003610:	4a37      	ldr	r2, [pc, #220]	; (100036f0 <tud_task_ext+0x7f4>)
10003612:	015b      	lsls	r3, r3, #5
10003614:	4694      	mov	ip, r2
10003616:	4463      	add	r3, ip
10003618:	e7ec      	b.n	100035f4 <tud_task_ext+0x6f8>
1000361a:	2254      	movs	r2, #84	; 0x54
1000361c:	2100      	movs	r1, #0
1000361e:	4831      	ldr	r0, [pc, #196]	; (100036e4 <tud_task_ext+0x7e8>)
10003620:	f7fe fcc0 	bl	10001fa4 <__wrap_memset>
10003624:	4b2f      	ldr	r3, [pc, #188]	; (100036e4 <tud_task_ext+0x7e8>)
10003626:	2210      	movs	r2, #16
10003628:	21ff      	movs	r1, #255	; 0xff
1000362a:	1d18      	adds	r0, r3, #4
1000362c:	f7fe fcba 	bl	10001fa4 <__wrap_memset>
10003630:	2220      	movs	r2, #32
10003632:	21ff      	movs	r1, #255	; 0xff
10003634:	482f      	ldr	r0, [pc, #188]	; (100036f4 <tud_task_ext+0x7f8>)
10003636:	f7fe fcb5 	bl	10001fa4 <__wrap_memset>
1000363a:	4b2a      	ldr	r3, [pc, #168]	; (100036e4 <tud_task_ext+0x7e8>)
1000363c:	9a00      	ldr	r2, [sp, #0]
1000363e:	709a      	strb	r2, [r3, #2]
10003640:	e653      	b.n	100032ea <tud_task_ext+0x3ee>
10003642:	f7fe fead 	bl	100023a0 <tud_descriptor_bos_cb>
10003646:	1e02      	subs	r2, r0, #0
10003648:	d100      	bne.n	1000364c <tud_task_ext+0x750>
1000364a:	e4f2      	b.n	10003032 <tud_task_ext+0x136>
1000364c:	78d3      	ldrb	r3, [r2, #3]
1000364e:	7891      	ldrb	r1, [r2, #2]
10003650:	021b      	lsls	r3, r3, #8
10003652:	430b      	orrs	r3, r1
10003654:	4658      	mov	r0, fp
10003656:	a908      	add	r1, sp, #32
10003658:	f000 f91e 	bl	10003898 <tud_control_xfer>
1000365c:	e5a5      	b.n	100031aa <tud_task_ext+0x2ae>
1000365e:	46b1      	mov	r9, r6
10003660:	9e05      	ldr	r6, [sp, #20]
10003662:	464b      	mov	r3, r9
10003664:	0032      	movs	r2, r6
10003666:	0039      	movs	r1, r7
10003668:	4822      	ldr	r0, [pc, #136]	; (100036f4 <tud_task_ext+0x7f8>)
1000366a:	f000 fea1 	bl	100043b0 <tu_edpt_bind_driver>
1000366e:	46b4      	mov	ip, r6
10003670:	4b1d      	ldr	r3, [pc, #116]	; (100036e8 <tud_task_ext+0x7ec>)
10003672:	9a01      	ldr	r2, [sp, #4]
10003674:	781b      	ldrb	r3, [r3, #0]
10003676:	4467      	add	r7, ip
10003678:	3301      	adds	r3, #1
1000367a:	4293      	cmp	r3, r2
1000367c:	db00      	blt.n	10003680 <tud_task_ext+0x784>
1000367e:	e661      	b.n	10003344 <tud_task_ext+0x448>
10003680:	e78a      	b.n	10003598 <tud_task_ext+0x69c>
10003682:	4b1d      	ldr	r3, [pc, #116]	; (100036f8 <tud_task_ext+0x7fc>)
10003684:	6932      	ldr	r2, [r6, #16]
10003686:	429a      	cmp	r2, r3
10003688:	d000      	beq.n	1000368c <tud_task_ext+0x790>
1000368a:	e773      	b.n	10003574 <tud_task_ext+0x678>
1000368c:	9b04      	ldr	r3, [sp, #16]
1000368e:	9300      	str	r3, [sp, #0]
10003690:	e770      	b.n	10003574 <tud_task_ext+0x678>
10003692:	f7ff fb9d 	bl	10002dd0 <tud_descriptor_device_qualifier_cb>
10003696:	1e02      	subs	r2, r0, #0
10003698:	d100      	bne.n	1000369c <tud_task_ext+0x7a0>
1000369a:	e4ca      	b.n	10003032 <tud_task_ext+0x136>
1000369c:	4658      	mov	r0, fp
1000369e:	7813      	ldrb	r3, [r2, #0]
100036a0:	a908      	add	r1, sp, #32
100036a2:	f000 f8f9 	bl	10003898 <tud_control_xfer>
100036a6:	e580      	b.n	100031aa <tud_task_ext+0x2ae>
100036a8:	8921      	ldrh	r1, [r4, #8]
100036aa:	f7ff f8c7 	bl	1000283c <tud_descriptor_string_cb>
100036ae:	1e02      	subs	r2, r0, #0
100036b0:	d1f4      	bne.n	1000369c <tud_task_ext+0x7a0>
100036b2:	e4be      	b.n	10003032 <tud_task_ext+0x136>
100036b4:	2b02      	cmp	r3, #2
100036b6:	d00f      	beq.n	100036d8 <tud_task_ext+0x7dc>
100036b8:	f7ff fb8c 	bl	10002dd4 <tud_descriptor_other_speed_configuration_cb>
100036bc:	1e02      	subs	r2, r0, #0
100036be:	d1c5      	bne.n	1000364c <tud_task_ext+0x750>
100036c0:	e4b7      	b.n	10003032 <tud_task_ext+0x136>
100036c2:	f7ff f8b3 	bl	1000282c <tud_descriptor_device_cb>
100036c6:	1e02      	subs	r2, r0, #0
100036c8:	d100      	bne.n	100036cc <tud_task_ext+0x7d0>
100036ca:	e4b2      	b.n	10003032 <tud_task_ext+0x136>
100036cc:	2312      	movs	r3, #18
100036ce:	4658      	mov	r0, fp
100036d0:	a908      	add	r1, sp, #32
100036d2:	f000 f8e1 	bl	10003898 <tud_control_xfer>
100036d6:	e568      	b.n	100031aa <tud_task_ext+0x2ae>
100036d8:	f7ff f8ac 	bl	10002834 <tud_descriptor_configuration_cb>
100036dc:	1e02      	subs	r2, r0, #0
100036de:	d1b5      	bne.n	1000364c <tud_task_ext+0x750>
100036e0:	e4a7      	b.n	10003032 <tud_task_ext+0x136>
100036e2:	46c0      	nop			; (mov r8, r8)
100036e4:	20001644 	.word	0x20001644
100036e8:	20001ff5 	.word	0x20001ff5
100036ec:	20001494 	.word	0x20001494
100036f0:	10005000 	.word	0x10005000
100036f4:	20001658 	.word	0x20001658
100036f8:	10003d79 	.word	0x10003d79

100036fc <usbd_open_edpt_pair>:
100036fc:	b5f8      	push	{r3, r4, r5, r6, r7, lr}
100036fe:	4657      	mov	r7, sl
10003700:	464e      	mov	r6, r9
10003702:	46de      	mov	lr, fp
10003704:	4645      	mov	r5, r8
10003706:	000c      	movs	r4, r1
10003708:	b5e0      	push	{r5, r6, r7, lr}
1000370a:	0016      	movs	r6, r2
1000370c:	001f      	movs	r7, r3
1000370e:	2a00      	cmp	r2, #0
10003710:	d03c      	beq.n	1000378c <usbd_open_edpt_pair+0x90>
10003712:	2370      	movs	r3, #112	; 0x70
10003714:	4698      	mov	r8, r3
10003716:	4b1e      	ldr	r3, [pc, #120]	; (10003790 <usbd_open_edpt_pair+0x94>)
10003718:	2500      	movs	r5, #0
1000371a:	469b      	mov	fp, r3
1000371c:	4b1d      	ldr	r3, [pc, #116]	; (10003794 <usbd_open_edpt_pair+0x98>)
1000371e:	469a      	mov	sl, r3
10003720:	e01a      	b.n	10003758 <usbd_open_edpt_pair+0x5c>
10003722:	465b      	mov	r3, fp
10003724:	781b      	ldrb	r3, [r3, #0]
10003726:	0020      	movs	r0, r4
10003728:	4699      	mov	r9, r3
1000372a:	4653      	mov	r3, sl
1000372c:	7899      	ldrb	r1, [r3, #2]
1000372e:	f000 fe03 	bl	10004338 <tu_edpt_validate>
10003732:	2800      	cmp	r0, #0
10003734:	d01c      	beq.n	10003770 <usbd_open_edpt_pair+0x74>
10003736:	0021      	movs	r1, r4
10003738:	4648      	mov	r0, r9
1000373a:	f7ff fa29 	bl	10002b90 <dcd_edpt_open>
1000373e:	2800      	cmp	r0, #0
10003740:	d016      	beq.n	10003770 <usbd_open_edpt_pair+0x74>
10003742:	78a3      	ldrb	r3, [r4, #2]
10003744:	09da      	lsrs	r2, r3, #7
10003746:	2a01      	cmp	r2, #1
10003748:	d019      	beq.n	1000377e <usbd_open_edpt_pair+0x82>
1000374a:	9a0a      	ldr	r2, [sp, #40]	; 0x28
1000374c:	3501      	adds	r5, #1
1000374e:	7013      	strb	r3, [r2, #0]
10003750:	7823      	ldrb	r3, [r4, #0]
10003752:	18e4      	adds	r4, r4, r3
10003754:	42b5      	cmp	r5, r6
10003756:	da19      	bge.n	1000378c <usbd_open_edpt_pair+0x90>
10003758:	7863      	ldrb	r3, [r4, #1]
1000375a:	2b05      	cmp	r3, #5
1000375c:	d108      	bne.n	10003770 <usbd_open_edpt_pair+0x74>
1000375e:	78e3      	ldrb	r3, [r4, #3]
10003760:	079b      	lsls	r3, r3, #30
10003762:	0f9b      	lsrs	r3, r3, #30
10003764:	42bb      	cmp	r3, r7
10003766:	d103      	bne.n	10003770 <usbd_open_edpt_pair+0x74>
10003768:	4642      	mov	r2, r8
1000376a:	78a3      	ldrb	r3, [r4, #2]
1000376c:	421a      	tst	r2, r3
1000376e:	d0d8      	beq.n	10003722 <usbd_open_edpt_pair+0x26>
10003770:	2000      	movs	r0, #0
10003772:	bcf0      	pop	{r4, r5, r6, r7}
10003774:	46bb      	mov	fp, r7
10003776:	46b2      	mov	sl, r6
10003778:	46a9      	mov	r9, r5
1000377a:	46a0      	mov	r8, r4
1000377c:	bdf8      	pop	{r3, r4, r5, r6, r7, pc}
1000377e:	9a0b      	ldr	r2, [sp, #44]	; 0x2c
10003780:	3501      	adds	r5, #1
10003782:	7013      	strb	r3, [r2, #0]
10003784:	7823      	ldrb	r3, [r4, #0]
10003786:	18e4      	adds	r4, r4, r3
10003788:	42b5      	cmp	r5, r6
1000378a:	dbe5      	blt.n	10003758 <usbd_open_edpt_pair+0x5c>
1000378c:	2001      	movs	r0, #1
1000378e:	e7f0      	b.n	10003772 <usbd_open_edpt_pair+0x76>
10003790:	200010e4 	.word	0x200010e4
10003794:	20001644 	.word	0x20001644

10003798 <usbd_edpt_open>:
10003798:	2270      	movs	r2, #112	; 0x70
1000379a:	b570      	push	{r4, r5, r6, lr}
1000379c:	788b      	ldrb	r3, [r1, #2]
1000379e:	000c      	movs	r4, r1
100037a0:	421a      	tst	r2, r3
100037a2:	d001      	beq.n	100037a8 <usbd_edpt_open+0x10>
100037a4:	2000      	movs	r0, #0
100037a6:	bd70      	pop	{r4, r5, r6, pc}
100037a8:	4b06      	ldr	r3, [pc, #24]	; (100037c4 <usbd_edpt_open+0x2c>)
100037aa:	0020      	movs	r0, r4
100037ac:	781d      	ldrb	r5, [r3, #0]
100037ae:	4b06      	ldr	r3, [pc, #24]	; (100037c8 <usbd_edpt_open+0x30>)
100037b0:	7899      	ldrb	r1, [r3, #2]
100037b2:	f000 fdc1 	bl	10004338 <tu_edpt_validate>
100037b6:	2800      	cmp	r0, #0
100037b8:	d0f4      	beq.n	100037a4 <usbd_edpt_open+0xc>
100037ba:	0021      	movs	r1, r4
100037bc:	0028      	movs	r0, r5
100037be:	f7ff f9e7 	bl	10002b90 <dcd_edpt_open>
100037c2:	e7f0      	b.n	100037a6 <usbd_edpt_open+0xe>
100037c4:	200010e4 	.word	0x200010e4
100037c8:	20001644 	.word	0x20001644

100037cc <usbd_edpt_claim>:
100037cc:	4b07      	ldr	r3, [pc, #28]	; (100037ec <usbd_edpt_claim+0x20>)
100037ce:	0008      	movs	r0, r1
100037d0:	6819      	ldr	r1, [r3, #0]
100037d2:	237f      	movs	r3, #127	; 0x7f
100037d4:	b510      	push	{r4, lr}
100037d6:	4003      	ands	r3, r0
100037d8:	09c0      	lsrs	r0, r0, #7
100037da:	005b      	lsls	r3, r3, #1
100037dc:	3034      	adds	r0, #52	; 0x34
100037de:	1818      	adds	r0, r3, r0
100037e0:	4b03      	ldr	r3, [pc, #12]	; (100037f0 <usbd_edpt_claim+0x24>)
100037e2:	1818      	adds	r0, r3, r0
100037e4:	f000 fd64 	bl	100042b0 <tu_edpt_claim>
100037e8:	bd10      	pop	{r4, pc}
100037ea:	46c0      	nop			; (mov r8, r8)
100037ec:	20001698 	.word	0x20001698
100037f0:	20001644 	.word	0x20001644

100037f4 <usbd_edpt_release>:
100037f4:	4b07      	ldr	r3, [pc, #28]	; (10003814 <usbd_edpt_release+0x20>)
100037f6:	0008      	movs	r0, r1
100037f8:	6819      	ldr	r1, [r3, #0]
100037fa:	237f      	movs	r3, #127	; 0x7f
100037fc:	b510      	push	{r4, lr}
100037fe:	4003      	ands	r3, r0
10003800:	09c0      	lsrs	r0, r0, #7
10003802:	005b      	lsls	r3, r3, #1
10003804:	3034      	adds	r0, #52	; 0x34
10003806:	1818      	adds	r0, r3, r0
10003808:	4b03      	ldr	r3, [pc, #12]	; (10003818 <usbd_edpt_release+0x24>)
1000380a:	1818      	adds	r0, r3, r0
1000380c:	f000 fd78 	bl	10004300 <tu_edpt_release>
10003810:	bd10      	pop	{r4, pc}
10003812:	46c0      	nop			; (mov r8, r8)
10003814:	20001698 	.word	0x20001698
10003818:	20001644 	.word	0x20001644

1000381c <usbd_edpt_xfer>:
1000381c:	207f      	movs	r0, #127	; 0x7f
1000381e:	b570      	push	{r4, r5, r6, lr}
10003820:	4008      	ands	r0, r1
10003822:	4c0f      	ldr	r4, [pc, #60]	; (10003860 <usbd_edpt_xfer+0x44>)
10003824:	0040      	lsls	r0, r0, #1
10003826:	09cd      	lsrs	r5, r1, #7
10003828:	1824      	adds	r4, r4, r0
1000382a:	1964      	adds	r4, r4, r5
1000382c:	3430      	adds	r4, #48	; 0x30
1000382e:	7925      	ldrb	r5, [r4, #4]
10003830:	2000      	movs	r0, #0
10003832:	07ed      	lsls	r5, r5, #31
10003834:	d500      	bpl.n	10003838 <usbd_edpt_xfer+0x1c>
10003836:	bd70      	pop	{r4, r5, r6, pc}
10003838:	2601      	movs	r6, #1
1000383a:	7925      	ldrb	r5, [r4, #4]
1000383c:	4809      	ldr	r0, [pc, #36]	; (10003864 <usbd_edpt_xfer+0x48>)
1000383e:	4335      	orrs	r5, r6
10003840:	7800      	ldrb	r0, [r0, #0]
10003842:	7125      	strb	r5, [r4, #4]
10003844:	f7ff fa32 	bl	10002cac <dcd_edpt_xfer>
10003848:	2800      	cmp	r0, #0
1000384a:	d1f4      	bne.n	10003836 <usbd_edpt_xfer+0x1a>
1000384c:	2201      	movs	r2, #1
1000384e:	7923      	ldrb	r3, [r4, #4]
10003850:	4393      	bics	r3, r2
10003852:	7123      	strb	r3, [r4, #4]
10003854:	7923      	ldrb	r3, [r4, #4]
10003856:	3203      	adds	r2, #3
10003858:	4393      	bics	r3, r2
1000385a:	7123      	strb	r3, [r4, #4]
1000385c:	e7eb      	b.n	10003836 <usbd_edpt_xfer+0x1a>
1000385e:	46c0      	nop			; (mov r8, r8)
10003860:	20001644 	.word	0x20001644
10003864:	200010e4 	.word	0x200010e4

10003868 <tud_control_status>:
10003868:	b570      	push	{r4, r5, r6, lr}
1000386a:	4e0a      	ldr	r6, [pc, #40]	; (10003894 <tud_control_status+0x2c>)
1000386c:	0005      	movs	r5, r0
1000386e:	0030      	movs	r0, r6
10003870:	2208      	movs	r2, #8
10003872:	000c      	movs	r4, r1
10003874:	f7fe fb9c 	bl	10001fb0 <__wrap___aeabi_memcpy>
10003878:	2300      	movs	r3, #0
1000387a:	217f      	movs	r1, #127	; 0x7f
1000387c:	60f3      	str	r3, [r6, #12]
1000387e:	7822      	ldrb	r2, [r4, #0]
10003880:	60b3      	str	r3, [r6, #8]
10003882:	4291      	cmp	r1, r2
10003884:	415b      	adcs	r3, r3
10003886:	0028      	movs	r0, r5
10003888:	01d9      	lsls	r1, r3, #7
1000388a:	2200      	movs	r2, #0
1000388c:	2300      	movs	r3, #0
1000388e:	f7ff ffc5 	bl	1000381c <usbd_edpt_xfer>
10003892:	bd70      	pop	{r4, r5, r6, pc}
10003894:	20001624 	.word	0x20001624

10003898 <tud_control_xfer>:
10003898:	b5f8      	push	{r3, r4, r5, r6, r7, lr}
1000389a:	46ce      	mov	lr, r9
1000389c:	4647      	mov	r7, r8
1000389e:	4691      	mov	r9, r2
100038a0:	4e2a      	ldr	r6, [pc, #168]	; (1000394c <tud_control_xfer+0xb4>)
100038a2:	b580      	push	{r7, lr}
100038a4:	2208      	movs	r2, #8
100038a6:	0007      	movs	r7, r0
100038a8:	0030      	movs	r0, r6
100038aa:	000d      	movs	r5, r1
100038ac:	4698      	mov	r8, r3
100038ae:	f7fe fb7f 	bl	10001fb0 <__wrap___aeabi_memcpy>
100038b2:	464b      	mov	r3, r9
100038b4:	60b3      	str	r3, [r6, #8]
100038b6:	2300      	movs	r3, #0
100038b8:	81f3      	strh	r3, [r6, #14]
100038ba:	79ec      	ldrb	r4, [r5, #7]
100038bc:	79a9      	ldrb	r1, [r5, #6]
100038be:	0224      	lsls	r4, r4, #8
100038c0:	430c      	orrs	r4, r1
100038c2:	1c23      	adds	r3, r4, #0
100038c4:	4544      	cmp	r4, r8
100038c6:	d900      	bls.n	100038ca <tud_control_xfer+0x32>
100038c8:	4643      	mov	r3, r8
100038ca:	b29a      	uxth	r2, r3
100038cc:	4690      	mov	r8, r2
100038ce:	81b3      	strh	r3, [r6, #12]
100038d0:	2c00      	cmp	r4, #0
100038d2:	d013      	beq.n	100038fc <tud_control_xfer+0x64>
100038d4:	2a00      	cmp	r2, #0
100038d6:	d01f      	beq.n	10003918 <tud_control_xfer+0x80>
100038d8:	464b      	mov	r3, r9
100038da:	2b00      	cmp	r3, #0
100038dc:	d034      	beq.n	10003948 <tud_control_xfer+0xb0>
100038de:	1c13      	adds	r3, r2, #0
100038e0:	2a40      	cmp	r2, #64	; 0x40
100038e2:	d81f      	bhi.n	10003924 <tud_control_xfer+0x8c>
100038e4:	b29b      	uxth	r3, r3
100038e6:	4698      	mov	r8, r3
100038e8:	7833      	ldrb	r3, [r6, #0]
100038ea:	2b7f      	cmp	r3, #127	; 0x7f
100038ec:	d820      	bhi.n	10003930 <tud_control_xfer+0x98>
100038ee:	2100      	movs	r1, #0
100038f0:	4a17      	ldr	r2, [pc, #92]	; (10003950 <tud_control_xfer+0xb8>)
100038f2:	4643      	mov	r3, r8
100038f4:	0038      	movs	r0, r7
100038f6:	f7ff ff91 	bl	1000381c <usbd_edpt_xfer>
100038fa:	e009      	b.n	10003910 <tud_control_xfer+0x78>
100038fc:	227f      	movs	r2, #127	; 0x7f
100038fe:	782b      	ldrb	r3, [r5, #0]
10003900:	0038      	movs	r0, r7
10003902:	429a      	cmp	r2, r3
10003904:	4164      	adcs	r4, r4
10003906:	2300      	movs	r3, #0
10003908:	2200      	movs	r2, #0
1000390a:	01e1      	lsls	r1, r4, #7
1000390c:	f7ff ff86 	bl	1000381c <usbd_edpt_xfer>
10003910:	bcc0      	pop	{r6, r7}
10003912:	46b9      	mov	r9, r7
10003914:	46b0      	mov	r8, r6
10003916:	bdf8      	pop	{r3, r4, r5, r6, r7, pc}
10003918:	7833      	ldrb	r3, [r6, #0]
1000391a:	2b7f      	cmp	r3, #127	; 0x7f
1000391c:	d911      	bls.n	10003942 <tud_control_xfer+0xaa>
1000391e:	2180      	movs	r1, #128	; 0x80
10003920:	2200      	movs	r2, #0
10003922:	e7e6      	b.n	100038f2 <tud_control_xfer+0x5a>
10003924:	2340      	movs	r3, #64	; 0x40
10003926:	b29b      	uxth	r3, r3
10003928:	4698      	mov	r8, r3
1000392a:	7833      	ldrb	r3, [r6, #0]
1000392c:	2b7f      	cmp	r3, #127	; 0x7f
1000392e:	d9de      	bls.n	100038ee <tud_control_xfer+0x56>
10003930:	4c07      	ldr	r4, [pc, #28]	; (10003950 <tud_control_xfer+0xb8>)
10003932:	4642      	mov	r2, r8
10003934:	4649      	mov	r1, r9
10003936:	0020      	movs	r0, r4
10003938:	f7fe fb3a 	bl	10001fb0 <__wrap___aeabi_memcpy>
1000393c:	2180      	movs	r1, #128	; 0x80
1000393e:	0022      	movs	r2, r4
10003940:	e7d7      	b.n	100038f2 <tud_control_xfer+0x5a>
10003942:	2100      	movs	r1, #0
10003944:	2200      	movs	r2, #0
10003946:	e7d4      	b.n	100038f2 <tud_control_xfer+0x5a>
10003948:	2000      	movs	r0, #0
1000394a:	e7e1      	b.n	10003910 <tud_control_xfer+0x78>
1000394c:	20001624 	.word	0x20001624
10003950:	200015e4 	.word	0x200015e4

10003954 <usbd_control_reset>:
10003954:	b510      	push	{r4, lr}
10003956:	2214      	movs	r2, #20
10003958:	2100      	movs	r1, #0
1000395a:	4802      	ldr	r0, [pc, #8]	; (10003964 <usbd_control_reset+0x10>)
1000395c:	f7fe fb22 	bl	10001fa4 <__wrap_memset>
10003960:	bd10      	pop	{r4, pc}
10003962:	46c0      	nop			; (mov r8, r8)
10003964:	20001624 	.word	0x20001624

10003968 <usbd_control_set_complete_callback>:
10003968:	4b01      	ldr	r3, [pc, #4]	; (10003970 <usbd_control_set_complete_callback+0x8>)
1000396a:	6118      	str	r0, [r3, #16]
1000396c:	4770      	bx	lr
1000396e:	46c0      	nop			; (mov r8, r8)
10003970:	20001624 	.word	0x20001624

10003974 <usbd_control_set_request>:
10003974:	b510      	push	{r4, lr}
10003976:	4c05      	ldr	r4, [pc, #20]	; (1000398c <usbd_control_set_request+0x18>)
10003978:	0001      	movs	r1, r0
1000397a:	2208      	movs	r2, #8
1000397c:	0020      	movs	r0, r4
1000397e:	f7fe fb17 	bl	10001fb0 <__wrap___aeabi_memcpy>
10003982:	2300      	movs	r3, #0
10003984:	60a3      	str	r3, [r4, #8]
10003986:	60e3      	str	r3, [r4, #12]
10003988:	bd10      	pop	{r4, pc}
1000398a:	46c0      	nop			; (mov r8, r8)
1000398c:	20001624 	.word	0x20001624

10003990 <usbd_control_xfer_cb>:
10003990:	b5f8      	push	{r3, r4, r5, r6, r7, lr}
10003992:	4c39      	ldr	r4, [pc, #228]	; (10003a78 <usbd_control_xfer_cb+0xe8>)
10003994:	001d      	movs	r5, r3
10003996:	7823      	ldrb	r3, [r4, #0]
10003998:	0006      	movs	r6, r0
1000399a:	09da      	lsrs	r2, r3, #7
1000399c:	09c9      	lsrs	r1, r1, #7
1000399e:	428a      	cmp	r2, r1
100039a0:	d010      	beq.n	100039c4 <usbd_control_xfer_cb+0x34>
100039a2:	2000      	movs	r0, #0
100039a4:	2d00      	cmp	r5, #0
100039a6:	d000      	beq.n	100039aa <usbd_control_xfer_cb+0x1a>
100039a8:	bdf8      	pop	{r3, r4, r5, r6, r7, pc}
100039aa:	0021      	movs	r1, r4
100039ac:	0030      	movs	r0, r6
100039ae:	f7ff f8e1 	bl	10002b74 <dcd_edpt0_status_complete>
100039b2:	6923      	ldr	r3, [r4, #16]
100039b4:	2b00      	cmp	r3, #0
100039b6:	d042      	beq.n	10003a3e <usbd_control_xfer_cb+0xae>
100039b8:	0022      	movs	r2, r4
100039ba:	2103      	movs	r1, #3
100039bc:	0030      	movs	r0, r6
100039be:	4798      	blx	r3
100039c0:	2001      	movs	r0, #1
100039c2:	e7f1      	b.n	100039a8 <usbd_control_xfer_cb+0x18>
100039c4:	2b7f      	cmp	r3, #127	; 0x7f
100039c6:	d806      	bhi.n	100039d6 <usbd_control_xfer_cb+0x46>
100039c8:	68a0      	ldr	r0, [r4, #8]
100039ca:	2800      	cmp	r0, #0
100039cc:	d039      	beq.n	10003a42 <usbd_control_xfer_cb+0xb2>
100039ce:	002a      	movs	r2, r5
100039d0:	492a      	ldr	r1, [pc, #168]	; (10003a7c <usbd_control_xfer_cb+0xec>)
100039d2:	f7fe faed 	bl	10001fb0 <__wrap___aeabi_memcpy>
100039d6:	68a3      	ldr	r3, [r4, #8]
100039d8:	89e2      	ldrh	r2, [r4, #14]
100039da:	1959      	adds	r1, r3, r5
100039dc:	1952      	adds	r2, r2, r5
100039de:	88e3      	ldrh	r3, [r4, #6]
100039e0:	b292      	uxth	r2, r2
100039e2:	81e2      	strh	r2, [r4, #14]
100039e4:	60a1      	str	r1, [r4, #8]
100039e6:	4293      	cmp	r3, r2
100039e8:	d014      	beq.n	10003a14 <usbd_control_xfer_cb+0x84>
100039ea:	2d3f      	cmp	r5, #63	; 0x3f
100039ec:	d912      	bls.n	10003a14 <usbd_control_xfer_cb+0x84>
100039ee:	89a5      	ldrh	r5, [r4, #12]
100039f0:	1aa8      	subs	r0, r5, r2
100039f2:	1c07      	adds	r7, r0, #0
100039f4:	b280      	uxth	r0, r0
100039f6:	2840      	cmp	r0, #64	; 0x40
100039f8:	d82f      	bhi.n	10003a5a <usbd_control_xfer_cb+0xca>
100039fa:	7823      	ldrb	r3, [r4, #0]
100039fc:	b2bf      	uxth	r7, r7
100039fe:	2b7f      	cmp	r3, #127	; 0x7f
10003a00:	d82d      	bhi.n	10003a5e <usbd_control_xfer_cb+0xce>
10003a02:	2100      	movs	r1, #0
10003a04:	42aa      	cmp	r2, r5
10003a06:	d035      	beq.n	10003a74 <usbd_control_xfer_cb+0xe4>
10003a08:	4a1c      	ldr	r2, [pc, #112]	; (10003a7c <usbd_control_xfer_cb+0xec>)
10003a0a:	003b      	movs	r3, r7
10003a0c:	0030      	movs	r0, r6
10003a0e:	f7ff ff05 	bl	1000381c <usbd_edpt_xfer>
10003a12:	e7c9      	b.n	100039a8 <usbd_control_xfer_cb+0x18>
10003a14:	6923      	ldr	r3, [r4, #16]
10003a16:	2b00      	cmp	r3, #0
10003a18:	d005      	beq.n	10003a26 <usbd_control_xfer_cb+0x96>
10003a1a:	0022      	movs	r2, r4
10003a1c:	2102      	movs	r1, #2
10003a1e:	0030      	movs	r0, r6
10003a20:	4798      	blx	r3
10003a22:	2800      	cmp	r0, #0
10003a24:	d00f      	beq.n	10003a46 <usbd_control_xfer_cb+0xb6>
10003a26:	227f      	movs	r2, #127	; 0x7f
10003a28:	2100      	movs	r1, #0
10003a2a:	7823      	ldrb	r3, [r4, #0]
10003a2c:	0030      	movs	r0, r6
10003a2e:	429a      	cmp	r2, r3
10003a30:	4149      	adcs	r1, r1
10003a32:	2300      	movs	r3, #0
10003a34:	2200      	movs	r2, #0
10003a36:	01c9      	lsls	r1, r1, #7
10003a38:	f7ff fef0 	bl	1000381c <usbd_edpt_xfer>
10003a3c:	e7b4      	b.n	100039a8 <usbd_control_xfer_cb+0x18>
10003a3e:	2001      	movs	r0, #1
10003a40:	e7b2      	b.n	100039a8 <usbd_control_xfer_cb+0x18>
10003a42:	2000      	movs	r0, #0
10003a44:	e7b0      	b.n	100039a8 <usbd_control_xfer_cb+0x18>
10003a46:	2100      	movs	r1, #0
10003a48:	0030      	movs	r0, r6
10003a4a:	f7ff f941 	bl	10002cd0 <dcd_edpt_stall>
10003a4e:	0030      	movs	r0, r6
10003a50:	2180      	movs	r1, #128	; 0x80
10003a52:	f7ff f93d 	bl	10002cd0 <dcd_edpt_stall>
10003a56:	2001      	movs	r0, #1
10003a58:	e7a6      	b.n	100039a8 <usbd_control_xfer_cb+0x18>
10003a5a:	2740      	movs	r7, #64	; 0x40
10003a5c:	e7cd      	b.n	100039fa <usbd_control_xfer_cb+0x6a>
10003a5e:	42aa      	cmp	r2, r5
10003a60:	d007      	beq.n	10003a72 <usbd_control_xfer_cb+0xe2>
10003a62:	4c06      	ldr	r4, [pc, #24]	; (10003a7c <usbd_control_xfer_cb+0xec>)
10003a64:	003a      	movs	r2, r7
10003a66:	0020      	movs	r0, r4
10003a68:	f7fe faa2 	bl	10001fb0 <__wrap___aeabi_memcpy>
10003a6c:	2180      	movs	r1, #128	; 0x80
10003a6e:	0022      	movs	r2, r4
10003a70:	e7cb      	b.n	10003a0a <usbd_control_xfer_cb+0x7a>
10003a72:	2180      	movs	r1, #128	; 0x80
10003a74:	2200      	movs	r2, #0
10003a76:	e7c8      	b.n	10003a0a <usbd_control_xfer_cb+0x7a>
10003a78:	20001624 	.word	0x20001624
10003a7c:	200015e4 	.word	0x200015e4

10003a80 <_prep_out_transaction.isra.0>:
10003a80:	b570      	push	{r4, r5, r6, lr}
10003a82:	0005      	movs	r5, r0
10003a84:	f7ff f9b0 	bl	10002de8 <tud_mounted>
10003a88:	2800      	cmp	r0, #0
10003a8a:	d100      	bne.n	10003a8e <_prep_out_transaction.isra.0+0xe>
10003a8c:	bd70      	pop	{r4, r5, r6, pc}
10003a8e:	f7ff f9b3 	bl	10002df8 <tud_suspended>
10003a92:	2800      	cmp	r0, #0
10003a94:	d1fa      	bne.n	10003a8c <_prep_out_transaction.isra.0+0xc>
10003a96:	23c8      	movs	r3, #200	; 0xc8
10003a98:	436b      	muls	r3, r5
10003a9a:	4a12      	ldr	r2, [pc, #72]	; (10003ae4 <_prep_out_transaction.isra.0+0x64>)
10003a9c:	18d6      	adds	r6, r2, r3
10003a9e:	78f1      	ldrb	r1, [r6, #3]
10003aa0:	2900      	cmp	r1, #0
10003aa2:	d0f3      	beq.n	10003a8c <_prep_out_transaction.isra.0+0xc>
10003aa4:	3310      	adds	r3, #16
10003aa6:	189c      	adds	r4, r3, r2
10003aa8:	0020      	movs	r0, r4
10003aaa:	f000 fdf5 	bl	10004698 <tu_fifo_remaining>
10003aae:	283f      	cmp	r0, #63	; 0x3f
10003ab0:	d9ec      	bls.n	10003a8c <_prep_out_transaction.isra.0+0xc>
10003ab2:	2000      	movs	r0, #0
10003ab4:	78f1      	ldrb	r1, [r6, #3]
10003ab6:	f7ff fe89 	bl	100037cc <usbd_edpt_claim>
10003aba:	2800      	cmp	r0, #0
10003abc:	d0e6      	beq.n	10003a8c <_prep_out_transaction.isra.0+0xc>
10003abe:	0020      	movs	r0, r4
10003ac0:	f000 fdea 	bl	10004698 <tu_fifo_remaining>
10003ac4:	283f      	cmp	r0, #63	; 0x3f
10003ac6:	d908      	bls.n	10003ada <_prep_out_transaction.isra.0+0x5a>
10003ac8:	01ea      	lsls	r2, r5, #7
10003aca:	4d07      	ldr	r5, [pc, #28]	; (10003ae8 <_prep_out_transaction.isra.0+0x68>)
10003acc:	2340      	movs	r3, #64	; 0x40
10003ace:	78f1      	ldrb	r1, [r6, #3]
10003ad0:	1952      	adds	r2, r2, r5
10003ad2:	2000      	movs	r0, #0
10003ad4:	f7ff fea2 	bl	1000381c <usbd_edpt_xfer>
10003ad8:	e7d8      	b.n	10003a8c <_prep_out_transaction.isra.0+0xc>
10003ada:	78f1      	ldrb	r1, [r6, #3]
10003adc:	2000      	movs	r0, #0
10003ade:	f7ff fe89 	bl	100037f4 <usbd_edpt_release>
10003ae2:	e7d3      	b.n	10003a8c <_prep_out_transaction.isra.0+0xc>
10003ae4:	2000151c 	.word	0x2000151c
10003ae8:	20001498 	.word	0x20001498

10003aec <tud_cdc_n_connected>:
10003aec:	b510      	push	{r4, lr}
10003aee:	0004      	movs	r4, r0
10003af0:	f7ff f97a 	bl	10002de8 <tud_mounted>
10003af4:	2800      	cmp	r0, #0
10003af6:	d101      	bne.n	10003afc <tud_cdc_n_connected+0x10>
10003af8:	2000      	movs	r0, #0
10003afa:	bd10      	pop	{r4, pc}
10003afc:	f7ff f97c 	bl	10002df8 <tud_suspended>
10003b00:	2800      	cmp	r0, #0
10003b02:	d1f9      	bne.n	10003af8 <tud_cdc_n_connected+0xc>
10003b04:	30c8      	adds	r0, #200	; 0xc8
10003b06:	4344      	muls	r4, r0
10003b08:	4802      	ldr	r0, [pc, #8]	; (10003b14 <tud_cdc_n_connected+0x28>)
10003b0a:	1900      	adds	r0, r0, r4
10003b0c:	7903      	ldrb	r3, [r0, #4]
10003b0e:	2001      	movs	r0, #1
10003b10:	4018      	ands	r0, r3
10003b12:	e7f2      	b.n	10003afa <tud_cdc_n_connected+0xe>
10003b14:	2000151c 	.word	0x2000151c

10003b18 <tud_cdc_n_available>:
10003b18:	23c8      	movs	r3, #200	; 0xc8
10003b1a:	4358      	muls	r0, r3
10003b1c:	b510      	push	{r4, lr}
10003b1e:	4b03      	ldr	r3, [pc, #12]	; (10003b2c <tud_cdc_n_available+0x14>)
10003b20:	3010      	adds	r0, #16
10003b22:	18c0      	adds	r0, r0, r3
10003b24:	f000 fd9a 	bl	1000465c <tu_fifo_count>
10003b28:	bd10      	pop	{r4, pc}
10003b2a:	46c0      	nop			; (mov r8, r8)
10003b2c:	2000151c 	.word	0x2000151c

10003b30 <tud_cdc_n_read>:
10003b30:	b5f0      	push	{r4, r5, r6, r7, lr}
10003b32:	24c8      	movs	r4, #200	; 0xc8
10003b34:	46c6      	mov	lr, r8
10003b36:	4344      	muls	r4, r0
10003b38:	4f1e      	ldr	r7, [pc, #120]	; (10003bb4 <tud_cdc_n_read+0x84>)
10003b3a:	4b1f      	ldr	r3, [pc, #124]	; (10003bb8 <tud_cdc_n_read+0x88>)
10003b3c:	3410      	adds	r4, #16
10003b3e:	0005      	movs	r5, r0
10003b40:	b500      	push	{lr}
10003b42:	193c      	adds	r4, r7, r4
10003b44:	429a      	cmp	r2, r3
10003b46:	d900      	bls.n	10003b4a <tud_cdc_n_read+0x1a>
10003b48:	4a1c      	ldr	r2, [pc, #112]	; (10003bbc <tud_cdc_n_read+0x8c>)
10003b4a:	0020      	movs	r0, r4
10003b4c:	b292      	uxth	r2, r2
10003b4e:	f000 fe09 	bl	10004764 <tu_fifo_read_n>
10003b52:	4680      	mov	r8, r0
10003b54:	f7ff f948 	bl	10002de8 <tud_mounted>
10003b58:	2800      	cmp	r0, #0
10003b5a:	d103      	bne.n	10003b64 <tud_cdc_n_read+0x34>
10003b5c:	4640      	mov	r0, r8
10003b5e:	bc80      	pop	{r7}
10003b60:	46b8      	mov	r8, r7
10003b62:	bdf0      	pop	{r4, r5, r6, r7, pc}
10003b64:	f7ff f948 	bl	10002df8 <tud_suspended>
10003b68:	2800      	cmp	r0, #0
10003b6a:	d1f7      	bne.n	10003b5c <tud_cdc_n_read+0x2c>
10003b6c:	26c8      	movs	r6, #200	; 0xc8
10003b6e:	436e      	muls	r6, r5
10003b70:	19be      	adds	r6, r7, r6
10003b72:	78f3      	ldrb	r3, [r6, #3]
10003b74:	2b00      	cmp	r3, #0
10003b76:	d0f1      	beq.n	10003b5c <tud_cdc_n_read+0x2c>
10003b78:	0020      	movs	r0, r4
10003b7a:	f000 fd8d 	bl	10004698 <tu_fifo_remaining>
10003b7e:	283f      	cmp	r0, #63	; 0x3f
10003b80:	d9ec      	bls.n	10003b5c <tud_cdc_n_read+0x2c>
10003b82:	2000      	movs	r0, #0
10003b84:	78f1      	ldrb	r1, [r6, #3]
10003b86:	f7ff fe21 	bl	100037cc <usbd_edpt_claim>
10003b8a:	2800      	cmp	r0, #0
10003b8c:	d0e6      	beq.n	10003b5c <tud_cdc_n_read+0x2c>
10003b8e:	0020      	movs	r0, r4
10003b90:	f000 fd82 	bl	10004698 <tu_fifo_remaining>
10003b94:	283f      	cmp	r0, #63	; 0x3f
10003b96:	d908      	bls.n	10003baa <tud_cdc_n_read+0x7a>
10003b98:	01ea      	lsls	r2, r5, #7
10003b9a:	4d09      	ldr	r5, [pc, #36]	; (10003bc0 <tud_cdc_n_read+0x90>)
10003b9c:	2340      	movs	r3, #64	; 0x40
10003b9e:	78f1      	ldrb	r1, [r6, #3]
10003ba0:	1952      	adds	r2, r2, r5
10003ba2:	2000      	movs	r0, #0
10003ba4:	f7ff fe3a 	bl	1000381c <usbd_edpt_xfer>
10003ba8:	e7d8      	b.n	10003b5c <tud_cdc_n_read+0x2c>
10003baa:	78f1      	ldrb	r1, [r6, #3]
10003bac:	2000      	movs	r0, #0
10003bae:	f7ff fe21 	bl	100037f4 <usbd_edpt_release>
10003bb2:	e7d3      	b.n	10003b5c <tud_cdc_n_read+0x2c>
10003bb4:	2000151c 	.word	0x2000151c
10003bb8:	0000fffe 	.word	0x0000fffe
10003bbc:	0000ffff 	.word	0x0000ffff
10003bc0:	20001498 	.word	0x20001498

10003bc4 <tud_cdc_n_write_flush>:
10003bc4:	b5f8      	push	{r3, r4, r5, r6, r7, lr}
10003bc6:	0006      	movs	r6, r0
10003bc8:	f7ff f90e 	bl	10002de8 <tud_mounted>
10003bcc:	2800      	cmp	r0, #0
10003bce:	d101      	bne.n	10003bd4 <tud_cdc_n_write_flush+0x10>
10003bd0:	2000      	movs	r0, #0
10003bd2:	bdf8      	pop	{r3, r4, r5, r6, r7, pc}
10003bd4:	f7ff f910 	bl	10002df8 <tud_suspended>
10003bd8:	2800      	cmp	r0, #0
10003bda:	d1f9      	bne.n	10003bd0 <tud_cdc_n_write_flush+0xc>
10003bdc:	24c8      	movs	r4, #200	; 0xc8
10003bde:	4374      	muls	r4, r6
10003be0:	0025      	movs	r5, r4
10003be2:	4f14      	ldr	r7, [pc, #80]	; (10003c34 <tud_cdc_n_write_flush+0x70>)
10003be4:	3524      	adds	r5, #36	; 0x24
10003be6:	19ed      	adds	r5, r5, r7
10003be8:	0028      	movs	r0, r5
10003bea:	f000 fd37 	bl	1000465c <tu_fifo_count>
10003bee:	2800      	cmp	r0, #0
10003bf0:	d0ee      	beq.n	10003bd0 <tud_cdc_n_write_flush+0xc>
10003bf2:	193f      	adds	r7, r7, r4
10003bf4:	2000      	movs	r0, #0
10003bf6:	78b9      	ldrb	r1, [r7, #2]
10003bf8:	f7ff fde8 	bl	100037cc <usbd_edpt_claim>
10003bfc:	2800      	cmp	r0, #0
10003bfe:	d0e7      	beq.n	10003bd0 <tud_cdc_n_write_flush+0xc>
10003c00:	480d      	ldr	r0, [pc, #52]	; (10003c38 <tud_cdc_n_write_flush+0x74>)
10003c02:	01f6      	lsls	r6, r6, #7
10003c04:	3640      	adds	r6, #64	; 0x40
10003c06:	1836      	adds	r6, r6, r0
10003c08:	0031      	movs	r1, r6
10003c0a:	2240      	movs	r2, #64	; 0x40
10003c0c:	0028      	movs	r0, r5
10003c0e:	f000 fda9 	bl	10004764 <tu_fifo_read_n>
10003c12:	78b9      	ldrb	r1, [r7, #2]
10003c14:	1e04      	subs	r4, r0, #0
10003c16:	d008      	beq.n	10003c2a <tud_cdc_n_write_flush+0x66>
10003c18:	0003      	movs	r3, r0
10003c1a:	0032      	movs	r2, r6
10003c1c:	2000      	movs	r0, #0
10003c1e:	f7ff fdfd 	bl	1000381c <usbd_edpt_xfer>
10003c22:	2800      	cmp	r0, #0
10003c24:	d0d4      	beq.n	10003bd0 <tud_cdc_n_write_flush+0xc>
10003c26:	0020      	movs	r0, r4
10003c28:	e7d3      	b.n	10003bd2 <tud_cdc_n_write_flush+0xe>
10003c2a:	2000      	movs	r0, #0
10003c2c:	f7ff fde2 	bl	100037f4 <usbd_edpt_release>
10003c30:	e7ce      	b.n	10003bd0 <tud_cdc_n_write_flush+0xc>
10003c32:	46c0      	nop			; (mov r8, r8)
10003c34:	2000151c 	.word	0x2000151c
10003c38:	20001498 	.word	0x20001498

10003c3c <tud_cdc_n_write>:
10003c3c:	b570      	push	{r4, r5, r6, lr}
10003c3e:	24c8      	movs	r4, #200	; 0xc8
10003c40:	4344      	muls	r4, r0
10003c42:	4b0c      	ldr	r3, [pc, #48]	; (10003c74 <tud_cdc_n_write+0x38>)
10003c44:	3424      	adds	r4, #36	; 0x24
10003c46:	18e4      	adds	r4, r4, r3
10003c48:	4b0b      	ldr	r3, [pc, #44]	; (10003c78 <tud_cdc_n_write+0x3c>)
10003c4a:	0005      	movs	r5, r0
10003c4c:	429a      	cmp	r2, r3
10003c4e:	d900      	bls.n	10003c52 <tud_cdc_n_write+0x16>
10003c50:	4a0a      	ldr	r2, [pc, #40]	; (10003c7c <tud_cdc_n_write+0x40>)
10003c52:	0020      	movs	r0, r4
10003c54:	b292      	uxth	r2, r2
10003c56:	f000 fe3f 	bl	100048d8 <tu_fifo_write_n>
10003c5a:	0006      	movs	r6, r0
10003c5c:	0020      	movs	r0, r4
10003c5e:	f000 fcfd 	bl	1000465c <tu_fifo_count>
10003c62:	283f      	cmp	r0, #63	; 0x3f
10003c64:	d801      	bhi.n	10003c6a <tud_cdc_n_write+0x2e>
10003c66:	0030      	movs	r0, r6
10003c68:	bd70      	pop	{r4, r5, r6, pc}
10003c6a:	0028      	movs	r0, r5
10003c6c:	f7ff ffaa 	bl	10003bc4 <tud_cdc_n_write_flush>
10003c70:	e7f9      	b.n	10003c66 <tud_cdc_n_write+0x2a>
10003c72:	46c0      	nop			; (mov r8, r8)
10003c74:	2000151c 	.word	0x2000151c
10003c78:	0000fffe 	.word	0x0000fffe
10003c7c:	0000ffff 	.word	0x0000ffff

10003c80 <tud_cdc_n_write_available>:
10003c80:	23c8      	movs	r3, #200	; 0xc8
10003c82:	4358      	muls	r0, r3
10003c84:	b510      	push	{r4, lr}
10003c86:	4b03      	ldr	r3, [pc, #12]	; (10003c94 <tud_cdc_n_write_available+0x14>)
10003c88:	3024      	adds	r0, #36	; 0x24
10003c8a:	18c0      	adds	r0, r0, r3
10003c8c:	f000 fd04 	bl	10004698 <tu_fifo_remaining>
10003c90:	bd10      	pop	{r4, pc}
10003c92:	46c0      	nop			; (mov r8, r8)
10003c94:	2000151c 	.word	0x2000151c

10003c98 <cdcd_init>:
10003c98:	b5f0      	push	{r4, r5, r6, r7, lr}
10003c9a:	2500      	movs	r5, #0
10003c9c:	4c18      	ldr	r4, [pc, #96]	; (10003d00 <cdcd_init+0x68>)
10003c9e:	b083      	sub	sp, #12
10003ca0:	22c8      	movs	r2, #200	; 0xc8
10003ca2:	2100      	movs	r1, #0
10003ca4:	0020      	movs	r0, r4
10003ca6:	f7fe f97d 	bl	10001fa4 <__wrap_memset>
10003caa:	4b16      	ldr	r3, [pc, #88]	; (10003d04 <cdcd_init+0x6c>)
10003cac:	0021      	movs	r1, r4
10003cae:	701d      	strb	r5, [r3, #0]
10003cb0:	23ff      	movs	r3, #255	; 0xff
10003cb2:	7163      	strb	r3, [r4, #5]
10003cb4:	23e1      	movs	r3, #225	; 0xe1
10003cb6:	025b      	lsls	r3, r3, #9
10003cb8:	60a3      	str	r3, [r4, #8]
10003cba:	0020      	movs	r0, r4
10003cbc:	2308      	movs	r3, #8
10003cbe:	2240      	movs	r2, #64	; 0x40
10003cc0:	73a3      	strb	r3, [r4, #14]
10003cc2:	3138      	adds	r1, #56	; 0x38
10003cc4:	9500      	str	r5, [sp, #0]
10003cc6:	3b07      	subs	r3, #7
10003cc8:	3010      	adds	r0, #16
10003cca:	f000 fc8f 	bl	100045ec <tu_fifo_config>
10003cce:	0027      	movs	r7, r4
10003cd0:	2301      	movs	r3, #1
10003cd2:	0021      	movs	r1, r4
10003cd4:	0020      	movs	r0, r4
10003cd6:	0026      	movs	r6, r4
10003cd8:	2240      	movs	r2, #64	; 0x40
10003cda:	3178      	adds	r1, #120	; 0x78
10003cdc:	9300      	str	r3, [sp, #0]
10003cde:	37b8      	adds	r7, #184	; 0xb8
10003ce0:	3024      	adds	r0, #36	; 0x24
10003ce2:	f000 fc83 	bl	100045ec <tu_fifo_config>
10003ce6:	36c0      	adds	r6, #192	; 0xc0
10003ce8:	0038      	movs	r0, r7
10003cea:	f7fd f8dd 	bl	10000ea8 <mutex_init>
10003cee:	0030      	movs	r0, r6
10003cf0:	f7fd f8da 	bl	10000ea8 <mutex_init>
10003cf4:	61e5      	str	r5, [r4, #28]
10003cf6:	6227      	str	r7, [r4, #32]
10003cf8:	6326      	str	r6, [r4, #48]	; 0x30
10003cfa:	6365      	str	r5, [r4, #52]	; 0x34
10003cfc:	b003      	add	sp, #12
10003cfe:	bdf0      	pop	{r4, r5, r6, r7, pc}
10003d00:	2000151c 	.word	0x2000151c
10003d04:	20001518 	.word	0x20001518

10003d08 <cdcd_deinit>:
10003d08:	4b07      	ldr	r3, [pc, #28]	; (10003d28 <cdcd_deinit+0x20>)
10003d0a:	6a1a      	ldr	r2, [r3, #32]
10003d0c:	6b19      	ldr	r1, [r3, #48]	; 0x30
10003d0e:	2a00      	cmp	r2, #0
10003d10:	d002      	beq.n	10003d18 <cdcd_deinit+0x10>
10003d12:	2200      	movs	r2, #0
10003d14:	61da      	str	r2, [r3, #28]
10003d16:	621a      	str	r2, [r3, #32]
10003d18:	2900      	cmp	r1, #0
10003d1a:	d002      	beq.n	10003d22 <cdcd_deinit+0x1a>
10003d1c:	2200      	movs	r2, #0
10003d1e:	631a      	str	r2, [r3, #48]	; 0x30
10003d20:	635a      	str	r2, [r3, #52]	; 0x34
10003d22:	2001      	movs	r0, #1
10003d24:	4770      	bx	lr
10003d26:	46c0      	nop			; (mov r8, r8)
10003d28:	2000151c 	.word	0x2000151c

10003d2c <cdcd_reset>:
10003d2c:	b570      	push	{r4, r5, r6, lr}
10003d2e:	4c0f      	ldr	r4, [pc, #60]	; (10003d6c <cdcd_reset+0x40>)
10003d30:	2205      	movs	r2, #5
10003d32:	2100      	movs	r1, #0
10003d34:	0020      	movs	r0, r4
10003d36:	f7fe f935 	bl	10001fa4 <__wrap_memset>
10003d3a:	4d0d      	ldr	r5, [pc, #52]	; (10003d70 <cdcd_reset+0x44>)
10003d3c:	782b      	ldrb	r3, [r5, #0]
10003d3e:	07da      	lsls	r2, r3, #31
10003d40:	d507      	bpl.n	10003d52 <cdcd_reset+0x26>
10003d42:	4c0c      	ldr	r4, [pc, #48]	; (10003d74 <cdcd_reset+0x48>)
10003d44:	079b      	lsls	r3, r3, #30
10003d46:	d50c      	bpl.n	10003d62 <cdcd_reset+0x36>
10003d48:	2101      	movs	r1, #1
10003d4a:	0020      	movs	r0, r4
10003d4c:	f000 fe98 	bl	10004a80 <tu_fifo_set_overwritable>
10003d50:	bd70      	pop	{r4, r5, r6, pc}
10003d52:	0020      	movs	r0, r4
10003d54:	3010      	adds	r0, #16
10003d56:	f000 fe73 	bl	10004a40 <tu_fifo_clear>
10003d5a:	782b      	ldrb	r3, [r5, #0]
10003d5c:	4c05      	ldr	r4, [pc, #20]	; (10003d74 <cdcd_reset+0x48>)
10003d5e:	079b      	lsls	r3, r3, #30
10003d60:	d4f2      	bmi.n	10003d48 <cdcd_reset+0x1c>
10003d62:	0020      	movs	r0, r4
10003d64:	f000 fe6c 	bl	10004a40 <tu_fifo_clear>
10003d68:	e7ee      	b.n	10003d48 <cdcd_reset+0x1c>
10003d6a:	46c0      	nop			; (mov r8, r8)
10003d6c:	2000151c 	.word	0x2000151c
10003d70:	20001518 	.word	0x20001518
10003d74:	20001540 	.word	0x20001540

10003d78 <cdcd_open>:
10003d78:	b5f0      	push	{r4, r5, r6, r7, lr}
10003d7a:	794b      	ldrb	r3, [r1, #5]
10003d7c:	0006      	movs	r6, r0
10003d7e:	b083      	sub	sp, #12
10003d80:	2b02      	cmp	r3, #2
10003d82:	d102      	bne.n	10003d8a <cdcd_open+0x12>
10003d84:	798b      	ldrb	r3, [r1, #6]
10003d86:	2b02      	cmp	r3, #2
10003d88:	d003      	beq.n	10003d92 <cdcd_open+0x1a>
10003d8a:	2500      	movs	r5, #0
10003d8c:	0028      	movs	r0, r5
10003d8e:	b003      	add	sp, #12
10003d90:	bdf0      	pop	{r4, r5, r6, r7, pc}
10003d92:	4f21      	ldr	r7, [pc, #132]	; (10003e18 <cdcd_open+0xa0>)
10003d94:	78bb      	ldrb	r3, [r7, #2]
10003d96:	2b00      	cmp	r3, #0
10003d98:	d1f7      	bne.n	10003d8a <cdcd_open+0x12>
10003d9a:	788b      	ldrb	r3, [r1, #2]
10003d9c:	2509      	movs	r5, #9
10003d9e:	703b      	strb	r3, [r7, #0]
10003da0:	780c      	ldrb	r4, [r1, #0]
10003da2:	190c      	adds	r4, r1, r4
10003da4:	7863      	ldrb	r3, [r4, #1]
10003da6:	2b24      	cmp	r3, #36	; 0x24
10003da8:	d10b      	bne.n	10003dc2 <cdcd_open+0x4a>
10003daa:	2a08      	cmp	r2, #8
10003dac:	d802      	bhi.n	10003db4 <cdcd_open+0x3c>
10003dae:	e00f      	b.n	10003dd0 <cdcd_open+0x58>
10003db0:	42aa      	cmp	r2, r5
10003db2:	d30d      	bcc.n	10003dd0 <cdcd_open+0x58>
10003db4:	7823      	ldrb	r3, [r4, #0]
10003db6:	18e4      	adds	r4, r4, r3
10003db8:	18ed      	adds	r5, r5, r3
10003dba:	7863      	ldrb	r3, [r4, #1]
10003dbc:	b2ad      	uxth	r5, r5
10003dbe:	2b24      	cmp	r3, #36	; 0x24
10003dc0:	d0f6      	beq.n	10003db0 <cdcd_open+0x38>
10003dc2:	2b05      	cmp	r3, #5
10003dc4:	d008      	beq.n	10003dd8 <cdcd_open+0x60>
10003dc6:	2b04      	cmp	r3, #4
10003dc8:	d102      	bne.n	10003dd0 <cdcd_open+0x58>
10003dca:	7963      	ldrb	r3, [r4, #5]
10003dcc:	2b0a      	cmp	r3, #10
10003dce:	d011      	beq.n	10003df4 <cdcd_open+0x7c>
10003dd0:	2000      	movs	r0, #0
10003dd2:	f7ff fe55 	bl	10003a80 <_prep_out_transaction.isra.0>
10003dd6:	e7d9      	b.n	10003d8c <cdcd_open+0x14>
10003dd8:	0021      	movs	r1, r4
10003dda:	0030      	movs	r0, r6
10003ddc:	f7ff fcdc 	bl	10003798 <usbd_edpt_open>
10003de0:	2800      	cmp	r0, #0
10003de2:	d0d2      	beq.n	10003d8a <cdcd_open+0x12>
10003de4:	78a3      	ldrb	r3, [r4, #2]
10003de6:	707b      	strb	r3, [r7, #1]
10003de8:	7823      	ldrb	r3, [r4, #0]
10003dea:	18ed      	adds	r5, r5, r3
10003dec:	18e4      	adds	r4, r4, r3
10003dee:	7863      	ldrb	r3, [r4, #1]
10003df0:	b2ad      	uxth	r5, r5
10003df2:	e7e8      	b.n	10003dc6 <cdcd_open+0x4e>
10003df4:	4b09      	ldr	r3, [pc, #36]	; (10003e1c <cdcd_open+0xa4>)
10003df6:	7827      	ldrb	r7, [r4, #0]
10003df8:	9301      	str	r3, [sp, #4]
10003dfa:	3301      	adds	r3, #1
10003dfc:	9300      	str	r3, [sp, #0]
10003dfe:	2202      	movs	r2, #2
10003e00:	2302      	movs	r3, #2
10003e02:	0030      	movs	r0, r6
10003e04:	19e1      	adds	r1, r4, r7
10003e06:	f7ff fc79 	bl	100036fc <usbd_open_edpt_pair>
10003e0a:	2800      	cmp	r0, #0
10003e0c:	d0bd      	beq.n	10003d8a <cdcd_open+0x12>
10003e0e:	350e      	adds	r5, #14
10003e10:	19ed      	adds	r5, r5, r7
10003e12:	b2ad      	uxth	r5, r5
10003e14:	e7dc      	b.n	10003dd0 <cdcd_open+0x58>
10003e16:	46c0      	nop			; (mov r8, r8)
10003e18:	2000151c 	.word	0x2000151c
10003e1c:	2000151e 	.word	0x2000151e

10003e20 <cdcd_control_xfer_cb>:
10003e20:	b5f8      	push	{r3, r4, r5, r6, r7, lr}
10003e22:	2360      	movs	r3, #96	; 0x60
10003e24:	0014      	movs	r4, r2
10003e26:	7812      	ldrb	r2, [r2, #0]
10003e28:	0005      	movs	r5, r0
10003e2a:	4013      	ands	r3, r2
10003e2c:	2000      	movs	r0, #0
10003e2e:	2b20      	cmp	r3, #32
10003e30:	d107      	bne.n	10003e42 <cdcd_control_xfer_cb+0x22>
10003e32:	4a30      	ldr	r2, [pc, #192]	; (10003ef4 <cdcd_control_xfer_cb+0xd4>)
10003e34:	7963      	ldrb	r3, [r4, #5]
10003e36:	7927      	ldrb	r7, [r4, #4]
10003e38:	7816      	ldrb	r6, [r2, #0]
10003e3a:	021b      	lsls	r3, r3, #8
10003e3c:	433b      	orrs	r3, r7
10003e3e:	429e      	cmp	r6, r3
10003e40:	d000      	beq.n	10003e44 <cdcd_control_xfer_cb+0x24>
10003e42:	bdf8      	pop	{r3, r4, r5, r6, r7, pc}
10003e44:	7863      	ldrb	r3, [r4, #1]
10003e46:	2b22      	cmp	r3, #34	; 0x22
10003e48:	d028      	beq.n	10003e9c <cdcd_control_xfer_cb+0x7c>
10003e4a:	d807      	bhi.n	10003e5c <cdcd_control_xfer_cb+0x3c>
10003e4c:	2b20      	cmp	r3, #32
10003e4e:	d017      	beq.n	10003e80 <cdcd_control_xfer_cb+0x60>
10003e50:	2b21      	cmp	r3, #33	; 0x21
10003e52:	d1f6      	bne.n	10003e42 <cdcd_control_xfer_cb+0x22>
10003e54:	2901      	cmp	r1, #1
10003e56:	d03e      	beq.n	10003ed6 <cdcd_control_xfer_cb+0xb6>
10003e58:	2001      	movs	r0, #1
10003e5a:	e7f2      	b.n	10003e42 <cdcd_control_xfer_cb+0x22>
10003e5c:	2b23      	cmp	r3, #35	; 0x23
10003e5e:	d1f0      	bne.n	10003e42 <cdcd_control_xfer_cb+0x22>
10003e60:	2901      	cmp	r1, #1
10003e62:	d040      	beq.n	10003ee6 <cdcd_control_xfer_cb+0xc6>
10003e64:	2903      	cmp	r1, #3
10003e66:	d1f7      	bne.n	10003e58 <cdcd_control_xfer_cb+0x38>
10003e68:	4b23      	ldr	r3, [pc, #140]	; (10003ef8 <cdcd_control_xfer_cb+0xd8>)
10003e6a:	2b00      	cmp	r3, #0
10003e6c:	d0f4      	beq.n	10003e58 <cdcd_control_xfer_cb+0x38>
10003e6e:	78e1      	ldrb	r1, [r4, #3]
10003e70:	78a3      	ldrb	r3, [r4, #2]
10003e72:	0209      	lsls	r1, r1, #8
10003e74:	2000      	movs	r0, #0
10003e76:	4319      	orrs	r1, r3
10003e78:	e000      	b.n	10003e7c <cdcd_control_xfer_cb+0x5c>
10003e7a:	bf00      	nop
10003e7c:	2001      	movs	r0, #1
10003e7e:	e7e0      	b.n	10003e42 <cdcd_control_xfer_cb+0x22>
10003e80:	2901      	cmp	r1, #1
10003e82:	d028      	beq.n	10003ed6 <cdcd_control_xfer_cb+0xb6>
10003e84:	2903      	cmp	r1, #3
10003e86:	d1e7      	bne.n	10003e58 <cdcd_control_xfer_cb+0x38>
10003e88:	4b1c      	ldr	r3, [pc, #112]	; (10003efc <cdcd_control_xfer_cb+0xdc>)
10003e8a:	2b00      	cmp	r3, #0
10003e8c:	d0e4      	beq.n	10003e58 <cdcd_control_xfer_cb+0x38>
10003e8e:	3208      	adds	r2, #8
10003e90:	2000      	movs	r0, #0
10003e92:	0011      	movs	r1, r2
10003e94:	f7fe faa8 	bl	100023e8 <tud_cdc_line_coding_cb>
10003e98:	2001      	movs	r0, #1
10003e9a:	e7d2      	b.n	10003e42 <cdcd_control_xfer_cb+0x22>
10003e9c:	2901      	cmp	r1, #1
10003e9e:	d022      	beq.n	10003ee6 <cdcd_control_xfer_cb+0xc6>
10003ea0:	2903      	cmp	r1, #3
10003ea2:	d1d9      	bne.n	10003e58 <cdcd_control_xfer_cb+0x38>
10003ea4:	2501      	movs	r5, #1
10003ea6:	78a1      	ldrb	r1, [r4, #2]
10003ea8:	78e4      	ldrb	r4, [r4, #3]
10003eaa:	002e      	movs	r6, r5
10003eac:	0224      	lsls	r4, r4, #8
10003eae:	430c      	orrs	r4, r1
10003eb0:	2101      	movs	r1, #1
10003eb2:	7114      	strb	r4, [r2, #4]
10003eb4:	4026      	ands	r6, r4
10003eb6:	3224      	adds	r2, #36	; 0x24
10003eb8:	0010      	movs	r0, r2
10003eba:	4071      	eors	r1, r6
10003ebc:	f000 fde0 	bl	10004a80 <tu_fifo_set_overwritable>
10003ec0:	4b0f      	ldr	r3, [pc, #60]	; (10003f00 <cdcd_control_xfer_cb+0xe0>)
10003ec2:	2b00      	cmp	r3, #0
10003ec4:	d0c8      	beq.n	10003e58 <cdcd_control_xfer_cb+0x38>
10003ec6:	0862      	lsrs	r2, r4, #1
10003ec8:	2000      	movs	r0, #0
10003eca:	0031      	movs	r1, r6
10003ecc:	402a      	ands	r2, r5
10003ece:	e000      	b.n	10003ed2 <cdcd_control_xfer_cb+0xb2>
10003ed0:	bf00      	nop
10003ed2:	2001      	movs	r0, #1
10003ed4:	e7b5      	b.n	10003e42 <cdcd_control_xfer_cb+0x22>
10003ed6:	2307      	movs	r3, #7
10003ed8:	0021      	movs	r1, r4
10003eda:	0028      	movs	r0, r5
10003edc:	4a09      	ldr	r2, [pc, #36]	; (10003f04 <cdcd_control_xfer_cb+0xe4>)
10003ede:	f7ff fcdb 	bl	10003898 <tud_control_xfer>
10003ee2:	2001      	movs	r0, #1
10003ee4:	e7ad      	b.n	10003e42 <cdcd_control_xfer_cb+0x22>
10003ee6:	0021      	movs	r1, r4
10003ee8:	0028      	movs	r0, r5
10003eea:	f7ff fcbd 	bl	10003868 <tud_control_status>
10003eee:	2001      	movs	r0, #1
10003ef0:	e7a7      	b.n	10003e42 <cdcd_control_xfer_cb+0x22>
10003ef2:	46c0      	nop			; (mov r8, r8)
10003ef4:	2000151c 	.word	0x2000151c
10003ef8:	00000000 	.word	0x00000000
10003efc:	100023e9 	.word	0x100023e9
10003f00:	00000000 	.word	0x00000000
10003f04:	20001524 	.word	0x20001524

10003f08 <cdcd_xfer_cb>:
10003f08:	b5f0      	push	{r4, r5, r6, r7, lr}
10003f0a:	464f      	mov	r7, r9
10003f0c:	4646      	mov	r6, r8
10003f0e:	46d6      	mov	lr, sl
10003f10:	b5c0      	push	{r6, r7, lr}
10003f12:	4d35      	ldr	r5, [pc, #212]	; (10003fe8 <cdcd_xfer_cb+0xe0>)
10003f14:	4680      	mov	r8, r0
10003f16:	78ea      	ldrb	r2, [r5, #3]
10003f18:	000c      	movs	r4, r1
10003f1a:	001f      	movs	r7, r3
10003f1c:	428a      	cmp	r2, r1
10003f1e:	d15b      	bne.n	10003fd8 <cdcd_xfer_cb+0xd0>
10003f20:	b29a      	uxth	r2, r3
10003f22:	2310      	movs	r3, #16
10003f24:	469a      	mov	sl, r3
10003f26:	4e31      	ldr	r6, [pc, #196]	; (10003fec <cdcd_xfer_cb+0xe4>)
10003f28:	44aa      	add	sl, r5
10003f2a:	0031      	movs	r1, r6
10003f2c:	4650      	mov	r0, sl
10003f2e:	f000 fcd3 	bl	100048d8 <tu_fifo_write_n>
10003f32:	4b2f      	ldr	r3, [pc, #188]	; (10003ff0 <cdcd_xfer_cb+0xe8>)
10003f34:	2b00      	cmp	r3, #0
10003f36:	d017      	beq.n	10003f68 <cdcd_xfer_cb+0x60>
10003f38:	796b      	ldrb	r3, [r5, #5]
10003f3a:	2bff      	cmp	r3, #255	; 0xff
10003f3c:	d014      	beq.n	10003f68 <cdcd_xfer_cb+0x60>
10003f3e:	2f00      	cmp	r7, #0
10003f40:	d012      	beq.n	10003f68 <cdcd_xfer_cb+0x60>
10003f42:	19f2      	adds	r2, r6, r7
10003f44:	4691      	mov	r9, r2
10003f46:	e003      	b.n	10003f50 <cdcd_xfer_cb+0x48>
10003f48:	3601      	adds	r6, #1
10003f4a:	454e      	cmp	r6, r9
10003f4c:	d00c      	beq.n	10003f68 <cdcd_xfer_cb+0x60>
10003f4e:	796b      	ldrb	r3, [r5, #5]
10003f50:	7832      	ldrb	r2, [r6, #0]
10003f52:	429a      	cmp	r2, r3
10003f54:	d1f8      	bne.n	10003f48 <cdcd_xfer_cb+0x40>
10003f56:	4650      	mov	r0, sl
10003f58:	f000 fb96 	bl	10004688 <tu_fifo_empty>
10003f5c:	2800      	cmp	r0, #0
10003f5e:	d1f3      	bne.n	10003f48 <cdcd_xfer_cb+0x40>
10003f60:	7969      	ldrb	r1, [r5, #5]
10003f62:	e000      	b.n	10003f66 <cdcd_xfer_cb+0x5e>
10003f64:	bf00      	nop
10003f66:	e7ef      	b.n	10003f48 <cdcd_xfer_cb+0x40>
10003f68:	4b22      	ldr	r3, [pc, #136]	; (10003ff4 <cdcd_xfer_cb+0xec>)
10003f6a:	2b00      	cmp	r3, #0
10003f6c:	d004      	beq.n	10003f78 <cdcd_xfer_cb+0x70>
10003f6e:	4822      	ldr	r0, [pc, #136]	; (10003ff8 <cdcd_xfer_cb+0xf0>)
10003f70:	f000 fb8a 	bl	10004688 <tu_fifo_empty>
10003f74:	2800      	cmp	r0, #0
10003f76:	d034      	beq.n	10003fe2 <cdcd_xfer_cb+0xda>
10003f78:	2000      	movs	r0, #0
10003f7a:	f7ff fd81 	bl	10003a80 <_prep_out_transaction.isra.0>
10003f7e:	78ab      	ldrb	r3, [r5, #2]
10003f80:	42a3      	cmp	r3, r4
10003f82:	d006      	beq.n	10003f92 <cdcd_xfer_cb+0x8a>
10003f84:	2401      	movs	r4, #1
10003f86:	0020      	movs	r0, r4
10003f88:	bce0      	pop	{r5, r6, r7}
10003f8a:	46ba      	mov	sl, r7
10003f8c:	46b1      	mov	r9, r6
10003f8e:	46a8      	mov	r8, r5
10003f90:	bdf0      	pop	{r4, r5, r6, r7, pc}
10003f92:	4b1a      	ldr	r3, [pc, #104]	; (10003ffc <cdcd_xfer_cb+0xf4>)
10003f94:	2b00      	cmp	r3, #0
10003f96:	d002      	beq.n	10003f9e <cdcd_xfer_cb+0x96>
10003f98:	2000      	movs	r0, #0
10003f9a:	e000      	b.n	10003f9e <cdcd_xfer_cb+0x96>
10003f9c:	bf00      	nop
10003f9e:	2000      	movs	r0, #0
10003fa0:	f7ff fe10 	bl	10003bc4 <tud_cdc_n_write_flush>
10003fa4:	2800      	cmp	r0, #0
10003fa6:	d1ed      	bne.n	10003f84 <cdcd_xfer_cb+0x7c>
10003fa8:	4d15      	ldr	r5, [pc, #84]	; (10004000 <cdcd_xfer_cb+0xf8>)
10003faa:	0028      	movs	r0, r5
10003fac:	f000 fb56 	bl	1000465c <tu_fifo_count>
10003fb0:	2800      	cmp	r0, #0
10003fb2:	d1e7      	bne.n	10003f84 <cdcd_xfer_cb+0x7c>
10003fb4:	2f00      	cmp	r7, #0
10003fb6:	d0e5      	beq.n	10003f84 <cdcd_xfer_cb+0x7c>
10003fb8:	06bb      	lsls	r3, r7, #26
10003fba:	d1e3      	bne.n	10003f84 <cdcd_xfer_cb+0x7c>
10003fbc:	3d24      	subs	r5, #36	; 0x24
10003fbe:	4640      	mov	r0, r8
10003fc0:	78a9      	ldrb	r1, [r5, #2]
10003fc2:	f7ff fc03 	bl	100037cc <usbd_edpt_claim>
10003fc6:	1e04      	subs	r4, r0, #0
10003fc8:	d0dc      	beq.n	10003f84 <cdcd_xfer_cb+0x7c>
10003fca:	2300      	movs	r3, #0
10003fcc:	2200      	movs	r2, #0
10003fce:	4640      	mov	r0, r8
10003fd0:	78a9      	ldrb	r1, [r5, #2]
10003fd2:	f7ff fc23 	bl	1000381c <usbd_edpt_xfer>
10003fd6:	e7d6      	b.n	10003f86 <cdcd_xfer_cb+0x7e>
10003fd8:	78ab      	ldrb	r3, [r5, #2]
10003fda:	428b      	cmp	r3, r1
10003fdc:	d0d9      	beq.n	10003f92 <cdcd_xfer_cb+0x8a>
10003fde:	2400      	movs	r4, #0
10003fe0:	e7d1      	b.n	10003f86 <cdcd_xfer_cb+0x7e>
10003fe2:	e000      	b.n	10003fe6 <cdcd_xfer_cb+0xde>
10003fe4:	bf00      	nop
10003fe6:	e7c7      	b.n	10003f78 <cdcd_xfer_cb+0x70>
10003fe8:	2000151c 	.word	0x2000151c
10003fec:	20001498 	.word	0x20001498
	...
10003ff8:	2000152c 	.word	0x2000152c
10003ffc:	00000000 	.word	0x00000000
10004000:	20001540 	.word	0x20001540

10004004 <vendord_init>:
10004004:	2293      	movs	r2, #147	; 0x93
10004006:	b5f0      	push	{r4, r5, r6, r7, lr}
10004008:	4c13      	ldr	r4, [pc, #76]	; (10004058 <vendord_init+0x54>)
1000400a:	b085      	sub	sp, #20
1000400c:	2100      	movs	r1, #0
1000400e:	0020      	movs	r0, r4
10004010:	0092      	lsls	r2, r2, #2
10004012:	f7fd ffc7 	bl	10001fa4 <__wrap_memset>
10004016:	0023      	movs	r3, r4
10004018:	0020      	movs	r0, r4
1000401a:	2680      	movs	r6, #128	; 0x80
1000401c:	2740      	movs	r7, #64	; 0x40
1000401e:	4d0f      	ldr	r5, [pc, #60]	; (1000405c <vendord_init+0x58>)
10004020:	334d      	adds	r3, #77	; 0x4d
10004022:	0076      	lsls	r6, r6, #1
10004024:	33ff      	adds	r3, #255	; 0xff
10004026:	3029      	adds	r0, #41	; 0x29
10004028:	9502      	str	r5, [sp, #8]
1000402a:	9300      	str	r3, [sp, #0]
1000402c:	2200      	movs	r2, #0
1000402e:	2300      	movs	r3, #0
10004030:	2100      	movs	r1, #0
10004032:	9703      	str	r7, [sp, #12]
10004034:	9601      	str	r6, [sp, #4]
10004036:	30ff      	adds	r0, #255	; 0xff
10004038:	f000 f9d4 	bl	100043e4 <tu_edpt_stream_init>
1000403c:	3540      	adds	r5, #64	; 0x40
1000403e:	1d20      	adds	r0, r4, #4
10004040:	3428      	adds	r4, #40	; 0x28
10004042:	2300      	movs	r3, #0
10004044:	2201      	movs	r2, #1
10004046:	2100      	movs	r1, #0
10004048:	9703      	str	r7, [sp, #12]
1000404a:	9502      	str	r5, [sp, #8]
1000404c:	9601      	str	r6, [sp, #4]
1000404e:	9400      	str	r4, [sp, #0]
10004050:	f000 f9c8 	bl	100043e4 <tu_edpt_stream_init>
10004054:	b005      	add	sp, #20
10004056:	bdf0      	pop	{r4, r5, r6, r7, pc}
10004058:	200017e0 	.word	0x200017e0
1000405c:	20001760 	.word	0x20001760

10004060 <vendord_deinit>:
10004060:	b510      	push	{r4, lr}
10004062:	4c05      	ldr	r4, [pc, #20]	; (10004078 <vendord_deinit+0x18>)
10004064:	0020      	movs	r0, r4
10004066:	f000 f9f3 	bl	10004450 <tu_edpt_stream_deinit>
1000406a:	0020      	movs	r0, r4
1000406c:	3825      	subs	r0, #37	; 0x25
1000406e:	38ff      	subs	r0, #255	; 0xff
10004070:	f000 f9ee 	bl	10004450 <tu_edpt_stream_deinit>
10004074:	2001      	movs	r0, #1
10004076:	bd10      	pop	{r4, pc}
10004078:	20001908 	.word	0x20001908

1000407c <vendord_reset>:
1000407c:	b570      	push	{r4, r5, r6, lr}
1000407e:	4c08      	ldr	r4, [pc, #32]	; (100040a0 <vendord_reset+0x24>)
10004080:	2500      	movs	r5, #0
10004082:	0020      	movs	r0, r4
10004084:	3031      	adds	r0, #49	; 0x31
10004086:	7025      	strb	r5, [r4, #0]
10004088:	30ff      	adds	r0, #255	; 0xff
1000408a:	f000 fcd9 	bl	10004a40 <tu_fifo_clear>
1000408e:	0020      	movs	r0, r4
10004090:	300c      	adds	r0, #12
10004092:	f000 fcd5 	bl	10004a40 <tu_fifo_clear>
10004096:	232a      	movs	r3, #42	; 0x2a
10004098:	33ff      	adds	r3, #255	; 0xff
1000409a:	54e5      	strb	r5, [r4, r3]
1000409c:	7165      	strb	r5, [r4, #5]
1000409e:	bd70      	pop	{r4, r5, r6, pc}
100040a0:	200017e0 	.word	0x200017e0

100040a4 <vendord_open>:
100040a4:	b5f8      	push	{r3, r4, r5, r6, r7, lr}
100040a6:	464e      	mov	r6, r9
100040a8:	4645      	mov	r5, r8
100040aa:	46de      	mov	lr, fp
100040ac:	4657      	mov	r7, sl
100040ae:	b5e0      	push	{r5, r6, r7, lr}
100040b0:	794b      	ldrb	r3, [r1, #5]
100040b2:	4681      	mov	r9, r0
100040b4:	4688      	mov	r8, r1
100040b6:	2bff      	cmp	r3, #255	; 0xff
100040b8:	d125      	bne.n	10004106 <vendord_open+0x62>
100040ba:	232a      	movs	r3, #42	; 0x2a
100040bc:	4f41      	ldr	r7, [pc, #260]	; (100041c4 <vendord_open+0x120>)
100040be:	33ff      	adds	r3, #255	; 0xff
100040c0:	780c      	ldrb	r4, [r1, #0]
100040c2:	5cfe      	ldrb	r6, [r7, r3]
100040c4:	797b      	ldrb	r3, [r7, #5]
100040c6:	4444      	add	r4, r8
100040c8:	18a5      	adds	r5, r4, r2
100040ca:	431e      	orrs	r6, r3
100040cc:	d11b      	bne.n	10004106 <vendord_open+0x62>
100040ce:	2298      	movs	r2, #152	; 0x98
100040d0:	0052      	lsls	r2, r2, #1
100040d2:	4692      	mov	sl, r2
100040d4:	3a25      	subs	r2, #37	; 0x25
100040d6:	3aff      	subs	r2, #255	; 0xff
100040d8:	4693      	mov	fp, r2
100040da:	788b      	ldrb	r3, [r1, #2]
100040dc:	44ba      	add	sl, r7
100040de:	703b      	strb	r3, [r7, #0]
100040e0:	790b      	ldrb	r3, [r1, #4]
100040e2:	44bb      	add	fp, r7
100040e4:	2b00      	cmp	r3, #0
100040e6:	d00a      	beq.n	100040fe <vendord_open+0x5a>
100040e8:	7863      	ldrb	r3, [r4, #1]
100040ea:	2b05      	cmp	r3, #5
100040ec:	d105      	bne.n	100040fa <vendord_open+0x56>
100040ee:	e011      	b.n	10004114 <vendord_open+0x70>
100040f0:	7823      	ldrb	r3, [r4, #0]
100040f2:	18e4      	adds	r4, r4, r3
100040f4:	7863      	ldrb	r3, [r4, #1]
100040f6:	2b05      	cmp	r3, #5
100040f8:	d00c      	beq.n	10004114 <vendord_open+0x70>
100040fa:	42a5      	cmp	r5, r4
100040fc:	d8f8      	bhi.n	100040f0 <vendord_open+0x4c>
100040fe:	4643      	mov	r3, r8
10004100:	1ae0      	subs	r0, r4, r3
10004102:	b280      	uxth	r0, r0
10004104:	e000      	b.n	10004108 <vendord_open+0x64>
10004106:	2000      	movs	r0, #0
10004108:	bcf0      	pop	{r4, r5, r6, r7}
1000410a:	46bb      	mov	fp, r7
1000410c:	46b2      	mov	sl, r6
1000410e:	46a9      	mov	r9, r5
10004110:	46a0      	mov	r8, r4
10004112:	bdf8      	pop	{r3, r4, r5, r6, r7, pc}
10004114:	42a5      	cmp	r5, r4
10004116:	d9f2      	bls.n	100040fe <vendord_open+0x5a>
10004118:	0021      	movs	r1, r4
1000411a:	4648      	mov	r0, r9
1000411c:	f7ff fb3c 	bl	10003798 <usbd_edpt_open>
10004120:	2800      	cmp	r0, #0
10004122:	d0f0      	beq.n	10004106 <vendord_open+0x62>
10004124:	78a3      	ldrb	r3, [r4, #2]
10004126:	3601      	adds	r6, #1
10004128:	b2f6      	uxtb	r6, r6
1000412a:	09db      	lsrs	r3, r3, #7
1000412c:	2b01      	cmp	r3, #1
1000412e:	d02a      	beq.n	10004186 <vendord_open+0xe2>
10004130:	4650      	mov	r0, sl
10004132:	f000 fc85 	bl	10004a40 <tu_fifo_clear>
10004136:	232a      	movs	r3, #42	; 0x2a
10004138:	78a2      	ldrb	r2, [r4, #2]
1000413a:	33ff      	adds	r3, #255	; 0xff
1000413c:	54fa      	strb	r2, [r7, r3]
1000413e:	4a22      	ldr	r2, [pc, #136]	; (100041c8 <vendord_open+0x124>)
10004140:	7963      	ldrb	r3, [r4, #5]
10004142:	4694      	mov	ip, r2
10004144:	7921      	ldrb	r1, [r4, #4]
10004146:	021b      	lsls	r3, r3, #8
10004148:	430b      	orrs	r3, r1
1000414a:	055b      	lsls	r3, r3, #21
1000414c:	2194      	movs	r1, #148	; 0x94
1000414e:	0d5b      	lsrs	r3, r3, #21
10004150:	4463      	add	r3, ip
10004152:	425a      	negs	r2, r3
10004154:	4153      	adcs	r3, r2
10004156:	2002      	movs	r0, #2
10004158:	0049      	lsls	r1, r1, #1
1000415a:	5c7a      	ldrb	r2, [r7, r1]
1000415c:	005b      	lsls	r3, r3, #1
1000415e:	4382      	bics	r2, r0
10004160:	4313      	orrs	r3, r2
10004162:	547b      	strb	r3, [r7, r1]
10004164:	4651      	mov	r1, sl
10004166:	4648      	mov	r0, r9
10004168:	3908      	subs	r1, #8
1000416a:	f000 f9d1 	bl	10004510 <tu_edpt_stream_read_xfer>
1000416e:	2800      	cmp	r0, #0
10004170:	d0c9      	beq.n	10004106 <vendord_open+0x62>
10004172:	7823      	ldrb	r3, [r4, #0]
10004174:	18e4      	adds	r4, r4, r3
10004176:	4643      	mov	r3, r8
10004178:	791b      	ldrb	r3, [r3, #4]
1000417a:	42b3      	cmp	r3, r6
1000417c:	d8b4      	bhi.n	100040e8 <vendord_open+0x44>
1000417e:	4643      	mov	r3, r8
10004180:	1ae0      	subs	r0, r4, r3
10004182:	b280      	uxth	r0, r0
10004184:	e7c0      	b.n	10004108 <vendord_open+0x64>
10004186:	4658      	mov	r0, fp
10004188:	f000 fc5a 	bl	10004a40 <tu_fifo_clear>
1000418c:	465a      	mov	r2, fp
1000418e:	490e      	ldr	r1, [pc, #56]	; (100041c8 <vendord_open+0x124>)
10004190:	78a3      	ldrb	r3, [r4, #2]
10004192:	468c      	mov	ip, r1
10004194:	3a0c      	subs	r2, #12
10004196:	7153      	strb	r3, [r2, #5]
10004198:	7963      	ldrb	r3, [r4, #5]
1000419a:	7920      	ldrb	r0, [r4, #4]
1000419c:	021b      	lsls	r3, r3, #8
1000419e:	4303      	orrs	r3, r0
100041a0:	055b      	lsls	r3, r3, #21
100041a2:	0d5b      	lsrs	r3, r3, #21
100041a4:	4463      	add	r3, ip
100041a6:	4259      	negs	r1, r3
100041a8:	414b      	adcs	r3, r1
100041aa:	2002      	movs	r0, #2
100041ac:	7911      	ldrb	r1, [r2, #4]
100041ae:	005b      	lsls	r3, r3, #1
100041b0:	4381      	bics	r1, r0
100041b2:	430b      	orrs	r3, r1
100041b4:	4659      	mov	r1, fp
100041b6:	7113      	strb	r3, [r2, #4]
100041b8:	3908      	subs	r1, #8
100041ba:	2000      	movs	r0, #0
100041bc:	f000 f976 	bl	100044ac <tu_edpt_stream_write_xfer>
100041c0:	e7d7      	b.n	10004172 <vendord_open+0xce>
100041c2:	46c0      	nop			; (mov r8, r8)
100041c4:	200017e0 	.word	0x200017e0
100041c8:	fffffe00 	.word	0xfffffe00

100041cc <vendord_xfer_cb>:
100041cc:	b5f8      	push	{r3, r4, r5, r6, r7, lr}
100041ce:	252a      	movs	r5, #42	; 0x2a
100041d0:	4c1f      	ldr	r4, [pc, #124]	; (10004250 <vendord_xfer_cb+0x84>)
100041d2:	35ff      	adds	r5, #255	; 0xff
100041d4:	5d65      	ldrb	r5, [r4, r5]
100041d6:	0006      	movs	r6, r0
100041d8:	001f      	movs	r7, r3
100041da:	428d      	cmp	r5, r1
100041dc:	d11d      	bne.n	1000421a <vendord_xfer_cb+0x4e>
100041de:	239a      	movs	r3, #154	; 0x9a
100041e0:	005b      	lsls	r3, r3, #1
100041e2:	5ae3      	ldrh	r3, [r4, r3]
100041e4:	2b00      	cmp	r3, #0
100041e6:	d10e      	bne.n	10004206 <vendord_xfer_cb+0x3a>
100041e8:	4b1a      	ldr	r3, [pc, #104]	; (10004254 <vendord_xfer_cb+0x88>)
100041ea:	2b00      	cmp	r3, #0
100041ec:	d004      	beq.n	100041f8 <vendord_xfer_cb+0x2c>
100041ee:	2000      	movs	r0, #0
100041f0:	4919      	ldr	r1, [pc, #100]	; (10004258 <vendord_xfer_cb+0x8c>)
100041f2:	b2ba      	uxth	r2, r7
100041f4:	e000      	b.n	100041f8 <vendord_xfer_cb+0x2c>
100041f6:	bf00      	nop
100041f8:	0030      	movs	r0, r6
100041fa:	4918      	ldr	r1, [pc, #96]	; (1000425c <vendord_xfer_cb+0x90>)
100041fc:	f000 f988 	bl	10004510 <tu_edpt_stream_read_xfer>
10004200:	2401      	movs	r4, #1
10004202:	0020      	movs	r0, r4
10004204:	bdf8      	pop	{r3, r4, r5, r6, r7, pc}
10004206:	0020      	movs	r0, r4
10004208:	2396      	movs	r3, #150	; 0x96
1000420a:	3031      	adds	r0, #49	; 0x31
1000420c:	005b      	lsls	r3, r3, #1
1000420e:	58e1      	ldr	r1, [r4, r3]
10004210:	b2ba      	uxth	r2, r7
10004212:	30ff      	adds	r0, #255	; 0xff
10004214:	f000 fb60 	bl	100048d8 <tu_fifo_write_n>
10004218:	e7e6      	b.n	100041e8 <vendord_xfer_cb+0x1c>
1000421a:	7963      	ldrb	r3, [r4, #5]
1000421c:	428b      	cmp	r3, r1
1000421e:	d001      	beq.n	10004224 <vendord_xfer_cb+0x58>
10004220:	2400      	movs	r4, #0
10004222:	e7ee      	b.n	10004202 <vendord_xfer_cb+0x36>
10004224:	4b0e      	ldr	r3, [pc, #56]	; (10004260 <vendord_xfer_cb+0x94>)
10004226:	2b00      	cmp	r3, #0
10004228:	d004      	beq.n	10004234 <vendord_xfer_cb+0x68>
1000422a:	0439      	lsls	r1, r7, #16
1000422c:	2000      	movs	r0, #0
1000422e:	0c09      	lsrs	r1, r1, #16
10004230:	e000      	b.n	10004234 <vendord_xfer_cb+0x68>
10004232:	bf00      	nop
10004234:	4d0b      	ldr	r5, [pc, #44]	; (10004264 <vendord_xfer_cb+0x98>)
10004236:	0030      	movs	r0, r6
10004238:	0029      	movs	r1, r5
1000423a:	f000 f937 	bl	100044ac <tu_edpt_stream_write_xfer>
1000423e:	2401      	movs	r4, #1
10004240:	2800      	cmp	r0, #0
10004242:	d1de      	bne.n	10004202 <vendord_xfer_cb+0x36>
10004244:	003a      	movs	r2, r7
10004246:	0029      	movs	r1, r5
10004248:	0030      	movs	r0, r6
1000424a:	f000 f903 	bl	10004454 <tu_edpt_stream_write_zlp_if_needed>
1000424e:	e7d8      	b.n	10004202 <vendord_xfer_cb+0x36>
10004250:	200017e0 	.word	0x200017e0
10004254:	00000000 	.word	0x00000000
10004258:	20001760 	.word	0x20001760
1000425c:	20001908 	.word	0x20001908
10004260:	00000000 	.word	0x00000000
10004264:	200017e4 	.word	0x200017e4

10004268 <tusb_rhport_init>:
10004268:	b500      	push	{lr}
1000426a:	0003      	movs	r3, r0
1000426c:	b083      	sub	sp, #12
1000426e:	2900      	cmp	r1, #0
10004270:	d010      	beq.n	10004294 <tusb_rhport_init+0x2c>
10004272:	2000      	movs	r0, #0
10004274:	2b01      	cmp	r3, #1
10004276:	d807      	bhi.n	10004288 <tusb_rhport_init+0x20>
10004278:	780a      	ldrb	r2, [r1, #0]
1000427a:	2a00      	cmp	r2, #0
1000427c:	d004      	beq.n	10004288 <tusb_rhport_init+0x20>
1000427e:	480b      	ldr	r0, [pc, #44]	; (100042ac <tusb_rhport_init+0x44>)
10004280:	54c2      	strb	r2, [r0, r3]
10004282:	2001      	movs	r0, #1
10004284:	2a01      	cmp	r2, #1
10004286:	d001      	beq.n	1000428c <tusb_rhport_init+0x24>
10004288:	b003      	add	sp, #12
1000428a:	bd00      	pop	{pc}
1000428c:	0018      	movs	r0, r3
1000428e:	f7fe fdbb 	bl	10002e08 <tud_rhport_init>
10004292:	e7f9      	b.n	10004288 <tusb_rhport_init+0x20>
10004294:	2301      	movs	r3, #1
10004296:	a901      	add	r1, sp, #4
10004298:	2000      	movs	r0, #0
1000429a:	800b      	strh	r3, [r1, #0]
1000429c:	f7fe fdb4 	bl	10002e08 <tud_rhport_init>
100042a0:	2800      	cmp	r0, #0
100042a2:	d0f1      	beq.n	10004288 <tusb_rhport_init+0x20>
100042a4:	2201      	movs	r2, #1
100042a6:	4b01      	ldr	r3, [pc, #4]	; (100042ac <tusb_rhport_init+0x44>)
100042a8:	701a      	strb	r2, [r3, #0]
100042aa:	e7ed      	b.n	10004288 <tusb_rhport_init+0x20>
100042ac:	20001638 	.word	0x20001638

100042b0 <tu_edpt_claim>:
100042b0:	7803      	ldrb	r3, [r0, #0]
100042b2:	b570      	push	{r4, r5, r6, lr}
100042b4:	07db      	lsls	r3, r3, #31
100042b6:	0004      	movs	r4, r0
100042b8:	000e      	movs	r6, r1
100042ba:	0fdd      	lsrs	r5, r3, #31
100042bc:	2b00      	cmp	r3, #0
100042be:	d117      	bne.n	100042f0 <tu_edpt_claim+0x40>
100042c0:	7803      	ldrb	r3, [r0, #0]
100042c2:	075b      	lsls	r3, r3, #29
100042c4:	d501      	bpl.n	100042ca <tu_edpt_claim+0x1a>
100042c6:	0028      	movs	r0, r5
100042c8:	bd70      	pop	{r4, r5, r6, pc}
100042ca:	2101      	movs	r1, #1
100042cc:	0030      	movs	r0, r6
100042ce:	4249      	negs	r1, r1
100042d0:	f000 fc5a 	bl	10004b88 <__mutex_enter_timeout_ms_veneer>
100042d4:	7823      	ldrb	r3, [r4, #0]
100042d6:	07db      	lsls	r3, r3, #31
100042d8:	0fdd      	lsrs	r5, r3, #31
100042da:	2b00      	cmp	r3, #0
100042dc:	d10a      	bne.n	100042f4 <tu_edpt_claim+0x44>
100042de:	7823      	ldrb	r3, [r4, #0]
100042e0:	075b      	lsls	r3, r3, #29
100042e2:	d408      	bmi.n	100042f6 <tu_edpt_claim+0x46>
100042e4:	2204      	movs	r2, #4
100042e6:	7823      	ldrb	r3, [r4, #0]
100042e8:	2501      	movs	r5, #1
100042ea:	4313      	orrs	r3, r2
100042ec:	7023      	strb	r3, [r4, #0]
100042ee:	e002      	b.n	100042f6 <tu_edpt_claim+0x46>
100042f0:	2500      	movs	r5, #0
100042f2:	e7e8      	b.n	100042c6 <tu_edpt_claim+0x16>
100042f4:	2500      	movs	r5, #0
100042f6:	0030      	movs	r0, r6
100042f8:	f000 fc1e 	bl	10004b38 <__mutex_exit_veneer>
100042fc:	e7e3      	b.n	100042c6 <tu_edpt_claim+0x16>
100042fe:	46c0      	nop			; (mov r8, r8)

10004300 <tu_edpt_release>:
10004300:	b570      	push	{r4, r5, r6, lr}
10004302:	000d      	movs	r5, r1
10004304:	2101      	movs	r1, #1
10004306:	0004      	movs	r4, r0
10004308:	4249      	negs	r1, r1
1000430a:	0028      	movs	r0, r5
1000430c:	f000 fc3c 	bl	10004b88 <__mutex_enter_timeout_ms_veneer>
10004310:	7823      	ldrb	r3, [r4, #0]
10004312:	075b      	lsls	r3, r3, #29
10004314:	0fde      	lsrs	r6, r3, #31
10004316:	2b00      	cmp	r3, #0
10004318:	db04      	blt.n	10004324 <tu_edpt_release+0x24>
1000431a:	0028      	movs	r0, r5
1000431c:	f000 fc0c 	bl	10004b38 <__mutex_exit_veneer>
10004320:	0030      	movs	r0, r6
10004322:	bd70      	pop	{r4, r5, r6, pc}
10004324:	7823      	ldrb	r3, [r4, #0]
10004326:	07db      	lsls	r3, r3, #31
10004328:	d404      	bmi.n	10004334 <tu_edpt_release+0x34>
1000432a:	2204      	movs	r2, #4
1000432c:	7823      	ldrb	r3, [r4, #0]
1000432e:	4393      	bics	r3, r2
10004330:	7023      	strb	r3, [r4, #0]
10004332:	e7f2      	b.n	1000431a <tu_edpt_release+0x1a>
10004334:	2600      	movs	r6, #0
10004336:	e7f0      	b.n	1000431a <tu_edpt_release+0x1a>

10004338 <tu_edpt_validate>:
10004338:	b510      	push	{r4, lr}
1000433a:	7943      	ldrb	r3, [r0, #5]
1000433c:	7904      	ldrb	r4, [r0, #4]
1000433e:	021b      	lsls	r3, r3, #8
10004340:	4323      	orrs	r3, r4
10004342:	055b      	lsls	r3, r3, #21
10004344:	0d5a      	lsrs	r2, r3, #21
10004346:	78c3      	ldrb	r3, [r0, #3]
10004348:	079b      	lsls	r3, r3, #30
1000434a:	0f9b      	lsrs	r3, r3, #30
1000434c:	2b02      	cmp	r3, #2
1000434e:	d005      	beq.n	1000435c <tu_edpt_validate+0x24>
10004350:	2b03      	cmp	r3, #3
10004352:	d015      	beq.n	10004380 <tu_edpt_validate+0x48>
10004354:	2000      	movs	r0, #0
10004356:	2b01      	cmp	r3, #1
10004358:	d008      	beq.n	1000436c <tu_edpt_validate+0x34>
1000435a:	bd10      	pop	{r4, pc}
1000435c:	2902      	cmp	r1, #2
1000435e:	d01c      	beq.n	1000439a <tu_edpt_validate+0x62>
10004360:	2000      	movs	r0, #0
10004362:	2340      	movs	r3, #64	; 0x40
10004364:	4293      	cmp	r3, r2
10004366:	4140      	adcs	r0, r0
10004368:	b2c0      	uxtb	r0, r0
1000436a:	e7f6      	b.n	1000435a <tu_edpt_validate+0x22>
1000436c:	3902      	subs	r1, #2
1000436e:	424b      	negs	r3, r1
10004370:	4159      	adcs	r1, r3
10004372:	4b0d      	ldr	r3, [pc, #52]	; (100043a8 <tu_edpt_validate+0x70>)
10004374:	469c      	mov	ip, r3
10004376:	4461      	add	r1, ip
10004378:	4291      	cmp	r1, r2
1000437a:	4140      	adcs	r0, r0
1000437c:	b2c0      	uxtb	r0, r0
1000437e:	e7ec      	b.n	1000435a <tu_edpt_validate+0x22>
10004380:	3902      	subs	r1, #2
10004382:	424b      	negs	r3, r1
10004384:	4159      	adcs	r1, r3
10004386:	23f0      	movs	r3, #240	; 0xf0
10004388:	2000      	movs	r0, #0
1000438a:	4249      	negs	r1, r1
1000438c:	009b      	lsls	r3, r3, #2
1000438e:	4019      	ands	r1, r3
10004390:	3140      	adds	r1, #64	; 0x40
10004392:	4291      	cmp	r1, r2
10004394:	4140      	adcs	r0, r0
10004396:	b2c0      	uxtb	r0, r0
10004398:	e7df      	b.n	1000435a <tu_edpt_validate+0x22>
1000439a:	4b04      	ldr	r3, [pc, #16]	; (100043ac <tu_edpt_validate+0x74>)
1000439c:	18d3      	adds	r3, r2, r3
1000439e:	425a      	negs	r2, r3
100043a0:	4153      	adcs	r3, r2
100043a2:	b2d8      	uxtb	r0, r3
100043a4:	e7d9      	b.n	1000435a <tu_edpt_validate+0x22>
100043a6:	46c0      	nop			; (mov r8, r8)
100043a8:	000003ff 	.word	0x000003ff
100043ac:	fffffe00 	.word	0xfffffe00

100043b0 <tu_edpt_bind_driver>:
100043b0:	188a      	adds	r2, r1, r2
100043b2:	b570      	push	{r4, r5, r6, lr}
100043b4:	4291      	cmp	r1, r2
100043b6:	d207      	bcs.n	100043c8 <tu_edpt_bind_driver+0x18>
100043b8:	267f      	movs	r6, #127	; 0x7f
100043ba:	784c      	ldrb	r4, [r1, #1]
100043bc:	2c05      	cmp	r4, #5
100043be:	d004      	beq.n	100043ca <tu_edpt_bind_driver+0x1a>
100043c0:	780c      	ldrb	r4, [r1, #0]
100043c2:	1909      	adds	r1, r1, r4
100043c4:	428a      	cmp	r2, r1
100043c6:	d8f8      	bhi.n	100043ba <tu_edpt_bind_driver+0xa>
100043c8:	bd70      	pop	{r4, r5, r6, pc}
100043ca:	0034      	movs	r4, r6
100043cc:	788d      	ldrb	r5, [r1, #2]
100043ce:	402c      	ands	r4, r5
100043d0:	0064      	lsls	r4, r4, #1
100043d2:	1904      	adds	r4, r0, r4
100043d4:	09ed      	lsrs	r5, r5, #7
100043d6:	5563      	strb	r3, [r4, r5]
100043d8:	780c      	ldrb	r4, [r1, #0]
100043da:	1909      	adds	r1, r1, r4
100043dc:	428a      	cmp	r2, r1
100043de:	d8ec      	bhi.n	100043ba <tu_edpt_bind_driver+0xa>
100043e0:	e7f2      	b.n	100043c8 <tu_edpt_bind_driver+0x18>
100043e2:	46c0      	nop			; (mov r8, r8)

100043e4 <tu_edpt_stream_init>:
100043e4:	b5f0      	push	{r4, r5, r6, r7, lr}
100043e6:	46c6      	mov	lr, r8
100043e8:	b500      	push	{lr}
100043ea:	b082      	sub	sp, #8
100043ec:	0015      	movs	r5, r2
100043ee:	aa08      	add	r2, sp, #32
100043f0:	ca40      	ldmia	r2!, {r6}
100043f2:	0004      	movs	r4, r0
100043f4:	8817      	ldrh	r7, [r2, #0]
100043f6:	aa0b      	add	r2, sp, #44	; 0x2c
100043f8:	8812      	ldrh	r2, [r2, #0]
100043fa:	2001      	movs	r0, #1
100043fc:	4690      	mov	r8, r2
100043fe:	000a      	movs	r2, r1
10004400:	7821      	ldrb	r1, [r4, #0]
10004402:	4002      	ands	r2, r0
10004404:	4381      	bics	r1, r0
10004406:	0020      	movs	r0, r4
10004408:	4311      	orrs	r1, r2
1000440a:	7021      	strb	r1, [r4, #0]
1000440c:	9300      	str	r3, [sp, #0]
1000440e:	003a      	movs	r2, r7
10004410:	2301      	movs	r3, #1
10004412:	0031      	movs	r1, r6
10004414:	3008      	adds	r0, #8
10004416:	f000 f8e9 	bl	100045ec <tu_fifo_config>
1000441a:	2e00      	cmp	r6, #0
1000441c:	d001      	beq.n	10004422 <tu_edpt_stream_init+0x3e>
1000441e:	2f00      	cmp	r7, #0
10004420:	d108      	bne.n	10004434 <tu_edpt_stream_init+0x50>
10004422:	9b0a      	ldr	r3, [sp, #40]	; 0x28
10004424:	2001      	movs	r0, #1
10004426:	6063      	str	r3, [r4, #4]
10004428:	4643      	mov	r3, r8
1000442a:	8063      	strh	r3, [r4, #2]
1000442c:	b002      	add	sp, #8
1000442e:	bc80      	pop	{r7}
10004430:	46b8      	mov	r8, r7
10004432:	bdf0      	pop	{r4, r5, r6, r7, pc}
10004434:	0026      	movs	r6, r4
10004436:	361c      	adds	r6, #28
10004438:	0030      	movs	r0, r6
1000443a:	f7fc fd35 	bl	10000ea8 <mutex_init>
1000443e:	2300      	movs	r3, #0
10004440:	2d00      	cmp	r5, #0
10004442:	d001      	beq.n	10004448 <tu_edpt_stream_init+0x64>
10004444:	0033      	movs	r3, r6
10004446:	2600      	movs	r6, #0
10004448:	6163      	str	r3, [r4, #20]
1000444a:	61a6      	str	r6, [r4, #24]
1000444c:	e7e9      	b.n	10004422 <tu_edpt_stream_init+0x3e>
1000444e:	46c0      	nop			; (mov r8, r8)

10004450 <tu_edpt_stream_deinit>:
10004450:	2001      	movs	r0, #1
10004452:	4770      	bx	lr

10004454 <tu_edpt_stream_write_zlp_if_needed>:
10004454:	b5f8      	push	{r3, r4, r5, r6, r7, lr}
10004456:	23e0      	movs	r3, #224	; 0xe0
10004458:	0007      	movs	r7, r0
1000445a:	0008      	movs	r0, r1
1000445c:	780c      	ldrb	r4, [r1, #0]
1000445e:	005b      	lsls	r3, r3, #1
10004460:	07a4      	lsls	r4, r4, #30
10004462:	17e4      	asrs	r4, r4, #31
10004464:	401c      	ands	r4, r3
10004466:	3008      	adds	r0, #8
10004468:	000d      	movs	r5, r1
1000446a:	0016      	movs	r6, r2
1000446c:	343f      	adds	r4, #63	; 0x3f
1000446e:	f000 f8f5 	bl	1000465c <tu_fifo_count>
10004472:	2800      	cmp	r0, #0
10004474:	d107      	bne.n	10004486 <tu_edpt_stream_write_zlp_if_needed+0x32>
10004476:	2e00      	cmp	r6, #0
10004478:	d005      	beq.n	10004486 <tu_edpt_stream_write_zlp_if_needed+0x32>
1000447a:	4234      	tst	r4, r6
1000447c:	d103      	bne.n	10004486 <tu_edpt_stream_write_zlp_if_needed+0x32>
1000447e:	2401      	movs	r4, #1
10004480:	782b      	ldrb	r3, [r5, #0]
10004482:	421c      	tst	r4, r3
10004484:	d001      	beq.n	1000448a <tu_edpt_stream_write_zlp_if_needed+0x36>
10004486:	2000      	movs	r0, #0
10004488:	bdf8      	pop	{r3, r4, r5, r6, r7, pc}
1000448a:	0038      	movs	r0, r7
1000448c:	7869      	ldrb	r1, [r5, #1]
1000448e:	f7ff f99d 	bl	100037cc <usbd_edpt_claim>
10004492:	2800      	cmp	r0, #0
10004494:	d0f7      	beq.n	10004486 <tu_edpt_stream_write_zlp_if_needed+0x32>
10004496:	782b      	ldrb	r3, [r5, #0]
10004498:	421c      	tst	r4, r3
1000449a:	d1f4      	bne.n	10004486 <tu_edpt_stream_write_zlp_if_needed+0x32>
1000449c:	2300      	movs	r3, #0
1000449e:	2200      	movs	r2, #0
100044a0:	0038      	movs	r0, r7
100044a2:	7869      	ldrb	r1, [r5, #1]
100044a4:	f7ff f9ba 	bl	1000381c <usbd_edpt_xfer>
100044a8:	e7ee      	b.n	10004488 <tu_edpt_stream_write_zlp_if_needed+0x34>
100044aa:	46c0      	nop			; (mov r8, r8)

100044ac <tu_edpt_stream_write_xfer>:
100044ac:	b5f8      	push	{r3, r4, r5, r6, r7, lr}
100044ae:	000d      	movs	r5, r1
100044b0:	3508      	adds	r5, #8
100044b2:	0006      	movs	r6, r0
100044b4:	0028      	movs	r0, r5
100044b6:	000c      	movs	r4, r1
100044b8:	f000 f8d0 	bl	1000465c <tu_fifo_count>
100044bc:	2800      	cmp	r0, #0
100044be:	d003      	beq.n	100044c8 <tu_edpt_stream_write_xfer+0x1c>
100044c0:	2701      	movs	r7, #1
100044c2:	7823      	ldrb	r3, [r4, #0]
100044c4:	421f      	tst	r7, r3
100044c6:	d001      	beq.n	100044cc <tu_edpt_stream_write_xfer+0x20>
100044c8:	2000      	movs	r0, #0
100044ca:	bdf8      	pop	{r3, r4, r5, r6, r7, pc}
100044cc:	0030      	movs	r0, r6
100044ce:	7861      	ldrb	r1, [r4, #1]
100044d0:	f7ff f97c 	bl	100037cc <usbd_edpt_claim>
100044d4:	2800      	cmp	r0, #0
100044d6:	d0f7      	beq.n	100044c8 <tu_edpt_stream_write_xfer+0x1c>
100044d8:	0028      	movs	r0, r5
100044da:	8862      	ldrh	r2, [r4, #2]
100044dc:	6861      	ldr	r1, [r4, #4]
100044de:	f000 f941 	bl	10004764 <tu_fifo_read_n>
100044e2:	7823      	ldrb	r3, [r4, #0]
100044e4:	1e05      	subs	r5, r0, #0
100044e6:	d00b      	beq.n	10004500 <tu_edpt_stream_write_xfer+0x54>
100044e8:	421f      	tst	r7, r3
100044ea:	d1ed      	bne.n	100044c8 <tu_edpt_stream_write_xfer+0x1c>
100044ec:	0003      	movs	r3, r0
100044ee:	6862      	ldr	r2, [r4, #4]
100044f0:	0030      	movs	r0, r6
100044f2:	7861      	ldrb	r1, [r4, #1]
100044f4:	f7ff f992 	bl	1000381c <usbd_edpt_xfer>
100044f8:	2800      	cmp	r0, #0
100044fa:	d0e5      	beq.n	100044c8 <tu_edpt_stream_write_xfer+0x1c>
100044fc:	0028      	movs	r0, r5
100044fe:	e7e4      	b.n	100044ca <tu_edpt_stream_write_xfer+0x1e>
10004500:	421f      	tst	r7, r3
10004502:	d1e1      	bne.n	100044c8 <tu_edpt_stream_write_xfer+0x1c>
10004504:	0030      	movs	r0, r6
10004506:	7861      	ldrb	r1, [r4, #1]
10004508:	f7ff f974 	bl	100037f4 <usbd_edpt_release>
1000450c:	e7dc      	b.n	100044c8 <tu_edpt_stream_write_xfer+0x1c>
1000450e:	46c0      	nop			; (mov r8, r8)

10004510 <tu_edpt_stream_read_xfer>:
10004510:	b5f8      	push	{r3, r4, r5, r6, r7, lr}
10004512:	46ce      	mov	lr, r9
10004514:	4647      	mov	r7, r8
10004516:	b580      	push	{r7, lr}
10004518:	898b      	ldrh	r3, [r1, #12]
1000451a:	0006      	movs	r6, r0
1000451c:	000c      	movs	r4, r1
1000451e:	2b00      	cmp	r3, #0
10004520:	d108      	bne.n	10004534 <tu_edpt_stream_read_xfer+0x24>
10004522:	2501      	movs	r5, #1
10004524:	780b      	ldrb	r3, [r1, #0]
10004526:	421d      	tst	r5, r3
10004528:	d041      	beq.n	100045ae <tu_edpt_stream_read_xfer+0x9e>
1000452a:	2000      	movs	r0, #0
1000452c:	bcc0      	pop	{r6, r7}
1000452e:	46b9      	mov	r9, r7
10004530:	46b0      	mov	r8, r6
10004532:	bdf8      	pop	{r3, r4, r5, r6, r7, pc}
10004534:	780b      	ldrb	r3, [r1, #0]
10004536:	079b      	lsls	r3, r3, #30
10004538:	d434      	bmi.n	100045a4 <tu_edpt_stream_read_xfer+0x94>
1000453a:	2340      	movs	r3, #64	; 0x40
1000453c:	425b      	negs	r3, r3
1000453e:	4699      	mov	r9, r3
10004540:	2540      	movs	r5, #64	; 0x40
10004542:	0027      	movs	r7, r4
10004544:	3708      	adds	r7, #8
10004546:	0038      	movs	r0, r7
10004548:	f000 f8a6 	bl	10004698 <tu_fifo_remaining>
1000454c:	42a8      	cmp	r0, r5
1000454e:	d3ec      	bcc.n	1000452a <tu_edpt_stream_read_xfer+0x1a>
10004550:	2201      	movs	r2, #1
10004552:	7823      	ldrb	r3, [r4, #0]
10004554:	4690      	mov	r8, r2
10004556:	421a      	tst	r2, r3
10004558:	d1e7      	bne.n	1000452a <tu_edpt_stream_read_xfer+0x1a>
1000455a:	0030      	movs	r0, r6
1000455c:	7861      	ldrb	r1, [r4, #1]
1000455e:	f7ff f935 	bl	100037cc <usbd_edpt_claim>
10004562:	2800      	cmp	r0, #0
10004564:	d0e1      	beq.n	1000452a <tu_edpt_stream_read_xfer+0x1a>
10004566:	0038      	movs	r0, r7
10004568:	f000 f896 	bl	10004698 <tu_fifo_remaining>
1000456c:	4642      	mov	r2, r8
1000456e:	7823      	ldrb	r3, [r4, #0]
10004570:	4285      	cmp	r5, r0
10004572:	d831      	bhi.n	100045d8 <tu_edpt_stream_read_xfer+0xc8>
10004574:	421a      	tst	r2, r3
10004576:	d1d8      	bne.n	1000452a <tu_edpt_stream_read_xfer+0x1a>
10004578:	464b      	mov	r3, r9
1000457a:	8862      	ldrh	r2, [r4, #2]
1000457c:	4018      	ands	r0, r3
1000457e:	1c05      	adds	r5, r0, #0
10004580:	b280      	uxth	r0, r0
10004582:	4290      	cmp	r0, r2
10004584:	d900      	bls.n	10004588 <tu_edpt_stream_read_xfer+0x78>
10004586:	1c15      	adds	r5, r2, #0
10004588:	b2ad      	uxth	r5, r5
1000458a:	2200      	movs	r2, #0
1000458c:	7861      	ldrb	r1, [r4, #1]
1000458e:	2d00      	cmp	r5, #0
10004590:	d000      	beq.n	10004594 <tu_edpt_stream_read_xfer+0x84>
10004592:	6862      	ldr	r2, [r4, #4]
10004594:	002b      	movs	r3, r5
10004596:	0030      	movs	r0, r6
10004598:	f7ff f940 	bl	1000381c <usbd_edpt_xfer>
1000459c:	2800      	cmp	r0, #0
1000459e:	d0c4      	beq.n	1000452a <tu_edpt_stream_read_xfer+0x1a>
100045a0:	0028      	movs	r0, r5
100045a2:	e7c3      	b.n	1000452c <tu_edpt_stream_read_xfer+0x1c>
100045a4:	2580      	movs	r5, #128	; 0x80
100045a6:	4b10      	ldr	r3, [pc, #64]	; (100045e8 <tu_edpt_stream_read_xfer+0xd8>)
100045a8:	00ad      	lsls	r5, r5, #2
100045aa:	4699      	mov	r9, r3
100045ac:	e7c9      	b.n	10004542 <tu_edpt_stream_read_xfer+0x32>
100045ae:	7849      	ldrb	r1, [r1, #1]
100045b0:	f7ff f90c 	bl	100037cc <usbd_edpt_claim>
100045b4:	2800      	cmp	r0, #0
100045b6:	d0b8      	beq.n	1000452a <tu_edpt_stream_read_xfer+0x1a>
100045b8:	7823      	ldrb	r3, [r4, #0]
100045ba:	421d      	tst	r5, r3
100045bc:	d1b5      	bne.n	1000452a <tu_edpt_stream_read_xfer+0x1a>
100045be:	8863      	ldrh	r3, [r4, #2]
100045c0:	2200      	movs	r2, #0
100045c2:	7861      	ldrb	r1, [r4, #1]
100045c4:	2b00      	cmp	r3, #0
100045c6:	d000      	beq.n	100045ca <tu_edpt_stream_read_xfer+0xba>
100045c8:	6862      	ldr	r2, [r4, #4]
100045ca:	0030      	movs	r0, r6
100045cc:	f7ff f926 	bl	1000381c <usbd_edpt_xfer>
100045d0:	2800      	cmp	r0, #0
100045d2:	d0aa      	beq.n	1000452a <tu_edpt_stream_read_xfer+0x1a>
100045d4:	8860      	ldrh	r0, [r4, #2]
100045d6:	e7a9      	b.n	1000452c <tu_edpt_stream_read_xfer+0x1c>
100045d8:	421a      	tst	r2, r3
100045da:	d1a6      	bne.n	1000452a <tu_edpt_stream_read_xfer+0x1a>
100045dc:	0030      	movs	r0, r6
100045de:	7861      	ldrb	r1, [r4, #1]
100045e0:	f7ff f908 	bl	100037f4 <usbd_edpt_release>
100045e4:	e7a1      	b.n	1000452a <tu_edpt_stream_read_xfer+0x1a>
100045e6:	46c0      	nop			; (mov r8, r8)
100045e8:	fffffe00 	.word	0xfffffe00

100045ec <tu_fifo_config>:
100045ec:	b5f0      	push	{r4, r5, r6, r7, lr}
100045ee:	46c6      	mov	lr, r8
100045f0:	b500      	push	{lr}
100045f2:	0004      	movs	r4, r0
100045f4:	a806      	add	r0, sp, #24
100045f6:	7805      	ldrb	r5, [r0, #0]
100045f8:	2080      	movs	r0, #128	; 0x80
100045fa:	4688      	mov	r8, r1
100045fc:	0017      	movs	r7, r2
100045fe:	001e      	movs	r6, r3
10004600:	0200      	lsls	r0, r0, #8
10004602:	4282      	cmp	r2, r0
10004604:	d827      	bhi.n	10004656 <tu_fifo_config+0x6a>
10004606:	68e0      	ldr	r0, [r4, #12]
10004608:	2800      	cmp	r0, #0
1000460a:	d003      	beq.n	10004614 <tu_fifo_config+0x28>
1000460c:	2101      	movs	r1, #1
1000460e:	4249      	negs	r1, r1
10004610:	f000 faba 	bl	10004b88 <__mutex_enter_timeout_ms_veneer>
10004614:	6920      	ldr	r0, [r4, #16]
10004616:	2800      	cmp	r0, #0
10004618:	d003      	beq.n	10004622 <tu_fifo_config+0x36>
1000461a:	2101      	movs	r1, #1
1000461c:	4249      	negs	r1, r1
1000461e:	f000 fab3 	bl	10004b88 <__mutex_enter_timeout_ms_veneer>
10004622:	4643      	mov	r3, r8
10004624:	6023      	str	r3, [r4, #0]
10004626:	0473      	lsls	r3, r6, #17
10004628:	0c5b      	lsrs	r3, r3, #17
1000462a:	03ed      	lsls	r5, r5, #15
1000462c:	431d      	orrs	r5, r3
1000462e:	2300      	movs	r3, #0
10004630:	68e0      	ldr	r0, [r4, #12]
10004632:	8163      	strh	r3, [r4, #10]
10004634:	80a7      	strh	r7, [r4, #4]
10004636:	80e5      	strh	r5, [r4, #6]
10004638:	8123      	strh	r3, [r4, #8]
1000463a:	2800      	cmp	r0, #0
1000463c:	d001      	beq.n	10004642 <tu_fifo_config+0x56>
1000463e:	f000 fa7b 	bl	10004b38 <__mutex_exit_veneer>
10004642:	6920      	ldr	r0, [r4, #16]
10004644:	2401      	movs	r4, #1
10004646:	2800      	cmp	r0, #0
10004648:	d001      	beq.n	1000464e <tu_fifo_config+0x62>
1000464a:	f000 fa75 	bl	10004b38 <__mutex_exit_veneer>
1000464e:	0020      	movs	r0, r4
10004650:	bc80      	pop	{r7}
10004652:	46b8      	mov	r8, r7
10004654:	bdf0      	pop	{r4, r5, r6, r7, pc}
10004656:	2400      	movs	r4, #0
10004658:	e7f9      	b.n	1000464e <tu_fifo_config+0x62>
1000465a:	46c0      	nop			; (mov r8, r8)

1000465c <tu_fifo_count>:
1000465c:	b510      	push	{r4, lr}
1000465e:	8904      	ldrh	r4, [r0, #8]
10004660:	8941      	ldrh	r1, [r0, #10]
10004662:	8882      	ldrh	r2, [r0, #4]
10004664:	b2a3      	uxth	r3, r4
10004666:	b288      	uxth	r0, r1
10004668:	428c      	cmp	r4, r1
1000466a:	d307      	bcc.n	1000467c <tu_fifo_count+0x20>
1000466c:	1a1b      	subs	r3, r3, r0
1000466e:	b29b      	uxth	r3, r3
10004670:	1c10      	adds	r0, r2, #0
10004672:	429a      	cmp	r2, r3
10004674:	d900      	bls.n	10004678 <tu_fifo_count+0x1c>
10004676:	1c18      	adds	r0, r3, #0
10004678:	b280      	uxth	r0, r0
1000467a:	bd10      	pop	{r4, pc}
1000467c:	0051      	lsls	r1, r2, #1
1000467e:	1a09      	subs	r1, r1, r0
10004680:	185b      	adds	r3, r3, r1
10004682:	b29b      	uxth	r3, r3
10004684:	e7f4      	b.n	10004670 <tu_fifo_count+0x14>
10004686:	46c0      	nop			; (mov r8, r8)

10004688 <tu_fifo_empty>:
10004688:	0003      	movs	r3, r0
1000468a:	8900      	ldrh	r0, [r0, #8]
1000468c:	895b      	ldrh	r3, [r3, #10]
1000468e:	1ac0      	subs	r0, r0, r3
10004690:	4243      	negs	r3, r0
10004692:	4158      	adcs	r0, r3
10004694:	b2c0      	uxtb	r0, r0
10004696:	4770      	bx	lr

10004698 <tu_fifo_remaining>:
10004698:	b510      	push	{r4, lr}
1000469a:	8904      	ldrh	r4, [r0, #8]
1000469c:	8941      	ldrh	r1, [r0, #10]
1000469e:	8882      	ldrh	r2, [r0, #4]
100046a0:	b2a3      	uxth	r3, r4
100046a2:	b288      	uxth	r0, r1
100046a4:	428c      	cmp	r4, r1
100046a6:	d307      	bcc.n	100046b8 <tu_fifo_remaining+0x20>
100046a8:	1a1b      	subs	r3, r3, r0
100046aa:	b29b      	uxth	r3, r3
100046ac:	2000      	movs	r0, #0
100046ae:	429a      	cmp	r2, r3
100046b0:	d901      	bls.n	100046b6 <tu_fifo_remaining+0x1e>
100046b2:	1ad3      	subs	r3, r2, r3
100046b4:	b298      	uxth	r0, r3
100046b6:	bd10      	pop	{r4, pc}
100046b8:	0051      	lsls	r1, r2, #1
100046ba:	1a09      	subs	r1, r1, r0
100046bc:	185b      	adds	r3, r3, r1
100046be:	b29b      	uxth	r3, r3
100046c0:	e7f4      	b.n	100046ac <tu_fifo_remaining+0x14>
100046c2:	46c0      	nop			; (mov r8, r8)

100046c4 <tu_fifo_read>:
100046c4:	b570      	push	{r4, r5, r6, lr}
100046c6:	0004      	movs	r4, r0
100046c8:	6900      	ldr	r0, [r0, #16]
100046ca:	000e      	movs	r6, r1
100046cc:	2800      	cmp	r0, #0
100046ce:	d003      	beq.n	100046d8 <tu_fifo_read+0x14>
100046d0:	2101      	movs	r1, #1
100046d2:	4249      	negs	r1, r1
100046d4:	f000 fa58 	bl	10004b88 <__mutex_enter_timeout_ms_veneer>
100046d8:	8925      	ldrh	r5, [r4, #8]
100046da:	8960      	ldrh	r0, [r4, #10]
100046dc:	88a2      	ldrh	r2, [r4, #4]
100046de:	b2a9      	uxth	r1, r5
100046e0:	b283      	uxth	r3, r0
100046e2:	4285      	cmp	r5, r0
100046e4:	d32c      	bcc.n	10004740 <tu_fifo_read+0x7c>
100046e6:	1acd      	subs	r5, r1, r3
100046e8:	b2ad      	uxth	r5, r5
100046ea:	2d00      	cmp	r5, #0
100046ec:	d02e      	beq.n	1000474c <tu_fifo_read+0x88>
100046ee:	42aa      	cmp	r2, r5
100046f0:	d208      	bcs.n	10004704 <tu_fifo_read+0x40>
100046f2:	4291      	cmp	r1, r2
100046f4:	d331      	bcc.n	1000475a <tu_fifo_read+0x96>
100046f6:	1a8b      	subs	r3, r1, r2
100046f8:	b29b      	uxth	r3, r3
100046fa:	8163      	strh	r3, [r4, #10]
100046fc:	429a      	cmp	r2, r3
100046fe:	d803      	bhi.n	10004708 <tu_fifo_read+0x44>
10004700:	1a9b      	subs	r3, r3, r2
10004702:	b29b      	uxth	r3, r3
10004704:	429a      	cmp	r2, r3
10004706:	d9fb      	bls.n	10004700 <tu_fifo_read+0x3c>
10004708:	88e2      	ldrh	r2, [r4, #6]
1000470a:	6821      	ldr	r1, [r4, #0]
1000470c:	0452      	lsls	r2, r2, #17
1000470e:	0c52      	lsrs	r2, r2, #17
10004710:	4353      	muls	r3, r2
10004712:	0030      	movs	r0, r6
10004714:	18c9      	adds	r1, r1, r3
10004716:	f7fd fc4b 	bl	10001fb0 <__wrap___aeabi_memcpy>
1000471a:	8961      	ldrh	r1, [r4, #10]
1000471c:	2501      	movs	r5, #1
1000471e:	1c4b      	adds	r3, r1, #1
10004720:	b29b      	uxth	r3, r3
10004722:	88a2      	ldrh	r2, [r4, #4]
10004724:	4299      	cmp	r1, r3
10004726:	d914      	bls.n	10004752 <tu_fifo_read+0x8e>
10004728:	2300      	movs	r3, #0
1000472a:	0052      	lsls	r2, r2, #1
1000472c:	1a9b      	subs	r3, r3, r2
1000472e:	b29b      	uxth	r3, r3
10004730:	6920      	ldr	r0, [r4, #16]
10004732:	8163      	strh	r3, [r4, #10]
10004734:	2800      	cmp	r0, #0
10004736:	d001      	beq.n	1000473c <tu_fifo_read+0x78>
10004738:	f000 f9fe 	bl	10004b38 <__mutex_exit_veneer>
1000473c:	0028      	movs	r0, r5
1000473e:	bd70      	pop	{r4, r5, r6, pc}
10004740:	0055      	lsls	r5, r2, #1
10004742:	1aed      	subs	r5, r5, r3
10004744:	194d      	adds	r5, r1, r5
10004746:	b2ad      	uxth	r5, r5
10004748:	2d00      	cmp	r5, #0
1000474a:	d1d0      	bne.n	100046ee <tu_fifo_read+0x2a>
1000474c:	2500      	movs	r5, #0
1000474e:	8963      	ldrh	r3, [r4, #10]
10004750:	b29b      	uxth	r3, r3
10004752:	0052      	lsls	r2, r2, #1
10004754:	4293      	cmp	r3, r2
10004756:	dbeb      	blt.n	10004730 <tu_fifo_read+0x6c>
10004758:	e7e8      	b.n	1000472c <tu_fifo_read+0x68>
1000475a:	1889      	adds	r1, r1, r2
1000475c:	b28b      	uxth	r3, r1
1000475e:	8163      	strh	r3, [r4, #10]
10004760:	e7cc      	b.n	100046fc <tu_fifo_read+0x38>
10004762:	46c0      	nop			; (mov r8, r8)

10004764 <tu_fifo_read_n>:
10004764:	b5f0      	push	{r4, r5, r6, r7, lr}
10004766:	4646      	mov	r6, r8
10004768:	464f      	mov	r7, r9
1000476a:	46d6      	mov	lr, sl
1000476c:	b5c0      	push	{r6, r7, lr}
1000476e:	0006      	movs	r6, r0
10004770:	6900      	ldr	r0, [r0, #16]
10004772:	4689      	mov	r9, r1
10004774:	4690      	mov	r8, r2
10004776:	2800      	cmp	r0, #0
10004778:	d003      	beq.n	10004782 <tu_fifo_read_n+0x1e>
1000477a:	2101      	movs	r1, #1
1000477c:	4249      	negs	r1, r1
1000477e:	f000 fa03 	bl	10004b88 <__mutex_enter_timeout_ms_veneer>
10004782:	8931      	ldrh	r1, [r6, #8]
10004784:	8972      	ldrh	r2, [r6, #10]
10004786:	88b5      	ldrh	r5, [r6, #4]
10004788:	b28b      	uxth	r3, r1
1000478a:	b294      	uxth	r4, r2
1000478c:	4291      	cmp	r1, r2
1000478e:	d357      	bcc.n	10004840 <tu_fifo_read_n+0xdc>
10004790:	1b1f      	subs	r7, r3, r4
10004792:	b2bf      	uxth	r7, r7
10004794:	2f00      	cmp	r7, #0
10004796:	d04d      	beq.n	10004834 <tu_fifo_read_n+0xd0>
10004798:	42bd      	cmp	r5, r7
1000479a:	d205      	bcs.n	100047a8 <tu_fifo_read_n+0x44>
1000479c:	42ab      	cmp	r3, r5
1000479e:	d254      	bcs.n	1000484a <tu_fifo_read_n+0xe6>
100047a0:	195b      	adds	r3, r3, r5
100047a2:	b29c      	uxth	r4, r3
100047a4:	002f      	movs	r7, r5
100047a6:	8174      	strh	r4, [r6, #10]
100047a8:	4643      	mov	r3, r8
100047aa:	45b8      	cmp	r8, r7
100047ac:	d840      	bhi.n	10004830 <tu_fifo_read_n+0xcc>
100047ae:	b29f      	uxth	r7, r3
100047b0:	42a5      	cmp	r5, r4
100047b2:	d803      	bhi.n	100047bc <tu_fifo_read_n+0x58>
100047b4:	1b64      	subs	r4, r4, r5
100047b6:	b2a4      	uxth	r4, r4
100047b8:	42a5      	cmp	r5, r4
100047ba:	d9fb      	bls.n	100047b4 <tu_fifo_read_n+0x50>
100047bc:	88f2      	ldrh	r2, [r6, #6]
100047be:	1b28      	subs	r0, r5, r4
100047c0:	0452      	lsls	r2, r2, #17
100047c2:	0c53      	lsrs	r3, r2, #17
100047c4:	0019      	movs	r1, r3
100047c6:	4698      	mov	r8, r3
100047c8:	6833      	ldr	r3, [r6, #0]
100047ca:	4361      	muls	r1, r4
100047cc:	469c      	mov	ip, r3
100047ce:	b280      	uxth	r0, r0
100047d0:	4461      	add	r1, ip
100047d2:	4287      	cmp	r7, r0
100047d4:	d926      	bls.n	10004824 <tu_fifo_read_n+0xc0>
100047d6:	4643      	mov	r3, r8
100047d8:	4358      	muls	r0, r3
100047da:	b283      	uxth	r3, r0
100047dc:	001a      	movs	r2, r3
100047de:	4648      	mov	r0, r9
100047e0:	469a      	mov	sl, r3
100047e2:	f7fd fbe5 	bl	10001fb0 <__wrap___aeabi_memcpy>
100047e6:	4643      	mov	r3, r8
100047e8:	4648      	mov	r0, r9
100047ea:	1b7d      	subs	r5, r7, r5
100047ec:	1964      	adds	r4, r4, r5
100047ee:	435c      	muls	r4, r3
100047f0:	6831      	ldr	r1, [r6, #0]
100047f2:	4450      	add	r0, sl
100047f4:	b2a2      	uxth	r2, r4
100047f6:	f7fd fbdb 	bl	10001fb0 <__wrap___aeabi_memcpy>
100047fa:	8971      	ldrh	r1, [r6, #10]
100047fc:	88b5      	ldrh	r5, [r6, #4]
100047fe:	19cb      	adds	r3, r1, r7
10004800:	b29b      	uxth	r3, r3
10004802:	006a      	lsls	r2, r5, #1
10004804:	4299      	cmp	r1, r3
10004806:	d917      	bls.n	10004838 <tu_fifo_read_n+0xd4>
10004808:	1a9b      	subs	r3, r3, r2
1000480a:	b29b      	uxth	r3, r3
1000480c:	6930      	ldr	r0, [r6, #16]
1000480e:	8173      	strh	r3, [r6, #10]
10004810:	2800      	cmp	r0, #0
10004812:	d001      	beq.n	10004818 <tu_fifo_read_n+0xb4>
10004814:	f000 f990 	bl	10004b38 <__mutex_exit_veneer>
10004818:	0038      	movs	r0, r7
1000481a:	bce0      	pop	{r5, r6, r7}
1000481c:	46ba      	mov	sl, r7
1000481e:	46b1      	mov	r9, r6
10004820:	46a8      	mov	r8, r5
10004822:	bdf0      	pop	{r4, r5, r6, r7, pc}
10004824:	4642      	mov	r2, r8
10004826:	4648      	mov	r0, r9
10004828:	437a      	muls	r2, r7
1000482a:	f7fd fbc1 	bl	10001fb0 <__wrap___aeabi_memcpy>
1000482e:	e7e4      	b.n	100047fa <tu_fifo_read_n+0x96>
10004830:	1c3b      	adds	r3, r7, #0
10004832:	e7bc      	b.n	100047ae <tu_fifo_read_n+0x4a>
10004834:	8973      	ldrh	r3, [r6, #10]
10004836:	b29b      	uxth	r3, r3
10004838:	006a      	lsls	r2, r5, #1
1000483a:	4293      	cmp	r3, r2
1000483c:	dbe6      	blt.n	1000480c <tu_fifo_read_n+0xa8>
1000483e:	e7e3      	b.n	10004808 <tu_fifo_read_n+0xa4>
10004840:	006f      	lsls	r7, r5, #1
10004842:	1b3f      	subs	r7, r7, r4
10004844:	19df      	adds	r7, r3, r7
10004846:	b2bf      	uxth	r7, r7
10004848:	e7a4      	b.n	10004794 <tu_fifo_read_n+0x30>
1000484a:	1b5b      	subs	r3, r3, r5
1000484c:	b29c      	uxth	r4, r3
1000484e:	e7a9      	b.n	100047a4 <tu_fifo_read_n+0x40>

10004850 <tu_fifo_write>:
10004850:	b5f8      	push	{r3, r4, r5, r6, r7, lr}
10004852:	0004      	movs	r4, r0
10004854:	68c0      	ldr	r0, [r0, #12]
10004856:	000e      	movs	r6, r1
10004858:	2800      	cmp	r0, #0
1000485a:	d003      	beq.n	10004864 <tu_fifo_write+0x14>
1000485c:	2101      	movs	r1, #1
1000485e:	4249      	negs	r1, r1
10004860:	f000 f992 	bl	10004b88 <__mutex_enter_timeout_ms_veneer>
10004864:	8925      	ldrh	r5, [r4, #8]
10004866:	8920      	ldrh	r0, [r4, #8]
10004868:	8961      	ldrh	r1, [r4, #10]
1000486a:	88a2      	ldrh	r2, [r4, #4]
1000486c:	b2ad      	uxth	r5, r5
1000486e:	b283      	uxth	r3, r0
10004870:	b28f      	uxth	r7, r1
10004872:	4288      	cmp	r0, r1
10004874:	d328      	bcc.n	100048c8 <tu_fifo_write+0x78>
10004876:	1bdb      	subs	r3, r3, r7
10004878:	b29b      	uxth	r3, r3
1000487a:	429a      	cmp	r2, r3
1000487c:	d809      	bhi.n	10004892 <tu_fifo_write+0x42>
1000487e:	79e7      	ldrb	r7, [r4, #7]
10004880:	09ff      	lsrs	r7, r7, #7
10004882:	d106      	bne.n	10004892 <tu_fifo_write+0x42>
10004884:	68e0      	ldr	r0, [r4, #12]
10004886:	2800      	cmp	r0, #0
10004888:	d001      	beq.n	1000488e <tu_fifo_write+0x3e>
1000488a:	f000 f955 	bl	10004b38 <__mutex_exit_veneer>
1000488e:	0038      	movs	r0, r7
10004890:	bdf8      	pop	{r3, r4, r5, r6, r7, pc}
10004892:	002b      	movs	r3, r5
10004894:	4295      	cmp	r5, r2
10004896:	d303      	bcc.n	100048a0 <tu_fifo_write+0x50>
10004898:	1a9b      	subs	r3, r3, r2
1000489a:	b29b      	uxth	r3, r3
1000489c:	4293      	cmp	r3, r2
1000489e:	d2fb      	bcs.n	10004898 <tu_fifo_write+0x48>
100048a0:	88e2      	ldrh	r2, [r4, #6]
100048a2:	6821      	ldr	r1, [r4, #0]
100048a4:	0452      	lsls	r2, r2, #17
100048a6:	0c52      	lsrs	r2, r2, #17
100048a8:	4353      	muls	r3, r2
100048aa:	18c8      	adds	r0, r1, r3
100048ac:	0031      	movs	r1, r6
100048ae:	f7fd fb7f 	bl	10001fb0 <__wrap___aeabi_memcpy>
100048b2:	88a2      	ldrh	r2, [r4, #4]
100048b4:	1c6b      	adds	r3, r5, #1
100048b6:	b29b      	uxth	r3, r3
100048b8:	0052      	lsls	r2, r2, #1
100048ba:	429d      	cmp	r5, r3
100048bc:	d909      	bls.n	100048d2 <tu_fifo_write+0x82>
100048be:	1a9b      	subs	r3, r3, r2
100048c0:	b29b      	uxth	r3, r3
100048c2:	2701      	movs	r7, #1
100048c4:	8123      	strh	r3, [r4, #8]
100048c6:	e7dd      	b.n	10004884 <tu_fifo_write+0x34>
100048c8:	0051      	lsls	r1, r2, #1
100048ca:	1bc9      	subs	r1, r1, r7
100048cc:	185b      	adds	r3, r3, r1
100048ce:	b29b      	uxth	r3, r3
100048d0:	e7d3      	b.n	1000487a <tu_fifo_write+0x2a>
100048d2:	4293      	cmp	r3, r2
100048d4:	dbf5      	blt.n	100048c2 <tu_fifo_write+0x72>
100048d6:	e7f2      	b.n	100048be <tu_fifo_write+0x6e>

100048d8 <tu_fifo_write_n>:
100048d8:	b5f0      	push	{r4, r5, r6, r7, lr}
100048da:	464e      	mov	r6, r9
100048dc:	4645      	mov	r5, r8
100048de:	46de      	mov	lr, fp
100048e0:	4657      	mov	r7, sl
100048e2:	b5e0      	push	{r5, r6, r7, lr}
100048e4:	4689      	mov	r9, r1
100048e6:	0005      	movs	r5, r0
100048e8:	0014      	movs	r4, r2
100048ea:	b083      	sub	sp, #12
100048ec:	2a00      	cmp	r2, #0
100048ee:	d06e      	beq.n	100049ce <tu_fifo_write_n+0xf6>
100048f0:	68c0      	ldr	r0, [r0, #12]
100048f2:	2800      	cmp	r0, #0
100048f4:	d003      	beq.n	100048fe <tu_fifo_write_n+0x26>
100048f6:	2101      	movs	r1, #1
100048f8:	4249      	negs	r1, r1
100048fa:	f000 f945 	bl	10004b88 <__mutex_enter_timeout_ms_veneer>
100048fe:	892f      	ldrh	r7, [r5, #8]
10004900:	79ea      	ldrb	r2, [r5, #7]
10004902:	896b      	ldrh	r3, [r5, #10]
10004904:	b2bf      	uxth	r7, r7
10004906:	b29b      	uxth	r3, r3
10004908:	09d2      	lsrs	r2, r2, #7
1000490a:	d142      	bne.n	10004992 <tu_fifo_write_n+0xba>
1000490c:	88ae      	ldrh	r6, [r5, #4]
1000490e:	429f      	cmp	r7, r3
10004910:	d267      	bcs.n	100049e2 <tu_fifo_write_n+0x10a>
10004912:	0072      	lsls	r2, r6, #1
10004914:	1ad3      	subs	r3, r2, r3
10004916:	18fb      	adds	r3, r7, r3
10004918:	b29b      	uxth	r3, r3
1000491a:	2200      	movs	r2, #0
1000491c:	4690      	mov	r8, r2
1000491e:	429e      	cmp	r6, r3
10004920:	d931      	bls.n	10004986 <tu_fifo_write_n+0xae>
10004922:	1af3      	subs	r3, r6, r3
10004924:	1c1a      	adds	r2, r3, #0
10004926:	b29b      	uxth	r3, r3
10004928:	42a3      	cmp	r3, r4
1000492a:	d900      	bls.n	1000492e <tu_fifo_write_n+0x56>
1000492c:	1c22      	adds	r2, r4, #0
1000492e:	b293      	uxth	r3, r2
10004930:	4698      	mov	r8, r3
10004932:	88e8      	ldrh	r0, [r5, #6]
10004934:	4643      	mov	r3, r8
10004936:	19db      	adds	r3, r3, r7
10004938:	b29b      	uxth	r3, r3
1000493a:	469b      	mov	fp, r3
1000493c:	003c      	movs	r4, r7
1000493e:	42be      	cmp	r6, r7
10004940:	d803      	bhi.n	1000494a <tu_fifo_write_n+0x72>
10004942:	1ba4      	subs	r4, r4, r6
10004944:	b2a4      	uxth	r4, r4
10004946:	42b4      	cmp	r4, r6
10004948:	d2fb      	bcs.n	10004942 <tu_fifo_write_n+0x6a>
1000494a:	0440      	lsls	r0, r0, #17
1000494c:	0c43      	lsrs	r3, r0, #17
1000494e:	0018      	movs	r0, r3
10004950:	469a      	mov	sl, r3
10004952:	682b      	ldr	r3, [r5, #0]
10004954:	4360      	muls	r0, r4
10004956:	469c      	mov	ip, r3
10004958:	1b31      	subs	r1, r6, r4
1000495a:	b289      	uxth	r1, r1
1000495c:	4460      	add	r0, ip
1000495e:	4541      	cmp	r1, r8
10004960:	d34e      	bcc.n	10004a00 <tu_fifo_write_n+0x128>
10004962:	4652      	mov	r2, sl
10004964:	4643      	mov	r3, r8
10004966:	4649      	mov	r1, r9
10004968:	435a      	muls	r2, r3
1000496a:	f7fd fb21 	bl	10001fb0 <__wrap___aeabi_memcpy>
1000496e:	88ab      	ldrh	r3, [r5, #4]
10004970:	005b      	lsls	r3, r3, #1
10004972:	45bb      	cmp	fp, r7
10004974:	d301      	bcc.n	1000497a <tu_fifo_write_n+0xa2>
10004976:	459b      	cmp	fp, r3
10004978:	db03      	blt.n	10004982 <tu_fifo_write_n+0xaa>
1000497a:	465a      	mov	r2, fp
1000497c:	1ad3      	subs	r3, r2, r3
1000497e:	b29b      	uxth	r3, r3
10004980:	469b      	mov	fp, r3
10004982:	465b      	mov	r3, fp
10004984:	812b      	strh	r3, [r5, #8]
10004986:	68e8      	ldr	r0, [r5, #12]
10004988:	2800      	cmp	r0, #0
1000498a:	d022      	beq.n	100049d2 <tu_fifo_write_n+0xfa>
1000498c:	f000 f8d4 	bl	10004b38 <__mutex_exit_veneer>
10004990:	e01f      	b.n	100049d2 <tu_fifo_write_n+0xfa>
10004992:	88aa      	ldrh	r2, [r5, #4]
10004994:	4690      	mov	r8, r2
10004996:	4294      	cmp	r4, r2
10004998:	d226      	bcs.n	100049e8 <tu_fifo_write_n+0x110>
1000499a:	429f      	cmp	r7, r3
1000499c:	d344      	bcc.n	10004a28 <tu_fifo_write_n+0x150>
1000499e:	4641      	mov	r1, r8
100049a0:	1afa      	subs	r2, r7, r3
100049a2:	b292      	uxth	r2, r2
100049a4:	0049      	lsls	r1, r1, #1
100049a6:	1912      	adds	r2, r2, r4
100049a8:	428a      	cmp	r2, r1
100049aa:	db09      	blt.n	100049c0 <tu_fifo_write_n+0xe8>
100049ac:	4642      	mov	r2, r8
100049ae:	189a      	adds	r2, r3, r2
100049b0:	b292      	uxth	r2, r2
100049b2:	1b17      	subs	r7, r2, r4
100049b4:	b2bf      	uxth	r7, r7
100049b6:	4693      	mov	fp, r2
100049b8:	42bb      	cmp	r3, r7
100049ba:	d93a      	bls.n	10004a32 <tu_fifo_write_n+0x15a>
100049bc:	1a7f      	subs	r7, r7, r1
100049be:	b2bf      	uxth	r7, r7
100049c0:	19e3      	adds	r3, r4, r7
100049c2:	b29b      	uxth	r3, r3
100049c4:	4646      	mov	r6, r8
100049c6:	469b      	mov	fp, r3
100049c8:	46a0      	mov	r8, r4
100049ca:	88e8      	ldrh	r0, [r5, #6]
100049cc:	e7b6      	b.n	1000493c <tu_fifo_write_n+0x64>
100049ce:	2300      	movs	r3, #0
100049d0:	4698      	mov	r8, r3
100049d2:	4640      	mov	r0, r8
100049d4:	b003      	add	sp, #12
100049d6:	bcf0      	pop	{r4, r5, r6, r7}
100049d8:	46bb      	mov	fp, r7
100049da:	46b2      	mov	sl, r6
100049dc:	46a9      	mov	r9, r5
100049de:	46a0      	mov	r8, r4
100049e0:	bdf0      	pop	{r4, r5, r6, r7, pc}
100049e2:	1afb      	subs	r3, r7, r3
100049e4:	b29b      	uxth	r3, r3
100049e6:	e798      	b.n	1000491a <tu_fifo_write_n+0x42>
100049e8:	88e8      	ldrh	r0, [r5, #6]
100049ea:	1aa2      	subs	r2, r4, r2
100049ec:	0444      	lsls	r4, r0, #17
100049ee:	0c64      	lsrs	r4, r4, #17
100049f0:	4354      	muls	r4, r2
100049f2:	4642      	mov	r2, r8
100049f4:	44a1      	add	r9, r4
100049f6:	2a00      	cmp	r2, #0
100049f8:	d0c5      	beq.n	10004986 <tu_fifo_write_n+0xae>
100049fa:	4646      	mov	r6, r8
100049fc:	001f      	movs	r7, r3
100049fe:	e799      	b.n	10004934 <tu_fifo_write_n+0x5c>
10004a00:	4653      	mov	r3, sl
10004a02:	4359      	muls	r1, r3
10004a04:	b289      	uxth	r1, r1
10004a06:	000a      	movs	r2, r1
10004a08:	9101      	str	r1, [sp, #4]
10004a0a:	4649      	mov	r1, r9
10004a0c:	f7fd fad0 	bl	10001fb0 <__wrap___aeabi_memcpy>
10004a10:	4643      	mov	r3, r8
10004a12:	1b9a      	subs	r2, r3, r6
10004a14:	4653      	mov	r3, sl
10004a16:	18a2      	adds	r2, r4, r2
10004a18:	435a      	muls	r2, r3
10004a1a:	9901      	ldr	r1, [sp, #4]
10004a1c:	6828      	ldr	r0, [r5, #0]
10004a1e:	b292      	uxth	r2, r2
10004a20:	4449      	add	r1, r9
10004a22:	f7fd fac5 	bl	10001fb0 <__wrap___aeabi_memcpy>
10004a26:	e7a2      	b.n	1000496e <tu_fifo_write_n+0x96>
10004a28:	0051      	lsls	r1, r2, #1
10004a2a:	1aca      	subs	r2, r1, r3
10004a2c:	18ba      	adds	r2, r7, r2
10004a2e:	b292      	uxth	r2, r2
10004a30:	e7b9      	b.n	100049a6 <tu_fifo_write_n+0xce>
10004a32:	42b9      	cmp	r1, r7
10004a34:	ddc2      	ble.n	100049bc <tu_fifo_write_n+0xe4>
10004a36:	4646      	mov	r6, r8
10004a38:	88e8      	ldrh	r0, [r5, #6]
10004a3a:	46a0      	mov	r8, r4
10004a3c:	e77e      	b.n	1000493c <tu_fifo_write_n+0x64>
10004a3e:	46c0      	nop			; (mov r8, r8)

10004a40 <tu_fifo_clear>:
10004a40:	b510      	push	{r4, lr}
10004a42:	0004      	movs	r4, r0
10004a44:	68c0      	ldr	r0, [r0, #12]
10004a46:	2800      	cmp	r0, #0
10004a48:	d003      	beq.n	10004a52 <tu_fifo_clear+0x12>
10004a4a:	2101      	movs	r1, #1
10004a4c:	4249      	negs	r1, r1
10004a4e:	f000 f89b 	bl	10004b88 <__mutex_enter_timeout_ms_veneer>
10004a52:	6920      	ldr	r0, [r4, #16]
10004a54:	2800      	cmp	r0, #0
10004a56:	d003      	beq.n	10004a60 <tu_fifo_clear+0x20>
10004a58:	2101      	movs	r1, #1
10004a5a:	4249      	negs	r1, r1
10004a5c:	f000 f894 	bl	10004b88 <__mutex_enter_timeout_ms_veneer>
10004a60:	2300      	movs	r3, #0
10004a62:	68e0      	ldr	r0, [r4, #12]
10004a64:	8163      	strh	r3, [r4, #10]
10004a66:	8123      	strh	r3, [r4, #8]
10004a68:	2800      	cmp	r0, #0
10004a6a:	d001      	beq.n	10004a70 <tu_fifo_clear+0x30>
10004a6c:	f000 f864 	bl	10004b38 <__mutex_exit_veneer>
10004a70:	6920      	ldr	r0, [r4, #16]
10004a72:	2800      	cmp	r0, #0
10004a74:	d001      	beq.n	10004a7a <tu_fifo_clear+0x3a>
10004a76:	f000 f85f 	bl	10004b38 <__mutex_exit_veneer>
10004a7a:	2001      	movs	r0, #1
10004a7c:	bd10      	pop	{r4, pc}
10004a7e:	46c0      	nop			; (mov r8, r8)

10004a80 <tu_fifo_set_overwritable>:
10004a80:	b570      	push	{r4, r5, r6, lr}
10004a82:	0004      	movs	r4, r0
10004a84:	68c0      	ldr	r0, [r0, #12]
10004a86:	000d      	movs	r5, r1
10004a88:	2800      	cmp	r0, #0
10004a8a:	d003      	beq.n	10004a94 <tu_fifo_set_overwritable+0x14>
10004a8c:	2101      	movs	r1, #1
10004a8e:	4249      	negs	r1, r1
10004a90:	f000 f87a 	bl	10004b88 <__mutex_enter_timeout_ms_veneer>
10004a94:	6920      	ldr	r0, [r4, #16]
10004a96:	2800      	cmp	r0, #0
10004a98:	d003      	beq.n	10004aa2 <tu_fifo_set_overwritable+0x22>
10004a9a:	2101      	movs	r1, #1
10004a9c:	4249      	negs	r1, r1
10004a9e:	f000 f873 	bl	10004b88 <__mutex_enter_timeout_ms_veneer>
10004aa2:	217f      	movs	r1, #127	; 0x7f
10004aa4:	79e3      	ldrb	r3, [r4, #7]
10004aa6:	01ed      	lsls	r5, r5, #7
10004aa8:	4019      	ands	r1, r3
10004aaa:	68e0      	ldr	r0, [r4, #12]
10004aac:	4329      	orrs	r1, r5
10004aae:	71e1      	strb	r1, [r4, #7]
10004ab0:	2800      	cmp	r0, #0
10004ab2:	d001      	beq.n	10004ab8 <tu_fifo_set_overwritable+0x38>
10004ab4:	f000 f840 	bl	10004b38 <__mutex_exit_veneer>
10004ab8:	6920      	ldr	r0, [r4, #16]
10004aba:	2800      	cmp	r0, #0
10004abc:	d001      	beq.n	10004ac2 <tu_fifo_set_overwritable+0x42>
10004abe:	f000 f83b 	bl	10004b38 <__mutex_exit_veneer>
10004ac2:	2001      	movs	r0, #1
10004ac4:	bd70      	pop	{r4, r5, r6, pc}
10004ac6:	46c0      	nop			; (mov r8, r8)

10004ac8 <strlen>:
10004ac8:	b510      	push	{r4, lr}
10004aca:	0783      	lsls	r3, r0, #30
10004acc:	d00a      	beq.n	10004ae4 <strlen+0x1c>
10004ace:	0003      	movs	r3, r0
10004ad0:	2103      	movs	r1, #3
10004ad2:	e002      	b.n	10004ada <strlen+0x12>
10004ad4:	3301      	adds	r3, #1
10004ad6:	420b      	tst	r3, r1
10004ad8:	d005      	beq.n	10004ae6 <strlen+0x1e>
10004ada:	781a      	ldrb	r2, [r3, #0]
10004adc:	2a00      	cmp	r2, #0
10004ade:	d1f9      	bne.n	10004ad4 <strlen+0xc>
10004ae0:	1a18      	subs	r0, r3, r0
10004ae2:	bd10      	pop	{r4, pc}
10004ae4:	0003      	movs	r3, r0
10004ae6:	6819      	ldr	r1, [r3, #0]
10004ae8:	4a0c      	ldr	r2, [pc, #48]	; (10004b1c <strlen+0x54>)
10004aea:	4c0d      	ldr	r4, [pc, #52]	; (10004b20 <strlen+0x58>)
10004aec:	188a      	adds	r2, r1, r2
10004aee:	438a      	bics	r2, r1
10004af0:	4222      	tst	r2, r4
10004af2:	d10f      	bne.n	10004b14 <strlen+0x4c>
10004af4:	6859      	ldr	r1, [r3, #4]
10004af6:	4a09      	ldr	r2, [pc, #36]	; (10004b1c <strlen+0x54>)
10004af8:	3304      	adds	r3, #4
10004afa:	188a      	adds	r2, r1, r2
10004afc:	438a      	bics	r2, r1
10004afe:	4222      	tst	r2, r4
10004b00:	d108      	bne.n	10004b14 <strlen+0x4c>
10004b02:	6859      	ldr	r1, [r3, #4]
10004b04:	4a05      	ldr	r2, [pc, #20]	; (10004b1c <strlen+0x54>)
10004b06:	3304      	adds	r3, #4
10004b08:	188a      	adds	r2, r1, r2
10004b0a:	438a      	bics	r2, r1
10004b0c:	4222      	tst	r2, r4
10004b0e:	d0f1      	beq.n	10004af4 <strlen+0x2c>
10004b10:	e000      	b.n	10004b14 <strlen+0x4c>
10004b12:	3301      	adds	r3, #1
10004b14:	781a      	ldrb	r2, [r3, #0]
10004b16:	2a00      	cmp	r2, #0
10004b18:	d1fb      	bne.n	10004b12 <strlen+0x4a>
10004b1a:	e7e1      	b.n	10004ae0 <strlen+0x18>
10004b1c:	fefefeff 	.word	0xfefefeff
10004b20:	80808080 	.word	0x80808080

10004b24 <_fini>:
10004b24:	b5f8      	push	{r3, r4, r5, r6, r7, lr}
10004b26:	46c0      	nop			; (mov r8, r8)

10004b28 <__flash_do_cmd_veneer>:
10004b28:	b401      	push	{r0}
10004b2a:	4802      	ldr	r0, [pc, #8]	; (10004b34 <__flash_do_cmd_veneer+0xc>)
10004b2c:	4684      	mov	ip, r0
10004b2e:	bc01      	pop	{r0}
10004b30:	4760      	bx	ip
10004b32:	bf00      	nop
10004b34:	20000321 	.word	0x20000321

10004b38 <__mutex_exit_veneer>:
10004b38:	b401      	push	{r0}
10004b3a:	4802      	ldr	r0, [pc, #8]	; (10004b44 <__mutex_exit_veneer+0xc>)
10004b3c:	4684      	mov	ip, r0
10004b3e:	bc01      	pop	{r0}
10004b40:	4760      	bx	ip
10004b42:	bf00      	nop
10004b44:	20000231 	.word	0x20000231

10004b48 <__reset_non_control_endpoints_veneer>:
10004b48:	b401      	push	{r0}
10004b4a:	4802      	ldr	r0, [pc, #8]	; (10004b54 <__reset_non_control_endpoints_veneer+0xc>)
10004b4c:	4684      	mov	ip, r0
10004b4e:	bc01      	pop	{r0}
10004b50:	4760      	bx	ip
10004b52:	bf00      	nop
10004b54:	200003f5 	.word	0x200003f5

10004b58 <__e15_is_bulkin_ep_veneer>:
10004b58:	b401      	push	{r0}
10004b5a:	4802      	ldr	r0, [pc, #8]	; (10004b64 <__e15_is_bulkin_ep_veneer+0xc>)
10004b5c:	4684      	mov	ip, r0
10004b5e:	bc01      	pop	{r0}
10004b60:	4760      	bx	ip
10004b62:	bf00      	nop
10004b64:	20000c49 	.word	0x20000c49

10004b68 <____aeabi_idiv0_veneer>:
10004b68:	b401      	push	{r0}
10004b6a:	4802      	ldr	r0, [pc, #8]	; (10004b74 <____aeabi_idiv0_veneer+0xc>)
10004b6c:	4684      	mov	ip, r0
10004b6e:	bc01      	pop	{r0}
10004b70:	4760      	bx	ip
10004b72:	bf00      	nop
10004b74:	20000f9d 	.word	0x20000f9d

10004b78 <__mutex_try_enter_veneer>:
10004b78:	b401      	push	{r0}
10004b7a:	4802      	ldr	r0, [pc, #8]	; (10004b84 <__mutex_try_enter_veneer+0xc>)
10004b7c:	4684      	mov	ip, r0
10004b7e:	bc01      	pop	{r0}
10004b80:	4760      	bx	ip
10004b82:	bf00      	nop
10004b84:	200000c1 	.word	0x200000c1

10004b88 <__mutex_enter_timeout_ms_veneer>:
10004b88:	b401      	push	{r0}
10004b8a:	4802      	ldr	r0, [pc, #8]	; (10004b94 <__mutex_enter_timeout_ms_veneer+0xc>)
10004b8c:	4684      	mov	ip, r0
10004b8e:	bc01      	pop	{r0}
10004b90:	4760      	bx	ip
10004b92:	bf00      	nop
10004b94:	200001a1 	.word	0x200001a1

10004b98 <__e15_is_critical_frame_period_veneer>:
10004b98:	b401      	push	{r0}
10004b9a:	4802      	ldr	r0, [pc, #8]	; (10004ba4 <__e15_is_critical_frame_period_veneer+0xc>)
10004b9c:	4684      	mov	ip, r0
10004b9e:	bc01      	pop	{r0}
10004ba0:	4760      	bx	ip
10004ba2:	bf00      	nop
10004ba4:	20000c71 	.word	0x20000c71

10004ba8 <__mutex_try_enter_block_until_veneer>:
10004ba8:	b401      	push	{r0}
10004baa:	4802      	ldr	r0, [pc, #8]	; (10004bb4 <__mutex_try_enter_block_until_veneer+0xc>)
10004bac:	4684      	mov	ip, r0
10004bae:	bc01      	pop	{r0}
10004bb0:	4760      	bx	ip
10004bb2:	bf00      	nop
10004bb4:	20000105 	.word	0x20000105

10004bb8 <__hw_endpoint_start_next_buffer_veneer>:
10004bb8:	b401      	push	{r0}
10004bba:	4802      	ldr	r0, [pc, #8]	; (10004bc4 <__hw_endpoint_start_next_buffer_veneer+0xc>)
10004bbc:	4684      	mov	ip, r0
10004bbe:	bc01      	pop	{r0}
10004bc0:	4760      	bx	ip
10004bc2:	bf00      	nop
10004bc4:	20000d01 	.word	0x20000d01

10004bc8 <__hw_endpoint_reset_transfer_veneer>:
10004bc8:	b401      	push	{r0}
10004bca:	4802      	ldr	r0, [pc, #8]	; (10004bd4 <__hw_endpoint_reset_transfer_veneer+0xc>)
10004bcc:	4684      	mov	ip, r0
10004bce:	bc01      	pop	{r0}
10004bd0:	4760      	bx	ip
10004bd2:	bf00      	nop
10004bd4:	20000ca5 	.word	0x20000ca5

10004bd8 <___hw_endpoint_buffer_control_update32_veneer>:
10004bd8:	b401      	push	{r0}
10004bda:	4802      	ldr	r0, [pc, #8]	; (10004be4 <___hw_endpoint_buffer_control_update32_veneer+0xc>)
10004bdc:	4684      	mov	ip, r0
10004bde:	bc01      	pop	{r0}
10004be0:	4760      	bx	ip
10004be2:	bf00      	nop
10004be4:	20000cb1 	.word	0x20000cb1

10004be8 <__pre_init_runtime_init_early_resets>:
10004be8:	10001b81                                ....

10004bec <__pre_init_runtime_init_usb_power_down>:
10004bec:	10001bad 10001da9 10001f95 10001e05     ................
10004bfc:	10001f05                                ....

10004c00 <__pre_init_runtime_init_clocks>:
10004c00:	10001cd1                                ....

10004c04 <__pre_init_runtime_init_post_clock_resets>:
10004c04:	10001bc9                                ....

10004c08 <__pre_init_runtime_init_rp2040_gpio_ie_disable>:
10004c08:	10001be9                                ....

10004c0c <__pre_init_runtime_init_spin_locks_reset>:
10004c0c:	10001bfd                                ....

10004c10 <__pre_init_runtime_init_mutex>:
10004c10:	10000e51                                Q...

10004c14 <__pre_init_runtime_init_install_ram_vector_table>:
10004c14:	10001c05                                ....

10004c18 <__pre_init_runtime_init_default_alarm_pool>:
10004c18:	10001231                                1...

10004c1c <__pre_init_first_per_core_initializer>:
10004c1c:	10001b49                                I...

10004c20 <__pre_init_runtime_init_per_core_irq_priorities>:
10004c20:	100008d1                                ....

10004c24 <__init_array_start>:
10004c24:	100028b1 	.word	0x100028b1

10004c28 <__frame_dummy_init_array_entry>:
10004c28:	100002fd                                ....

Disassembly of section .data:

200000c0 <mutex_try_enter>:
200000c0:	0003      	movs	r3, r0
200000c2:	6800      	ldr	r0, [r0, #0]
200000c4:	f3ef 8c10 	mrs	ip, PRIMASK
200000c8:	b672      	cpsid	i
200000ca:	6802      	ldr	r2, [r0, #0]
200000cc:	2a00      	cmp	r2, #0
200000ce:	d0fc      	beq.n	200000ca <mutex_try_enter+0xa>
200000d0:	f3bf 8f5f 	dmb	sy
200000d4:	2204      	movs	r2, #4
200000d6:	569a      	ldrsb	r2, [r3, r2]
200000d8:	2a00      	cmp	r2, #0
200000da:	db0b      	blt.n	200000f4 <mutex_try_enter+0x34>
200000dc:	2900      	cmp	r1, #0
200000de:	d00f      	beq.n	20000100 <mutex_try_enter+0x40>
200000e0:	2000      	movs	r0, #0
200000e2:	600a      	str	r2, [r1, #0]
200000e4:	681b      	ldr	r3, [r3, #0]
200000e6:	f3bf 8f5f 	dmb	sy
200000ea:	2200      	movs	r2, #0
200000ec:	601a      	str	r2, [r3, #0]
200000ee:	f38c 8810 	msr	PRIMASK, ip
200000f2:	4770      	bx	lr
200000f4:	22d0      	movs	r2, #208	; 0xd0
200000f6:	0612      	lsls	r2, r2, #24
200000f8:	6812      	ldr	r2, [r2, #0]
200000fa:	2001      	movs	r0, #1
200000fc:	711a      	strb	r2, [r3, #4]
200000fe:	e7f1      	b.n	200000e4 <mutex_try_enter+0x24>
20000100:	2000      	movs	r0, #0
20000102:	e7ef      	b.n	200000e4 <mutex_try_enter+0x24>

20000104 <mutex_try_enter_block_until>:
20000104:	b5f0      	push	{r4, r5, r6, r7, lr}
20000106:	46c6      	mov	lr, r8
20000108:	0015      	movs	r5, r2
2000010a:	b500      	push	{lr}
2000010c:	0004      	movs	r4, r0
2000010e:	001e      	movs	r6, r3
20000110:	6802      	ldr	r2, [r0, #0]
20000112:	f3ef 8110 	mrs	r1, PRIMASK
20000116:	b672      	cpsid	i
20000118:	6813      	ldr	r3, [r2, #0]
2000011a:	2b00      	cmp	r3, #0
2000011c:	d0fc      	beq.n	20000118 <mutex_try_enter_block_until+0x14>
2000011e:	f3bf 8f5f 	dmb	sy
20000122:	2304      	movs	r3, #4
20000124:	56e3      	ldrsb	r3, [r4, r3]
20000126:	2b00      	cmp	r3, #0
20000128:	db2d      	blt.n	20000186 <mutex_try_enter_block_until+0x82>
2000012a:	6822      	ldr	r2, [r4, #0]
2000012c:	f3bf 8f5f 	dmb	sy
20000130:	2000      	movs	r0, #0
20000132:	6010      	str	r0, [r2, #0]
20000134:	f381 8810 	msr	PRIMASK, r1
20000138:	22d0      	movs	r2, #208	; 0xd0
2000013a:	0612      	lsls	r2, r2, #24
2000013c:	7812      	ldrb	r2, [r2, #0]
2000013e:	b252      	sxtb	r2, r2
20000140:	4690      	mov	r8, r2
20000142:	429a      	cmp	r2, r3
20000144:	d103      	bne.n	2000014e <mutex_try_enter_block_until+0x4a>
20000146:	2000      	movs	r0, #0
20000148:	bc80      	pop	{r7}
2000014a:	46b8      	mov	r8, r7
2000014c:	bdf0      	pop	{r4, r5, r6, r7, pc}
2000014e:	2700      	movs	r7, #0
20000150:	e00b      	b.n	2000016a <mutex_try_enter_block_until+0x66>
20000152:	6823      	ldr	r3, [r4, #0]
20000154:	f3bf 8f5f 	dmb	sy
20000158:	601f      	str	r7, [r3, #0]
2000015a:	f381 8810 	msr	PRIMASK, r1
2000015e:	0028      	movs	r0, r5
20000160:	0031      	movs	r1, r6
20000162:	f000 ff2d 	bl	20000fc0 <__best_effort_wfe_or_timeout_veneer>
20000166:	2800      	cmp	r0, #0
20000168:	d1ed      	bne.n	20000146 <mutex_try_enter_block_until+0x42>
2000016a:	6822      	ldr	r2, [r4, #0]
2000016c:	f3ef 8110 	mrs	r1, PRIMASK
20000170:	b672      	cpsid	i
20000172:	6813      	ldr	r3, [r2, #0]
20000174:	2b00      	cmp	r3, #0
20000176:	d0fc      	beq.n	20000172 <mutex_try_enter_block_until+0x6e>
20000178:	f3bf 8f5f 	dmb	sy
2000017c:	7923      	ldrb	r3, [r4, #4]
2000017e:	2b7f      	cmp	r3, #127	; 0x7f
20000180:	d9e7      	bls.n	20000152 <mutex_try_enter_block_until+0x4e>
20000182:	4643      	mov	r3, r8
20000184:	e002      	b.n	2000018c <mutex_try_enter_block_until+0x88>
20000186:	23d0      	movs	r3, #208	; 0xd0
20000188:	061b      	lsls	r3, r3, #24
2000018a:	681b      	ldr	r3, [r3, #0]
2000018c:	7123      	strb	r3, [r4, #4]
2000018e:	6823      	ldr	r3, [r4, #0]
20000190:	f3bf 8f5f 	dmb	sy
20000194:	2200      	movs	r2, #0
20000196:	601a      	str	r2, [r3, #0]
20000198:	f381 8810 	msr	PRIMASK, r1
2000019c:	2001      	movs	r0, #1
2000019e:	e7d3      	b.n	20000148 <mutex_try_enter_block_until+0x44>

200001a0 <mutex_enter_timeout_ms>:
200001a0:	b5f0      	push	{r4, r5, r6, r7, lr}
200001a2:	46c6      	mov	lr, r8
200001a4:	b500      	push	{lr}
200001a6:	000d      	movs	r5, r1
200001a8:	0004      	movs	r4, r0
200001aa:	f000 fef9 	bl	20000fa0 <__time_us_64_veneer>
200001ae:	22fa      	movs	r2, #250	; 0xfa
200001b0:	0006      	movs	r6, r0
200001b2:	000f      	movs	r7, r1
200001b4:	2300      	movs	r3, #0
200001b6:	0028      	movs	r0, r5
200001b8:	2100      	movs	r1, #0
200001ba:	0092      	lsls	r2, r2, #2
200001bc:	f000 ff08 	bl	20000fd0 <____wrap___aeabi_lmul_veneer>
200001c0:	1836      	adds	r6, r6, r0
200001c2:	414f      	adcs	r7, r1
200001c4:	2f00      	cmp	r7, #0
200001c6:	db2c      	blt.n	20000222 <mutex_enter_timeout_ms+0x82>
200001c8:	23d0      	movs	r3, #208	; 0xd0
200001ca:	061b      	lsls	r3, r3, #24
200001cc:	681b      	ldr	r3, [r3, #0]
200001ce:	2500      	movs	r5, #0
200001d0:	4698      	mov	r8, r3
200001d2:	e00b      	b.n	200001ec <mutex_enter_timeout_ms+0x4c>
200001d4:	6823      	ldr	r3, [r4, #0]
200001d6:	f3bf 8f5f 	dmb	sy
200001da:	601d      	str	r5, [r3, #0]
200001dc:	f381 8810 	msr	PRIMASK, r1
200001e0:	0030      	movs	r0, r6
200001e2:	0039      	movs	r1, r7
200001e4:	f000 feec 	bl	20000fc0 <__best_effort_wfe_or_timeout_veneer>
200001e8:	2800      	cmp	r0, #0
200001ea:	d118      	bne.n	2000021e <mutex_enter_timeout_ms+0x7e>
200001ec:	6822      	ldr	r2, [r4, #0]
200001ee:	f3ef 8110 	mrs	r1, PRIMASK
200001f2:	b672      	cpsid	i
200001f4:	6813      	ldr	r3, [r2, #0]
200001f6:	2b00      	cmp	r3, #0
200001f8:	d0fc      	beq.n	200001f4 <mutex_enter_timeout_ms+0x54>
200001fa:	f3bf 8f5f 	dmb	sy
200001fe:	7923      	ldrb	r3, [r4, #4]
20000200:	2b7f      	cmp	r3, #127	; 0x7f
20000202:	d9e7      	bls.n	200001d4 <mutex_enter_timeout_ms+0x34>
20000204:	4643      	mov	r3, r8
20000206:	7123      	strb	r3, [r4, #4]
20000208:	6823      	ldr	r3, [r4, #0]
2000020a:	f3bf 8f5f 	dmb	sy
2000020e:	2200      	movs	r2, #0
20000210:	601a      	str	r2, [r3, #0]
20000212:	f381 8810 	msr	PRIMASK, r1
20000216:	2001      	movs	r0, #1
20000218:	bc80      	pop	{r7}
2000021a:	46b8      	mov	r8, r7
2000021c:	bdf0      	pop	{r4, r5, r6, r7, pc}
2000021e:	2000      	movs	r0, #0
20000220:	e7fa      	b.n	20000218 <mutex_enter_timeout_ms+0x78>
20000222:	2601      	movs	r6, #1
20000224:	4f01      	ldr	r7, [pc, #4]	; (2000022c <mutex_enter_timeout_ms+0x8c>)
20000226:	4276      	negs	r6, r6
20000228:	e7ce      	b.n	200001c8 <mutex_enter_timeout_ms+0x28>
2000022a:	46c0      	nop			; (mov r8, r8)
2000022c:	7fffffff 	.word	0x7fffffff

20000230 <mutex_exit>:
20000230:	6802      	ldr	r2, [r0, #0]
20000232:	f3ef 8110 	mrs	r1, PRIMASK
20000236:	b672      	cpsid	i
20000238:	6813      	ldr	r3, [r2, #0]
2000023a:	2b00      	cmp	r3, #0
2000023c:	d0fc      	beq.n	20000238 <mutex_exit+0x8>
2000023e:	f3bf 8f5f 	dmb	sy
20000242:	23ff      	movs	r3, #255	; 0xff
20000244:	7103      	strb	r3, [r0, #4]
20000246:	6803      	ldr	r3, [r0, #0]
20000248:	f3bf 8f5f 	dmb	sy
2000024c:	2200      	movs	r2, #0
2000024e:	601a      	str	r2, [r3, #0]
20000250:	f381 8810 	msr	PRIMASK, r1
20000254:	bf40      	sev
20000256:	4770      	bx	lr

20000258 <flash_init_boot2_copyout>:
20000258:	b510      	push	{r4, lr}
2000025a:	4c08      	ldr	r4, [pc, #32]	; (2000027c <flash_init_boot2_copyout+0x24>)
2000025c:	7823      	ldrb	r3, [r4, #0]
2000025e:	2b00      	cmp	r3, #0
20000260:	d10a      	bne.n	20000278 <flash_init_boot2_copyout+0x20>
20000262:	2380      	movs	r3, #128	; 0x80
20000264:	4806      	ldr	r0, [pc, #24]	; (20000280 <flash_init_boot2_copyout+0x28>)
20000266:	4907      	ldr	r1, [pc, #28]	; (20000284 <flash_init_boot2_copyout+0x2c>)
20000268:	055b      	lsls	r3, r3, #21
2000026a:	681a      	ldr	r2, [r3, #0]
2000026c:	50c2      	str	r2, [r0, r3]
2000026e:	3304      	adds	r3, #4
20000270:	428b      	cmp	r3, r1
20000272:	d1fa      	bne.n	2000026a <flash_init_boot2_copyout+0x12>
20000274:	2301      	movs	r3, #1
20000276:	7023      	strb	r3, [r4, #0]
20000278:	bd10      	pop	{r4, pc}
2000027a:	46c0      	nop			; (mov r8, r8)
2000027c:	20001ff8 	.word	0x20001ff8
20000280:	10001a2c 	.word	0x10001a2c
20000284:	10000100 	.word	0x10000100

20000288 <flash_enable_xip_via_boot2>:
20000288:	b510      	push	{r4, lr}
2000028a:	4b02      	ldr	r3, [pc, #8]	; (20000294 <flash_enable_xip_via_boot2+0xc>)
2000028c:	3301      	adds	r3, #1
2000028e:	4798      	blx	r3
20000290:	bd10      	pop	{r4, pc}
20000292:	46c0      	nop			; (mov r8, r8)
20000294:	20001a2c 	.word	0x20001a2c

20000298 <flash_save_hardware_state>:
20000298:	4b07      	ldr	r3, [pc, #28]	; (200002b8 <flash_save_hardware_state+0x20>)
2000029a:	685b      	ldr	r3, [r3, #4]
2000029c:	6003      	str	r3, [r0, #0]
2000029e:	4b07      	ldr	r3, [pc, #28]	; (200002bc <flash_save_hardware_state+0x24>)
200002a0:	685a      	ldr	r2, [r3, #4]
200002a2:	6042      	str	r2, [r0, #4]
200002a4:	689a      	ldr	r2, [r3, #8]
200002a6:	6082      	str	r2, [r0, #8]
200002a8:	68da      	ldr	r2, [r3, #12]
200002aa:	60c2      	str	r2, [r0, #12]
200002ac:	691a      	ldr	r2, [r3, #16]
200002ae:	695b      	ldr	r3, [r3, #20]
200002b0:	6102      	str	r2, [r0, #16]
200002b2:	6143      	str	r3, [r0, #20]
200002b4:	4770      	bx	lr
200002b6:	46c0      	nop			; (mov r8, r8)
200002b8:	40020000 	.word	0x40020000
200002bc:	40020004 	.word	0x40020004

200002c0 <flash_restore_hardware_state>:
200002c0:	6802      	ldr	r2, [r0, #0]
200002c2:	4b07      	ldr	r3, [pc, #28]	; (200002e0 <flash_restore_hardware_state+0x20>)
200002c4:	605a      	str	r2, [r3, #4]
200002c6:	6842      	ldr	r2, [r0, #4]
200002c8:	4b06      	ldr	r3, [pc, #24]	; (200002e4 <flash_restore_hardware_state+0x24>)
200002ca:	605a      	str	r2, [r3, #4]
200002cc:	6882      	ldr	r2, [r0, #8]
200002ce:	609a      	str	r2, [r3, #8]
200002d0:	68c2      	ldr	r2, [r0, #12]
200002d2:	60da      	str	r2, [r3, #12]
200002d4:	6902      	ldr	r2, [r0, #16]
200002d6:	611a      	str	r2, [r3, #16]
200002d8:	6942      	ldr	r2, [r0, #20]
200002da:	615a      	str	r2, [r3, #20]
200002dc:	4770      	bx	lr
200002de:	46c0      	nop			; (mov r8, r8)
200002e0:	40020000 	.word	0x40020000
200002e4:	40020004 	.word	0x40020004

200002e8 <flash_cs_force.constprop.0>:
200002e8:	4b03      	ldr	r3, [pc, #12]	; (200002f8 <flash_cs_force.constprop.0+0x10>)
200002ea:	681a      	ldr	r2, [r3, #0]
200002ec:	23c0      	movs	r3, #192	; 0xc0
200002ee:	009b      	lsls	r3, r3, #2
200002f0:	4393      	bics	r3, r2
200002f2:	4a02      	ldr	r2, [pc, #8]	; (200002fc <flash_cs_force.constprop.0+0x14>)
200002f4:	6013      	str	r3, [r2, #0]
200002f6:	4770      	bx	lr
200002f8:	4001800c 	.word	0x4001800c
200002fc:	4001900c 	.word	0x4001900c

20000300 <flash_cs_force.constprop.1>:
20000300:	4b05      	ldr	r3, [pc, #20]	; (20000318 <flash_cs_force.constprop.1+0x18>)
20000302:	681a      	ldr	r2, [r3, #0]
20000304:	2380      	movs	r3, #128	; 0x80
20000306:	009b      	lsls	r3, r3, #2
20000308:	4053      	eors	r3, r2
2000030a:	22c0      	movs	r2, #192	; 0xc0
2000030c:	0092      	lsls	r2, r2, #2
2000030e:	4013      	ands	r3, r2
20000310:	4a02      	ldr	r2, [pc, #8]	; (2000031c <flash_cs_force.constprop.1+0x1c>)
20000312:	6013      	str	r3, [r2, #0]
20000314:	4770      	bx	lr
20000316:	46c0      	nop			; (mov r8, r8)
20000318:	4001800c 	.word	0x4001800c
2000031c:	4001900c 	.word	0x4001900c

20000320 <flash_do_cmd>:
20000320:	2314      	movs	r3, #20
20000322:	b5f0      	push	{r4, r5, r6, r7, lr}
20000324:	46d6      	mov	lr, sl
20000326:	464f      	mov	r7, r9
20000328:	4646      	mov	r6, r8
2000032a:	469a      	mov	sl, r3
2000032c:	b5c0      	push	{r6, r7, lr}
2000032e:	4681      	mov	r9, r0
20000330:	8818      	ldrh	r0, [r3, #0]
20000332:	3304      	adds	r3, #4
20000334:	b086      	sub	sp, #24
20000336:	4698      	mov	r8, r3
20000338:	000e      	movs	r6, r1
2000033a:	881b      	ldrh	r3, [r3, #0]
2000033c:	492a      	ldr	r1, [pc, #168]	; (200003e8 <flash_do_cmd+0xc8>)
2000033e:	0014      	movs	r4, r2
20000340:	4798      	blx	r3
20000342:	4653      	mov	r3, sl
20000344:	0007      	movs	r7, r0
20000346:	8818      	ldrh	r0, [r3, #0]
20000348:	4643      	mov	r3, r8
2000034a:	4928      	ldr	r1, [pc, #160]	; (200003ec <flash_do_cmd+0xcc>)
2000034c:	881b      	ldrh	r3, [r3, #0]
2000034e:	4798      	blx	r3
20000350:	4653      	mov	r3, sl
20000352:	0005      	movs	r5, r0
20000354:	8818      	ldrh	r0, [r3, #0]
20000356:	4643      	mov	r3, r8
20000358:	4925      	ldr	r1, [pc, #148]	; (200003f0 <flash_do_cmd+0xd0>)
2000035a:	881b      	ldrh	r3, [r3, #0]
2000035c:	4798      	blx	r3
2000035e:	4680      	mov	r8, r0
20000360:	f7ff ff7a 	bl	20000258 <flash_init_boot2_copyout>
20000364:	4668      	mov	r0, sp
20000366:	f7ff ff97 	bl	20000298 <flash_save_hardware_state>
2000036a:	47b8      	blx	r7
2000036c:	47a8      	blx	r5
2000036e:	f7ff ffc7 	bl	20000300 <flash_cs_force.constprop.1>
20000372:	2c00      	cmp	r4, #0
20000374:	d01b      	beq.n	200003ae <flash_do_cmd+0x8e>
20000376:	21c0      	movs	r1, #192	; 0xc0
20000378:	0022      	movs	r2, r4
2000037a:	2708      	movs	r7, #8
2000037c:	2002      	movs	r0, #2
2000037e:	0549      	lsls	r1, r1, #21
20000380:	003d      	movs	r5, r7
20000382:	6a8b      	ldr	r3, [r1, #40]	; 0x28
20000384:	401d      	ands	r5, r3
20000386:	4218      	tst	r0, r3
20000388:	d00b      	beq.n	200003a2 <flash_do_cmd+0x82>
2000038a:	2c00      	cmp	r4, #0
2000038c:	d009      	beq.n	200003a2 <flash_do_cmd+0x82>
2000038e:	1b13      	subs	r3, r2, r4
20000390:	2b0d      	cmp	r3, #13
20000392:	d823      	bhi.n	200003dc <flash_do_cmd+0xbc>
20000394:	464b      	mov	r3, r9
20000396:	781b      	ldrb	r3, [r3, #0]
20000398:	3c01      	subs	r4, #1
2000039a:	660b      	str	r3, [r1, #96]	; 0x60
2000039c:	2301      	movs	r3, #1
2000039e:	469c      	mov	ip, r3
200003a0:	44e1      	add	r9, ip
200003a2:	0023      	movs	r3, r4
200003a4:	2d00      	cmp	r5, #0
200003a6:	d110      	bne.n	200003ca <flash_do_cmd+0xaa>
200003a8:	4313      	orrs	r3, r2
200003aa:	2b00      	cmp	r3, #0
200003ac:	d1e8      	bne.n	20000380 <flash_do_cmd+0x60>
200003ae:	f7ff ff9b 	bl	200002e8 <flash_cs_force.constprop.0>
200003b2:	47c0      	blx	r8
200003b4:	f7ff ff68 	bl	20000288 <flash_enable_xip_via_boot2>
200003b8:	4668      	mov	r0, sp
200003ba:	f7ff ff81 	bl	200002c0 <flash_restore_hardware_state>
200003be:	b006      	add	sp, #24
200003c0:	bce0      	pop	{r5, r6, r7}
200003c2:	46ba      	mov	sl, r7
200003c4:	46b1      	mov	r9, r6
200003c6:	46a8      	mov	r8, r5
200003c8:	bdf0      	pop	{r4, r5, r6, r7, pc}
200003ca:	2a00      	cmp	r2, #0
200003cc:	d0ed      	beq.n	200003aa <flash_do_cmd+0x8a>
200003ce:	6e0b      	ldr	r3, [r1, #96]	; 0x60
200003d0:	3a01      	subs	r2, #1
200003d2:	7033      	strb	r3, [r6, #0]
200003d4:	0013      	movs	r3, r2
200003d6:	3601      	adds	r6, #1
200003d8:	4323      	orrs	r3, r4
200003da:	e7e6      	b.n	200003aa <flash_do_cmd+0x8a>
200003dc:	2d00      	cmp	r5, #0
200003de:	d0cf      	beq.n	20000380 <flash_do_cmd+0x60>
200003e0:	2a00      	cmp	r2, #0
200003e2:	d0cd      	beq.n	20000380 <flash_do_cmd+0x60>
200003e4:	e7f3      	b.n	200003ce <flash_do_cmd+0xae>
200003e6:	46c0      	nop			; (mov r8, r8)
200003e8:	00004649 	.word	0x00004649
200003ec:	00005845 	.word	0x00005845
200003f0:	00004346 	.word	0x00004346

200003f4 <reset_non_control_endpoints>:
200003f4:	2300      	movs	r3, #0
200003f6:	4a1c      	ldr	r2, [pc, #112]	; (20000468 <reset_non_control_endpoints+0x74>)
200003f8:	b510      	push	{r4, lr}
200003fa:	6093      	str	r3, [r2, #8]
200003fc:	60d3      	str	r3, [r2, #12]
200003fe:	4a1b      	ldr	r2, [pc, #108]	; (2000046c <reset_non_control_endpoints+0x78>)
20000400:	2100      	movs	r1, #0
20000402:	6093      	str	r3, [r2, #8]
20000404:	60d3      	str	r3, [r2, #12]
20000406:	4a1a      	ldr	r2, [pc, #104]	; (20000470 <reset_non_control_endpoints+0x7c>)
20000408:	481a      	ldr	r0, [pc, #104]	; (20000474 <reset_non_control_endpoints+0x80>)
2000040a:	6093      	str	r3, [r2, #8]
2000040c:	60d3      	str	r3, [r2, #12]
2000040e:	4a1a      	ldr	r2, [pc, #104]	; (20000478 <reset_non_control_endpoints+0x84>)
20000410:	6093      	str	r3, [r2, #8]
20000412:	60d3      	str	r3, [r2, #12]
20000414:	4a19      	ldr	r2, [pc, #100]	; (2000047c <reset_non_control_endpoints+0x88>)
20000416:	6093      	str	r3, [r2, #8]
20000418:	60d3      	str	r3, [r2, #12]
2000041a:	4a19      	ldr	r2, [pc, #100]	; (20000480 <reset_non_control_endpoints+0x8c>)
2000041c:	6093      	str	r3, [r2, #8]
2000041e:	60d3      	str	r3, [r2, #12]
20000420:	4a18      	ldr	r2, [pc, #96]	; (20000484 <reset_non_control_endpoints+0x90>)
20000422:	6093      	str	r3, [r2, #8]
20000424:	60d3      	str	r3, [r2, #12]
20000426:	4a18      	ldr	r2, [pc, #96]	; (20000488 <reset_non_control_endpoints+0x94>)
20000428:	6093      	str	r3, [r2, #8]
2000042a:	60d3      	str	r3, [r2, #12]
2000042c:	4a17      	ldr	r2, [pc, #92]	; (2000048c <reset_non_control_endpoints+0x98>)
2000042e:	6093      	str	r3, [r2, #8]
20000430:	60d3      	str	r3, [r2, #12]
20000432:	4a17      	ldr	r2, [pc, #92]	; (20000490 <reset_non_control_endpoints+0x9c>)
20000434:	6093      	str	r3, [r2, #8]
20000436:	60d3      	str	r3, [r2, #12]
20000438:	4a16      	ldr	r2, [pc, #88]	; (20000494 <reset_non_control_endpoints+0xa0>)
2000043a:	6093      	str	r3, [r2, #8]
2000043c:	60d3      	str	r3, [r2, #12]
2000043e:	4a16      	ldr	r2, [pc, #88]	; (20000498 <reset_non_control_endpoints+0xa4>)
20000440:	6093      	str	r3, [r2, #8]
20000442:	60d3      	str	r3, [r2, #12]
20000444:	4a15      	ldr	r2, [pc, #84]	; (2000049c <reset_non_control_endpoints+0xa8>)
20000446:	6093      	str	r3, [r2, #8]
20000448:	60d3      	str	r3, [r2, #12]
2000044a:	4a15      	ldr	r2, [pc, #84]	; (200004a0 <reset_non_control_endpoints+0xac>)
2000044c:	6093      	str	r3, [r2, #8]
2000044e:	60d3      	str	r3, [r2, #12]
20000450:	4a14      	ldr	r2, [pc, #80]	; (200004a4 <reset_non_control_endpoints+0xb0>)
20000452:	6093      	str	r3, [r2, #8]
20000454:	60d3      	str	r3, [r2, #12]
20000456:	22f0      	movs	r2, #240	; 0xf0
20000458:	0092      	lsls	r2, r2, #2
2000045a:	f000 fdd1 	bl	20001000 <____wrap_memset_veneer>
2000045e:	4b12      	ldr	r3, [pc, #72]	; (200004a8 <reset_non_control_endpoints+0xb4>)
20000460:	4a12      	ldr	r2, [pc, #72]	; (200004ac <reset_non_control_endpoints+0xb8>)
20000462:	601a      	str	r2, [r3, #0]
20000464:	bd10      	pop	{r4, pc}
20000466:	46c0      	nop			; (mov r8, r8)
20000468:	50100000 	.word	0x50100000
2000046c:	50100008 	.word	0x50100008
20000470:	50100010 	.word	0x50100010
20000474:	20001be0 	.word	0x20001be0
20000478:	50100018 	.word	0x50100018
2000047c:	50100020 	.word	0x50100020
20000480:	50100028 	.word	0x50100028
20000484:	50100030 	.word	0x50100030
20000488:	50100038 	.word	0x50100038
2000048c:	50100040 	.word	0x50100040
20000490:	50100048 	.word	0x50100048
20000494:	50100050 	.word	0x50100050
20000498:	50100058 	.word	0x50100058
2000049c:	50100060 	.word	0x50100060
200004a0:	50100068 	.word	0x50100068
200004a4:	50100070 	.word	0x50100070
200004a8:	20001fa8 	.word	0x20001fa8
200004ac:	50100180 	.word	0x50100180

200004b0 <hw_handle_buff_status>:
200004b0:	b5f0      	push	{r4, r5, r6, r7, lr}
200004b2:	464f      	mov	r7, r9
200004b4:	46d6      	mov	lr, sl
200004b6:	4646      	mov	r6, r8
200004b8:	b5c0      	push	{r6, r7, lr}
200004ba:	4b20      	ldr	r3, [pc, #128]	; (2000053c <hw_handle_buff_status+0x8c>)
200004bc:	b084      	sub	sp, #16
200004be:	6d9f      	ldr	r7, [r3, #88]	; 0x58
200004c0:	2f00      	cmp	r7, #0
200004c2:	d023      	beq.n	2000050c <hw_handle_buff_status+0x5c>
200004c4:	4b1e      	ldr	r3, [pc, #120]	; (20000540 <hw_handle_buff_status+0x90>)
200004c6:	2400      	movs	r4, #0
200004c8:	469a      	mov	sl, r3
200004ca:	2301      	movs	r3, #1
200004cc:	4699      	mov	r9, r3
200004ce:	4b1d      	ldr	r3, [pc, #116]	; (20000544 <hw_handle_buff_status+0x94>)
200004d0:	2601      	movs	r6, #1
200004d2:	4698      	mov	r8, r3
200004d4:	e004      	b.n	200004e0 <hw_handle_buff_status+0x30>
200004d6:	3401      	adds	r4, #1
200004d8:	0076      	lsls	r6, r6, #1
200004da:	b2e4      	uxtb	r4, r4
200004dc:	2c20      	cmp	r4, #32
200004de:	d015      	beq.n	2000050c <hw_handle_buff_status+0x5c>
200004e0:	423e      	tst	r6, r7
200004e2:	d0f8      	beq.n	200004d6 <hw_handle_buff_status+0x26>
200004e4:	4653      	mov	r3, sl
200004e6:	659e      	str	r6, [r3, #88]	; 0x58
200004e8:	464b      	mov	r3, r9
200004ea:	0865      	lsrs	r5, r4, #1
200004ec:	006d      	lsls	r5, r5, #1
200004ee:	43a3      	bics	r3, r4
200004f0:	18ed      	adds	r5, r5, r3
200004f2:	016d      	lsls	r5, r5, #5
200004f4:	4445      	add	r5, r8
200004f6:	0028      	movs	r0, r5
200004f8:	f000 fc38 	bl	20000d6c <hw_endpoint_xfer_continue>
200004fc:	2800      	cmp	r0, #0
200004fe:	d10b      	bne.n	20000518 <hw_handle_buff_status+0x68>
20000500:	3401      	adds	r4, #1
20000502:	43b7      	bics	r7, r6
20000504:	b2e4      	uxtb	r4, r4
20000506:	0076      	lsls	r6, r6, #1
20000508:	2f00      	cmp	r7, #0
2000050a:	d1e7      	bne.n	200004dc <hw_handle_buff_status+0x2c>
2000050c:	b004      	add	sp, #16
2000050e:	bce0      	pop	{r5, r6, r7}
20000510:	46ba      	mov	sl, r7
20000512:	46b1      	mov	r9, r6
20000514:	46a8      	mov	r8, r5
20000516:	bdf0      	pop	{r4, r5, r6, r7, pc}
20000518:	8aeb      	ldrh	r3, [r5, #22]
2000051a:	21e0      	movs	r1, #224	; 0xe0
2000051c:	9303      	str	r3, [sp, #12]
2000051e:	2300      	movs	r3, #0
20000520:	a801      	add	r0, sp, #4
20000522:	78aa      	ldrb	r2, [r5, #2]
20000524:	00c9      	lsls	r1, r1, #3
20000526:	8001      	strh	r1, [r0, #0]
20000528:	2101      	movs	r1, #1
2000052a:	7102      	strb	r2, [r0, #4]
2000052c:	7143      	strb	r3, [r0, #5]
2000052e:	f000 fc3d 	bl	20000dac <dcd_event_handler>
20000532:	0028      	movs	r0, r5
20000534:	f000 fbb6 	bl	20000ca4 <hw_endpoint_reset_transfer>
20000538:	e7e2      	b.n	20000500 <hw_handle_buff_status+0x50>
2000053a:	46c0      	nop			; (mov r8, r8)
2000053c:	50110000 	.word	0x50110000
20000540:	50113000 	.word	0x50113000
20000544:	20001ba0 	.word	0x20001ba0

20000548 <dcd_rp2040_irq>:
20000548:	2398      	movs	r3, #152	; 0x98
2000054a:	b5f0      	push	{r4, r5, r6, r7, lr}
2000054c:	4646      	mov	r6, r8
2000054e:	46d6      	mov	lr, sl
20000550:	464f      	mov	r7, r9
20000552:	4acd      	ldr	r2, [pc, #820]	; (20000888 <dcd_rp2040_irq+0x340>)
20000554:	b5c0      	push	{r6, r7, lr}
20000556:	58d5      	ldr	r5, [r2, r3]
20000558:	2380      	movs	r3, #128	; 0x80
2000055a:	002c      	movs	r4, r5
2000055c:	029b      	lsls	r3, r3, #10
2000055e:	2610      	movs	r6, #16
20000560:	b084      	sub	sp, #16
20000562:	401c      	ands	r4, r3
20000564:	421d      	tst	r5, r3
20000566:	d073      	beq.n	20000650 <dcd_rp2040_irq+0x108>
20000568:	4bc8      	ldr	r3, [pc, #800]	; (2000088c <dcd_rp2040_irq+0x344>)
2000056a:	4cc9      	ldr	r4, [pc, #804]	; (20000890 <dcd_rp2040_irq+0x348>)
2000056c:	6a9a      	ldr	r2, [r3, #40]	; 0x28
2000056e:	4bc9      	ldr	r3, [pc, #804]	; (20000894 <dcd_rp2040_irq+0x34c>)
20000570:	2600      	movs	r6, #0
20000572:	601a      	str	r2, [r3, #0]
20000574:	233b      	movs	r3, #59	; 0x3b
20000576:	5ce3      	ldrb	r3, [r4, r3]
20000578:	2b02      	cmp	r3, #2
2000057a:	d100      	bne.n	2000057e <dcd_rp2040_irq+0x36>
2000057c:	e0fe      	b.n	2000077c <dcd_rp2040_irq+0x234>
2000057e:	237b      	movs	r3, #123	; 0x7b
20000580:	5ce3      	ldrb	r3, [r4, r3]
20000582:	2b02      	cmp	r3, #2
20000584:	d100      	bne.n	20000588 <dcd_rp2040_irq+0x40>
20000586:	e11c      	b.n	200007c2 <dcd_rp2040_irq+0x27a>
20000588:	23bb      	movs	r3, #187	; 0xbb
2000058a:	5ce3      	ldrb	r3, [r4, r3]
2000058c:	2b02      	cmp	r3, #2
2000058e:	d100      	bne.n	20000592 <dcd_rp2040_irq+0x4a>
20000590:	e105      	b.n	2000079e <dcd_rp2040_irq+0x256>
20000592:	23fb      	movs	r3, #251	; 0xfb
20000594:	5ce3      	ldrb	r3, [r4, r3]
20000596:	2b02      	cmp	r3, #2
20000598:	d100      	bne.n	2000059c <dcd_rp2040_irq+0x54>
2000059a:	e163      	b.n	20000864 <dcd_rp2040_irq+0x31c>
2000059c:	233c      	movs	r3, #60	; 0x3c
2000059e:	33ff      	adds	r3, #255	; 0xff
200005a0:	5ce3      	ldrb	r3, [r4, r3]
200005a2:	2b02      	cmp	r3, #2
200005a4:	d100      	bne.n	200005a8 <dcd_rp2040_irq+0x60>
200005a6:	e148      	b.n	2000083a <dcd_rp2040_irq+0x2f2>
200005a8:	237c      	movs	r3, #124	; 0x7c
200005aa:	33ff      	adds	r3, #255	; 0xff
200005ac:	5ce3      	ldrb	r3, [r4, r3]
200005ae:	2b02      	cmp	r3, #2
200005b0:	d100      	bne.n	200005b4 <dcd_rp2040_irq+0x6c>
200005b2:	e12d      	b.n	20000810 <dcd_rp2040_irq+0x2c8>
200005b4:	23bc      	movs	r3, #188	; 0xbc
200005b6:	33ff      	adds	r3, #255	; 0xff
200005b8:	5ce3      	ldrb	r3, [r4, r3]
200005ba:	2b02      	cmp	r3, #2
200005bc:	d100      	bne.n	200005c0 <dcd_rp2040_irq+0x78>
200005be:	e112      	b.n	200007e6 <dcd_rp2040_irq+0x29e>
200005c0:	23fc      	movs	r3, #252	; 0xfc
200005c2:	33ff      	adds	r3, #255	; 0xff
200005c4:	5ce3      	ldrb	r3, [r4, r3]
200005c6:	2b02      	cmp	r3, #2
200005c8:	d100      	bne.n	200005cc <dcd_rp2040_irq+0x84>
200005ca:	e20d      	b.n	200009e8 <dcd_rp2040_irq+0x4a0>
200005cc:	4bb2      	ldr	r3, [pc, #712]	; (20000898 <dcd_rp2040_irq+0x350>)
200005ce:	5ce3      	ldrb	r3, [r4, r3]
200005d0:	2b02      	cmp	r3, #2
200005d2:	d100      	bne.n	200005d6 <dcd_rp2040_irq+0x8e>
200005d4:	e1f4      	b.n	200009c0 <dcd_rp2040_irq+0x478>
200005d6:	4bb1      	ldr	r3, [pc, #708]	; (2000089c <dcd_rp2040_irq+0x354>)
200005d8:	5ce3      	ldrb	r3, [r4, r3]
200005da:	2b02      	cmp	r3, #2
200005dc:	d100      	bne.n	200005e0 <dcd_rp2040_irq+0x98>
200005de:	e1db      	b.n	20000998 <dcd_rp2040_irq+0x450>
200005e0:	4baf      	ldr	r3, [pc, #700]	; (200008a0 <dcd_rp2040_irq+0x358>)
200005e2:	5ce3      	ldrb	r3, [r4, r3]
200005e4:	2b02      	cmp	r3, #2
200005e6:	d100      	bne.n	200005ea <dcd_rp2040_irq+0xa2>
200005e8:	e1c2      	b.n	20000970 <dcd_rp2040_irq+0x428>
200005ea:	4bae      	ldr	r3, [pc, #696]	; (200008a4 <dcd_rp2040_irq+0x35c>)
200005ec:	5ce3      	ldrb	r3, [r4, r3]
200005ee:	2b02      	cmp	r3, #2
200005f0:	d100      	bne.n	200005f4 <dcd_rp2040_irq+0xac>
200005f2:	e1a9      	b.n	20000948 <dcd_rp2040_irq+0x400>
200005f4:	4bac      	ldr	r3, [pc, #688]	; (200008a8 <dcd_rp2040_irq+0x360>)
200005f6:	5ce3      	ldrb	r3, [r4, r3]
200005f8:	2b02      	cmp	r3, #2
200005fa:	d100      	bne.n	200005fe <dcd_rp2040_irq+0xb6>
200005fc:	e190      	b.n	20000920 <dcd_rp2040_irq+0x3d8>
200005fe:	4bab      	ldr	r3, [pc, #684]	; (200008ac <dcd_rp2040_irq+0x364>)
20000600:	5ce3      	ldrb	r3, [r4, r3]
20000602:	2b02      	cmp	r3, #2
20000604:	d100      	bne.n	20000608 <dcd_rp2040_irq+0xc0>
20000606:	e177      	b.n	200008f8 <dcd_rp2040_irq+0x3b0>
20000608:	4ba9      	ldr	r3, [pc, #676]	; (200008b0 <dcd_rp2040_irq+0x368>)
2000060a:	5ce3      	ldrb	r3, [r4, r3]
2000060c:	2b02      	cmp	r3, #2
2000060e:	d100      	bne.n	20000612 <dcd_rp2040_irq+0xca>
20000610:	e15c      	b.n	200008cc <dcd_rp2040_irq+0x384>
20000612:	4ba8      	ldr	r3, [pc, #672]	; (200008b4 <dcd_rp2040_irq+0x36c>)
20000614:	5ce3      	ldrb	r3, [r4, r3]
20000616:	2b02      	cmp	r3, #2
20000618:	d100      	bne.n	2000061c <dcd_rp2040_irq+0xd4>
2000061a:	e1fa      	b.n	20000a12 <dcd_rp2040_irq+0x4ca>
2000061c:	2e00      	cmp	r6, #0
2000061e:	d108      	bne.n	20000632 <dcd_rp2040_irq+0xea>
20000620:	4ba5      	ldr	r3, [pc, #660]	; (200008b8 <dcd_rp2040_irq+0x370>)
20000622:	781b      	ldrb	r3, [r3, #0]
20000624:	2b00      	cmp	r3, #0
20000626:	d104      	bne.n	20000632 <dcd_rp2040_irq+0xea>
20000628:	2180      	movs	r1, #128	; 0x80
2000062a:	4aa4      	ldr	r2, [pc, #656]	; (200008bc <dcd_rp2040_irq+0x374>)
2000062c:	3390      	adds	r3, #144	; 0x90
2000062e:	0289      	lsls	r1, r1, #10
20000630:	50d1      	str	r1, [r2, r3]
20000632:	22c0      	movs	r2, #192	; 0xc0
20000634:	4b94      	ldr	r3, [pc, #592]	; (20000888 <dcd_rp2040_irq+0x340>)
20000636:	a801      	add	r0, sp, #4
20000638:	6c9b      	ldr	r3, [r3, #72]	; 0x48
2000063a:	0092      	lsls	r2, r2, #2
2000063c:	055b      	lsls	r3, r3, #21
2000063e:	0d5b      	lsrs	r3, r3, #21
20000640:	2101      	movs	r1, #1
20000642:	2480      	movs	r4, #128	; 0x80
20000644:	8002      	strh	r2, [r0, #0]
20000646:	6043      	str	r3, [r0, #4]
20000648:	f000 fbb0 	bl	20000dac <dcd_event_handler>
2000064c:	4e9c      	ldr	r6, [pc, #624]	; (200008c0 <dcd_rp2040_irq+0x378>)
2000064e:	02a4      	lsls	r4, r4, #10
20000650:	06eb      	lsls	r3, r5, #27
20000652:	d500      	bpl.n	20000656 <dcd_rp2040_irq+0x10e>
20000654:	e086      	b.n	20000764 <dcd_rp2040_irq+0x21c>
20000656:	2380      	movs	r3, #128	; 0x80
20000658:	025b      	lsls	r3, r3, #9
2000065a:	421d      	tst	r5, r3
2000065c:	d037      	beq.n	200006ce <dcd_rp2040_irq+0x186>
2000065e:	431c      	orrs	r4, r3
20000660:	2300      	movs	r3, #0
20000662:	4698      	mov	r8, r3
20000664:	3302      	adds	r3, #2
20000666:	4699      	mov	r9, r3
20000668:	4b96      	ldr	r3, [pc, #600]	; (200008c4 <dcd_rp2040_irq+0x37c>)
2000066a:	4e89      	ldr	r6, [pc, #548]	; (20000890 <dcd_rp2040_irq+0x348>)
2000066c:	469a      	mov	sl, r3
2000066e:	7eb3      	ldrb	r3, [r6, #26]
20000670:	2b00      	cmp	r3, #0
20000672:	d017      	beq.n	200006a4 <dcd_rp2040_irq+0x15c>
20000674:	464b      	mov	r3, r9
20000676:	4642      	mov	r2, r8
20000678:	1a9f      	subs	r7, r3, r2
2000067a:	f000 fc99 	bl	20000fb0 <__rp2040_chip_version_veneer>
2000067e:	2801      	cmp	r0, #1
20000680:	d900      	bls.n	20000684 <dcd_rp2040_irq+0x13c>
20000682:	e073      	b.n	2000076c <dcd_rp2040_irq+0x224>
20000684:	22c0      	movs	r2, #192	; 0xc0
20000686:	2100      	movs	r1, #0
20000688:	0030      	movs	r0, r6
2000068a:	0192      	lsls	r2, r2, #6
2000068c:	f000 fb10 	bl	20000cb0 <_hw_endpoint_buffer_control_update32>
20000690:	0030      	movs	r0, r6
20000692:	f000 fb07 	bl	20000ca4 <hw_endpoint_reset_transfer>
20000696:	f000 fc8b 	bl	20000fb0 <__rp2040_chip_version_veneer>
2000069a:	2801      	cmp	r0, #1
2000069c:	d902      	bls.n	200006a4 <dcd_rp2040_irq+0x15c>
2000069e:	4b87      	ldr	r3, [pc, #540]	; (200008bc <dcd_rp2040_irq+0x374>)
200006a0:	665f      	str	r7, [r3, #100]	; 0x64
200006a2:	661f      	str	r7, [r3, #96]	; 0x60
200006a4:	2301      	movs	r3, #1
200006a6:	70f3      	strb	r3, [r6, #3]
200006a8:	4643      	mov	r3, r8
200006aa:	3620      	adds	r6, #32
200006ac:	2b01      	cmp	r3, #1
200006ae:	d123      	bne.n	200006f8 <dcd_rp2040_irq+0x1b0>
200006b0:	23c0      	movs	r3, #192	; 0xc0
200006b2:	a801      	add	r0, sp, #4
200006b4:	00db      	lsls	r3, r3, #3
200006b6:	4a84      	ldr	r2, [pc, #528]	; (200008c8 <dcd_rp2040_irq+0x380>)
200006b8:	8003      	strh	r3, [r0, #0]
200006ba:	ab02      	add	r3, sp, #8
200006bc:	ca42      	ldmia	r2!, {r1, r6}
200006be:	c342      	stmia	r3!, {r1, r6}
200006c0:	2101      	movs	r1, #1
200006c2:	f000 fb73 	bl	20000dac <dcd_event_handler>
200006c6:	2280      	movs	r2, #128	; 0x80
200006c8:	4b7c      	ldr	r3, [pc, #496]	; (200008bc <dcd_rp2040_irq+0x374>)
200006ca:	0292      	lsls	r2, r2, #10
200006cc:	651a      	str	r2, [r3, #80]	; 0x50
200006ce:	2380      	movs	r3, #128	; 0x80
200006d0:	015b      	lsls	r3, r3, #5
200006d2:	421d      	tst	r5, r3
200006d4:	d113      	bne.n	200006fe <dcd_rp2040_irq+0x1b6>
200006d6:	2380      	movs	r3, #128	; 0x80
200006d8:	01db      	lsls	r3, r3, #7
200006da:	421d      	tst	r5, r3
200006dc:	d126      	bne.n	2000072c <dcd_rp2040_irq+0x1e4>
200006de:	2380      	movs	r3, #128	; 0x80
200006e0:	021b      	lsls	r3, r3, #8
200006e2:	421d      	tst	r5, r3
200006e4:	d131      	bne.n	2000074a <dcd_rp2040_irq+0x202>
200006e6:	42ac      	cmp	r4, r5
200006e8:	d000      	beq.n	200006ec <dcd_rp2040_irq+0x1a4>
200006ea:	e1ac      	b.n	20000a46 <dcd_rp2040_irq+0x4fe>
200006ec:	b004      	add	sp, #16
200006ee:	bce0      	pop	{r5, r6, r7}
200006f0:	46ba      	mov	sl, r7
200006f2:	46b1      	mov	r9, r6
200006f4:	46a8      	mov	r8, r5
200006f6:	bdf0      	pop	{r4, r5, r6, r7, pc}
200006f8:	2301      	movs	r3, #1
200006fa:	4698      	mov	r8, r3
200006fc:	e7b7      	b.n	2000066e <dcd_rp2040_irq+0x126>
200006fe:	2600      	movs	r6, #0
20000700:	431c      	orrs	r4, r3
20000702:	4b61      	ldr	r3, [pc, #388]	; (20000888 <dcd_rp2040_irq+0x340>)
20000704:	601e      	str	r6, [r3, #0]
20000706:	f7ff fe75 	bl	200003f4 <reset_non_control_endpoints>
2000070a:	2380      	movs	r3, #128	; 0x80
2000070c:	466a      	mov	r2, sp
2000070e:	005b      	lsls	r3, r3, #1
20000710:	8093      	strh	r3, [r2, #4]
20000712:	7216      	strb	r6, [r2, #8]
20000714:	2101      	movs	r1, #1
20000716:	a801      	add	r0, sp, #4
20000718:	f000 fb48 	bl	20000dac <dcd_event_handler>
2000071c:	2280      	movs	r2, #128	; 0x80
2000071e:	4b67      	ldr	r3, [pc, #412]	; (200008bc <dcd_rp2040_irq+0x374>)
20000720:	0312      	lsls	r2, r2, #12
20000722:	651a      	str	r2, [r3, #80]	; 0x50
20000724:	2380      	movs	r3, #128	; 0x80
20000726:	01db      	lsls	r3, r3, #7
20000728:	421d      	tst	r5, r3
2000072a:	d0d8      	beq.n	200006de <dcd_rp2040_irq+0x196>
2000072c:	431c      	orrs	r4, r3
2000072e:	2380      	movs	r3, #128	; 0x80
20000730:	a801      	add	r0, sp, #4
20000732:	00db      	lsls	r3, r3, #3
20000734:	8003      	strh	r3, [r0, #0]
20000736:	2101      	movs	r1, #1
20000738:	f000 fb38 	bl	20000dac <dcd_event_handler>
2000073c:	2210      	movs	r2, #16
2000073e:	4b5f      	ldr	r3, [pc, #380]	; (200008bc <dcd_rp2040_irq+0x374>)
20000740:	651a      	str	r2, [r3, #80]	; 0x50
20000742:	2380      	movs	r3, #128	; 0x80
20000744:	021b      	lsls	r3, r3, #8
20000746:	421d      	tst	r5, r3
20000748:	d0cd      	beq.n	200006e6 <dcd_rp2040_irq+0x19e>
2000074a:	431c      	orrs	r4, r3
2000074c:	23a0      	movs	r3, #160	; 0xa0
2000074e:	a801      	add	r0, sp, #4
20000750:	00db      	lsls	r3, r3, #3
20000752:	8003      	strh	r3, [r0, #0]
20000754:	2101      	movs	r1, #1
20000756:	f000 fb29 	bl	20000dac <dcd_event_handler>
2000075a:	2280      	movs	r2, #128	; 0x80
2000075c:	4b57      	ldr	r3, [pc, #348]	; (200008bc <dcd_rp2040_irq+0x374>)
2000075e:	0112      	lsls	r2, r2, #4
20000760:	651a      	str	r2, [r3, #80]	; 0x50
20000762:	e7c0      	b.n	200006e6 <dcd_rp2040_irq+0x19e>
20000764:	f7ff fea4 	bl	200004b0 <hw_handle_buff_status>
20000768:	0034      	movs	r4, r6
2000076a:	e774      	b.n	20000656 <dcd_rp2040_irq+0x10e>
2000076c:	4653      	mov	r3, sl
2000076e:	4a46      	ldr	r2, [pc, #280]	; (20000888 <dcd_rp2040_irq+0x340>)
20000770:	661f      	str	r7, [r3, #96]	; 0x60
20000772:	6e53      	ldr	r3, [r2, #100]	; 0x64
20000774:	403b      	ands	r3, r7
20000776:	42bb      	cmp	r3, r7
20000778:	d1fb      	bne.n	20000772 <dcd_rp2040_irq+0x22a>
2000077a:	e783      	b.n	20000684 <dcd_rp2040_irq+0x13c>
2000077c:	3338      	adds	r3, #56	; 0x38
2000077e:	5ce6      	ldrb	r6, [r4, r3]
20000780:	2e00      	cmp	r6, #0
20000782:	d100      	bne.n	20000786 <dcd_rp2040_irq+0x23e>
20000784:	e6fb      	b.n	2000057e <dcd_rp2040_irq+0x36>
20000786:	3302      	adds	r3, #2
20000788:	5ce2      	ldrb	r2, [r4, r3]
2000078a:	2a00      	cmp	r2, #0
2000078c:	d100      	bne.n	20000790 <dcd_rp2040_irq+0x248>
2000078e:	e6f6      	b.n	2000057e <dcd_rp2040_irq+0x36>
20000790:	2200      	movs	r2, #0
20000792:	0020      	movs	r0, r4
20000794:	54e2      	strb	r2, [r4, r3]
20000796:	3020      	adds	r0, #32
20000798:	f000 fab2 	bl	20000d00 <hw_endpoint_start_next_buffer>
2000079c:	e6ef      	b.n	2000057e <dcd_rp2040_irq+0x36>
2000079e:	33b8      	adds	r3, #184	; 0xb8
200007a0:	5ce3      	ldrb	r3, [r4, r3]
200007a2:	2b00      	cmp	r3, #0
200007a4:	d100      	bne.n	200007a8 <dcd_rp2040_irq+0x260>
200007a6:	e6f4      	b.n	20000592 <dcd_rp2040_irq+0x4a>
200007a8:	22bc      	movs	r2, #188	; 0xbc
200007aa:	5ca1      	ldrb	r1, [r4, r2]
200007ac:	001e      	movs	r6, r3
200007ae:	2900      	cmp	r1, #0
200007b0:	d100      	bne.n	200007b4 <dcd_rp2040_irq+0x26c>
200007b2:	e6ee      	b.n	20000592 <dcd_rp2040_irq+0x4a>
200007b4:	2300      	movs	r3, #0
200007b6:	0020      	movs	r0, r4
200007b8:	54a3      	strb	r3, [r4, r2]
200007ba:	30a0      	adds	r0, #160	; 0xa0
200007bc:	f000 faa0 	bl	20000d00 <hw_endpoint_start_next_buffer>
200007c0:	e6e7      	b.n	20000592 <dcd_rp2040_irq+0x4a>
200007c2:	3378      	adds	r3, #120	; 0x78
200007c4:	5ce3      	ldrb	r3, [r4, r3]
200007c6:	2b00      	cmp	r3, #0
200007c8:	d100      	bne.n	200007cc <dcd_rp2040_irq+0x284>
200007ca:	e6dd      	b.n	20000588 <dcd_rp2040_irq+0x40>
200007cc:	227c      	movs	r2, #124	; 0x7c
200007ce:	5ca1      	ldrb	r1, [r4, r2]
200007d0:	001e      	movs	r6, r3
200007d2:	2900      	cmp	r1, #0
200007d4:	d100      	bne.n	200007d8 <dcd_rp2040_irq+0x290>
200007d6:	e6d7      	b.n	20000588 <dcd_rp2040_irq+0x40>
200007d8:	2300      	movs	r3, #0
200007da:	0020      	movs	r0, r4
200007dc:	54a3      	strb	r3, [r4, r2]
200007de:	3060      	adds	r0, #96	; 0x60
200007e0:	f000 fa8e 	bl	20000d00 <hw_endpoint_start_next_buffer>
200007e4:	e6d0      	b.n	20000588 <dcd_rp2040_irq+0x40>
200007e6:	33b9      	adds	r3, #185	; 0xb9
200007e8:	33ff      	adds	r3, #255	; 0xff
200007ea:	5ce3      	ldrb	r3, [r4, r3]
200007ec:	2b00      	cmp	r3, #0
200007ee:	d100      	bne.n	200007f2 <dcd_rp2040_irq+0x2aa>
200007f0:	e6e6      	b.n	200005c0 <dcd_rp2040_irq+0x78>
200007f2:	22de      	movs	r2, #222	; 0xde
200007f4:	0052      	lsls	r2, r2, #1
200007f6:	5ca1      	ldrb	r1, [r4, r2]
200007f8:	001e      	movs	r6, r3
200007fa:	2900      	cmp	r1, #0
200007fc:	d100      	bne.n	20000800 <dcd_rp2040_irq+0x2b8>
200007fe:	e6df      	b.n	200005c0 <dcd_rp2040_irq+0x78>
20000800:	0020      	movs	r0, r4
20000802:	2300      	movs	r3, #0
20000804:	30a1      	adds	r0, #161	; 0xa1
20000806:	54a3      	strb	r3, [r4, r2]
20000808:	30ff      	adds	r0, #255	; 0xff
2000080a:	f000 fa79 	bl	20000d00 <hw_endpoint_start_next_buffer>
2000080e:	e6d7      	b.n	200005c0 <dcd_rp2040_irq+0x78>
20000810:	3379      	adds	r3, #121	; 0x79
20000812:	33ff      	adds	r3, #255	; 0xff
20000814:	5ce3      	ldrb	r3, [r4, r3]
20000816:	2b00      	cmp	r3, #0
20000818:	d100      	bne.n	2000081c <dcd_rp2040_irq+0x2d4>
2000081a:	e6cb      	b.n	200005b4 <dcd_rp2040_irq+0x6c>
2000081c:	22be      	movs	r2, #190	; 0xbe
2000081e:	0052      	lsls	r2, r2, #1
20000820:	5ca1      	ldrb	r1, [r4, r2]
20000822:	001e      	movs	r6, r3
20000824:	2900      	cmp	r1, #0
20000826:	d100      	bne.n	2000082a <dcd_rp2040_irq+0x2e2>
20000828:	e6c4      	b.n	200005b4 <dcd_rp2040_irq+0x6c>
2000082a:	0020      	movs	r0, r4
2000082c:	2300      	movs	r3, #0
2000082e:	3061      	adds	r0, #97	; 0x61
20000830:	54a3      	strb	r3, [r4, r2]
20000832:	30ff      	adds	r0, #255	; 0xff
20000834:	f000 fa64 	bl	20000d00 <hw_endpoint_start_next_buffer>
20000838:	e6bc      	b.n	200005b4 <dcd_rp2040_irq+0x6c>
2000083a:	3339      	adds	r3, #57	; 0x39
2000083c:	33ff      	adds	r3, #255	; 0xff
2000083e:	5ce3      	ldrb	r3, [r4, r3]
20000840:	2b00      	cmp	r3, #0
20000842:	d100      	bne.n	20000846 <dcd_rp2040_irq+0x2fe>
20000844:	e6b0      	b.n	200005a8 <dcd_rp2040_irq+0x60>
20000846:	229e      	movs	r2, #158	; 0x9e
20000848:	0052      	lsls	r2, r2, #1
2000084a:	5ca1      	ldrb	r1, [r4, r2]
2000084c:	001e      	movs	r6, r3
2000084e:	2900      	cmp	r1, #0
20000850:	d100      	bne.n	20000854 <dcd_rp2040_irq+0x30c>
20000852:	e6a9      	b.n	200005a8 <dcd_rp2040_irq+0x60>
20000854:	0020      	movs	r0, r4
20000856:	2300      	movs	r3, #0
20000858:	3021      	adds	r0, #33	; 0x21
2000085a:	54a3      	strb	r3, [r4, r2]
2000085c:	30ff      	adds	r0, #255	; 0xff
2000085e:	f000 fa4f 	bl	20000d00 <hw_endpoint_start_next_buffer>
20000862:	e6a1      	b.n	200005a8 <dcd_rp2040_irq+0x60>
20000864:	33f8      	adds	r3, #248	; 0xf8
20000866:	5ce3      	ldrb	r3, [r4, r3]
20000868:	2b00      	cmp	r3, #0
2000086a:	d100      	bne.n	2000086e <dcd_rp2040_irq+0x326>
2000086c:	e696      	b.n	2000059c <dcd_rp2040_irq+0x54>
2000086e:	22fc      	movs	r2, #252	; 0xfc
20000870:	5ca1      	ldrb	r1, [r4, r2]
20000872:	001e      	movs	r6, r3
20000874:	2900      	cmp	r1, #0
20000876:	d100      	bne.n	2000087a <dcd_rp2040_irq+0x332>
20000878:	e690      	b.n	2000059c <dcd_rp2040_irq+0x54>
2000087a:	2300      	movs	r3, #0
2000087c:	0020      	movs	r0, r4
2000087e:	54a3      	strb	r3, [r4, r2]
20000880:	30e0      	adds	r0, #224	; 0xe0
20000882:	f000 fa3d 	bl	20000d00 <hw_endpoint_start_next_buffer>
20000886:	e689      	b.n	2000059c <dcd_rp2040_irq+0x54>
20000888:	50110000 	.word	0x50110000
2000088c:	40054000 	.word	0x40054000
20000890:	20001ba0 	.word	0x20001ba0
20000894:	20001b98 	.word	0x20001b98
20000898:	0000023b 	.word	0x0000023b
2000089c:	0000027b 	.word	0x0000027b
200008a0:	000002bb 	.word	0x000002bb
200008a4:	000002fb 	.word	0x000002fb
200008a8:	0000033b 	.word	0x0000033b
200008ac:	0000037b 	.word	0x0000037b
200008b0:	000003bb 	.word	0x000003bb
200008b4:	000003fb 	.word	0x000003fb
200008b8:	20001ff6 	.word	0x20001ff6
200008bc:	50113000 	.word	0x50113000
200008c0:	00020010 	.word	0x00020010
200008c4:	50112000 	.word	0x50112000
200008c8:	50100000 	.word	0x50100000
200008cc:	4b60      	ldr	r3, [pc, #384]	; (20000a50 <dcd_rp2040_irq+0x508>)
200008ce:	5ce3      	ldrb	r3, [r4, r3]
200008d0:	2b00      	cmp	r3, #0
200008d2:	d100      	bne.n	200008d6 <dcd_rp2040_irq+0x38e>
200008d4:	e69d      	b.n	20000612 <dcd_rp2040_irq+0xca>
200008d6:	23ef      	movs	r3, #239	; 0xef
200008d8:	009b      	lsls	r3, r3, #2
200008da:	5ce2      	ldrb	r2, [r4, r3]
200008dc:	2a00      	cmp	r2, #0
200008de:	d000      	beq.n	200008e2 <dcd_rp2040_irq+0x39a>
200008e0:	e0a9      	b.n	20000a36 <dcd_rp2040_irq+0x4ee>
200008e2:	4b5c      	ldr	r3, [pc, #368]	; (20000a54 <dcd_rp2040_irq+0x50c>)
200008e4:	5ce3      	ldrb	r3, [r4, r3]
200008e6:	2b02      	cmp	r3, #2
200008e8:	d000      	beq.n	200008ec <dcd_rp2040_irq+0x3a4>
200008ea:	e6a2      	b.n	20000632 <dcd_rp2040_irq+0xea>
200008ec:	4b5a      	ldr	r3, [pc, #360]	; (20000a58 <dcd_rp2040_irq+0x510>)
200008ee:	5ce3      	ldrb	r3, [r4, r3]
200008f0:	2b00      	cmp	r3, #0
200008f2:	d000      	beq.n	200008f6 <dcd_rp2040_irq+0x3ae>
200008f4:	e092      	b.n	20000a1c <dcd_rp2040_irq+0x4d4>
200008f6:	e69c      	b.n	20000632 <dcd_rp2040_irq+0xea>
200008f8:	4b58      	ldr	r3, [pc, #352]	; (20000a5c <dcd_rp2040_irq+0x514>)
200008fa:	5ce3      	ldrb	r3, [r4, r3]
200008fc:	2b00      	cmp	r3, #0
200008fe:	d100      	bne.n	20000902 <dcd_rp2040_irq+0x3ba>
20000900:	e682      	b.n	20000608 <dcd_rp2040_irq+0xc0>
20000902:	22df      	movs	r2, #223	; 0xdf
20000904:	0092      	lsls	r2, r2, #2
20000906:	5ca1      	ldrb	r1, [r4, r2]
20000908:	001e      	movs	r6, r3
2000090a:	2900      	cmp	r1, #0
2000090c:	d100      	bne.n	20000910 <dcd_rp2040_irq+0x3c8>
2000090e:	e67b      	b.n	20000608 <dcd_rp2040_irq+0xc0>
20000910:	2300      	movs	r3, #0
20000912:	54a3      	strb	r3, [r4, r2]
20000914:	23d8      	movs	r3, #216	; 0xd8
20000916:	009b      	lsls	r3, r3, #2
20000918:	18e0      	adds	r0, r4, r3
2000091a:	f000 f9f1 	bl	20000d00 <hw_endpoint_start_next_buffer>
2000091e:	e673      	b.n	20000608 <dcd_rp2040_irq+0xc0>
20000920:	4b4f      	ldr	r3, [pc, #316]	; (20000a60 <dcd_rp2040_irq+0x518>)
20000922:	5ce3      	ldrb	r3, [r4, r3]
20000924:	2b00      	cmp	r3, #0
20000926:	d100      	bne.n	2000092a <dcd_rp2040_irq+0x3e2>
20000928:	e669      	b.n	200005fe <dcd_rp2040_irq+0xb6>
2000092a:	22cf      	movs	r2, #207	; 0xcf
2000092c:	0092      	lsls	r2, r2, #2
2000092e:	5ca1      	ldrb	r1, [r4, r2]
20000930:	001e      	movs	r6, r3
20000932:	2900      	cmp	r1, #0
20000934:	d100      	bne.n	20000938 <dcd_rp2040_irq+0x3f0>
20000936:	e662      	b.n	200005fe <dcd_rp2040_irq+0xb6>
20000938:	2300      	movs	r3, #0
2000093a:	54a3      	strb	r3, [r4, r2]
2000093c:	23c8      	movs	r3, #200	; 0xc8
2000093e:	009b      	lsls	r3, r3, #2
20000940:	18e0      	adds	r0, r4, r3
20000942:	f000 f9dd 	bl	20000d00 <hw_endpoint_start_next_buffer>
20000946:	e65a      	b.n	200005fe <dcd_rp2040_irq+0xb6>
20000948:	4b46      	ldr	r3, [pc, #280]	; (20000a64 <dcd_rp2040_irq+0x51c>)
2000094a:	5ce3      	ldrb	r3, [r4, r3]
2000094c:	2b00      	cmp	r3, #0
2000094e:	d100      	bne.n	20000952 <dcd_rp2040_irq+0x40a>
20000950:	e650      	b.n	200005f4 <dcd_rp2040_irq+0xac>
20000952:	22bf      	movs	r2, #191	; 0xbf
20000954:	0092      	lsls	r2, r2, #2
20000956:	5ca1      	ldrb	r1, [r4, r2]
20000958:	001e      	movs	r6, r3
2000095a:	2900      	cmp	r1, #0
2000095c:	d100      	bne.n	20000960 <dcd_rp2040_irq+0x418>
2000095e:	e649      	b.n	200005f4 <dcd_rp2040_irq+0xac>
20000960:	2300      	movs	r3, #0
20000962:	54a3      	strb	r3, [r4, r2]
20000964:	23b8      	movs	r3, #184	; 0xb8
20000966:	009b      	lsls	r3, r3, #2
20000968:	18e0      	adds	r0, r4, r3
2000096a:	f000 f9c9 	bl	20000d00 <hw_endpoint_start_next_buffer>
2000096e:	e641      	b.n	200005f4 <dcd_rp2040_irq+0xac>
20000970:	4b3d      	ldr	r3, [pc, #244]	; (20000a68 <dcd_rp2040_irq+0x520>)
20000972:	5ce3      	ldrb	r3, [r4, r3]
20000974:	2b00      	cmp	r3, #0
20000976:	d100      	bne.n	2000097a <dcd_rp2040_irq+0x432>
20000978:	e637      	b.n	200005ea <dcd_rp2040_irq+0xa2>
2000097a:	22af      	movs	r2, #175	; 0xaf
2000097c:	0092      	lsls	r2, r2, #2
2000097e:	5ca1      	ldrb	r1, [r4, r2]
20000980:	001e      	movs	r6, r3
20000982:	2900      	cmp	r1, #0
20000984:	d100      	bne.n	20000988 <dcd_rp2040_irq+0x440>
20000986:	e630      	b.n	200005ea <dcd_rp2040_irq+0xa2>
20000988:	2300      	movs	r3, #0
2000098a:	54a3      	strb	r3, [r4, r2]
2000098c:	23a8      	movs	r3, #168	; 0xa8
2000098e:	009b      	lsls	r3, r3, #2
20000990:	18e0      	adds	r0, r4, r3
20000992:	f000 f9b5 	bl	20000d00 <hw_endpoint_start_next_buffer>
20000996:	e628      	b.n	200005ea <dcd_rp2040_irq+0xa2>
20000998:	4b34      	ldr	r3, [pc, #208]	; (20000a6c <dcd_rp2040_irq+0x524>)
2000099a:	5ce3      	ldrb	r3, [r4, r3]
2000099c:	2b00      	cmp	r3, #0
2000099e:	d100      	bne.n	200009a2 <dcd_rp2040_irq+0x45a>
200009a0:	e61e      	b.n	200005e0 <dcd_rp2040_irq+0x98>
200009a2:	229f      	movs	r2, #159	; 0x9f
200009a4:	0092      	lsls	r2, r2, #2
200009a6:	5ca1      	ldrb	r1, [r4, r2]
200009a8:	001e      	movs	r6, r3
200009aa:	2900      	cmp	r1, #0
200009ac:	d100      	bne.n	200009b0 <dcd_rp2040_irq+0x468>
200009ae:	e617      	b.n	200005e0 <dcd_rp2040_irq+0x98>
200009b0:	2300      	movs	r3, #0
200009b2:	54a3      	strb	r3, [r4, r2]
200009b4:	2398      	movs	r3, #152	; 0x98
200009b6:	009b      	lsls	r3, r3, #2
200009b8:	18e0      	adds	r0, r4, r3
200009ba:	f000 f9a1 	bl	20000d00 <hw_endpoint_start_next_buffer>
200009be:	e60f      	b.n	200005e0 <dcd_rp2040_irq+0x98>
200009c0:	4b2b      	ldr	r3, [pc, #172]	; (20000a70 <dcd_rp2040_irq+0x528>)
200009c2:	5ce3      	ldrb	r3, [r4, r3]
200009c4:	2b00      	cmp	r3, #0
200009c6:	d100      	bne.n	200009ca <dcd_rp2040_irq+0x482>
200009c8:	e605      	b.n	200005d6 <dcd_rp2040_irq+0x8e>
200009ca:	228f      	movs	r2, #143	; 0x8f
200009cc:	0092      	lsls	r2, r2, #2
200009ce:	5ca1      	ldrb	r1, [r4, r2]
200009d0:	001e      	movs	r6, r3
200009d2:	2900      	cmp	r1, #0
200009d4:	d100      	bne.n	200009d8 <dcd_rp2040_irq+0x490>
200009d6:	e5fe      	b.n	200005d6 <dcd_rp2040_irq+0x8e>
200009d8:	2300      	movs	r3, #0
200009da:	54a3      	strb	r3, [r4, r2]
200009dc:	2388      	movs	r3, #136	; 0x88
200009de:	009b      	lsls	r3, r3, #2
200009e0:	18e0      	adds	r0, r4, r3
200009e2:	f000 f98d 	bl	20000d00 <hw_endpoint_start_next_buffer>
200009e6:	e5f6      	b.n	200005d6 <dcd_rp2040_irq+0x8e>
200009e8:	33f9      	adds	r3, #249	; 0xf9
200009ea:	33ff      	adds	r3, #255	; 0xff
200009ec:	5ce3      	ldrb	r3, [r4, r3]
200009ee:	2b00      	cmp	r3, #0
200009f0:	d100      	bne.n	200009f4 <dcd_rp2040_irq+0x4ac>
200009f2:	e5eb      	b.n	200005cc <dcd_rp2040_irq+0x84>
200009f4:	22fe      	movs	r2, #254	; 0xfe
200009f6:	0052      	lsls	r2, r2, #1
200009f8:	5ca1      	ldrb	r1, [r4, r2]
200009fa:	001e      	movs	r6, r3
200009fc:	2900      	cmp	r1, #0
200009fe:	d100      	bne.n	20000a02 <dcd_rp2040_irq+0x4ba>
20000a00:	e5e4      	b.n	200005cc <dcd_rp2040_irq+0x84>
20000a02:	0020      	movs	r0, r4
20000a04:	2300      	movs	r3, #0
20000a06:	30e1      	adds	r0, #225	; 0xe1
20000a08:	54a3      	strb	r3, [r4, r2]
20000a0a:	30ff      	adds	r0, #255	; 0xff
20000a0c:	f000 f978 	bl	20000d00 <hw_endpoint_start_next_buffer>
20000a10:	e5dc      	b.n	200005cc <dcd_rp2040_irq+0x84>
20000a12:	4b11      	ldr	r3, [pc, #68]	; (20000a58 <dcd_rp2040_irq+0x510>)
20000a14:	5ce3      	ldrb	r3, [r4, r3]
20000a16:	2b00      	cmp	r3, #0
20000a18:	d100      	bne.n	20000a1c <dcd_rp2040_irq+0x4d4>
20000a1a:	e5ff      	b.n	2000061c <dcd_rp2040_irq+0xd4>
20000a1c:	23ff      	movs	r3, #255	; 0xff
20000a1e:	009b      	lsls	r3, r3, #2
20000a20:	5ce2      	ldrb	r2, [r4, r3]
20000a22:	2a00      	cmp	r2, #0
20000a24:	d100      	bne.n	20000a28 <dcd_rp2040_irq+0x4e0>
20000a26:	e604      	b.n	20000632 <dcd_rp2040_irq+0xea>
20000a28:	2200      	movs	r2, #0
20000a2a:	54e2      	strb	r2, [r4, r3]
20000a2c:	3b1c      	subs	r3, #28
20000a2e:	18e0      	adds	r0, r4, r3
20000a30:	f000 f966 	bl	20000d00 <hw_endpoint_start_next_buffer>
20000a34:	e5fd      	b.n	20000632 <dcd_rp2040_irq+0xea>
20000a36:	2200      	movs	r2, #0
20000a38:	54e2      	strb	r2, [r4, r3]
20000a3a:	23e8      	movs	r3, #232	; 0xe8
20000a3c:	009b      	lsls	r3, r3, #2
20000a3e:	18e0      	adds	r0, r4, r3
20000a40:	f000 f95e 	bl	20000d00 <hw_endpoint_start_next_buffer>
20000a44:	e74d      	b.n	200008e2 <dcd_rp2040_irq+0x39a>
20000a46:	0021      	movs	r1, r4
20000a48:	480a      	ldr	r0, [pc, #40]	; (20000a74 <dcd_rp2040_irq+0x52c>)
20000a4a:	4069      	eors	r1, r5
20000a4c:	f000 fad0 	bl	20000ff0 <__panic_veneer>
20000a50:	000003ba 	.word	0x000003ba
20000a54:	000003fb 	.word	0x000003fb
20000a58:	000003fa 	.word	0x000003fa
20000a5c:	0000037a 	.word	0x0000037a
20000a60:	0000033a 	.word	0x0000033a
20000a64:	000002fa 	.word	0x000002fa
20000a68:	000002ba 	.word	0x000002ba
20000a6c:	0000027a 	.word	0x0000027a
20000a70:	0000023a 	.word	0x0000023a
20000a74:	10004efc 	.word	0x10004efc

20000a78 <prepare_ep_buffer>:
20000a78:	b5f0      	push	{r4, r5, r6, r7, lr}
20000a7a:	46d6      	mov	lr, sl
20000a7c:	464f      	mov	r7, r9
20000a7e:	4646      	mov	r6, r8
20000a80:	0003      	movs	r3, r0
20000a82:	b5c0      	push	{r6, r7, lr}
20000a84:	8b1c      	ldrh	r4, [r3, #24]
20000a86:	8a80      	ldrh	r0, [r0, #20]
20000a88:	468a      	mov	sl, r1
20000a8a:	1c22      	adds	r2, r4, #0
20000a8c:	4284      	cmp	r4, r0
20000a8e:	d900      	bls.n	20000a92 <prepare_ep_buffer+0x1a>
20000a90:	1c02      	adds	r2, r0, #0
20000a92:	2680      	movs	r6, #128	; 0x80
20000a94:	b292      	uxth	r2, r2
20000a96:	1a80      	subs	r0, r0, r2
20000a98:	78dd      	ldrb	r5, [r3, #3]
20000a9a:	b284      	uxth	r4, r0
20000a9c:	00f6      	lsls	r6, r6, #3
20000a9e:	829c      	strh	r4, [r3, #20]
20000aa0:	4316      	orrs	r6, r2
20000aa2:	2d00      	cmp	r5, #0
20000aa4:	d002      	beq.n	20000aac <prepare_ep_buffer+0x34>
20000aa6:	2690      	movs	r6, #144	; 0x90
20000aa8:	01b6      	lsls	r6, r6, #6
20000aaa:	4316      	orrs	r6, r2
20000aac:	2701      	movs	r7, #1
20000aae:	407d      	eors	r5, r7
20000ab0:	70dd      	strb	r5, [r3, #3]
20000ab2:	785d      	ldrb	r5, [r3, #1]
20000ab4:	0030      	movs	r0, r6
20000ab6:	2d00      	cmp	r5, #0
20000ab8:	d141      	bne.n	20000b3e <prepare_ep_buffer+0xc6>
20000aba:	4651      	mov	r1, sl
20000abc:	0188      	lsls	r0, r1, #6
20000abe:	68d9      	ldr	r1, [r3, #12]
20000ac0:	691f      	ldr	r7, [r3, #16]
20000ac2:	468c      	mov	ip, r1
20000ac4:	1e51      	subs	r1, r2, #1
20000ac6:	4688      	mov	r8, r1
20000ac8:	4484      	add	ip, r0
20000aca:	2a00      	cmp	r2, #0
20000acc:	d032      	beq.n	20000b34 <prepare_ep_buffer+0xbc>
20000ace:	4661      	mov	r1, ip
20000ad0:	2002      	movs	r0, #2
20000ad2:	1c7c      	adds	r4, r7, #1
20000ad4:	1b0c      	subs	r4, r1, r4
20000ad6:	42a0      	cmp	r0, r4
20000ad8:	4180      	sbcs	r0, r0
20000ada:	2408      	movs	r4, #8
20000adc:	4544      	cmp	r4, r8
20000ade:	41a4      	sbcs	r4, r4
20000ae0:	4240      	negs	r0, r0
20000ae2:	4264      	negs	r4, r4
20000ae4:	4204      	tst	r4, r0
20000ae6:	d038      	beq.n	20000b5a <prepare_ep_buffer+0xe2>
20000ae8:	4660      	mov	r0, ip
20000aea:	4338      	orrs	r0, r7
20000aec:	0781      	lsls	r1, r0, #30
20000aee:	d134      	bne.n	20000b5a <prepare_ep_buffer+0xe2>
20000af0:	1f15      	subs	r5, r2, #4
20000af2:	08ad      	lsrs	r5, r5, #2
20000af4:	1c69      	adds	r1, r5, #1
20000af6:	4689      	mov	r9, r1
20000af8:	2000      	movs	r0, #0
20000afa:	2400      	movs	r4, #0
20000afc:	4661      	mov	r1, ip
20000afe:	583d      	ldr	r5, [r7, r0]
20000b00:	3401      	adds	r4, #1
20000b02:	500d      	str	r5, [r1, r0]
20000b04:	3004      	adds	r0, #4
20000b06:	45a1      	cmp	r9, r4
20000b08:	d8f8      	bhi.n	20000afc <prepare_ep_buffer+0x84>
20000b0a:	4649      	mov	r1, r9
20000b0c:	008d      	lsls	r5, r1, #2
20000b0e:	4661      	mov	r1, ip
20000b10:	194c      	adds	r4, r1, r5
20000b12:	4641      	mov	r1, r8
20000b14:	197f      	adds	r7, r7, r5
20000b16:	1b48      	subs	r0, r1, r5
20000b18:	42aa      	cmp	r2, r5
20000b1a:	d009      	beq.n	20000b30 <prepare_ep_buffer+0xb8>
20000b1c:	783d      	ldrb	r5, [r7, #0]
20000b1e:	7025      	strb	r5, [r4, #0]
20000b20:	2800      	cmp	r0, #0
20000b22:	d005      	beq.n	20000b30 <prepare_ep_buffer+0xb8>
20000b24:	787d      	ldrb	r5, [r7, #1]
20000b26:	7065      	strb	r5, [r4, #1]
20000b28:	2801      	cmp	r0, #1
20000b2a:	d001      	beq.n	20000b30 <prepare_ep_buffer+0xb8>
20000b2c:	78b8      	ldrb	r0, [r7, #2]
20000b2e:	70a0      	strb	r0, [r4, #2]
20000b30:	691f      	ldr	r7, [r3, #16]
20000b32:	8a9c      	ldrh	r4, [r3, #20]
20000b34:	2080      	movs	r0, #128	; 0x80
20000b36:	18ba      	adds	r2, r7, r2
20000b38:	0200      	lsls	r0, r0, #8
20000b3a:	611a      	str	r2, [r3, #16]
20000b3c:	4330      	orrs	r0, r6
20000b3e:	2c00      	cmp	r4, #0
20000b40:	d102      	bne.n	20000b48 <prepare_ep_buffer+0xd0>
20000b42:	2380      	movs	r3, #128	; 0x80
20000b44:	01db      	lsls	r3, r3, #7
20000b46:	4318      	orrs	r0, r3
20000b48:	4653      	mov	r3, sl
20000b4a:	2b00      	cmp	r3, #0
20000b4c:	d000      	beq.n	20000b50 <prepare_ep_buffer+0xd8>
20000b4e:	0400      	lsls	r0, r0, #16
20000b50:	bce0      	pop	{r5, r6, r7}
20000b52:	46ba      	mov	sl, r7
20000b54:	46b1      	mov	r9, r6
20000b56:	46a8      	mov	r8, r5
20000b58:	bdf0      	pop	{r4, r5, r6, r7, pc}
20000b5a:	2000      	movs	r0, #0
20000b5c:	4661      	mov	r1, ip
20000b5e:	5c3c      	ldrb	r4, [r7, r0]
20000b60:	540c      	strb	r4, [r1, r0]
20000b62:	3001      	adds	r0, #1
20000b64:	4282      	cmp	r2, r0
20000b66:	d1f9      	bne.n	20000b5c <prepare_ep_buffer+0xe4>
20000b68:	e7e2      	b.n	20000b30 <prepare_ep_buffer+0xb8>
20000b6a:	46c0      	nop			; (mov r8, r8)

20000b6c <sync_ep_buffer>:
20000b6c:	6882      	ldr	r2, [r0, #8]
20000b6e:	0003      	movs	r3, r0
20000b70:	b5f0      	push	{r4, r5, r6, r7, lr}
20000b72:	6810      	ldr	r0, [r2, #0]
20000b74:	2900      	cmp	r1, #0
20000b76:	d000      	beq.n	20000b7a <sync_ep_buffer+0xe>
20000b78:	0c00      	lsrs	r0, r0, #16
20000b7a:	785a      	ldrb	r2, [r3, #1]
20000b7c:	0580      	lsls	r0, r0, #22
20000b7e:	0d80      	lsrs	r0, r0, #22
20000b80:	2a00      	cmp	r2, #0
20000b82:	d108      	bne.n	20000b96 <sync_ep_buffer+0x2a>
20000b84:	8ada      	ldrh	r2, [r3, #22]
20000b86:	1882      	adds	r2, r0, r2
20000b88:	82da      	strh	r2, [r3, #22]
20000b8a:	8b1a      	ldrh	r2, [r3, #24]
20000b8c:	4282      	cmp	r2, r0
20000b8e:	d901      	bls.n	20000b94 <sync_ep_buffer+0x28>
20000b90:	2200      	movs	r2, #0
20000b92:	829a      	strh	r2, [r3, #20]
20000b94:	bdf0      	pop	{r4, r5, r6, r7, pc}
20000b96:	68da      	ldr	r2, [r3, #12]
20000b98:	0189      	lsls	r1, r1, #6
20000b9a:	1e45      	subs	r5, r0, #1
20000b9c:	46ac      	mov	ip, r5
20000b9e:	691c      	ldr	r4, [r3, #16]
20000ba0:	1856      	adds	r6, r2, r1
20000ba2:	2800      	cmp	r0, #0
20000ba4:	d02e      	beq.n	20000c04 <sync_ep_buffer+0x98>
20000ba6:	3101      	adds	r1, #1
20000ba8:	1851      	adds	r1, r2, r1
20000baa:	0025      	movs	r5, r4
20000bac:	2202      	movs	r2, #2
20000bae:	1a61      	subs	r1, r4, r1
20000bb0:	428a      	cmp	r2, r1
20000bb2:	4189      	sbcs	r1, r1
20000bb4:	4335      	orrs	r5, r6
20000bb6:	3201      	adds	r2, #1
20000bb8:	402a      	ands	r2, r5
20000bba:	4255      	negs	r5, r2
20000bbc:	416a      	adcs	r2, r5
20000bbe:	4249      	negs	r1, r1
20000bc0:	420a      	tst	r2, r1
20000bc2:	d025      	beq.n	20000c10 <sync_ep_buffer+0xa4>
20000bc4:	4662      	mov	r2, ip
20000bc6:	2a08      	cmp	r2, #8
20000bc8:	d922      	bls.n	20000c10 <sync_ep_buffer+0xa4>
20000bca:	2200      	movs	r2, #0
20000bcc:	2100      	movs	r1, #0
20000bce:	1f05      	subs	r5, r0, #4
20000bd0:	08ad      	lsrs	r5, r5, #2
20000bd2:	3501      	adds	r5, #1
20000bd4:	58b7      	ldr	r7, [r6, r2]
20000bd6:	3101      	adds	r1, #1
20000bd8:	50a7      	str	r7, [r4, r2]
20000bda:	3204      	adds	r2, #4
20000bdc:	428d      	cmp	r5, r1
20000bde:	d8f9      	bhi.n	20000bd4 <sync_ep_buffer+0x68>
20000be0:	4662      	mov	r2, ip
20000be2:	00ad      	lsls	r5, r5, #2
20000be4:	1976      	adds	r6, r6, r5
20000be6:	1964      	adds	r4, r4, r5
20000be8:	1b57      	subs	r7, r2, r5
20000bea:	42a8      	cmp	r0, r5
20000bec:	d009      	beq.n	20000c02 <sync_ep_buffer+0x96>
20000bee:	7832      	ldrb	r2, [r6, #0]
20000bf0:	7022      	strb	r2, [r4, #0]
20000bf2:	2f00      	cmp	r7, #0
20000bf4:	d005      	beq.n	20000c02 <sync_ep_buffer+0x96>
20000bf6:	7872      	ldrb	r2, [r6, #1]
20000bf8:	7062      	strb	r2, [r4, #1]
20000bfa:	2f01      	cmp	r7, #1
20000bfc:	d001      	beq.n	20000c02 <sync_ep_buffer+0x96>
20000bfe:	78b2      	ldrb	r2, [r6, #2]
20000c00:	70a2      	strb	r2, [r4, #2]
20000c02:	691c      	ldr	r4, [r3, #16]
20000c04:	8ada      	ldrh	r2, [r3, #22]
20000c06:	1824      	adds	r4, r4, r0
20000c08:	1882      	adds	r2, r0, r2
20000c0a:	82da      	strh	r2, [r3, #22]
20000c0c:	611c      	str	r4, [r3, #16]
20000c0e:	e7bc      	b.n	20000b8a <sync_ep_buffer+0x1e>
20000c10:	2200      	movs	r2, #0
20000c12:	5cb1      	ldrb	r1, [r6, r2]
20000c14:	54a1      	strb	r1, [r4, r2]
20000c16:	3201      	adds	r2, #1
20000c18:	4290      	cmp	r0, r2
20000c1a:	d1fa      	bne.n	20000c12 <sync_ep_buffer+0xa6>
20000c1c:	691c      	ldr	r4, [r3, #16]
20000c1e:	e7f1      	b.n	20000c04 <sync_ep_buffer+0x98>

20000c20 <_hw_endpoint_xfer_sync>:
20000c20:	b510      	push	{r4, lr}
20000c22:	0004      	movs	r4, r0
20000c24:	6883      	ldr	r3, [r0, #8]
20000c26:	2100      	movs	r1, #0
20000c28:	681b      	ldr	r3, [r3, #0]
20000c2a:	f7ff ff9f 	bl	20000b6c <sync_ep_buffer>
20000c2e:	6863      	ldr	r3, [r4, #4]
20000c30:	681b      	ldr	r3, [r3, #0]
20000c32:	005b      	lsls	r3, r3, #1
20000c34:	d502      	bpl.n	20000c3c <_hw_endpoint_xfer_sync+0x1c>
20000c36:	8b23      	ldrh	r3, [r4, #24]
20000c38:	4283      	cmp	r3, r0
20000c3a:	d000      	beq.n	20000c3e <_hw_endpoint_xfer_sync+0x1e>
20000c3c:	bd10      	pop	{r4, pc}
20000c3e:	2101      	movs	r1, #1
20000c40:	0020      	movs	r0, r4
20000c42:	f7ff ff93 	bl	20000b6c <sync_ep_buffer>
20000c46:	e7f9      	b.n	20000c3c <_hw_endpoint_xfer_sync+0x1c>

20000c48 <e15_is_bulkin_ep>:
20000c48:	4a08      	ldr	r2, [pc, #32]	; (20000c6c <e15_is_bulkin_ep+0x24>)
20000c4a:	0003      	movs	r3, r0
20000c4c:	6c12      	ldr	r2, [r2, #64]	; 0x40
20000c4e:	2000      	movs	r0, #0
20000c50:	0792      	lsls	r2, r2, #30
20000c52:	d403      	bmi.n	20000c5c <e15_is_bulkin_ep+0x14>
20000c54:	789a      	ldrb	r2, [r3, #2]
20000c56:	09d2      	lsrs	r2, r2, #7
20000c58:	2a01      	cmp	r2, #1
20000c5a:	d000      	beq.n	20000c5e <e15_is_bulkin_ep+0x16>
20000c5c:	4770      	bx	lr
20000c5e:	7ed8      	ldrb	r0, [r3, #27]
20000c60:	3802      	subs	r0, #2
20000c62:	4243      	negs	r3, r0
20000c64:	4158      	adcs	r0, r3
20000c66:	b2c0      	uxtb	r0, r0
20000c68:	e7f8      	b.n	20000c5c <e15_is_bulkin_ep+0x14>
20000c6a:	46c0      	nop			; (mov r8, r8)
20000c6c:	50110000 	.word	0x50110000

20000c70 <e15_is_critical_frame_period>:
20000c70:	b510      	push	{r4, lr}
20000c72:	f7ff ffe9 	bl	20000c48 <e15_is_bulkin_ep>
20000c76:	2800      	cmp	r0, #0
20000c78:	d00c      	beq.n	20000c94 <e15_is_critical_frame_period+0x24>
20000c7a:	4907      	ldr	r1, [pc, #28]	; (20000c98 <e15_is_critical_frame_period+0x28>)
20000c7c:	4b07      	ldr	r3, [pc, #28]	; (20000c9c <e15_is_critical_frame_period+0x2c>)
20000c7e:	468c      	mov	ip, r1
20000c80:	4a07      	ldr	r2, [pc, #28]	; (20000ca0 <e15_is_critical_frame_period+0x30>)
20000c82:	6a9b      	ldr	r3, [r3, #40]	; 0x28
20000c84:	6812      	ldr	r2, [r2, #0]
20000c86:	4463      	add	r3, ip
20000c88:	1a9b      	subs	r3, r3, r2
20000c8a:	2000      	movs	r0, #0
20000c8c:	22c6      	movs	r2, #198	; 0xc6
20000c8e:	429a      	cmp	r2, r3
20000c90:	4140      	adcs	r0, r0
20000c92:	b2c0      	uxtb	r0, r0
20000c94:	bd10      	pop	{r4, pc}
20000c96:	46c0      	nop			; (mov r8, r8)
20000c98:	fffffce0 	.word	0xfffffce0
20000c9c:	40054000 	.word	0x40054000
20000ca0:	20001b98 	.word	0x20001b98

20000ca4 <hw_endpoint_reset_transfer>:
20000ca4:	2300      	movs	r3, #0
20000ca6:	7683      	strb	r3, [r0, #26]
20000ca8:	6143      	str	r3, [r0, #20]
20000caa:	6103      	str	r3, [r0, #16]
20000cac:	4770      	bx	lr
20000cae:	46c0      	nop			; (mov r8, r8)

20000cb0 <_hw_endpoint_buffer_control_update32>:
20000cb0:	b510      	push	{r4, lr}
20000cb2:	6883      	ldr	r3, [r0, #8]
20000cb4:	2900      	cmp	r1, #0
20000cb6:	d001      	beq.n	20000cbc <_hw_endpoint_buffer_control_update32+0xc>
20000cb8:	681c      	ldr	r4, [r3, #0]
20000cba:	4021      	ands	r1, r4
20000cbc:	2a00      	cmp	r2, #0
20000cbe:	d012      	beq.n	20000ce6 <_hw_endpoint_buffer_control_update32+0x36>
20000cc0:	2480      	movs	r4, #128	; 0x80
20000cc2:	00e4      	lsls	r4, r4, #3
20000cc4:	4311      	orrs	r1, r2
20000cc6:	4222      	tst	r2, r4
20000cc8:	d00d      	beq.n	20000ce6 <_hw_endpoint_buffer_control_update32+0x36>
20000cca:	681a      	ldr	r2, [r3, #0]
20000ccc:	4222      	tst	r2, r4
20000cce:	d10c      	bne.n	20000cea <_hw_endpoint_buffer_control_update32+0x3a>
20000cd0:	4a08      	ldr	r2, [pc, #32]	; (20000cf4 <_hw_endpoint_buffer_control_update32+0x44>)
20000cd2:	400a      	ands	r2, r1
20000cd4:	601a      	str	r2, [r3, #0]
20000cd6:	4a08      	ldr	r2, [pc, #32]	; (20000cf8 <_hw_endpoint_buffer_control_update32+0x48>)
20000cd8:	6c12      	ldr	r2, [r2, #64]	; 0x40
20000cda:	0792      	lsls	r2, r2, #30
20000cdc:	d403      	bmi.n	20000ce6 <_hw_endpoint_buffer_control_update32+0x36>
20000cde:	230c      	movs	r3, #12
20000ce0:	3b03      	subs	r3, #3
20000ce2:	d2fd      	bcs.n	20000ce0 <_hw_endpoint_buffer_control_update32+0x30>
20000ce4:	6883      	ldr	r3, [r0, #8]
20000ce6:	6019      	str	r1, [r3, #0]
20000ce8:	bd10      	pop	{r4, pc}
20000cea:	7881      	ldrb	r1, [r0, #2]
20000cec:	4803      	ldr	r0, [pc, #12]	; (20000cfc <_hw_endpoint_buffer_control_update32+0x4c>)
20000cee:	f000 f97f 	bl	20000ff0 <__panic_veneer>
20000cf2:	46c0      	nop			; (mov r8, r8)
20000cf4:	fffffbff 	.word	0xfffffbff
20000cf8:	50110000 	.word	0x50110000
20000cfc:	10004f10 	.word	0x10004f10

20000d00 <hw_endpoint_start_next_buffer>:
20000d00:	6843      	ldr	r3, [r0, #4]
20000d02:	b570      	push	{r4, r5, r6, lr}
20000d04:	2100      	movs	r1, #0
20000d06:	2580      	movs	r5, #128	; 0x80
20000d08:	681e      	ldr	r6, [r3, #0]
20000d0a:	0004      	movs	r4, r0
20000d0c:	f7ff feb4 	bl	20000a78 <prepare_ep_buffer>
20000d10:	4b13      	ldr	r3, [pc, #76]	; (20000d60 <hw_endpoint_start_next_buffer+0x60>)
20000d12:	016d      	lsls	r5, r5, #5
20000d14:	6c1b      	ldr	r3, [r3, #64]	; 0x40
20000d16:	4305      	orrs	r5, r0
20000d18:	079b      	lsls	r3, r3, #30
20000d1a:	d50f      	bpl.n	20000d3c <hw_endpoint_start_next_buffer+0x3c>
20000d1c:	78a3      	ldrb	r3, [r4, #2]
20000d1e:	065b      	lsls	r3, r3, #25
20000d20:	d00f      	beq.n	20000d42 <hw_endpoint_start_next_buffer+0x42>
20000d22:	4b10      	ldr	r3, [pc, #64]	; (20000d64 <hw_endpoint_start_next_buffer+0x64>)
20000d24:	401e      	ands	r6, r3
20000d26:	2380      	movs	r3, #128	; 0x80
20000d28:	059b      	lsls	r3, r3, #22
20000d2a:	4333      	orrs	r3, r6
20000d2c:	6862      	ldr	r2, [r4, #4]
20000d2e:	2100      	movs	r1, #0
20000d30:	6013      	str	r3, [r2, #0]
20000d32:	0020      	movs	r0, r4
20000d34:	002a      	movs	r2, r5
20000d36:	f7ff ffbb 	bl	20000cb0 <_hw_endpoint_buffer_control_update32>
20000d3a:	bd70      	pop	{r4, r5, r6, pc}
20000d3c:	78a3      	ldrb	r3, [r4, #2]
20000d3e:	09db      	lsrs	r3, r3, #7
20000d40:	d0ef      	beq.n	20000d22 <hw_endpoint_start_next_buffer+0x22>
20000d42:	8aa3      	ldrh	r3, [r4, #20]
20000d44:	2b00      	cmp	r3, #0
20000d46:	d0ec      	beq.n	20000d22 <hw_endpoint_start_next_buffer+0x22>
20000d48:	2101      	movs	r1, #1
20000d4a:	0020      	movs	r0, r4
20000d4c:	f7ff fe94 	bl	20000a78 <prepare_ep_buffer>
20000d50:	23a0      	movs	r3, #160	; 0xa0
20000d52:	4a05      	ldr	r2, [pc, #20]	; (20000d68 <hw_endpoint_start_next_buffer+0x68>)
20000d54:	05db      	lsls	r3, r3, #23
20000d56:	4032      	ands	r2, r6
20000d58:	4305      	orrs	r5, r0
20000d5a:	4313      	orrs	r3, r2
20000d5c:	e7e6      	b.n	20000d2c <hw_endpoint_start_next_buffer+0x2c>
20000d5e:	46c0      	nop			; (mov r8, r8)
20000d60:	50110000 	.word	0x50110000
20000d64:	afffffff 	.word	0xafffffff
20000d68:	dfffffff 	.word	0xdfffffff

20000d6c <hw_endpoint_xfer_continue>:
20000d6c:	b570      	push	{r4, r5, r6, lr}
20000d6e:	7e85      	ldrb	r5, [r0, #26]
20000d70:	0004      	movs	r4, r0
20000d72:	2d00      	cmp	r5, #0
20000d74:	d013      	beq.n	20000d9e <hw_endpoint_xfer_continue+0x32>
20000d76:	f7ff ff53 	bl	20000c20 <_hw_endpoint_xfer_sync>
20000d7a:	8aa3      	ldrh	r3, [r4, #20]
20000d7c:	2b00      	cmp	r3, #0
20000d7e:	d101      	bne.n	20000d84 <hw_endpoint_xfer_continue+0x18>
20000d80:	0028      	movs	r0, r5
20000d82:	bd70      	pop	{r4, r5, r6, pc}
20000d84:	0020      	movs	r0, r4
20000d86:	f7ff ff73 	bl	20000c70 <e15_is_critical_frame_period>
20000d8a:	1e05      	subs	r5, r0, #0
20000d8c:	d003      	beq.n	20000d96 <hw_endpoint_xfer_continue+0x2a>
20000d8e:	2301      	movs	r3, #1
20000d90:	2500      	movs	r5, #0
20000d92:	7723      	strb	r3, [r4, #28]
20000d94:	e7f4      	b.n	20000d80 <hw_endpoint_xfer_continue+0x14>
20000d96:	0020      	movs	r0, r4
20000d98:	f7ff ffb2 	bl	20000d00 <hw_endpoint_start_next_buffer>
20000d9c:	e7f0      	b.n	20000d80 <hw_endpoint_xfer_continue+0x14>
20000d9e:	7881      	ldrb	r1, [r0, #2]
20000da0:	4801      	ldr	r0, [pc, #4]	; (20000da8 <hw_endpoint_xfer_continue+0x3c>)
20000da2:	f000 f925 	bl	20000ff0 <__panic_veneer>
20000da6:	46c0      	nop			; (mov r8, r8)
20000da8:	10004f30 	.word	0x10004f30

20000dac <dcd_event_handler>:
20000dac:	b5f0      	push	{r4, r5, r6, r7, lr}
20000dae:	46ce      	mov	lr, r9
20000db0:	4647      	mov	r7, r8
20000db2:	b580      	push	{r7, lr}
20000db4:	7843      	ldrb	r3, [r0, #1]
20000db6:	0005      	movs	r5, r0
20000db8:	000e      	movs	r6, r1
20000dba:	b085      	sub	sp, #20
20000dbc:	2b06      	cmp	r3, #6
20000dbe:	d812      	bhi.n	20000de6 <dcd_event_handler+0x3a>
20000dc0:	4a6f      	ldr	r2, [pc, #444]	; (20000f80 <dcd_event_handler+0x1d4>)
20000dc2:	009b      	lsls	r3, r3, #2
20000dc4:	58d3      	ldr	r3, [r2, r3]
20000dc6:	469f      	mov	pc, r3
20000dc8:	2101      	movs	r1, #1
20000dca:	4b6e      	ldr	r3, [pc, #440]	; (20000f84 <dcd_event_handler+0x1d8>)
20000dcc:	781a      	ldrb	r2, [r3, #0]
20000dce:	438a      	bics	r2, r1
20000dd0:	701a      	strb	r2, [r3, #0]
20000dd2:	781a      	ldrb	r2, [r3, #0]
20000dd4:	3101      	adds	r1, #1
20000dd6:	438a      	bics	r2, r1
20000dd8:	701a      	strb	r2, [r3, #0]
20000dda:	2200      	movs	r2, #0
20000ddc:	705a      	strb	r2, [r3, #1]
20000dde:	781a      	ldrb	r2, [r3, #0]
20000de0:	3102      	adds	r1, #2
20000de2:	438a      	bics	r2, r1
20000de4:	701a      	strb	r2, [r3, #0]
20000de6:	4b68      	ldr	r3, [pc, #416]	; (20000f88 <dcd_event_handler+0x1dc>)
20000de8:	681c      	ldr	r4, [r3, #0]
20000dea:	6962      	ldr	r2, [r4, #20]
20000dec:	f3ef 8110 	mrs	r1, PRIMASK
20000df0:	b672      	cpsid	i
20000df2:	6813      	ldr	r3, [r2, #0]
20000df4:	2b00      	cmp	r3, #0
20000df6:	d0fc      	beq.n	20000df2 <dcd_event_handler+0x46>
20000df8:	f3bf 8f5f 	dmb	sy
20000dfc:	61a1      	str	r1, [r4, #24]
20000dfe:	0020      	movs	r0, r4
20000e00:	0029      	movs	r1, r5
20000e02:	f000 f8ed 	bl	20000fe0 <__tu_fifo_write_veneer>
20000e06:	6962      	ldr	r2, [r4, #20]
20000e08:	69a3      	ldr	r3, [r4, #24]
20000e0a:	f3bf 8f5f 	dmb	sy
20000e0e:	2100      	movs	r1, #0
20000e10:	6011      	str	r1, [r2, #0]
20000e12:	f383 8810 	msr	PRIMASK, r3
20000e16:	2800      	cmp	r0, #0
20000e18:	d104      	bne.n	20000e24 <dcd_event_handler+0x78>
20000e1a:	b005      	add	sp, #20
20000e1c:	bcc0      	pop	{r6, r7}
20000e1e:	46b9      	mov	r9, r7
20000e20:	46b0      	mov	r8, r6
20000e22:	bdf0      	pop	{r4, r5, r6, r7, pc}
20000e24:	0032      	movs	r2, r6
20000e26:	7869      	ldrb	r1, [r5, #1]
20000e28:	7828      	ldrb	r0, [r5, #0]
20000e2a:	f000 f8f1 	bl	20001010 <__tud_event_hook_cb_veneer>
20000e2e:	e7f4      	b.n	20000e1a <dcd_event_handler+0x6e>
20000e30:	4a56      	ldr	r2, [pc, #344]	; (20000f8c <dcd_event_handler+0x1e0>)
20000e32:	7813      	ldrb	r3, [r2, #0]
20000e34:	3301      	adds	r3, #1
20000e36:	b2db      	uxtb	r3, r3
20000e38:	7013      	strb	r3, [r2, #0]
20000e3a:	e7d4      	b.n	20000de6 <dcd_event_handler+0x3a>
20000e3c:	4954      	ldr	r1, [pc, #336]	; (20000f90 <dcd_event_handler+0x1e4>)
20000e3e:	4f55      	ldr	r7, [pc, #340]	; (20000f94 <dcd_event_handler+0x1e8>)
20000e40:	4689      	mov	r9, r1
20000e42:	4955      	ldr	r1, [pc, #340]	; (20000f98 <dcd_event_handler+0x1ec>)
20000e44:	2400      	movs	r4, #0
20000e46:	2300      	movs	r3, #0
20000e48:	4688      	mov	r8, r1
20000e4a:	783a      	ldrb	r2, [r7, #0]
20000e4c:	e00c      	b.n	20000e68 <dcd_event_handler+0xbc>
20000e4e:	4641      	mov	r1, r8
20000e50:	6809      	ldr	r1, [r1, #0]
20000e52:	0163      	lsls	r3, r4, #5
20000e54:	468c      	mov	ip, r1
20000e56:	4463      	add	r3, ip
20000e58:	2b00      	cmp	r3, #0
20000e5a:	d10a      	bne.n	20000e72 <dcd_event_handler+0xc6>
20000e5c:	3401      	adds	r4, #1
20000e5e:	b2e4      	uxtb	r4, r4
20000e60:	1c51      	adds	r1, r2, #1
20000e62:	0023      	movs	r3, r4
20000e64:	42a1      	cmp	r1, r4
20000e66:	db11      	blt.n	20000e8c <dcd_event_handler+0xe0>
20000e68:	4294      	cmp	r4, r2
20000e6a:	d3f0      	bcc.n	20000e4e <dcd_event_handler+0xa2>
20000e6c:	1a9b      	subs	r3, r3, r2
20000e6e:	015b      	lsls	r3, r3, #5
20000e70:	444b      	add	r3, r9
20000e72:	69db      	ldr	r3, [r3, #28]
20000e74:	2b00      	cmp	r3, #0
20000e76:	d0f1      	beq.n	20000e5c <dcd_event_handler+0xb0>
20000e78:	6869      	ldr	r1, [r5, #4]
20000e7a:	7828      	ldrb	r0, [r5, #0]
20000e7c:	4798      	blx	r3
20000e7e:	783a      	ldrb	r2, [r7, #0]
20000e80:	3401      	adds	r4, #1
20000e82:	b2e4      	uxtb	r4, r4
20000e84:	1c51      	adds	r1, r2, #1
20000e86:	0023      	movs	r3, r4
20000e88:	42a1      	cmp	r1, r4
20000e8a:	daed      	bge.n	20000e68 <dcd_event_handler+0xbc>
20000e8c:	4f3d      	ldr	r7, [pc, #244]	; (20000f84 <dcd_event_handler+0x1d8>)
20000e8e:	783b      	ldrb	r3, [r7, #0]
20000e90:	075b      	lsls	r3, r3, #29
20000e92:	d52a      	bpl.n	20000eea <dcd_event_handler+0x13e>
20000e94:	2204      	movs	r2, #4
20000e96:	783b      	ldrb	r3, [r7, #0]
20000e98:	ac01      	add	r4, sp, #4
20000e9a:	4393      	bics	r3, r2
20000e9c:	2100      	movs	r1, #0
20000e9e:	0020      	movs	r0, r4
20000ea0:	3208      	adds	r2, #8
20000ea2:	703b      	strb	r3, [r7, #0]
20000ea4:	f000 f8ac 	bl	20001000 <____wrap_memset_veneer>
20000ea8:	782b      	ldrb	r3, [r5, #0]
20000eaa:	7023      	strb	r3, [r4, #0]
20000eac:	2305      	movs	r3, #5
20000eae:	7063      	strb	r3, [r4, #1]
20000eb0:	4b35      	ldr	r3, [pc, #212]	; (20000f88 <dcd_event_handler+0x1dc>)
20000eb2:	681b      	ldr	r3, [r3, #0]
20000eb4:	4698      	mov	r8, r3
20000eb6:	695a      	ldr	r2, [r3, #20]
20000eb8:	f3ef 8110 	mrs	r1, PRIMASK
20000ebc:	b672      	cpsid	i
20000ebe:	6813      	ldr	r3, [r2, #0]
20000ec0:	2b00      	cmp	r3, #0
20000ec2:	d0fc      	beq.n	20000ebe <dcd_event_handler+0x112>
20000ec4:	f3bf 8f5f 	dmb	sy
20000ec8:	4643      	mov	r3, r8
20000eca:	4640      	mov	r0, r8
20000ecc:	6199      	str	r1, [r3, #24]
20000ece:	0021      	movs	r1, r4
20000ed0:	f000 f886 	bl	20000fe0 <__tu_fifo_write_veneer>
20000ed4:	4643      	mov	r3, r8
20000ed6:	695a      	ldr	r2, [r3, #20]
20000ed8:	699b      	ldr	r3, [r3, #24]
20000eda:	f3bf 8f5f 	dmb	sy
20000ede:	2100      	movs	r1, #0
20000ee0:	6011      	str	r1, [r2, #0]
20000ee2:	f383 8810 	msr	PRIMASK, r3
20000ee6:	2800      	cmp	r0, #0
20000ee8:	d144      	bne.n	20000f74 <dcd_event_handler+0x1c8>
20000eea:	78fb      	ldrb	r3, [r7, #3]
20000eec:	07db      	lsls	r3, r3, #31
20000eee:	d400      	bmi.n	20000ef2 <dcd_event_handler+0x146>
20000ef0:	e793      	b.n	20000e1a <dcd_event_handler+0x6e>
20000ef2:	ac01      	add	r4, sp, #4
20000ef4:	220c      	movs	r2, #12
20000ef6:	2100      	movs	r1, #0
20000ef8:	0020      	movs	r0, r4
20000efa:	f000 f881 	bl	20001000 <____wrap_memset_veneer>
20000efe:	782b      	ldrb	r3, [r5, #0]
20000f00:	7023      	strb	r3, [r4, #0]
20000f02:	2303      	movs	r3, #3
20000f04:	7063      	strb	r3, [r4, #1]
20000f06:	686b      	ldr	r3, [r5, #4]
20000f08:	6063      	str	r3, [r4, #4]
20000f0a:	4b1f      	ldr	r3, [pc, #124]	; (20000f88 <dcd_event_handler+0x1dc>)
20000f0c:	681d      	ldr	r5, [r3, #0]
20000f0e:	696a      	ldr	r2, [r5, #20]
20000f10:	f3ef 8110 	mrs	r1, PRIMASK
20000f14:	b672      	cpsid	i
20000f16:	6813      	ldr	r3, [r2, #0]
20000f18:	2b00      	cmp	r3, #0
20000f1a:	d0fc      	beq.n	20000f16 <dcd_event_handler+0x16a>
20000f1c:	f3bf 8f5f 	dmb	sy
20000f20:	61a9      	str	r1, [r5, #24]
20000f22:	0028      	movs	r0, r5
20000f24:	0021      	movs	r1, r4
20000f26:	f000 f85b 	bl	20000fe0 <__tu_fifo_write_veneer>
20000f2a:	696a      	ldr	r2, [r5, #20]
20000f2c:	69ab      	ldr	r3, [r5, #24]
20000f2e:	f3bf 8f5f 	dmb	sy
20000f32:	2100      	movs	r1, #0
20000f34:	6011      	str	r1, [r2, #0]
20000f36:	f383 8810 	msr	PRIMASK, r3
20000f3a:	2800      	cmp	r0, #0
20000f3c:	d100      	bne.n	20000f40 <dcd_event_handler+0x194>
20000f3e:	e76c      	b.n	20000e1a <dcd_event_handler+0x6e>
20000f40:	0032      	movs	r2, r6
20000f42:	7861      	ldrb	r1, [r4, #1]
20000f44:	7820      	ldrb	r0, [r4, #0]
20000f46:	f000 f863 	bl	20001010 <__tud_event_hook_cb_veneer>
20000f4a:	e766      	b.n	20000e1a <dcd_event_handler+0x6e>
20000f4c:	4b0d      	ldr	r3, [pc, #52]	; (20000f84 <dcd_event_handler+0x1d8>)
20000f4e:	781a      	ldrb	r2, [r3, #0]
20000f50:	07d2      	lsls	r2, r2, #31
20000f52:	d400      	bmi.n	20000f56 <dcd_event_handler+0x1aa>
20000f54:	e761      	b.n	20000e1a <dcd_event_handler+0x6e>
20000f56:	2104      	movs	r1, #4
20000f58:	781a      	ldrb	r2, [r3, #0]
20000f5a:	430a      	orrs	r2, r1
20000f5c:	701a      	strb	r2, [r3, #0]
20000f5e:	e742      	b.n	20000de6 <dcd_event_handler+0x3a>
20000f60:	4b08      	ldr	r3, [pc, #32]	; (20000f84 <dcd_event_handler+0x1d8>)
20000f62:	781a      	ldrb	r2, [r3, #0]
20000f64:	07d2      	lsls	r2, r2, #31
20000f66:	d400      	bmi.n	20000f6a <dcd_event_handler+0x1be>
20000f68:	e757      	b.n	20000e1a <dcd_event_handler+0x6e>
20000f6a:	2104      	movs	r1, #4
20000f6c:	781a      	ldrb	r2, [r3, #0]
20000f6e:	438a      	bics	r2, r1
20000f70:	701a      	strb	r2, [r3, #0]
20000f72:	e738      	b.n	20000de6 <dcd_event_handler+0x3a>
20000f74:	0032      	movs	r2, r6
20000f76:	7861      	ldrb	r1, [r4, #1]
20000f78:	7820      	ldrb	r0, [r4, #0]
20000f7a:	f000 f849 	bl	20001010 <__tud_event_hook_cb_veneer>
20000f7e:	e7b4      	b.n	20000eea <dcd_event_handler+0x13e>
20000f80:	10004fe4 	.word	0x10004fe4
20000f84:	20001644 	.word	0x20001644
20000f88:	2000169c 	.word	0x2000169c
20000f8c:	20001ff7 	.word	0x20001ff7
20000f90:	10005000 	.word	0x10005000
20000f94:	20001ff5 	.word	0x20001ff5
20000f98:	20001494 	.word	0x20001494

20000f9c <__aeabi_idiv0>:
20000f9c:	4770      	bx	lr
20000f9e:	46c0      	nop			; (mov r8, r8)

20000fa0 <__time_us_64_veneer>:
20000fa0:	b401      	push	{r0}
20000fa2:	4802      	ldr	r0, [pc, #8]	; (20000fac <__time_us_64_veneer+0xc>)
20000fa4:	4684      	mov	ip, r0
20000fa6:	bc01      	pop	{r0}
20000fa8:	4760      	bx	ip
20000faa:	bf00      	nop
20000fac:	10001731 	.word	0x10001731

20000fb0 <__rp2040_chip_version_veneer>:
20000fb0:	b401      	push	{r0}
20000fb2:	4802      	ldr	r0, [pc, #8]	; (20000fbc <__rp2040_chip_version_veneer+0xc>)
20000fb4:	4684      	mov	ip, r0
20000fb6:	bc01      	pop	{r0}
20000fb8:	4760      	bx	ip
20000fba:	bf00      	nop
20000fbc:	10000761 	.word	0x10000761

20000fc0 <__best_effort_wfe_or_timeout_veneer>:
20000fc0:	b401      	push	{r0}
20000fc2:	4802      	ldr	r0, [pc, #8]	; (20000fcc <__best_effort_wfe_or_timeout_veneer+0xc>)
20000fc4:	4684      	mov	ip, r0
20000fc6:	bc01      	pop	{r0}
20000fc8:	4760      	bx	ip
20000fca:	bf00      	nop
20000fcc:	10001611 	.word	0x10001611

20000fd0 <____wrap___aeabi_lmul_veneer>:
20000fd0:	b401      	push	{r0}
20000fd2:	4802      	ldr	r0, [pc, #8]	; (20000fdc <____wrap___aeabi_lmul_veneer+0xc>)
20000fd4:	4684      	mov	ip, r0
20000fd6:	bc01      	pop	{r0}
20000fd8:	4760      	bx	ip
20000fda:	bf00      	nop
20000fdc:	10001ed1 	.word	0x10001ed1

20000fe0 <__tu_fifo_write_veneer>:
20000fe0:	b401      	push	{r0}
20000fe2:	4802      	ldr	r0, [pc, #8]	; (20000fec <__tu_fifo_write_veneer+0xc>)
20000fe4:	4684      	mov	ip, r0
20000fe6:	bc01      	pop	{r0}
20000fe8:	4760      	bx	ip
20000fea:	bf00      	nop
20000fec:	10004851 	.word	0x10004851

20000ff0 <__panic_veneer>:
20000ff0:	b401      	push	{r0}
20000ff2:	4802      	ldr	r0, [pc, #8]	; (20000ffc <__panic_veneer+0xc>)
20000ff4:	4684      	mov	ip, r0
20000ff6:	bc01      	pop	{r0}
20000ff8:	4760      	bx	ip
20000ffa:	bf00      	nop
20000ffc:	1000076d 	.word	0x1000076d

20001000 <____wrap_memset_veneer>:
20001000:	b401      	push	{r0}
20001002:	4802      	ldr	r0, [pc, #8]	; (2000100c <____wrap_memset_veneer+0xc>)
20001004:	4684      	mov	ip, r0
20001006:	bc01      	pop	{r0}
20001008:	4760      	bx	ip
2000100a:	bf00      	nop
2000100c:	10001fa5 	.word	0x10001fa5

20001010 <__tud_event_hook_cb_veneer>:
20001010:	b401      	push	{r0}
20001012:	4802      	ldr	r0, [pc, #8]	; (2000101c <__tud_event_hook_cb_veneer+0xc>)
20001014:	4684      	mov	ip, r0
20001016:	bc01      	pop	{r0}
20001018:	4760      	bx	ip
2000101a:	bf00      	nop
2000101c:	10002dc9 	.word	0x10002dc9

20001020 <striped_spin_lock_num>:
20001020:	00000010                                ....

20001024 <irq_handler_chain_slots>:
20001024:	00000000 	.word	0x00000000
20001028:	00010000 	.word	0x00010000
	...
20001034:	00020000 	.word	0x00020000
	...
20001040:	00030000 	.word	0x00030000
	...
2000104c:	00ff0000 	.word	0x00ff0000
20001050:	00000000 	.word	0x00000000

20001054 <irq_handler_chain_first_slot>:
20001054:	b501      	push	{r0, lr}
20001056:	6848      	ldr	r0, [r1, #4]
20001058:	3101      	adds	r1, #1
2000105a:	468e      	mov	lr, r1
2000105c:	4700      	bx	r0

2000105e <irq_handler_chain_remove_tail>:
2000105e:	4670      	mov	r0, lr
20001060:	3809      	subs	r0, #9
20001062:	4901      	ldr	r1, [pc, #4]	; (20001068 <irq_handler_chain_remove_tail+0xa>)
20001064:	4788      	blx	r1
20001066:	bd01      	pop	{r0, pc}
20001068:	10000d65 	.word	0x10000d65

2000106c <default_alarm_pool>:
	...
20001080:	200010f0 00000000 00000000 00000000     ... ............

20001090 <aeabi_bits_funcs>:
20001090:	00003350 	.word	0x00003350
20001094:	0000334c 	.word	0x0000334c
20001098:	00003354 	.word	0x00003354
2000109c:	00003352 	.word	0x00003352

200010a0 <aeabi_bits_funcs_end>:
200010a0:	0000534d 	.word	0x0000534d
200010a4:	0000434d 	.word	0x0000434d
200010a8:	00003453 	.word	0x00003453
200010ac:	00003443 	.word	0x00003443

200010b0 <stdio_usb>:
200010b0:	1000257d 1000252d 1000249d 10002415     }%..-%...$...$..
200010c0:	00000000 00000100                       ........

200010c8 <_usbd_qdef>:
200010c8:	200016a0 000c0010 00000000 00000000     ... ............
	...

200010e4 <_usbd_rhport>:
200010e4:	000000ff                                ....

200010e8 <print_mutex>:
	...
